cod_ibge7,cod6,municipio,pop_total,obitos_basica,obitos_basica_idade_conhecida,taxa_bruta_basica_100mil,taxa_padr_direta_basica_100mil,esperados_basica,smr_basica,obitos_qualquer,obitos_qualquer_idade_conhecida,taxa_bruta_qualquer_100mil,taxa_padr_direta_qualquer_100mil,esperados_qualquer,smr_qualquer,obitos_basica_2020,obitos_basica_2021,obitos_basica_2022
1100015,110001,Alta Floresta D'Oeste - RO,21494,93,93,432.6789,483.8475,68.4344,1.3590,94,94,437.3313,489.5084,72.6784,1.2934,16,66,11
1100023,110002,Ariquemes - RO,96833,540,540,557.6611,722.3234,258.2675,2.0909,590,590,609.2964,789.0724,274.8742,2.1464,122,381,37
1100031,110003,Cabixi - RO,5351,15,15,280.3214,246.7172,21.4253,0.7001,18,18,336.3857,295.5685,22.7037,0.7928,4,10,1
1100049,110004,Cacoal - RO,86887,351,351,403.9730,465.4866,258.6619,1.3570,359,359,413.1803,475.8037,274.9800,1.3055,60,266,25
1100056,110005,Cerejeiras - RO,15890,76,76,478.2882,500.1599,51.6153,1.4724,77,77,484.5815,507.2372,54.8185,1.4046,8,58,10
1100064,110006,Colorado do Oeste - RO,15663,60,60,383.0684,354.4268,58.5098,1.0255,62,62,395.8373,366.6165,62.0450,0.9993,8,45,7
1100072,110007,Corumbiara - RO,7519,24,24,319.1914,336.2728,23.6912,1.0130,25,25,332.4910,349.9651,25.1647,0.9935,2,20,2
1100080,110008,Costa Marques - RO,12627,49,49,388.0573,541.3959,31.2045,1.5703,51,51,403.8964,565.0421,33.2245,1.5350,10,34,5
1100098,110009,Espigão D'Oeste - RO,29414,87,87,295.7775,341.4653,87.6735,0.9923,91,91,309.3765,357.4807,93.1856,0.9765,15,63,9
1100106,110010,Guajará-Mirim - RO,39387,239,239,606.7992,827.2124,99.3062,2.4067,245,245,622.0327,847.8028,105.7005,2.3179,95,123,21
1100114,110011,Jaru - RO,50591,210,210,415.0936,471.2570,154.5804,1.3585,217,217,428.9300,485.6246,164.2749,1.3210,38,152,20
1100122,110012,Ji-Paraná - RO,124333,674,674,542.0926,647.5973,355.9877,1.8933,692,692,556.5699,662.4022,378.5817,1.8279,120,516,38
1100130,110013,Machadinho D'Oeste - RO,30707,131,131,426.6128,549.1024,82.1879,1.5939,135,135,439.6392,570.9353,87.4377,1.5440,18,100,13
1100148,110014,Nova Brasilândia D'Oeste - RO,15679,42,42,267.8742,280.0622,51.7775,0.8112,45,45,287.0081,298.0001,54.9734,0.8186,5,29,8
1100155,110015,Ouro Preto do Oeste - RO,35044,175,175,499.3722,502.9310,120.5132,1.4521,181,181,516.4936,520.3063,127.9110,1.4150,32,126,17
1100189,110018,Pimenta Bueno - RO,35079,130,130,370.5921,443.1222,100.7340,1.2905,134,134,381.9949,458.9844,107.1129,1.2510,20,100,10
1100205,110020,Porto Velho - RO,460434,2675,2675,580.9736,823.6763,1130.5132,2.3662,2745,2745,596.1767,841.7191,1204.4552,2.2790,984,1532,159
1100254,110025,Presidente Médici - RO,19327,95,95,491.5403,443.1482,73.3759,1.2947,106,106,548.4555,499.6828,77.7925,1.3626,13,71,11
1100262,110026,Rio Crespo - RO,3471,15,15,432.1521,479.6660,10.6263,1.4116,16,16,460.9623,503.7031,11.2876,1.4175,1,14,0
1100288,110028,Rolim de Moura - RO,56406,218,218,386.4837,451.0523,166.3672,1.3104,229,229,405.9852,472.9491,176.8765,1.2947,29,158,31
1100296,110029,Santa Luzia D'Oeste - RO,7419,30,30,404.3672,366.3153,28.4785,1.0534,30,30,404.3672,366.3153,30.1899,0.9937,1,22,7
1100304,110030,Vilhena - RO,95832,359,359,374.6139,502.2692,250.9745,1.4304,365,365,380.8749,508.8838,267.2091,1.3660,92,233,34
1100320,110032,São Miguel do Guaporé - RO,21635,69,69,318.9277,396.5340,60.6946,1.1368,72,72,332.7941,415.1076,64.5564,1.1153,15,41,13
1100338,110033,Nova Mamoré - RO,25444,88,88,345.8576,524.3896,59.6262,1.4759,93,93,365.5086,552.7375,63.5328,1.4638,12,66,10
1100346,110034,Alvorada D'Oeste - RO,13117,43,43,327.8189,315.0754,47.3297,0.9085,47,47,358.3136,344.1210,50.2025,0.9362,5,28,10
1100379,110037,Alto Alegre dos Parecis - RO,11479,50,50,435.5780,480.2114,34.5607,1.4467,50,50,435.5780,480.2114,36.7221,1.3616,10,35,5
1100403,110040,Alto Paraíso - RO,16320,64,64,392.1569,468.1759,48.6353,1.3159,67,67,410.5392,490.6763,51.6814,1.2964,13,44,7
1100452,110045,Buritis - RO,27992,103,103,367.9623,480.3245,73.6618,1.3983,109,109,389.3970,511.7019,78.3910,1.3905,11,76,16
1100502,110050,Novo Horizonte do Oeste - RO,7667,21,21,273.9011,253.1929,28.2497,0.7434,22,22,286.9440,268.1325,29.9589,0.7343,1,18,2
1100601,110060,Cacaulândia - RO,4150,18,18,433.7349,446.4031,13.8441,1.3002,19,19,457.8313,474.2881,14.6964,1.2928,1,17,0
1100700,110070,Campo Novo de Rondônia - RO,8844,30,30,339.2130,418.7117,24.4216,1.2284,31,31,350.5201,430.1154,25.9650,1.1939,7,22,1
1100809,110080,Candeias do Jamari - RO,22310,97,97,434.7826,581.0826,56.2851,1.7234,101,101,452.7118,601.5528,59.9200,1.6856,41,49,7
1100908,110090,Castanheiras - RO,3233,11,11,340.2413,302.0853,12.6151,0.8720,11,11,340.2413,302.0853,13.3715,0.8226,4,7,0
1100924,110092,Chupinguaia - RO,9324,31,31,332.4753,546.3139,21.1292,1.4672,33,33,353.9254,565.9833,22.5300,1.4647,7,21,3
1100940,110094,Cujubim - RO,14863,44,44,296.0371,446.4176,34.1397,1.2888,48,48,322.9496,476.4980,36.3938,1.3189,10,31,3
1101005,110100,Governador Jorge Teixeira - RO,8001,23,23,287.4641,292.2019,26.9922,0.8521,24,24,299.9625,305.1298,28.6463,0.8378,4,17,2
1101104,110110,Itapuã do Oeste - RO,8548,25,25,292.4661,405.2929,22.5695,1.1077,25,25,292.4661,405.2929,24.0113,1.0412,9,15,1
1101203,110120,Ministro Andreazza - RO,6466,19,19,293.8447,271.9258,24.6942,0.7694,19,19,293.8447,271.9258,26.1768,0.7258,1,18,0
1101302,110130,Mirante da Serra - RO,9235,22,22,238.2241,236.5008,32.3205,0.6807,23,23,249.0525,247.3869,34.2908,0.6707,3,14,5
1101401,110140,Monte Negro - RO,11548,40,40,346.3803,363.5947,38.1285,1.0491,43,43,372.3589,391.6865,40.4729,1.0624,4,32,4
1101435,110143,Nova União - RO,6200,18,18,290.3226,299.3520,21.0453,0.8553,19,19,306.4516,315.8557,22.3343,0.8507,3,12,3
1101450,110145,Parecis - RO,4125,10,10,242.4242,270.1024,12.2274,0.8178,10,10,242.4242,270.1024,12.9949,0.7695,2,8,0
1101468,110146,Pimenteiras do Oeste - RO,2156,15,15,695.7328,905.9639,6.0158,2.4934,15,15,695.7328,905.9639,6.3963,2.3451,5,8,2
1101476,110147,Primavera de Rondônia - RO,3076,10,10,325.0975,325.1530,11.3539,0.8808,10,10,325.0975,325.1530,12.0392,0.8306,2,4,4
1101484,110148,São Felipe D'Oeste - RO,5258,20,20,380.3728,335.1612,21.3278,0.9377,21,21,399.3914,350.7370,22.5997,0.9292,1,13,6
1101492,110149,São Francisco do Guaporé - RO,16286,51,51,313.1524,422.2828,41.5811,1.2265,52,52,319.2926,431.9982,44.2701,1.1746,6,38,7
1101500,110150,Seringueiras - RO,11171,22,22,196.9385,235.0599,32.2517,0.6821,23,23,205.8903,244.1157,34.2874,0.6708,0,19,3
1101559,110155,Teixeirópolis - RO,4256,10,10,234.9624,214.2366,16.6862,0.5993,11,11,258.4586,236.0972,17.6851,0.6220,2,8,0
1101609,110160,Theobroma - RO,8113,28,28,345.1251,329.1819,29.2666,0.9567,29,29,357.4510,339.4279,31.0351,0.9344,2,22,4
1101708,110170,Urupá - RO,10725,38,38,354.3124,351.4235,38.0501,0.9987,38,38,354.3124,351.4235,40.3684,0.9413,4,28,6
1101757,110175,Vale do Anari - RO,7788,29,29,372.3677,395.2815,25.4852,1.1379,31,31,398.0483,428.8263,27.0500,1.1460,2,25,2
1101807,110180,Vale do Paraíso - RO,6479,27,27,416.7310,374.3509,24.7236,1.0921,29,29,447.5999,401.1130,26.2089,1.1065,10,15,2
1200013,120001,Acrelândia - AC,14021,39,39,278.1542,389.2538,34.0240,1.1462,42,42,299.5507,419.4793,36.2349,1.1591,13,23,3
1200054,120005,Assis Brasil - AC,8100,24,24,296.2963,524.2781,16.3747,1.4657,25,25,308.6420,546.3143,17.4799,1.4302,7,14,3
1200104,120010,Brasiléia - AC,26000,73,73,280.7692,412.0339,61.6436,1.1842,83,83,319.2308,464.9863,65.6858,1.2636,26,40,7
1200138,120013,Bujari - AC,12917,20,20,154.8347,239.6401,31.6496,0.6319,21,21,162.5764,245.5639,33.6889,0.6234,8,11,1
1200179,120017,Capixaba - AC,10392,20,20,192.4557,289.5533,26.2264,0.7626,20,20,192.4557,289.5533,27.9058,0.7167,5,13,2
1200203,120020,Cruzeiro do Sul - AC,91888,222,222,241.5985,409.7348,196.0387,1.1324,246,246,267.7172,450.5623,209.1906,1.1760,77,130,15
1200252,120025,Epitaciolândia - AC,18757,46,46,245.2418,387.0899,44.2494,1.0396,48,48,255.9045,400.8782,47.1583,1.0178,13,30,3
1200302,120030,Feijó - AC,35426,61,61,172.1899,316.0299,67.6135,0.9022,70,70,197.5950,357.3441,72.2207,0.9693,23,34,4
1200328,120032,Jordão - AC,9222,2,2,21.6873,54.6999,11.1539,0.1793,2,2,21.6873,54.6999,12.0065,0.1666,1,1,0
1200336,120033,Mâncio Lima - AC,19294,45,45,233.2331,414.1409,40.2144,1.1190,47,47,243.5990,432.8266,42.9132,1.0952,16,27,2
1200344,120034,Manoel Urbano - AC,11996,29,29,241.7472,471.1081,21.5180,1.3477,30,30,250.0834,492.8262,23.0131,1.3036,2,26,1
1200351,120035,Marechal Thaumaturgo - AC,17093,17,17,99.4559,221.7271,24.5432,0.6927,18,18,105.3063,228.1622,26.3423,0.6833,7,9,1
1200385,120038,Plácido de Castro - AC,16560,35,35,211.3527,264.4508,44.8154,0.7810,37,37,223.4300,279.7279,47.6576,0.7764,11,16,8
1200393,120039,Porto Walter - AC,10735,8,8,74.5226,163.6606,15.4322,0.5184,8,8,74.5226,163.6606,16.5593,0.4831,3,5,0
1200401,120040,Rio Branco - AC,364756,1332,1332,365.1756,530.0915,885.8320,1.5037,1434,1434,393.1395,567.7677,943.8570,1.5193,504,727,101
1200427,120042,Rodrigues Alves - AC,14938,15,15,100.4150,185.5169,28.2871,0.5303,22,22,147.2754,273.3924,30.2208,0.7280,6,9,0
1200435,120043,Santa Rosa do Purus - AC,6723,11,11,163.6174,281.8927,9.2255,1.1923,11,11,163.6174,281.8927,9.9078,1.1102,2,9,0
1200450,120045,Senador Guiomard - AC,21454,50,50,233.0568,297.3042,57.6782,0.8669,56,56,261.0236,333.2700,61.3578,0.9127,19,29,2
1200500,120050,Sena Madureira - AC,41343,90,90,217.6910,353.8217,89.4691,1.0059,98,98,237.0413,383.7847,95.4464,1.0268,16,71,3
1200609,120060,Tarauacá - AC,43467,66,66,151.8393,313.7814,77.3373,0.8534,79,79,181.7471,372.5626,82.6980,0.9553,21,40,5
1200708,120070,Xapuri - AC,18243,35,35,191.8544,278.9576,44.2025,0.7918,39,39,213.7806,307.1465,47.0820,0.8283,13,19,3
1200807,120080,Porto Acre - AC,16693,41,41,245.6119,329.2450,44.0824,0.9301,43,43,257.5930,343.7165,46.8862,0.9171,16,22,3
1300029,130002,Alvarães - AM,15866,45,45,283.6254,575.6137,26.5930,1.6922,47,47,296.2309,586.1105,28.4704,1.6508,30,15,0
1300060,130006,Amaturá - AM,10819,25,25,231.0750,464.0379,18.9832,1.3170,27,27,249.5610,503.6485,20.3012,1.3300,10,13,2
1300086,130008,Anamã - AM,9962,10,10,100.3814,233.5042,17.4421,0.5733,13,13,130.4959,283.3383,18.6614,0.6966,2,7,1
1300102,130010,Anori - AM,17194,41,41,238.4553,502.2467,33.1262,1.2377,42,42,244.2713,511.0090,35.3856,1.1869,27,13,1
1300144,130014,Apuí - AM,20647,32,32,154.9862,251.3691,44.2080,0.7239,33,33,159.8295,262.8509,47.1756,0.6995,7,22,3
1300201,130020,Atalaia do Norte - AM,15314,15,15,97.9496,186.3287,24.3194,0.6168,16,16,104.4796,199.1995,26.0476,0.6143,7,7,1
1300300,130030,Autazes - AM,41564,109,109,262.2462,443.3786,87.6279,1.2439,115,115,276.6817,463.3891,93.4645,1.2304,44,59,6
1300409,130040,Barcelos - AM,18834,63,63,334.5014,617.9038,36.0151,1.7493,64,64,339.8110,624.5960,38.4680,1.6637,31,32,0
1300508,130050,Barreirinha - AM,31051,71,71,228.6561,400.7452,61.8546,1.1479,74,74,238.3176,414.4523,66.0167,1.1209,27,39,5
1300607,130060,Benjamin Constant - AM,37648,91,91,241.7127,454.0691,68.4923,1.3286,95,95,252.3374,475.8894,73.2093,1.2976,51,39,1
1300631,130063,Beruri - AM,20718,38,38,183.4154,378.7544,35.2382,1.0784,39,39,188.2421,385.8206,37.7022,1.0344,14,22,2
1300680,130068,Boa Vista do Ramos - AM,23785,20,20,84.0866,143.4823,56.1515,0.3562,22,22,92.4953,155.3737,59.8258,0.3677,9,10,1
1300706,130070,Boca do Acre - AM,35447,44,44,124.1290,190.4012,81.9862,0.5367,44,44,124.1290,190.4012,87.3738,0.5036,26,13,5
1300805,130080,Borba - AM,33080,73,73,220.6771,360.6976,69.0047,1.0579,75,75,226.7231,371.8816,73.6262,1.0187,30,40,3
1300839,130083,Caapiranga - AM,13469,24,24,178.1869,313.5874,24.5224,0.9787,26,26,193.0359,346.1008,26.2215,0.9916,8,14,2
1300904,130090,Canutama - AM,16869,13,13,77.0644,132.4937,37.4873,0.3468,13,13,77.0644,132.4937,39.9649,0.3253,8,5,0
1301001,130100,Carauari - AM,28742,59,59,205.2745,387.2922,53.7094,1.0985,71,71,247.0253,449.2966,57.4057,1.2368,25,32,2
1301100,130110,Careiro - AM,30792,102,102,331.2549,449.2480,79.4051,1.2846,104,104,337.7501,456.8534,84.4572,1.2314,30,68,4
1301159,130115,Careiro da Várzea - AM,19637,31,31,157.8653,208.6446,51.5709,0.6011,31,31,157.8653,208.6446,54.8520,0.5652,7,22,2
1301209,130120,Coari - AM,70616,251,251,355.4435,671.6264,135.9594,1.8461,262,262,371.0207,695.4680,145.2280,1.8041,152,88,11
1301308,130130,Codajás - AM,23549,31,31,131.6404,253.9089,46.3641,0.6686,34,34,144.3798,275.2770,49.5125,0.6867,14,15,2
1301407,130140,Eirunepé - AM,33170,35,35,105.5170,190.5155,62.5804,0.5593,41,41,123.6057,220.0615,66.8533,0.6133,15,18,2
1301506,130150,Envira - AM,17186,14,14,81.4617,136.9754,29.9050,0.4681,14,14,81.4617,136.9754,32.0019,0.4375,2,11,1
1301605,130160,Fonte Boa - AM,25871,50,50,193.2666,367.0668,46.6129,1.0727,53,53,204.8626,382.8332,49.8505,1.0632,27,22,1
1301654,130165,Guajará - AM,13815,33,33,238.8708,483.2046,25.7665,1.2807,35,35,253.3478,515.5194,27.5364,1.2710,17,14,2
1301704,130170,Humaitá - AM,57473,163,163,283.6114,498.7456,116.9528,1.3937,165,165,287.0913,501.9795,124.9062,1.3210,84,69,10
1301803,130180,Ipixuna - AM,24311,23,23,94.6074,264.6682,34.1415,0.6737,23,23,94.6074,264.6682,36.6947,0.6268,15,5,3
1301852,130185,Iranduba - AM,61163,216,216,353.1547,547.9049,141.3967,1.5276,225,225,367.8695,564.6055,150.6712,1.4933,74,131,11
1301902,130190,Itacoatiara - AM,103598,408,408,393.8300,649.1765,229.3184,1.7792,422,422,407.3438,667.9182,244.4784,1.7261,127,255,26
1301951,130195,Itamarati - AM,10937,7,7,64.0029,161.8773,16.0512,0.4361,7,7,64.0029,161.8773,17.2211,0.4065,4,3,0
1302009,130200,Itapiranga - AM,10162,49,49,482.1885,778.1024,22.4841,2.1793,53,53,521.5509,830.0064,23.9690,2.2112,22,24,3
1302108,130210,Japurá - AM,8858,13,13,146.7600,334.9304,12.1411,1.0707,13,13,146.7600,334.9304,13.0505,0.9961,4,7,2
1302207,130220,Juruá - AM,10742,17,17,158.2573,336.2625,18.2893,0.9295,17,17,158.2573,336.2625,19.5791,0.8683,9,7,1
1302306,130230,Jutaí - AM,25172,45,45,178.7701,439.3671,35.9781,1.2508,45,45,178.7701,439.3671,38.6082,1.1656,17,21,7
1302405,130240,Lábrea - AM,45448,95,95,209.0301,418.2322,85.3995,1.1124,101,101,222.2320,443.7077,91.3042,1.1062,46,46,3
1302504,130250,Manacapuru - AM,101883,417,417,409.2930,677.3358,217.8731,1.9140,437,437,428.9234,703.8910,232.4224,1.8802,179,225,13
1302553,130255,Manaquiri - AM,17107,65,65,379.9614,558.9717,42.2977,1.5367,69,69,403.3437,591.3046,45.0203,1.5326,25,39,1
1302603,130260,Manaus - AM,2063689,10740,10738,520.4273,811.5831,4755.2007,2.2582,11164,11162,540.9730,838.4450,5070.1177,2.2015,3775,6512,453
1302702,130270,Manicoré - AM,53914,111,111,205.8834,362.4768,109.4488,1.0142,122,122,226.2863,399.2665,116.8691,1.0439,34,68,9
1302801,130280,Maraã - AM,15529,26,26,167.4287,456.5797,21.4093,1.2144,27,27,173.8682,473.8169,22.9999,1.1739,8,17,1
1302900,130290,Maués - AM,61204,158,158,258.1531,453.2487,122.7384,1.2873,166,166,271.2241,474.1527,130.9886,1.2673,56,93,9
1303007,130300,Nhamundá - AM,20136,41,41,203.6154,324.9777,45.9604,0.8921,44,44,218.5141,347.6701,48.9887,0.8982,18,21,2
1303106,130310,Nova Olinda do Norte - AM,27062,82,82,303.0079,528.7984,54.5250,1.5039,84,84,310.3983,536.5345,58.1904,1.4435,33,44,5
1303205,130320,Novo Airão - AM,15761,35,35,222.0671,360.0739,33.8277,1.0347,39,39,247.4462,399.8994,36.0721,1.0812,14,17,4
1303304,130330,Novo Aripuanã - AM,23818,31,31,130.1537,214.2731,50.2654,0.6167,34,34,142.7492,229.6814,53.6358,0.6339,15,16,0
1303403,130340,Parintins - AM,96372,440,440,456.5641,704.0248,219.9780,2.0002,471,471,488.7312,752.2942,234.4401,2.0090,172,262,6
1303502,130350,Pauini - AM,19373,32,32,165.1783,349.1689,31.9970,1.0001,32,32,165.1783,349.1689,34.2636,0.9339,9,17,6
1303536,130353,Presidente Figueiredo - AM,30668,123,123,401.0695,659.1869,68.0297,1.8080,126,126,410.8517,676.4845,72.5116,1.7377,49,72,2
1303569,130356,Rio Preto da Eva - AM,24936,91,91,364.9342,567.2532,60.6745,1.4998,94,94,376.9650,579.3825,64.5922,1.4553,29,61,1
1303601,130360,Santa Isabel do Rio Negro - AM,14164,61,61,430.6693,797.9965,26.5508,2.2975,66,66,465.9701,862.5796,28.3662,2.3267,23,33,5
1303700,130370,Santo Antônio do Içá - AM,28211,57,57,202.0488,454.8452,45.2120,1.2607,60,60,212.6830,468.0057,48.4274,1.2390,36,18,3
1303809,130380,São Gabriel da Cachoeira - AM,51795,120,120,231.6826,421.4729,99.4262,1.2069,135,135,260.6429,463.6347,106.1874,1.2713,63,51,6
1303908,130390,São Paulo de Olivença - AM,32967,73,73,221.4336,437.1707,53.8736,1.3550,74,74,224.4669,441.9817,57.6690,1.2832,36,35,2
1303957,130395,São Sebastião do Uatumã - AM,11670,20,20,171.3796,300.1720,22.1523,0.9028,20,20,171.3796,300.1720,23.6769,0.8447,7,13,0
1304005,130400,Silves - AM,11559,37,37,320.0969,560.3398,23.8751,1.5497,38,38,328.7482,570.8322,25.4655,1.4922,10,27,0
1304062,130406,Tabatinga - AM,66764,157,157,235.1567,487.6452,114.4656,1.3716,166,166,248.6370,509.8354,122.4810,1.3553,94,61,2
1304104,130410,Tapauá - AM,19599,28,28,142.8644,307.2410,35.4115,0.7907,29,29,147.9667,320.2970,37.8773,0.7656,10,15,3
1304203,130420,Tefé - AM,73669,262,262,355.6448,724.4899,133.2838,1.9657,286,286,388.2230,781.4299,142.5411,2.0064,135,120,7
1304237,130423,Tonantins - AM,19247,48,48,249.3895,526.3314,29.9022,1.6052,53,53,275.3676,580.0622,32.0620,1.6530,22,21,5
1304260,130426,Uarini - AM,14431,26,26,180.1677,415.5377,22.3561,1.1630,29,29,200.9563,444.1359,23.9697,1.2099,14,12,0
1304302,130430,Urucará - AM,18631,59,59,316.6765,492.6417,42.6537,1.3832,61,61,327.4113,505.4207,45.4568,1.3419,17,40,2
1304401,130440,Urucurituba - AM,23945,41,41,171.2257,313.0204,49.1191,0.8347,42,42,175.4020,322.0851,52.4525,0.8007,15,22,4
1400027,140002,Amajari - RR,13927,27,27,193.8680,376.7240,22.8328,1.1825,29,29,208.2286,391.6663,24.4304,1.1870,17,8,2
1400050,140005,Alto Alegre - RR,21096,37,37,175.3887,349.1147,37.4692,0.9875,40,40,189.6094,364.4082,40.0416,0.9990,19,18,0
1400100,140010,Boa Vista - RR,413486,1610,1610,389.3723,723.1796,795.5398,2.0238,1666,1666,402.9157,738.2277,850.7168,1.9583,582,962,66
1400159,140015,Bonfim - RR,13923,37,37,265.7473,465.6671,26.8214,1.3795,38,38,272.9297,476.9248,28.6304,1.3273,18,18,1
1400175,140017,Cantá - RR,18682,41,41,219.4626,318.3149,43.3864,0.9450,47,47,251.5791,354.9593,46.2027,1.0173,14,24,3
1400209,140020,Caracaraí - RR,20957,61,61,291.0722,425.7849,47.4265,1.2862,64,64,305.3872,442.6612,50.5319,1.2665,19,40,2
1400233,140023,Caroebe - RR,10656,21,21,197.0721,345.2676,21.6072,0.9719,22,22,206.4565,354.9323,23.0702,0.9536,11,10,0
1400282,140028,Iracema - RR,10023,19,19,189.5640,298.2389,21.5113,0.8833,20,20,199.5411,305.7457,22.9388,0.8719,7,11,1
1400308,140030,Mucajaí - RR,18095,47,47,259.7403,395.3845,42.4787,1.1064,49,49,270.7930,413.3734,45.2453,1.0830,20,26,1
1400407,140040,Normandia - RR,13986,37,37,264.5503,667.6019,18.9529,1.9522,39,39,278.8503,703.5620,20.3445,1.9170,24,11,2
1400456,140045,Pacaraima - RR,19305,55,55,284.9003,692.2823,28.5777,1.9246,55,55,284.9003,692.2823,30.6579,1.7940,30,21,4
1400472,140047,Rorainópolis - RR,32647,75,75,229.7301,397.4283,67.4373,1.1121,76,76,232.7932,401.5752,71.9925,1.0557,31,39,5
1400506,140050,São João da Baliza - RR,8858,15,15,169.3385,321.0961,18.2718,0.8209,15,15,169.3385,321.0961,19.5103,0.7688,3,9,3
1400605,140060,São Luiz do Anauá - RR,7315,14,14,191.3876,288.2327,17.2360,0.8123,14,14,191.3876,288.2327,18.3700,0.7621,5,8,1
1400704,140070,Uiramutã - RR,13751,23,23,167.2606,283.2807,15.7677,1.4587,25,25,181.8050,321.4448,16.9840,1.4720,6,16,1
1500107,150010,Abaetetuba - PA,158188,272,272,171.9473,248.1341,384.2201,0.7079,307,307,194.0729,277.0740,409.4441,0.7498,132,115,25
1500131,150013,Abel Figueiredo - PA,6136,19,19,309.6480,383.7047,17.5727,1.0812,20,20,325.9452,403.2866,18.6797,1.0707,3,14,2
1500206,150020,Acará - PA,59023,49,49,83.0185,116.3931,144.6863,0.3387,54,54,91.4898,127.3868,154.0809,0.3505,22,22,5
1500305,150030,Afuá - PA,37765,30,30,79.4386,161.9138,69.4025,0.4323,32,32,84.7345,168.3925,74.1878,0.4313,23,5,2
1500347,150034,Água Azul do Norte - PA,18080,25,25,138.2743,228.1607,38.5484,0.6485,26,26,143.8053,236.9115,41.1459,0.6319,2,18,5
1500404,150040,Alenquer - PA,69377,177,177,255.1278,422.3098,150.8583,1.1733,179,179,258.0106,427.1996,160.8755,1.1127,44,117,16
1500503,150050,Almeirim - PA,34280,65,65,189.6149,325.5413,71.4998,0.9091,66,66,192.5321,328.2874,76.2953,0.8651,39,23,3
1500602,150060,Altamira - PA,126279,358,358,283.4992,457.8433,282.5868,1.2669,370,370,293.0020,470.3783,301.4206,1.2275,134,215,9
1500701,150070,Anajás - PA,28011,36,36,128.5209,311.1643,43.4609,0.8283,37,37,132.0910,315.0418,46.5918,0.7941,12,22,2
1500800,150080,Ananindeua - PA,478778,1252,1252,261.4991,334.2848,1310.8341,0.9551,1428,1428,298.2593,380.6366,1394.7244,1.0239,489,677,86
1500859,150085,Anapu - PA,31850,71,71,222.9199,452.6998,58.9813,1.2038,76,76,238.6185,477.8715,63.0610,1.2052,25,37,9
1500909,150090,Augusto Corrêa - PA,44573,68,68,152.5587,234.0032,103.3305,0.6581,71,71,159.2893,242.4485,110.0897,0.6449,34,29,5
1500958,150095,Aurora do Pará - PA,23774,35,35,147.2197,213.6955,56.4103,0.6205,37,37,155.6322,226.2468,60.0888,0.6158,11,18,6
1501006,150100,Aveiro - PA,18290,24,24,131.2192,190.0285,43.9064,0.5466,24,24,131.2192,190.0285,46.7565,0.5133,14,10,0
1501105,150110,Bagre - PA,31892,17,17,53.3049,148.1673,42.3995,0.4009,20,20,62.7117,172.9623,45.5753,0.4388,10,6,1
1501204,150120,Baião - PA,51641,39,39,75.5214,110.4599,117.8148,0.3310,41,41,79.3943,115.8298,125.6357,0.3263,15,21,3
1501253,150125,Bannach - PA,4031,3,3,74.4232,77.7988,9.8692,0.3040,3,3,74.4232,77.7988,10.5103,0.2854,2,1,0
1501303,150130,Barcarena - PA,126650,290,290,228.9775,382.7388,270.9875,1.0702,309,309,243.9795,406.2684,289.2478,1.0683,133,142,15
1501402,150140,Belém - PA,1303403,4927,4926,378.0105,378.3996,4517.1538,1.0905,5561,5560,426.6524,427.0691,4794.1443,1.1597,2017,2556,354
1501451,150145,Belterra - PA,18099,53,53,292.8339,357.8749,51.0708,1.0378,54,54,298.3590,364.0426,54.2815,0.9948,22,27,4
1501501,150150,Benevides - PA,63567,149,149,234.3984,325.0405,160.0677,0.9309,161,161,253.2761,349.9654,170.4613,0.9445,57,75,17
1501576,150157,Bom Jesus do Tocantins - PA,18005,29,29,161.0664,235.9436,46.1921,0.6278,32,32,177.7284,260.0497,49.1968,0.6504,5,23,1
1501600,150160,Bonito - PA,12622,17,17,134.6855,175.5165,32.8845,0.5170,18,18,142.6081,186.7219,35.0063,0.5142,9,5,3
1501709,150170,Bragança - PA,123082,244,244,198.2418,273.2139,313.2881,0.7788,260,260,211.2413,288.8482,333.5278,0.7795,131,106,7
1501725,150172,Brasil Novo - PA,24718,48,48,194.1905,282.9473,61.3444,0.7825,51,51,206.3274,300.6996,65.3256,0.7807,19,28,1
1501758,150175,Brejo Grande do Araguaia - PA,6783,7,7,103.1992,125.9233,19.5722,0.3577,9,9,132.6847,159.7299,20.7993,0.4327,2,4,1
1501782,150178,Breu Branco - PA,45712,120,120,262.5131,387.2052,109.2670,1.0982,126,126,275.6388,404.3302,116.3832,1.0826,44,58,18
1501808,150180,Breves - PA,106968,147,147,137.4243,259.4520,198.4470,0.7408,173,173,161.7306,301.3349,212.1131,0.8156,95,43,9
1501907,150190,Bujaru - PA,24383,40,40,164.0487,226.0097,61.0930,0.6547,43,43,176.3524,243.3897,65.0358,0.6612,20,17,3
1501956,150195,Cachoeira do Piriá - PA,19630,18,18,91.6964,163.0227,38.5417,0.4670,18,18,91.6964,163.0227,41.1644,0.4373,7,9,2
1502004,150200,Cachoeira do Arari - PA,23981,25,25,104.2492,142.2607,57.7319,0.4330,27,27,112.5891,151.0201,61.5115,0.4389,6,17,2
1502103,150210,Cametá - PA,134184,299,299,222.8284,337.4177,315.1498,0.9488,309,309,230.2808,346.7113,335.8849,0.9200,129,145,25
1502152,150215,Canaã dos Carajás - PA,77079,137,137,177.7397,463.4483,115.7709,1.1834,148,148,192.0108,498.3588,124.4784,1.1890,46,82,9
1502202,150220,Capanema - PA,70394,166,166,235.8156,285.3970,203.7140,0.8149,171,171,242.9184,293.0395,216.6054,0.7895,85,72,9
1502301,150230,Capitão Poço - PA,56506,90,90,159.2751,228.1313,141.6551,0.6353,96,96,169.8935,242.3215,150.8690,0.6363,42,38,10
1502400,150240,Castanhal - PA,192256,588,588,305.8422,416.7449,494.3887,1.1893,623,623,324.0471,439.8828,526.4432,1.1834,218,321,49
1502509,150250,Chaves - PA,20757,9,9,43.3589,84.3125,38.3857,0.2345,9,9,43.3589,84.3125,41.0241,0.2194,2,7,0
1502608,150260,Colares - PA,12868,20,20,155.4243,174.7972,39.4023,0.5076,22,22,170.9667,191.0037,41.8547,0.5256,9,10,1
1502707,150270,Conceição do Araguaia - PA,44617,144,144,322.7469,345.9477,143.7204,1.0019,153,153,342.9186,367.2354,152.5856,1.0027,40,83,21
1502756,150275,Concórdia do Pará - PA,26881,38,38,141.3638,210.3321,61.9365,0.6135,38,38,141.3638,210.3321,66.0171,0.5756,19,17,2
1502764,150276,Cumaru do Norte - PA,14036,21,21,149.6153,376.6228,24.4821,0.8578,21,21,149.6153,376.6228,26.2129,0.8011,6,11,4
1502772,150277,Curionópolis - PA,19950,61,61,305.7644,411.9479,51.6015,1.1821,72,72,360.9023,485.2494,54.9191,1.3110,29,32,0
1502806,150280,Curralinho - PA,33903,44,44,129.7820,254.7761,58.8512,0.7476,47,47,138.6308,267.9138,62.9825,0.7462,18,22,4
1502855,150285,Curuá - PA,14117,30,30,212.5097,356.1191,30.7481,0.9757,30,30,212.5097,356.1191,32.7924,0.9148,7,21,2
1502905,150290,Curuçá - PA,41262,107,107,259.3185,293.3469,127.2780,0.8407,113,113,273.8597,309.2502,135.2082,0.8357,63,36,8
1502939,150293,Dom Eliseu - PA,58484,80,80,136.7895,259.3760,116.3945,0.6873,89,89,152.1784,280.1396,124.3319,0.7158,17,49,14
1502954,150295,Eldorado do Carajás - PA,28192,57,57,202.1850,281.8781,68.3362,0.8341,65,65,230.5619,320.7025,72.7672,0.8933,13,43,1
1503002,150300,Faro - PA,8728,26,26,297.8918,454.4643,20.3371,1.2785,27,27,309.3492,475.2830,21.6698,1.2460,3,22,1
1503044,150304,Floresta do Araguaia - PA,17898,34,34,189.9654,283.2224,44.3720,0.7662,37,37,206.7270,307.9302,47.2538,0.7830,7,23,4
1503077,150307,Garrafão do Norte - PA,24703,29,29,117.3946,175.7748,59.1113,0.4906,29,29,117.3946,175.7748,62.9749,0.4605,12,12,5
1503093,150309,Goianésia do Pará - PA,26362,42,42,159.3202,249.0182,61.9975,0.6774,46,46,174.4936,269.7038,66.0541,0.6964,18,20,4
1503101,150310,Gurupá - PA,31786,18,18,56.6287,110.3883,59.2812,0.3036,24,24,75.5049,147.0937,63.3647,0.3788,9,6,3
1503200,150320,Igarapé-Açu - PA,35797,90,90,251.4177,294.1375,105.9882,0.8492,92,92,257.0048,300.5535,112.6523,0.8167,31,49,10
1503309,150330,Igarapé-Miri - PA,64831,110,110,169.6719,264.0862,148.8821,0.7388,120,120,185.0966,283.7427,158.7094,0.7561,45,58,7
1503408,150340,Inhangapi - PA,10325,17,17,164.6489,213.3495,27.9699,0.6078,17,17,164.6489,213.3495,29.7576,0.5713,6,10,1
1503457,150345,Ipixuna do Pará - PA,30329,47,47,154.9672,253.1124,64.1659,0.7325,54,54,178.0474,284.2705,68.4523,0.7889,21,25,1
1503507,150350,Irituia - PA,30955,37,37,119.5283,137.3232,90.5607,0.4086,39,39,125.9893,145.1058,96.2440,0.4052,22,10,5
1503606,150360,Itaituba - PA,123314,427,427,346.2705,573.5793,263.1430,1.6227,438,438,355.1908,583.7509,280.9027,1.5593,141,241,45
1503705,150370,Itupiranga - PA,49754,103,103,207.0185,318.8260,114.9317,0.8962,117,117,235.1570,357.1328,122.4801,0.9553,33,66,4
1503754,150375,Jacareacanga - PA,24042,56,56,232.9257,641.5954,33.9903,1.6475,60,60,249.5633,680.2197,36.4947,1.6441,28,24,4
1503804,150380,Jacundá - PA,37707,78,78,206.8581,263.7217,102.6557,0.7598,90,90,238.6825,303.2761,109.1761,0.8244,23,48,7
1503903,150390,Juruti - PA,50881,173,173,340.0090,623.8502,100.0017,1.7300,174,174,341.9744,627.5114,106.7936,1.6293,88,78,7
1504000,150400,Limoeiro do Ajuru - PA,29569,62,62,209.6791,394.5321,56.4484,1.0983,65,65,219.8248,412.8205,60.3515,1.0770,28,33,1
1504059,150405,Mãe do Rio - PA,34353,86,86,250.3420,363.2663,85.6644,1.0039,90,90,261.9859,379.9954,91.2304,0.9865,38,39,9
1504109,150410,Magalhães Barata - PA,8115,20,20,246.4572,258.9097,26.7017,0.7490,20,20,246.4572,258.9097,28.3396,0.7057,14,5,1
1504208,150420,Marabá - PA,266533,548,548,205.6031,347.8704,571.8898,0.9582,582,582,218.3595,365.7596,610.3958,0.9535,244,258,46
1504307,150430,Maracanã - PA,25971,64,64,246.4287,256.7786,84.0776,0.7612,64,64,246.4287,256.7786,89.2661,0.7170,29,33,2
1504406,150440,Marapanim - PA,26573,54,54,203.2138,208.7150,88.9303,0.6072,61,61,229.5563,236.5243,94.3955,0.6462,26,23,5
1504422,150442,Marituba - PA,111785,241,241,215.5924,352.0131,255.3905,0.9437,267,267,238.8514,392.0829,272.3664,0.9803,96,131,14
1504455,150445,Medicilândia - PA,27094,63,63,232.5238,349.1213,63.4800,0.9924,70,70,258.3598,390.6877,67.6458,1.0348,20,39,4
1504505,150450,Melgaço - PA,27881,20,20,71.7334,167.3465,37.6796,0.5308,24,24,86.0801,208.9322,40.4788,0.5929,12,7,1
1504604,150460,Mocajuba - PA,27198,65,65,238.9882,327.4343,67.2112,0.9671,68,68,250.0184,343.4107,71.5798,0.9500,32,28,5
1504703,150470,Moju - PA,84094,95,95,112.9688,202.8488,169.0958,0.5618,104,104,123.6711,216.5706,180.6102,0.5758,49,36,10
1504752,150475,Mojuí dos Campos - PA,23501,54,54,229.7775,294.0532,64.2894,0.8400,54,54,229.7775,294.0532,68.3744,0.7898,14,35,5
1504802,150480,Monte Alegre - PA,60012,230,230,383.2567,484.6146,164.5038,1.3981,232,232,386.5893,488.1172,174.9430,1.3261,69,140,21
1504901,150490,Muaná - PA,45368,52,52,114.6182,198.2002,94.4944,0.5503,53,53,116.8224,202.3751,100.8674,0.5254,23,19,10
1504950,150495,Nova Esperança do Piriá - PA,20478,14,14,68.3661,135.4797,38.3868,0.3647,17,17,83.0159,170.7421,41.0351,0.4143,7,6,1
1504976,150497,Nova Ipixuna - PA,13955,30,30,214.9767,268.3312,38.7017,0.7752,35,35,250.8062,317.1187,41.1513,0.8505,9,21,0
1505007,150500,Nova Timboteua - PA,12806,24,24,187.4122,178.6963,45.8003,0.5240,27,27,210.8387,201.4973,48.5884,0.5557,10,13,1
1505031,150503,Novo Progresso - PA,33638,86,86,255.6632,456.9603,64.4933,1.3335,90,90,267.5546,477.2228,68.9591,1.3051,17,59,10
1505064,150506,Novo Repartimento - PA,60732,137,137,225.5812,368.8538,132.8370,1.0313,146,146,240.4004,392.0290,141.6723,1.0305,41,92,4
1505106,150510,Óbidos - PA,52229,162,162,310.1725,420.0500,135.4192,1.1963,168,168,321.6604,434.2861,144.0810,1.1660,53,90,19
1505205,150520,Oeiras do Pará - PA,33844,49,49,144.7819,268.7568,64.0515,0.7650,49,49,144.7819,268.7568,68.4424,0.7159,32,17,0
1505304,150530,Oriximiná - PA,68294,225,225,329.4579,514.8919,154.5545,1.4558,231,231,338.2435,524.3982,164.7257,1.4023,76,132,17
1505403,150540,Ourém - PA,17855,30,30,168.0202,209.8071,50.4692,0.5944,33,33,184.8222,229.8951,53.6642,0.6149,10,18,2
1505437,150543,Ourilândia do Norte - PA,32467,71,71,218.6836,385.0193,67.4914,1.0520,72,72,221.7636,387.9451,72.0541,0.9992,24,39,8
1505486,150548,Pacajá - PA,41097,69,69,167.8955,281.0706,88.5195,0.7795,74,74,180.0618,300.0781,94.4394,0.7836,17,47,5
1505494,150549,Palestina do Pará - PA,6885,12,12,174.2919,208.3007,20.2124,0.5937,15,15,217.8649,260.0991,21.4779,0.6984,3,8,1
1505502,150550,Paragominas - PA,105550,252,252,238.7494,426.2614,212.5799,1.1854,278,278,263.3823,463.1830,227.1161,1.2240,113,126,13
1505536,150553,Parauapebas - PA,267836,460,460,171.7469,449.5095,427.7426,1.0754,573,573,213.9369,550.4261,459.2016,1.2478,183,222,55
1505551,150555,Pau D'Arco - PA,6931,17,17,245.2749,297.0028,19.9727,0.8512,19,19,274.1307,334.9939,21.2272,0.8951,5,8,4
1505601,150560,Peixe-Boi - PA,8285,10,10,120.7001,116.5034,28.6707,0.3488,12,12,144.8401,137.9677,30.4211,0.3945,5,3,2
1505635,150563,Piçarra - PA,12832,19,19,148.0673,221.1977,31.2338,0.6083,20,20,155.8603,232.7467,33.2654,0.6012,6,12,1
1505650,150565,Placas - PA,18668,47,47,251.7677,370.7884,43.0017,1.0930,49,49,262.4813,384.2742,45.8359,1.0690,9,31,7
1505700,150570,Ponta de Pedras - PA,24984,48,48,192.1230,296.7276,59.4734,0.8071,53,53,212.1358,318.1080,63.3654,0.8364,18,23,7
1505809,150580,Portel - PA,62503,99,99,158.3924,342.2424,102.1953,0.9687,107,107,171.1918,367.3691,109.4527,0.9776,52,42,5
1505908,150590,Porto de Moz - PA,40597,43,43,105.9192,236.6504,66.0552,0.6510,48,48,118.2353,254.2317,70.7952,0.6780,23,14,6
1506005,150600,Prainha - PA,35577,97,97,272.6481,510.1268,70.2482,1.3808,97,97,272.6481,510.1268,75.0295,1.2928,33,54,10
1506104,150610,Primavera - PA,10851,29,29,267.2565,284.8194,35.0205,0.8281,32,32,294.9037,316.8271,37.1866,0.8605,10,18,1
1506112,150611,Quatipuru - PA,11524,29,29,251.6487,282.2904,36.1799,0.8016,30,30,260.3263,291.9072,38.4192,0.7809,14,14,1
1506138,150613,Redenção - PA,85597,293,293,342.3017,516.0092,202.5823,1.4463,304,304,355.1526,533.0690,215.9323,1.4078,63,198,32
1506161,150616,Rio Maria - PA,18384,56,55,304.6127,365.2005,53.0683,1.0364,60,59,326.3708,389.2465,56.4161,1.0458,12,37,7
1506187,150618,Rondon do Pará - PA,53143,98,98,184.4081,261.1119,136.2004,0.7195,107,107,201.3435,284.6609,145.0691,0.7376,38,51,9
1506195,150619,Rurópolis - PA,35769,87,87,243.2274,383.9515,83.5094,1.0418,87,87,243.2274,383.9515,88.9646,0.9779,29,46,12
1506203,150620,Salinópolis - PA,44772,147,147,328.3302,441.3423,116.6512,1.2602,158,158,352.8991,477.1477,124.1834,1.2723,64,77,6
1506302,150630,Salvaterra - PA,24129,28,28,116.0429,158.9968,63.1920,0.4431,33,33,136.7649,181.8409,67.2608,0.4906,15,10,3
1506351,150635,Santa Bárbara do Pará - PA,21087,41,41,194.4326,241.0084,57.4997,0.7130,47,47,222.8861,275.5024,61.1584,0.7685,16,22,3
1506401,150640,Santa Cruz do Arari - PA,7445,8,8,107.4547,182.4674,16.4915,0.4851,12,12,161.1820,280.7505,17.5843,0.6824,6,1,1
1506500,150650,Santa Izabel do Pará - PA,73019,115,115,157.4933,246.9302,175.2519,0.6562,122,122,167.0798,260.0769,186.8902,0.6528,47,60,8
1506559,150655,Santa Luzia do Pará - PA,20370,32,32,157.0938,199.7831,55.5432,0.5761,35,35,171.8213,217.4644,59.0787,0.5924,15,15,2
1506583,150658,Santa Maria das Barreiras - PA,16548,36,36,217.5489,307.3248,42.6687,0.8437,39,39,235.6780,326.6618,45.4033,0.8590,9,23,4
1506609,150660,Santa Maria do Pará - PA,24624,44,44,178.6875,220.5069,71.4717,0.6156,46,46,186.8096,231.4890,75.9902,0.6053,19,18,7
1506708,150670,Santana do Araguaia - PA,32413,64,64,197.4516,310.9279,74.7658,0.8560,69,69,212.8775,328.2139,79.6868,0.8659,21,30,13
1506807,150680,Santarém - PA,331942,1391,1391,419.0491,604.7934,819.8219,1.6967,1416,1416,426.5805,612.9438,873.1477,1.6217,478,711,202
1506906,150690,Santarém Novo - PA,6116,10,10,163.5056,178.5842,18.9211,0.5285,10,10,163.5056,178.5842,20.1006,0.4975,6,3,1
1507003,150700,Santo Antônio do Tauá - PA,27461,66,66,240.3408,290.8493,77.6497,0.8500,73,72,265.8315,315.5369,82.5615,0.8721,26,37,3
1507102,150710,São Caetano de Odivelas - PA,16666,37,37,222.0089,243.0206,52.0016,0.7115,39,39,234.0094,256.7233,55.2368,0.7061,19,15,3
1507151,150715,São Domingos do Araguaia - PA,21092,63,63,298.6914,366.2764,59.0430,1.0670,71,71,336.6205,408.2343,62.7766,1.1310,18,38,7
1507201,150720,São Domingos do Capim - PA,30599,40,40,130.7232,183.5949,74.2745,0.5385,41,41,133.9913,189.3490,79.0731,0.5185,20,20,0
1507300,150730,São Félix do Xingu - PA,65418,79,79,120.7619,234.6498,135.0749,0.5849,82,82,125.3478,244.0438,144.2365,0.5685,27,37,15
1507409,150740,São Francisco do Pará - PA,14894,36,36,241.7081,264.5894,47.4586,0.7586,39,39,261.8504,286.3117,50.3998,0.7738,11,21,4
1507458,150745,São Geraldo do Araguaia - PA,24255,66,66,272.1088,366.4642,63.4246,1.0406,78,78,321.5832,432.9582,67.4956,1.1556,29,35,2
1507466,150746,São João da Ponta - PA,4430,11,11,248.3070,247.4473,15.0306,0.7318,15,15,338.6005,343.5158,15.9486,0.9405,6,4,1
1507474,150747,São João de Pirabas - PA,20689,55,55,265.8418,294.5314,63.5201,0.8659,58,58,280.3422,309.1459,67.4780,0.8595,31,19,5
1507508,150750,São João do Araguaia - PA,13664,20,20,146.3700,189.4801,37.7042,0.5304,23,23,168.3255,219.1748,40.0826,0.5738,7,12,1
1507607,150760,São Miguel do Guamá - PA,52894,91,91,172.0422,233.1146,131.9791,0.6895,94,94,177.7139,240.5434,140.5352,0.6689,49,34,8
1507706,150770,São Sebastião da Boa Vista - PA,25643,31,31,120.8907,201.9280,51.9160,0.5971,36,36,140.3892,223.2574,55.4473,0.6493,12,17,2
1507755,150775,Sapucaia - PA,5847,14,14,239.4390,420.8235,12.4994,1.1200,15,15,256.5418,438.8512,13.3355,1.1248,5,9,0
1507805,150780,Senador José Porfírio - PA,22576,27,27,119.5960,278.9023,40.6346,0.6645,28,28,124.0255,297.7246,43.4537,0.6444,18,9,0
1507904,150790,Soure - PA,24204,30,30,123.9465,151.6966,67.8112,0.4424,34,34,140.4726,173.2574,72.1112,0.4715,16,14,0
1507953,150795,Tailândia - PA,72493,125,125,172.4304,359.0522,124.1312,1.0070,142,142,195.8810,399.8427,132.9550,1.0680,39,79,7
1507961,150796,Terra Alta - PA,10400,26,26,250.0000,274.8549,31.9161,0.8146,26,26,250.0000,274.8549,33.9038,0.7669,11,14,1
1507979,150797,Terra Santa - PA,18782,68,68,362.0488,556.4807,43.8821,1.5496,68,68,362.0488,556.4807,46.7742,1.4538,16,46,6
1508001,150800,Tomé-Açu - PA,67585,97,97,143.5230,235.2854,141.7959,0.6841,104,104,153.8803,253.5825,151.3492,0.6872,51,38,8
1508035,150803,Tracuateua - PA,28595,40,40,139.8846,179.3823,78.0612,0.5124,42,42,146.8788,188.9939,83.0149,0.5059,21,11,8
1508050,150805,Trairão - PA,15242,30,30,196.8246,300.0165,32.8057,0.9145,31,31,203.3854,305.7299,35.0032,0.8856,5,23,2
1508084,150808,Tucumã - PA,39550,112,112,283.1858,466.5762,87.5877,1.2787,116,116,293.2996,479.2090,93.4495,1.2413,38,56,18
1508100,150810,Tucuruí - PA,91306,310,310,339.5177,500.9416,219.7932,1.4104,346,346,378.9455,558.2017,234.1413,1.4777,137,157,16
1508126,150812,Ulianópolis - PA,37972,43,43,113.2413,228.1680,69.0555,0.6227,52,52,136.9430,268.5339,73.9440,0.7032,17,25,1
1508159,150815,Uruará - PA,43558,107,107,245.6495,393.5657,98.7967,1.0830,125,125,286.9737,450.5309,105.3418,1.1866,21,80,6
1508209,150820,Vigia - PA,50832,94,94,184.9229,224.7308,146.1891,0.6430,99,99,194.7592,236.8431,155.4439,0.6369,50,38,6
1508308,150830,Viseu - PA,58692,58,58,98.8210,152.1523,134.8335,0.4302,59,59,100.5248,154.9531,143.6463,0.4107,31,23,4
1508357,150835,Vitória do Xingu - PA,15607,51,51,326.7764,494.7288,35.0797,1.4538,55,55,352.4060,518.3340,37.3976,1.4707,25,24,2
1508407,150840,Xinguara - PA,52893,131,131,247.6698,384.2875,122.1979,1.0720,142,142,268.4665,412.9695,130.2997,1.0898,34,84,13
1600055,160005,Serra do Navio - AP,4673,8,8,171.1962,438.5242,8.6159,0.9285,8,8,171.1962,438.5242,9.2182,0.8678,6,2,0
1600105,160010,Amapá - AP,7943,16,16,201.4352,329.5779,17.7815,0.8998,17,17,214.0249,347.6058,18.9576,0.8967,7,9,0
1600154,160015,Pedra Branca do Amapari - AP,12847,13,13,101.1909,250.7087,19.5785,0.6640,13,13,101.1909,250.7087,21.0026,0.6190,7,5,1
1600204,160020,Calçoene - AP,10612,11,11,103.6562,181.3256,21.2998,0.5164,12,12,113.0795,193.6831,22.7418,0.5277,5,5,1
1600212,160021,Cutias - AP,4461,7,7,156.9155,292.5143,8.7420,0.8007,9,9,201.7485,357.9183,9.3351,0.9641,3,3,1
1600238,160023,Ferreira Gomes - AP,6666,10,10,150.0150,251.5379,13.3631,0.7483,12,12,180.0180,300.9961,14.2616,0.8414,6,1,3
1600253,160025,Itaubal - AP,5599,3,3,53.5810,148.7683,10.2838,0.2917,3,3,53.5810,148.7683,10.9917,0.2729,3,0,0
1600279,160027,Laranjal do Jari - AP,35114,108,108,307.5696,495.1425,74.7614,1.4446,118,118,336.0483,541.8141,79.7514,1.4796,59,46,3
1600303,160030,Macapá - AP,442933,1655,1655,373.6457,617.8717,944.3111,1.7526,1738,1738,392.3844,645.9675,1007.9843,1.7242,760,790,105
1600402,160040,Mazagão - AP,21924,34,34,155.0812,298.7678,41.3110,0.8230,38,38,173.3260,328.6736,44.1398,0.8609,20,10,4
1600501,160050,Oiapoque - AP,27482,64,64,232.8797,582.6835,42.3681,1.5106,66,66,240.1572,589.0928,45.4503,1.4521,32,27,5
1600535,160053,Porto Grande - AP,17848,32,32,179.2918,322.3269,36.3215,0.8810,33,33,184.8947,329.1458,38.7662,0.8513,22,8,2
1600550,160055,Pracuúba - AP,3803,8,8,210.3602,391.4706,7.0694,1.1316,8,8,210.3602,391.4706,7.5512,1.0594,7,1,0
1600600,160060,Santana - AP,107618,310,310,288.0559,472.0917,231.0693,1.3416,330,330,306.6402,499.5489,246.6087,1.3382,154,137,19
1600709,160070,Tartarugalzinho - AP,12945,20,20,154.4998,257.1919,24.2534,0.8246,21,21,162.2248,261.4305,25.9063,0.8106,9,10,1
1600808,160080,Vitória do Jari - AP,11291,28,28,247.9851,465.2111,22.3585,1.2523,29,29,256.8417,483.1293,23.8753,1.2146,13,14,1
1700251,170025,Abreulândia - TO,2576,8,8,310.5590,327.4291,8.4060,0.9517,8,8,310.5590,327.4291,8.9219,0.8967,4,4,0
1700301,170030,Aguiarnópolis - TO,4497,14,14,311.3187,362.7781,13.2118,1.0597,16,16,355.7928,407.1442,14.0421,1.1394,8,4,2
1700350,170035,Aliança do Tocantins - TO,5147,27,27,524.5774,460.3786,19.9229,1.3552,27,27,524.5774,460.3786,21.1160,1.2787,3,22,2
1700400,170040,Almas - TO,6499,5,5,76.9349,78.1913,21.0205,0.2379,6,6,92.3219,94.9466,22.3149,0.2689,2,3,0
1700707,170070,Alvorada - TO,8802,28,28,318.1095,342.7399,28.6395,0.9777,37,37,420.3590,453.4731,30.4103,1.2167,10,15,3
1701002,170100,Ananás - TO,10325,29,29,280.8717,309.3031,31.4346,0.9225,31,31,300.2421,331.6310,33.3976,0.9282,16,11,2
1701051,170105,Angico - TO,2876,8,8,278.1641,278.8505,9.9019,0.8079,8,8,278.1641,278.8505,10.5050,0.7615,2,6,0
1701101,170110,Aparecida do Rio Negro - TO,4856,13,13,267.7100,282.5941,16.7558,0.7758,13,13,267.7100,282.5941,17.7784,0.7312,2,11,0
1701309,170130,Aragominas - TO,5290,10,10,189.0359,197.8171,18.3762,0.5442,11,11,207.9395,222.9136,19.4926,0.5643,6,3,1
1701903,170190,Araguacema - TO,5927,22,22,371.1827,382.5555,20.5164,1.0723,24,24,404.9266,414.8879,21.7656,1.1027,1,17,4
1702000,170200,Araguaçu - TO,8133,24,24,295.0941,262.2024,34.0911,0.7040,27,27,331.9808,294.2736,36.1168,0.7476,9,12,3
1702109,170210,Araguaína - TO,171301,514,514,300.0566,404.0895,447.4134,1.1488,566,566,330.4125,442.6190,476.3492,1.1882,176,297,41
1702158,170215,Araguanã - TO,4310,14,14,324.8260,362.1109,13.1533,1.0644,15,15,348.0278,390.6819,13.9715,1.0736,10,4,0
1702208,170220,Araguatins - TO,31918,75,75,234.9771,273.3500,94.6925,0.7920,92,92,288.2386,335.0529,100.6155,0.9144,31,40,4
1702307,170230,Arapoema - TO,5550,19,19,342.3423,357.9970,18.2742,1.0397,20,20,360.3604,375.7220,19.3979,1.0310,6,11,2
1702406,170240,Arraias - TO,10287,17,17,165.2571,154.4697,39.0186,0.4357,21,21,204.1411,186.7057,41.3696,0.5076,1,15,1
1702554,170255,Augustinópolis - TO,17484,36,36,205.9025,257.8602,47.9403,0.7509,41,41,234.5001,292.7545,50.9969,0.8040,9,25,2
1702703,170270,Aurora do Tocantins - TO,3342,5,5,149.6110,120.4251,13.2885,0.3763,8,8,239.3776,196.7103,14.0817,0.5681,0,4,1
1702901,170290,Axixá do Tocantins - TO,10262,30,30,292.3407,371.4812,28.5437,1.0510,34,34,331.3194,420.0643,30.3490,1.1203,9,18,3
1703008,170300,Babaçulândia - TO,7880,14,14,177.6650,155.2849,31.9032,0.4388,14,14,177.6650,155.2849,33.8006,0.4142,6,7,1
1703057,170305,Bandeirantes do Tocantins - TO,3407,7,7,205.4593,267.9343,9.3621,0.7477,8,8,234.8107,307.4525,9.9591,0.8033,1,6,0
1703073,170307,Barra do Ouro - TO,4476,10,10,223.4138,254.2993,13.0885,0.7640,11,11,245.7551,284.4145,13.9078,0.7909,4,6,0
1703107,170310,Barrolândia - TO,4846,21,21,433.3471,414.1493,17.5442,1.1970,23,23,474.6182,455.2469,18.6060,1.2362,4,16,1
1703206,170320,Bernardo Sayão - TO,4229,15,15,354.6938,370.2673,13.6598,1.0981,16,16,378.3400,397.4803,14.5022,1.1033,4,11,0
1703305,170330,Bom Jesus do Tocantins - TO,4038,7,7,173.3531,221.7825,10.8151,0.6472,8,8,198.1179,256.4108,11.5067,0.6952,0,6,1
1703602,170360,Brasilândia do Tocantins - TO,1974,5,5,253.2928,267.2074,6.5793,0.7600,7,7,354.6099,367.5934,6.9810,1.0027,1,4,0
1703701,170370,Brejinho de Nazaré - TO,4725,18,18,380.9524,313.3728,18.7064,0.9622,22,22,465.6085,383.5145,19.8248,1.1097,4,14,0
1703800,170380,Buriti do Tocantins - TO,10307,27,27,261.9579,298.2584,30.1704,0.8949,29,29,281.3622,317.8272,32.0638,0.9044,1,24,2
1703826,170382,Cachoeirinha - TO,1961,4,4,203.9776,220.8847,6.7266,0.5947,5,5,254.9720,281.3386,7.1367,0.7006,2,1,1
1703842,170384,Campos Lindos - TO,8653,10,10,115.5669,187.7761,18.1475,0.5510,12,12,138.6802,221.1526,19.3636,0.6197,2,7,1
1703867,170386,Cariri do Tocantins - TO,4007,15,15,374.3449,389.4023,13.1363,1.1419,17,17,424.2575,444.0679,13.9530,1.2184,2,12,1
1703883,170388,Carmolândia - TO,2201,6,6,272.6034,318.7408,7.0269,0.8539,8,8,363.4711,426.9957,7.4596,1.0724,1,5,0
1703891,170389,Carrasco Bonito - TO,3318,8,8,241.1091,286.3285,9.1871,0.8708,9,9,271.2477,325.9546,9.7687,0.9213,5,2,1
1703909,170390,Caseara - TO,4847,19,19,391.9950,461.5490,14.3552,1.3236,22,22,453.8890,532.4233,15.2535,1.4423,3,16,0
1704105,170410,Centenário - TO,2131,7,7,328.4843,344.7569,7.8693,0.8895,7,7,328.4843,344.7569,8.3432,0.8390,4,3,0
1704600,170460,Chapada de Areia - TO,1501,3,3,199.8668,216.0424,6.0700,0.4942,4,4,266.4890,316.2730,6.4309,0.6220,1,2,0
1705102,170510,Chapada da Natividade - TO,3117,4,4,128.3285,134.1035,10.8889,0.3673,6,6,192.4928,195.1370,11.5512,0.5194,0,2,2
1705508,170550,Colinas do Tocantins - TO,34233,162,162,473.2276,597.6643,94.4577,1.7151,175,175,511.2026,642.6826,100.4843,1.7416,48,107,7
1705557,170555,Combinado - TO,4756,14,14,294.3650,341.8485,14.3677,0.9744,16,16,336.4172,389.6681,15.2657,1.0481,4,10,0
1705607,170560,Conceição do Tocantins - TO,3887,15,15,385.9017,373.9748,13.6423,1.0995,16,16,411.6285,400.0409,14.4724,1.1056,5,10,0
1706001,170600,Couto Magalhães - TO,5331,10,10,187.5821,190.3837,17.6282,0.5673,12,12,225.0985,228.7897,18.7092,0.6414,3,6,1
1706100,170610,Cristalândia - TO,6371,20,20,313.9225,257.9294,26.2545,0.7618,21,21,329.6186,273.3006,27.8125,0.7551,2,15,3
1706258,170625,Crixás do Tocantins - TO,1470,1,1,68.0272,63.1502,4.9482,0.2021,1,1,68.0272,63.1502,5.2501,0.1905,0,0,1
1706506,170650,Darcinópolis - TO,5827,16,16,274.5838,341.5063,16.4185,0.9745,16,16,274.5838,341.5063,17.4564,0.9166,6,8,2
1707009,170700,Dianópolis - TO,17739,46,46,259.3156,301.6906,51.9211,0.8860,48,48,270.5902,312.8956,55.1937,0.8697,9,35,2
1707108,170710,Divinópolis do Tocantins - TO,7024,13,13,185.0797,186.6451,24.7601,0.5250,15,15,213.5535,216.0180,26.2669,0.5711,0,11,2
1707207,170720,Dois Irmãos do Tocantins - TO,6327,22,22,347.7161,308.1107,24.9068,0.8833,22,22,347.7161,308.1107,26.3939,0.8335,7,15,0
1707306,170730,Dueré - TO,4248,15,15,353.1073,324.7051,16.4933,0.9095,17,17,400.1883,368.1115,17.4838,0.9723,3,7,5
1707405,170740,Esperantina - TO,7530,22,22,292.1647,336.1102,22.6073,0.9731,28,28,371.8459,428.1057,24.0128,1.1660,7,15,0
1707553,170755,Fátima - TO,3467,7,7,201.9037,199.0471,12.3397,0.5673,10,10,288.4338,285.4644,13.0882,0.7640,3,4,0
1707652,170765,Figueirópolis - TO,5211,19,19,364.6133,300.1980,21.2699,0.8933,22,22,422.1838,352.3190,22.5369,0.9762,4,12,3
1707702,170770,Filadélfia - TO,7712,16,16,207.4689,174.9640,30.6598,0.5219,17,17,220.4357,187.1879,32.4912,0.5232,5,10,1
1708205,170820,Formoso do Araguaia - TO,18881,84,84,444.8917,486.1586,59.9147,1.4020,92,92,487.2623,531.8863,63.6223,1.4460,22,53,9
1708254,170825,Tabocão - TO,3455,11,11,318.3792,392.4548,9.6618,1.1385,12,12,347.3227,427.7468,10.2741,1.1680,4,5,2
1708304,170830,Goianorte - TO,4738,7,7,147.7417,157.4317,16.1185,0.4343,8,8,168.8476,181.2074,17.1050,0.4677,1,5,1
1709005,170900,Goiatins - TO,12433,23,23,184.9916,221.0017,35.0698,0.6558,26,26,209.1209,252.3764,37.2695,0.6976,6,16,1
1709302,170930,Guaraí - TO,24775,88,88,355.1968,386.8935,79.1175,1.1123,95,95,383.4511,418.4952,84.0247,1.1306,25,58,5
1709500,170950,Gurupi - TO,85125,320,319,375.9178,449.1472,249.7012,1.2775,343,342,402.9369,480.7696,265.4817,1.2882,64,232,24
1709807,170980,Ipueiras - TO,1590,3,3,188.6792,177.3043,5.8877,0.5095,4,4,251.5723,276.2124,6.2396,0.6411,1,2,0
1710508,171050,Itacajá - TO,6819,18,18,263.9683,263.7304,23.7840,0.7568,18,18,263.9683,263.7304,25.2257,0.7136,9,9,0
1710706,171070,Itaguatins - TO,5172,15,15,290.0232,277.2612,18.8631,0.7952,19,19,367.3627,349.2002,20.0036,0.9498,2,13,0
1710904,171090,Itapiratins - TO,3577,10,10,279.5639,263.7300,12.3600,0.8091,11,11,307.5203,290.1733,13.1145,0.8388,2,6,2
1711100,171110,Itaporã do Tocantins - TO,2404,9,9,374.3760,382.8023,8.3278,1.0807,9,9,374.3760,382.8023,8.8364,1.0185,2,6,1
1711506,171150,Jaú do Tocantins - TO,3334,13,13,389.9220,336.8497,13.8399,0.9393,14,14,419.9160,377.5852,14.6596,0.9550,3,10,0
1711803,171180,Juarina - TO,2243,7,7,312.0820,348.8747,7.3955,0.9465,7,7,312.0820,348.8747,7.8486,0.8919,2,4,1
1711902,171190,Lagoa da Confusão - TO,15288,26,26,170.0680,277.1258,32.6303,0.7968,30,30,196.2323,325.9031,34.8251,0.8614,10,14,2
1711951,171195,Lagoa do Tocantins - TO,3516,10,10,284.4141,346.8822,9.7635,1.0242,11,11,312.8555,384.5270,10.3757,1.0602,4,5,1
1712009,171200,Lajeado - TO,3357,6,6,178.7310,207.4527,10.3980,0.5770,8,8,238.3080,264.3836,11.0430,0.7244,3,1,2
1712157,171215,Lavandeira - TO,1626,2,2,123.0012,126.3264,5.6543,0.3537,2,2,123.0012,126.3264,5.9965,0.3335,0,1,1
1712405,171240,Lizarda - TO,2999,4,4,133.3778,113.3798,11.3986,0.3509,5,5,166.7222,139.6436,12.0811,0.4139,2,2,0
1712454,171245,Luzinópolis - TO,2717,3,3,110.4159,127.6736,8.5608,0.3504,3,3,110.4159,127.6736,9.0909,0.3300,3,0,0
1712504,171250,Marianópolis do Tocantins - TO,4615,16,16,346.6956,423.5577,13.4385,1.1906,16,16,346.6956,423.5577,14.2817,1.1203,5,8,3
1712702,171270,Mateiros - TO,2748,2,2,72.7802,84.4855,5.8355,0.3427,2,2,72.7802,84.4855,6.2280,0.3211,0,2,0
1712801,171280,Maurilândia do Tocantins - TO,3095,3,3,96.9305,111.5360,9.3800,0.3198,3,3,96.9305,111.5360,9.9623,0.3011,1,2,0
1713205,171320,Miracema do Tocantins - TO,18566,64,64,344.7161,345.0812,63.9673,1.0005,71,71,382.4195,382.4477,67.8754,1.0460,12,41,11
1713304,171330,Miranorte - TO,12701,69,69,543.2643,548.4031,43.7396,1.5775,75,75,590.5047,597.7281,46.4165,1.6158,14,45,10
1713601,171360,Monte do Carmo - TO,5694,15,15,263.4352,247.3346,21.2662,0.7053,17,17,298.5599,279.3450,22.5455,0.7540,1,13,1
1713700,171370,Monte Santo do Tocantins - TO,2396,6,6,250.4174,197.8191,9.7225,0.6171,7,7,292.1536,232.5681,10.2995,0.6796,0,6,0
1713809,171380,Palmeiras do Tocantins - TO,4872,8,8,164.2036,168.5855,16.3670,0.4888,8,8,164.2036,168.5855,17.3712,0.4605,5,3,0
1713957,171395,Muricilândia - TO,3367,6,6,178.2002,203.3220,10.8173,0.5547,7,7,207.9002,233.7857,11.4845,0.6095,0,3,3
1714203,171420,Natividade - TO,8754,23,23,262.7370,265.1896,31.2992,0.7348,28,28,319.8538,316.1784,33.2087,0.8432,2,19,2
1714302,171430,Nazaré - TO,4521,7,7,154.8330,142.0116,17.8000,0.3933,8,8,176.9520,157.4820,18.8659,0.4240,4,3,0
1714880,171488,Nova Olinda - TO,10367,55,55,530.5296,569.7561,33.6258,1.6357,59,59,569.1135,611.7757,35.6959,1.6529,18,33,4
1715002,171500,Nova Rosalândia - TO,3362,16,16,475.9072,439.5638,12.9917,1.2316,20,20,594.8840,544.8080,13.7714,1.4523,3,10,3
1715101,171510,Novo Acordo - TO,3969,5,5,125.9763,131.3044,12.6119,0.3964,9,9,226.7574,234.0614,13.3906,0.6721,1,4,0
1715150,171515,Novo Alegre - TO,1846,6,6,325.0271,261.8698,7.6090,0.7885,8,8,433.3694,363.0415,8.0602,0.9925,1,5,0
1715259,171525,Novo Jardim - TO,2230,2,2,89.6861,107.6377,6.6576,0.3004,3,3,134.5291,151.6960,7.0731,0.4241,0,2,0
1715507,171550,Oliveira de Fátima - TO,1164,2,2,171.8213,191.7438,3.5102,0.5698,2,2,171.8213,191.7438,3.7287,0.5364,1,1,0
1715705,171570,Palmeirante - TO,4798,16,16,333.4723,376.5194,15.7749,1.0143,16,16,333.4723,376.5194,16.7412,0.9557,7,6,3
1715754,171575,Palmeirópolis - TO,6975,31,31,444.4444,415.6614,25.9832,1.1931,33,33,473.1183,440.9033,27.5532,1.1977,6,24,1
1716109,171610,Paraíso do Tocantins - TO,52360,191,191,364.7823,448.8094,148.9674,1.2822,211,211,402.9794,494.2424,158.4213,1.3319,44,125,22
1716208,171620,Paranã - TO,10542,13,13,123.3163,122.0199,38.7649,0.3354,13,13,123.3163,122.0199,41.1065,0.3163,2,11,0
1716307,171630,Pau D'Arco - TO,4043,8,8,197.8729,218.4597,12.5279,0.6386,9,9,222.6070,245.3261,13.3064,0.6764,4,4,0
1716505,171650,Pedro Afonso - TO,14055,31,31,220.5621,283.7355,38.5963,0.8032,35,35,249.0217,320.1295,41.0605,0.8524,13,17,1
1716604,171660,Peixe - TO,9317,25,25,268.3267,241.9746,36.2048,0.6905,25,25,268.3267,241.9746,38.3728,0.6515,8,15,2
1716653,171665,Pequizeiro - TO,4921,11,11,223.5318,240.6786,16.4745,0.6677,16,16,325.1372,361.2779,17.4836,0.9151,5,5,1
1716703,171670,Colméia - TO,8941,25,25,279.6108,263.8052,32.5024,0.7692,32,32,357.9018,339.2045,34.4728,0.9283,6,16,3
1717008,171700,Pindorama do Tocantins - TO,4478,10,10,223.3140,217.6036,16.0154,0.6244,11,11,245.6454,239.5326,16.9818,0.6478,0,8,2
1717206,171720,Piraquê - TO,2282,1,1,43.8212,40.3997,7.7946,0.1283,1,1,43.8212,40.3997,8.2698,0.1209,1,0,0
1717503,171750,Pium - TO,7128,16,16,224.4669,253.0142,22.9846,0.6961,16,16,224.4669,253.0142,24.3999,0.6557,2,12,2
1717800,171780,Ponte Alta do Bom Jesus - TO,4220,12,12,284.3602,270.8438,17.2383,0.6961,12,12,284.3602,270.8438,18.2629,0.6571,4,8,0
1717909,171790,Ponte Alta do Tocantins - TO,7586,19,19,250.4614,268.4051,24.8152,0.7657,21,21,276.8257,293.8608,26.3390,0.7973,7,11,1
1718006,171800,Porto Alegre do Tocantins - TO,2866,3,3,104.6755,111.2198,8.9191,0.3364,4,4,139.5673,148.3707,9.4722,0.4223,1,1,1
1718204,171820,Porto Nacional - TO,64418,230,230,357.0431,436.9767,183.0754,1.2563,258,258,400.5092,486.5666,194.6936,1.3252,58,150,22
1718303,171830,Praia Norte - TO,9044,16,16,176.9129,255.9453,21.1969,0.7548,18,18,199.0270,284.7719,22.5796,0.7972,5,11,0
1718402,171840,Presidente Kennedy - TO,3047,9,9,295.3725,268.6806,11.6677,0.7714,11,11,361.0108,323.8198,12.3691,0.8893,3,6,0
1718451,171845,Pugmil - TO,2193,5,5,227.9982,250.9125,7.2164,0.6929,6,6,273.5978,301.1055,7.6587,0.7834,0,4,1
1718501,171850,Recursolândia - TO,3421,7,7,204.6185,236.6640,9.9817,0.7013,8,8,233.8498,273.6916,10.6052,0.7543,1,5,1
1718550,171855,Riachinho - TO,3960,12,12,303.0303,324.2473,13.2920,0.9028,12,12,303.0303,324.2473,14.1051,0.8508,1,10,1
1718659,171865,Rio da Conceição - TO,1768,4,4,226.2443,309.7036,4.6827,0.8542,4,4,226.2443,309.7036,4.9820,0.8029,0,3,1
1718709,171870,Rio dos Bois - TO,2738,10,10,365.2301,379.3168,9.0417,1.1060,12,12,438.2761,454.0462,9.5968,1.2504,2,7,1
1718758,171875,Rio Sono - TO,4841,5,5,103.2844,84.5198,19.7110,0.2537,6,6,123.9413,98.7254,20.8806,0.2873,1,2,2
1718808,171880,Sampaio - TO,4215,12,12,284.6975,373.8130,11.2357,1.0680,12,12,284.6975,373.8130,11.9489,1.0043,5,6,1
1718840,171884,Sandolândia - TO,3723,11,11,295.4607,289.7068,12.7347,0.8638,12,12,322.3207,313.7806,13.5094,0.8883,4,6,1
1718865,171886,Santa Fé do Araguaia - TO,7216,14,14,194.0133,242.8831,20.0479,0.6983,15,15,207.8714,259.8884,21.3187,0.7036,3,8,3
1718881,171888,Santa Maria do Tocantins - TO,2680,7,7,261.1940,266.3900,9.1094,0.7684,8,8,298.5075,300.5877,9.6663,0.8276,2,3,2
1718899,171889,Santa Rita do Tocantins - TO,2219,2,2,90.1307,97.8247,7.2459,0.2760,2,2,90.1307,97.8247,7.6922,0.2600,1,1,0
1718907,171890,Santa Rosa do Tocantins - TO,4653,8,8,171.9321,180.8204,15.6609,0.5108,8,8,171.9321,180.8204,16.6222,0.4813,2,6,0
1719004,171900,Santa Tereza do Tocantins - TO,2781,10,10,359.5829,386.7513,8.7937,1.1372,11,11,395.5412,428.4543,9.3368,1.1781,2,7,1
1720002,172000,Santa Terezinha do Tocantins - TO,2406,5,5,207.8138,205.4180,8.6430,0.5785,5,5,207.8138,205.4180,9.1660,0.5455,3,2,0
1720101,172010,São Bento do Tocantins - TO,5654,11,11,194.5525,233.5285,16.3559,0.6725,11,11,194.5525,233.5285,17.3823,0.6328,5,4,2
1720150,172015,São Félix do Tocantins - TO,1783,1,1,56.0852,99.7109,4.4944,0.2225,1,1,56.0852,99.7109,4.7833,0.2091,0,1,0
1720200,172020,São Miguel do Tocantins - TO,13241,17,17,128.3891,161.3029,36.0710,0.4713,20,20,151.0460,191.8996,38.3654,0.5213,8,9,0
1720259,172025,São Salvador do Tocantins - TO,2385,4,4,167.7149,161.7617,9.2665,0.4317,5,5,209.6436,200.7809,9.8220,0.5091,0,4,0
1720309,172030,São Sebastião do Tocantins - TO,4100,9,9,219.5122,285.9296,11.2121,0.8027,10,10,243.9024,318.7118,11.9211,0.8388,2,5,2
1720499,172049,São Valério - TO,4422,16,16,361.8272,318.0129,17.8268,0.8975,18,18,407.0556,358.6168,18.8885,0.9530,0,15,1
1720655,172065,Silvanópolis - TO,5108,25,25,489.4283,442.2113,18.4287,1.3566,28,28,548.1597,492.1208,19.5436,1.4327,4,17,4
1720804,172080,Sítio Novo do Tocantins - TO,10830,15,15,138.5042,158.5882,32.4765,0.4619,19,19,175.4386,198.2384,34.5094,0.5506,6,7,2
1720853,172085,Sucupira - TO,1577,2,2,126.8231,140.0256,5.7162,0.3499,3,3,190.2346,191.5405,6.0614,0.4949,0,2,0
1720903,172090,Taguatinga - TO,14011,36,36,256.9410,259.4970,49.3195,0.7299,37,37,264.0782,267.1540,52.3250,0.7071,4,28,4
1720937,172093,Taipas do Tocantins - TO,2021,3,3,148.4414,139.4241,7.1956,0.4169,3,3,148.4414,139.4241,7.6331,0.3930,0,1,2
1720978,172097,Talismã - TO,2456,2,2,81.4332,72.8657,8.8278,0.2266,2,2,81.4332,72.8657,9.3641,0.2136,1,1,0
1721000,172100,Palmas - TO,302692,722,722,238.5263,422.7916,639.3866,1.1292,796,796,262.9736,459.2207,682.9206,1.1656,209,458,55
1721109,172110,Tocantínia - TO,7459,15,15,201.0993,285.4647,17.3681,0.8637,17,17,227.9126,318.1018,18.4992,0.9190,5,9,1
1721208,172120,Tocantinópolis - TO,22615,60,60,265.3106,291.7037,69.1280,0.8680,65,65,287.4199,317.0152,73.4434,0.8850,23,31,6
1721257,172125,Tupirama - TO,1909,3,3,157.1503,203.7074,5.7777,0.5192,3,3,157.1503,203.7074,6.1384,0.4887,2,0,1
1721307,172130,Tupiratins - TO,1874,3,3,160.0854,138.6448,7.2819,0.4120,3,3,160.0854,138.6448,7.7163,0.3888,0,3,0
1722081,172208,Wanderlândia - TO,10522,16,16,152.0623,173.0449,32.7186,0.4890,19,19,180.5740,206.1657,34.7433,0.5469,3,13,0
1722107,172210,Xambioá - TO,10517,39,39,370.8282,426.0919,32.7572,1.1906,44,44,418.3703,472.4842,34.7984,1.2644,14,21,4
2100055,210005,Açailândia - MA,106550,346,345,324.7302,458.5099,270.4711,1.2756,375,374,351.9474,494.6194,287.9855,1.2987,136,192,18
2100105,210010,Afonso Cunha - MA,6144,5,5,81.3802,125.0992,15.0076,0.3332,5,5,81.3802,125.0992,15.9759,0.3130,2,1,2
2100154,210015,Água Doce do Maranhão - MA,12142,11,11,90.5946,98.6752,37.6121,0.2925,14,14,115.3023,124.9975,39.9535,0.3504,7,3,1
2100204,210020,Alcântara - MA,18467,19,19,102.8862,104.1675,63.3581,0.2999,23,23,124.5465,125.7333,67.2250,0.3421,4,12,3
2100303,210030,Aldeias Altas - MA,23286,41,41,176.0715,250.6680,58.0803,0.7059,43,43,184.6603,262.6341,61.8122,0.6957,16,25,0
2100402,210040,Altamira do Maranhão - MA,6447,16,16,248.1774,279.4405,20.2240,0.7911,17,17,263.6885,297.1389,21.4796,0.7914,6,10,0
2100436,210043,Alto Alegre do Maranhão - MA,24048,60,60,249.5010,325.6916,64.8772,0.9248,64,64,266.1344,347.8965,69.0105,0.9274,26,30,4
2100477,210047,Alto Alegre do Pindaré - MA,25710,63,63,245.0408,302.8304,70.8982,0.8886,65,65,252.8199,310.2279,75.3700,0.8624,25,37,1
2100501,210050,Alto Parnaíba - MA,11109,12,12,108.0205,134.4390,30.5347,0.3930,15,15,135.0257,165.2601,32.4758,0.4619,4,7,1
2100550,210055,Amapá do Maranhão - MA,7170,5,5,69.7350,111.0888,16.3806,0.3052,5,5,69.7350,111.0888,17.4583,0.2864,1,4,0
2100600,210060,Amarante do Maranhão - MA,37085,67,67,180.6660,265.0291,89.2907,0.7504,76,76,204.9346,298.0414,95.0689,0.7994,29,25,13
2100709,210070,Anajatuba - MA,25322,28,28,110.5758,114.2941,82.9164,0.3377,31,31,122.4232,128.2699,88.0430,0.3521,8,14,6
2100808,210080,Anapurus - MA,13793,21,21,152.2511,210.8454,35.7671,0.5871,23,23,166.7513,227.6071,38.0671,0.6042,5,16,0
2100832,210083,Apicum-Açu - MA,17519,11,11,62.7890,88.2050,43.0683,0.2554,17,17,97.0375,135.4982,45.8773,0.3706,5,5,1
2100873,210087,Araguanã - MA,11181,12,12,107.3249,128.4362,32.1496,0.3733,16,16,143.0999,169.0295,34.1696,0.4683,5,4,3
2100907,210090,Araioses - MA,39052,46,46,117.7917,125.8251,126.8839,0.3625,49,49,125.4737,133.7819,134.7211,0.3637,17,25,4
2100956,210095,Arame - MA,25517,46,46,180.2720,267.1993,60.2065,0.7640,52,52,203.7857,296.5749,64.1190,0.8110,23,21,2
2101004,210100,Arari - MA,29472,43,43,145.9012,160.7835,91.3235,0.4709,47,47,159.4734,175.9225,97.0154,0.4845,13,26,4
2101103,210110,Axixá - MA,11790,6,6,50.8906,57.2262,36.5081,0.1643,6,6,50.8906,57.2262,38.7793,0.1547,2,4,0
2101202,210120,Bacabal - MA,103711,309,309,297.9433,355.3291,302.6584,1.0210,324,324,312.4066,372.1592,321.7154,1.0071,114,169,26
2101251,210125,Bacabeira - MA,16966,17,17,100.2004,145.7847,41.5841,0.4088,19,19,111.9887,162.0515,44.2970,0.4289,4,12,1
2101301,210130,Bacuri - MA,16290,16,16,98.2198,104.8584,50.7230,0.3154,17,17,104.3585,110.7078,53.8814,0.3155,14,2,0
2101350,210135,Bacurituba - MA,5252,4,4,76.1615,61.4878,20.2419,0.1976,5,5,95.2018,73.7633,21.4593,0.2330,0,3,1
2101400,210140,Balsas - MA,101767,252,252,247.6245,402.0744,216.6933,1.1629,276,276,271.2078,437.7633,231.3424,1.1930,84,135,33
2101509,210150,Barão de Grajaú - MA,18984,26,26,136.9574,145.4186,60.8702,0.4271,27,27,142.2250,150.2970,64.6580,0.4176,5,18,3
2101608,210160,Barra do Corda - MA,84532,215,215,254.3416,295.8414,249.6034,0.8614,225,225,266.1714,309.7340,265.2462,0.8483,75,100,40
2101707,210170,Barreirinhas - MA,65589,85,85,129.5949,200.6751,145.5177,0.5841,89,89,135.6935,210.0978,155.1611,0.5736,35,41,9
2101731,210173,Belágua - MA,8460,4,4,47.2813,84.9413,15.4659,0.2586,4,4,47.2813,84.9413,16.5315,0.2420,2,2,0
2101772,210177,Bela Vista do Maranhão - MA,11750,27,27,229.7872,271.2763,32.4820,0.8312,28,28,238.2979,281.0542,34.5415,0.8106,9,16,2
2101806,210180,Benedito Leite - MA,5469,11,11,201.1337,203.1596,18.9101,0.5817,12,12,219.4185,223.1932,20.0663,0.5980,4,7,0
2101905,210190,Bequimão - MA,19584,30,30,153.1863,139.8672,74.8473,0.4008,37,37,188.9297,170.5435,79.3565,0.4663,11,15,4
2101939,210193,Bernardo do Mearim - MA,5840,10,10,171.2329,172.1752,19.6085,0.5100,11,11,188.3562,189.8407,20.8131,0.5285,3,7,0
2101970,210197,Boa Vista do Gurupi - MA,7574,8,8,105.6245,173.4394,17.3206,0.4619,8,8,105.6245,173.4394,18.4524,0.4335,1,5,2
2102002,210200,Bom Jardim - MA,33100,73,73,220.5438,271.9307,91.2921,0.7996,83,83,250.7553,309.5954,97.0558,0.8552,40,31,2
2102036,210203,Bom Jesus das Selvas - MA,28599,86,86,300.7098,474.1063,63.9758,1.3443,94,94,328.6828,514.8949,68.1878,1.3785,34,52,0
2102077,210207,Bom Lugar - MA,12212,14,14,114.6413,131.9782,37.1248,0.3771,16,16,131.0187,150.1619,39.4411,0.4057,8,6,0
2102101,210210,Brejo - MA,34120,58,58,169.9883,197.3907,100.2895,0.5783,61,61,178.7808,209.3594,106.5697,0.5724,24,23,11
2102150,210215,Brejo de Areia - MA,9218,15,15,162.7251,243.3284,21.9285,0.6840,18,18,195.2701,280.1203,23.3583,0.7706,5,8,2
2102200,210220,Buriti - MA,29685,29,29,97.6924,130.6739,76.3173,0.3800,29,29,97.6924,130.6739,81.2023,0.3571,15,9,5
2102309,210230,Buriti Bravo - MA,22455,46,46,204.8542,217.7134,72.8299,0.6316,50,50,222.6676,237.2199,77.3005,0.6468,21,20,5
2102325,210232,Buriticupu - MA,55499,123,123,221.6256,326.2009,132.0794,0.9313,137,137,246.8513,362.9811,140.6608,0.9740,52,62,9
2102358,210235,Buritirana - MA,12918,38,38,294.1632,314.0838,41.9201,0.9065,41,41,317.3866,336.9836,44.4941,0.9215,12,22,4
2102374,210237,Cachoeira Grande - MA,9732,10,10,102.7538,144.5323,23.4055,0.4272,10,10,102.7538,144.5323,24.9244,0.4012,4,4,2
2102408,210240,Cajapió - MA,10121,7,7,69.1631,80.1052,31.0985,0.2251,9,9,88.9240,103.3507,33.0353,0.2724,4,3,0
2102507,210250,Cajari - MA,16412,11,11,67.0241,82.5805,45.6770,0.2408,12,12,73.1172,89.8471,48.5576,0.2471,6,5,0
2102556,210255,Campestre do Maranhão - MA,12301,49,49,398.3416,514.0385,33.4972,1.4628,53,53,430.8593,559.2628,35.6324,1.4874,15,33,1
2102606,210260,Cândido Mendes - MA,19932,16,16,80.2729,105.5390,51.0709,0.3133,17,17,85.2900,110.6930,54.3614,0.3127,9,7,0
2102705,210270,Cantanhede - MA,24303,25,25,102.8680,142.9784,60.3058,0.4146,27,27,111.0974,154.7700,64.2122,0.4205,5,18,2
2102754,210275,Capinzal do Norte - MA,11374,24,24,211.0076,239.5965,35.4216,0.6776,26,26,228.5915,255.6332,37.6216,0.6911,9,15,0
2102804,210280,Carolina - MA,24062,51,51,211.9525,213.7269,83.0719,0.6139,57,57,236.8880,240.4434,88.1455,0.6467,16,29,6
2102903,210290,Carutapera - MA,24238,38,38,156.7786,228.0364,59.5884,0.6377,43,43,177.4074,252.8905,63.4640,0.6775,14,23,1
2103000,210300,Caxias - MA,156973,460,460,293.0440,323.4097,490.9066,0.9370,468,468,298.1404,328.7310,521.4030,0.8976,178,260,22
2103109,210310,Cedral - MA,10208,12,12,117.5549,114.3589,35.5541,0.3375,13,13,127.3511,122.2841,37.7270,0.3446,4,6,2
2103125,210312,Central do Maranhão - MA,7094,7,7,98.6749,114.7195,21.4468,0.3264,7,7,98.6749,114.7195,22.7829,0.3072,2,4,1
2103158,210315,Centro do Guilherme - MA,12342,10,10,81.0241,156.5727,24.9866,0.4002,12,12,97.2290,183.6076,26.6717,0.4499,5,5,0
2103174,210317,Centro Novo do Maranhão - MA,16267,20,20,122.9483,212.5112,33.7731,0.5922,25,25,153.6854,260.2498,36.0406,0.6937,5,14,1
2103208,210320,Chapadinha - MA,81386,183,183,224.8544,283.5438,222.8950,0.8210,196,196,240.8277,304.4360,237.0630,0.8268,79,95,9
2103257,210325,Cidelândia - MA,12878,17,17,132.0081,153.1658,38.7143,0.4391,18,18,139.7733,162.2092,41.1287,0.4377,6,10,1
2103307,210330,Codó - MA,114275,293,293,256.3990,286.8012,353.6169,0.8286,321,321,280.9013,313.1051,375.5755,0.8547,138,139,16
2103406,210340,Coelho Neto - MA,41658,111,111,266.4554,300.1275,127.0709,0.8735,127,127,304.8634,343.6244,134.9688,0.9410,37,64,10
2103505,210350,Colinas - MA,40316,78,78,193.4716,238.4462,112.5304,0.6931,81,81,200.9128,247.3230,119.6644,0.6769,47,24,7
2103554,210355,Conceição do Lago-Açu - MA,14915,14,14,93.8652,150.7282,34.3408,0.4077,16,16,107.2746,172.8484,36.5884,0.4373,8,5,1
2103604,210360,Coroatá - MA,59566,156,156,261.8944,296.8146,181.1468,0.8612,171,171,287.0765,324.7280,192.4267,0.8886,69,75,12
2103703,210370,Cururupu - MA,31558,40,40,126.7507,127.6988,110.4801,0.3621,44,44,139.4258,140.8251,117.2189,0.3754,15,23,2
2103752,210375,Davinópolis - MA,14404,41,41,284.6432,357.0991,39.2554,1.0444,41,41,284.6432,357.0991,41.7649,0.9817,15,22,4
2103802,210380,Dom Pedro - MA,23053,50,50,216.8915,236.0708,72.8932,0.6859,55,55,238.5807,259.0466,77.4148,0.7105,19,28,3
2103901,210390,Duque Bacelar - MA,10223,24,24,234.7647,306.2493,27.5152,0.8722,27,27,264.1103,344.2020,29.2652,0.9226,11,9,4
2104008,210400,Esperantinópolis - MA,18311,35,35,191.1419,196.3576,60.8448,0.5752,37,37,202.0643,207.9030,64.5900,0.5728,18,16,1
2104057,210405,Estreito - MA,33294,96,96,288.3402,377.4437,88.2444,1.0879,100,100,300.3544,392.3840,93.9064,1.0649,30,58,8
2104073,210407,Feira Nova do Maranhão - MA,8048,15,15,186.3817,220.1626,24.6127,0.6094,16,16,198.8072,233.4490,26.1426,0.6120,5,10,0
2104081,210408,Fernando Falcão - MA,10873,9,9,82.7738,123.7236,22.3205,0.4032,11,11,101.1680,154.6114,23.8218,0.4618,2,5,2
2104099,210409,Formosa da Serra Negra - MA,17719,15,15,84.6549,111.6293,47.1876,0.3179,15,15,84.6549,111.6293,50.2022,0.2988,6,9,0
2104107,210410,Fortaleza dos Nogueiras - MA,12640,27,27,213.6076,274.7402,34.0135,0.7938,31,31,245.2532,314.6439,36.1908,0.8566,7,19,1
2104206,210420,Fortuna - MA,16976,22,22,129.5947,143.9371,53.9670,0.4077,27,27,159.0481,176.6864,57.2895,0.4713,8,13,1
2104305,210430,Godofredo Viana - MA,10186,11,11,107.9914,173.2632,23.3849,0.4704,12,12,117.8088,181.9590,24.9382,0.4812,3,6,2
2104404,210440,Gonçalves Dias - MA,17206,40,40,232.4770,243.9873,56.1530,0.7123,43,43,249.9128,262.1676,59.6016,0.7215,14,24,2
2104503,210450,Governador Archer - MA,10231,19,19,185.7101,206.1853,32.5023,0.5846,20,20,195.4843,215.9632,34.5182,0.5794,4,14,1
2104552,210455,Governador Edison Lobão - MA,18411,56,56,304.1660,399.6159,48.8831,1.1456,62,62,336.7552,438.7659,52.0113,1.1920,15,38,3
2104602,210460,Governador Eugênio Barros - MA,13930,23,23,165.1113,165.8593,46.2719,0.4971,25,25,179.4688,182.0827,49.1098,0.5091,5,17,1
2104628,210462,Governador Luiz Rocha - MA,7063,12,12,169.8995,191.2497,21.4483,0.5595,13,13,184.0578,208.1936,22.7816,0.5706,2,8,2
2104651,210465,Governador Newton Bello - MA,10713,15,15,140.0168,220.3785,24.6368,0.6088,17,17,158.6857,240.2251,26.2605,0.6474,7,6,2
2104677,210467,Governador Nunes Freire - MA,23128,34,34,147.0080,216.1386,55.3207,0.6146,35,35,151.3317,222.4949,58.9280,0.5939,13,17,4
2104701,210470,Graça Aranha - MA,6023,14,14,232.4423,201.1010,22.2369,0.6296,14,14,232.4423,201.1010,23.5811,0.5937,5,8,1
2104800,210480,Grajaú - MA,73872,166,166,224.7130,328.6384,176.1847,0.9422,191,191,258.5553,376.1018,187.6971,1.0176,67,82,17
2104909,210490,Guimarães - MA,10290,14,14,136.0544,110.9066,41.4198,0.3380,15,15,145.7726,117.2334,43.8971,0.3417,7,5,2
2105005,210500,Humberto de Campos - MA,25680,16,16,62.3053,86.2884,64.2290,0.2491,18,18,70.0935,95.9776,68.3586,0.2633,8,6,2
2105104,210510,Icatu - MA,24794,23,23,92.7644,121.7549,68.2596,0.3369,26,26,104.8641,133.5401,72.5890,0.3582,10,13,0
2105153,210515,Igarapé do Meio - MA,13974,26,26,186.0598,251.4683,34.8465,0.7461,26,26,186.0598,251.4683,37.0951,0.7009,7,19,0
2105203,210520,Igarapé Grande - MA,10231,31,31,303.0007,298.3597,35.4515,0.8744,32,32,312.7749,309.4214,37.6183,0.8506,16,13,2
2105302,210530,Imperatriz - MA,273110,1095,1095,400.9374,526.3558,733.6375,1.4926,1157,1157,423.6388,553.7375,780.8334,1.4818,449,600,46
2105351,210535,Itaipava do Grajaú - MA,13828,16,16,115.7073,166.6515,33.2549,0.4811,17,17,122.9390,174.4421,35.4131,0.4800,8,8,0
2105401,210540,Itapecuru Mirim - MA,60440,120,120,198.5440,256.0803,161.1634,0.7446,129,129,213.4348,273.4778,171.4779,0.7523,28,84,8
2105427,210542,Itinga do Maranhão - MA,22513,51,51,226.5358,289.3559,62.5800,0.8150,57,57,253.1870,320.2289,66.5551,0.8564,28,20,3
2105450,210545,Jatobá - MA,7471,9,9,120.4658,155.7202,20.4703,0.4397,9,9,120.4658,155.7202,21.7694,0.4134,5,2,2
2105476,210547,Jenipapo dos Vieiras - MA,17076,38,38,222.5346,350.2806,35.8846,1.0589,39,39,228.3907,361.8663,38.2766,1.0189,22,14,2
2105500,210550,João Lisboa - MA,24709,89,89,360.1926,429.1543,71.2264,1.2495,96,96,388.5224,462.6824,75.7163,1.2679,29,59,1
2105609,210560,Joselândia - MA,14924,28,28,187.6173,214.5561,45.1491,0.6202,29,29,194.3179,222.0105,47.9635,0.6046,15,11,2
2105658,210565,Junco do Maranhão - MA,5146,3,3,58.2977,75.4081,14.0723,0.2132,4,4,77.7303,100.7866,14.9630,0.2673,2,1,0
2105708,210570,Lago da Pedra - MA,44403,103,103,231.9663,276.4149,129.9752,0.7925,105,105,236.4705,281.8686,138.1424,0.7601,53,47,3
2105807,210580,Lago do Junco - MA,9506,12,12,126.2361,143.5403,29.2418,0.4104,12,12,126.2361,143.5403,31.0583,0.3864,5,6,1
2105906,210590,Lago Verde - MA,14769,35,35,236.9829,304.5028,39.7785,0.8799,36,36,243.7538,312.4130,42.3023,0.8510,8,25,2
2105922,210592,Lagoa do Mato - MA,10572,19,19,179.7200,206.7794,32.3573,0.5872,19,19,179.7200,206.7794,34.3749,0.5527,3,14,2
2105948,210594,Lago dos Rodrigues - MA,8758,22,22,251.1989,257.9447,29.9648,0.7342,25,25,285.4533,293.1370,31.7985,0.7862,10,12,0
2105963,210596,Lagoa Grande do Maranhão - MA,11411,11,11,96.3982,137.3530,27.6923,0.3972,12,12,105.1617,146.5772,29.4891,0.4069,3,7,1
2105989,210598,Lajeado Novo - MA,7057,16,16,226.7252,230.8138,22.6221,0.7073,17,17,240.8956,245.6371,24.0206,0.7077,9,7,0
2106003,210600,Lima Campos - MA,11297,36,36,318.6687,325.5748,38.4886,0.9353,39,39,345.2244,349.9478,40.8470,0.9548,14,17,5
2106102,210610,Loreto - MA,11597,9,9,77.6063,88.9444,35.0152,0.2570,10,10,86.2292,99.2092,37.2013,0.2688,6,3,0
2106201,210620,Luís Domingues - MA,7161,9,9,125.6808,175.3860,18.9483,0.4750,12,12,167.5744,227.3438,20.1670,0.5950,3,6,0
2106300,210630,Magalhães de Almeida - MA,13807,24,24,173.8249,195.0363,43.3941,0.5531,28,28,202.7957,224.9096,46.0821,0.6076,7,17,0
2106326,210632,Maracaçumé - MA,21149,20,20,94.5671,142.2498,48.3118,0.4140,21,21,99.2955,145.2008,51.4901,0.4078,9,11,0
2106359,210635,Marajá do Sena - MA,7027,10,10,142.3082,295.6402,13.3812,0.7473,10,10,142.3082,295.6402,14.2933,0.6996,4,5,1
2106375,210637,Maranhãozinho - MA,13761,17,17,123.5375,193.8933,30.4788,0.5578,20,20,145.3383,222.9599,32.4938,0.6155,7,9,1
2106409,210640,Mata Roma - MA,17090,30,30,175.5413,239.7848,46.0595,0.6513,31,31,181.3926,246.2753,48.9937,0.6327,13,17,0
2106508,210650,Matinha - MA,22034,23,23,104.3841,120.4924,67.3881,0.3413,28,28,127.0763,145.0256,71.5809,0.3912,8,11,4
2106607,210660,Matões - MA,32174,41,41,127.4321,152.7908,95.1345,0.4310,42,42,130.5402,156.1860,101.0656,0.4156,13,27,1
2106631,210663,Matões do Norte - MA,17432,9,9,51.6292,104.8217,34.8743,0.2581,11,11,63.1023,117.0471,37.2389,0.2954,1,8,0
2106672,210667,Milagres do Maranhão - MA,8818,2,2,22.6809,26.5260,24.2134,0.0826,2,2,22.6809,26.5260,25.7434,0.0777,1,1,0
2106706,210670,Mirador - MA,21030,22,22,104.6125,123.0742,61.3553,0.3586,24,24,114.1227,132.8550,65.2041,0.3681,13,9,0
2106755,210675,Miranda do Norte - MA,23864,51,51,213.7110,287.1164,58.1894,0.8764,55,55,230.4727,310.2224,61.9972,0.8871,15,34,2
2106805,210680,Mirinzal - MA,13978,17,17,121.6197,131.8614,44.1101,0.3854,21,21,150.2361,163.7461,46.8457,0.4483,8,8,1
2106904,210690,Monção - MA,27751,44,44,158.5528,211.1910,72.3224,0.6084,51,51,183.7772,244.5103,76.9344,0.6629,16,25,3
2107001,210700,Montes Altos - MA,9106,18,18,197.6719,221.8293,28.5990,0.6294,23,23,252.5807,282.1671,30.3664,0.7574,6,10,2
2107100,210710,Morros - MA,18554,14,14,75.4554,102.8459,46.4334,0.3015,20,20,107.7935,150.1848,49.4273,0.4046,6,8,0
2107209,210720,Nina Rodrigues - MA,14176,23,23,162.2460,300.3570,29.7463,0.7732,24,24,169.3002,312.5293,31.7476,0.7560,5,16,2
2107258,210725,Nova Colinas - MA,5021,6,6,119.4981,133.2357,14.8780,0.4033,6,6,119.4981,133.2357,15.8081,0.3796,1,5,0
2107308,210730,Nova Iorque - MA,4320,13,13,300.9259,281.5924,16.5978,0.7832,13,13,300.9259,281.5924,17.5947,0.7389,0,11,2
2107357,210735,Nova Olinda do Maranhão - MA,14314,19,19,132.7372,154.9102,41.4519,0.4584,19,19,132.7372,154.9102,44.0530,0.4313,5,14,0
2107407,210740,Olho d'Água das Cunhãs - MA,17919,38,38,212.0654,228.6849,57.2772,0.6634,39,39,217.6461,235.0955,60.8217,0.6412,13,21,4
2107456,210745,Olinda Nova do Maranhão - MA,13577,18,18,132.5772,158.5668,38.9961,0.4616,20,20,147.3079,176.6354,41.4549,0.4825,7,8,3
2107506,210750,Paço do Lumiar - MA,145643,241,241,165.4731,245.2595,343.0065,0.7026,272,272,186.7580,277.1486,365.7338,0.7437,68,158,15
2107605,210760,Palmeirândia - MA,21059,24,24,113.9655,135.6053,61.3186,0.3914,29,29,137.7083,163.9639,65.1834,0.4449,5,16,3
2107704,210770,Paraibano - MA,18274,47,47,257.1960,257.3798,62.0413,0.7576,53,53,290.0296,290.0985,65.8426,0.8050,17,29,1
2107803,210780,Parnarama - MA,31250,50,50,160.0000,183.0541,96.2722,0.5194,53,53,169.6000,193.5577,102.2383,0.5184,11,36,3
2107902,210790,Passagem Franca - MA,17220,38,38,220.6736,237.7810,54.9382,0.6917,44,44,255.5168,273.7574,58.3303,0.7543,15,20,3
2108009,210800,Pastos Bons - MA,18802,36,36,191.4690,220.2013,57.0262,0.6313,40,40,212.7433,240.9681,60.5877,0.6602,8,21,7
2108058,210805,Paulino Neves - MA,17056,12,12,70.3565,105.4144,42.8312,0.2802,12,12,70.3565,105.4144,45.5961,0.2632,4,5,3
2108108,210810,Paulo Ramos - MA,20341,47,47,231.0604,287.2960,56.9808,0.8248,47,47,231.0604,287.2960,60.5797,0.7758,22,24,1
2108207,210820,Pedreiras - MA,37050,131,131,353.5762,350.6000,127.3733,1.0285,134,134,361.6734,358.9027,135.1706,0.9913,70,53,8
2108256,210825,Pedro do Rosário - MA,24320,12,12,49.3421,67.3853,62.5996,0.1917,14,14,57.5658,79.8020,66.6096,0.2102,4,7,1
2108306,210830,Penalva - MA,32511,26,26,79.9729,99.5815,91.4775,0.2842,27,27,83.0488,103.1966,97.2392,0.2777,14,9,3
2108405,210840,Peri Mirim - MA,11108,12,12,108.0302,103.5420,39.8036,0.3015,13,13,117.0328,110.7353,42.2248,0.3079,6,4,2
2108454,210845,Peritoró - MA,20479,36,36,175.7898,211.6770,58.6933,0.6134,38,38,185.5559,224.2701,62.3738,0.6092,14,18,4
2108504,210850,Pindaré-Mirim - MA,31429,53,53,168.6341,204.2340,90.1544,0.5879,61,61,194.0883,234.9384,95.8276,0.6366,17,32,4
2108603,210860,Pinheiro - MA,84621,133,133,157.1714,184.3169,249.8803,0.5323,147,147,173.7157,203.9088,265.6085,0.5534,51,65,17
2108702,210870,Pio XII - MA,21886,39,39,178.1961,214.8713,62.6845,0.6222,40,40,182.7652,220.3042,66.6273,0.6004,13,25,1
2108801,210880,Pirapemas - MA,17714,16,16,90.3240,118.0150,46.2069,0.3463,20,20,112.9050,146.3525,49.1907,0.4066,2,13,1
2108900,210890,Poção de Pedras - MA,17161,40,40,233.0866,218.4571,62.5092,0.6399,43,43,250.5681,235.6833,66.2900,0.6487,14,24,2
2109007,210900,Porto Franco - MA,23903,74,74,309.5846,392.7701,67.9356,1.0893,78,78,326.3189,411.4394,72.2468,1.0796,22,51,1
2109056,210905,Porto Rico do Maranhão - MA,5954,12,12,201.5452,178.2932,22.5843,0.5313,12,12,201.5452,178.2932,23.9422,0.5012,2,10,0
2109106,210910,Presidente Dutra - MA,45155,103,103,228.1032,270.1674,132.2991,0.7785,109,109,241.3908,286.0220,140.6416,0.7750,39,60,4
2109205,210920,Presidente Juscelino - MA,11356,4,4,35.2237,51.3875,27.1165,0.1475,4,4,35.2237,51.3875,28.8826,0.1385,0,3,1
2109239,210923,Presidente Médici - MA,4696,3,3,63.8842,66.1199,14.3790,0.2086,4,4,85.1789,94.3219,15.2738,0.2619,0,2,1
2109270,210927,Presidente Sarney - MA,17511,14,14,79.9497,102.7598,47.8239,0.2927,15,15,85.6604,109.9907,50.8481,0.2950,8,3,3
2109304,210930,Presidente Vargas - MA,10549,12,12,113.7549,167.8500,25.0690,0.4787,12,12,113.7549,167.8500,26.7038,0.4494,1,10,1
2109403,210940,Primeira Cruz - MA,13614,3,3,22.0361,30.7036,33.5177,0.0895,4,4,29.3815,41.6905,35.6800,0.1121,0,2,1
2109452,210945,Raposa - MA,30839,64,64,207.5294,345.0946,66.2034,0.9667,70,70,226.9853,376.6094,70.6555,0.9907,16,41,7
2109502,210950,Riachão - MA,22145,43,43,194.1748,209.6741,71.0970,0.6048,46,46,207.7218,224.5192,75.4869,0.6094,16,22,5
2109551,210955,Ribamar Fiquene - MA,7420,17,17,229.1105,254.7917,22.6296,0.7512,18,18,242.5876,270.5867,24.0347,0.7489,5,11,1
2109601,210960,Rosário - MA,38475,33,33,85.7700,105.9849,106.8518,0.3088,37,37,96.1663,118.5141,113.6511,0.3256,8,21,4
2109700,210970,Sambaíba - MA,5568,8,8,143.6782,141.2684,18.2562,0.4382,9,9,161.6379,164.3418,19.3796,0.4644,4,4,0
2109759,210975,Santa Filomena do Maranhão - MA,6697,5,5,74.6603,101.9398,18.0440,0.2771,6,6,89.5924,121.3011,19.1944,0.3126,3,2,0
2109809,210980,Santa Helena - MA,41561,44,44,105.8685,139.0402,112.5979,0.3908,48,48,115.4929,151.3412,119.7699,0.4008,20,23,1
2109908,210990,Santa Inês - MA,85014,256,256,301.1269,369.0875,243.1884,1.0527,263,263,309.3608,377.7177,258.5583,1.0172,86,160,10
2110005,211000,Santa Luzia - MA,57635,107,107,185.6511,229.4797,161.1413,0.6640,127,127,220.3522,272.8948,171.2913,0.7414,32,67,8
2110039,211003,Santa Luzia do Paruá - MA,24307,42,42,172.7897,212.3810,67.6785,0.6206,49,49,201.5880,247.3685,71.9861,0.6807,14,27,1
2110104,211010,Santa Quitéria do Maranhão - MA,23957,23,23,96.0053,114.7454,68.8665,0.3340,25,25,104.3536,124.4472,73.1955,0.3416,14,9,0
2110203,211020,Santa Rita - MA,37035,39,39,105.3058,145.9675,94.7955,0.4114,42,42,113.4062,157.1974,100.9299,0.4161,10,24,5
2110237,211023,Santana do Maranhão - MA,10567,7,7,66.2440,71.7341,32.0018,0.2187,7,7,66.2440,71.7341,33.9947,0.2059,3,4,0
2110278,211027,Santo Amaro do Maranhão - MA,13949,11,11,78.8587,112.8928,32.8489,0.3349,12,12,86.0277,123.6999,34.9952,0.3429,2,8,1
2110302,211030,Santo Antônio dos Lopes - MA,14304,35,35,244.6868,280.5757,43.3890,0.8067,37,37,258.6689,295.5120,46.1010,0.8026,10,23,2
2110401,211040,São Benedito do Rio Preto - MA,18364,24,24,130.6905,175.8782,46.5633,0.5154,28,28,152.4722,204.9273,49.5512,0.5651,8,16,0
2110500,211050,São Bento - MA,46395,45,45,96.9932,114.3033,132.9250,0.3385,49,49,105.6148,124.9790,141.3061,0.3468,7,33,5
2110609,211060,São Bernardo - MA,26943,34,34,126.1923,142.6719,81.9120,0.4151,39,39,144.7500,164.5764,87.0266,0.4481,13,18,3
2110658,211065,São Domingos do Azeitão - MA,7992,7,7,87.5876,115.0925,21.4929,0.3257,7,7,87.5876,115.0925,22.8636,0.3062,5,2,0
2110708,211070,São Domingos do Maranhão - MA,34034,59,59,173.3561,199.0484,101.2580,0.5827,66,66,193.9237,223.6990,107.5912,0.6134,22,32,5
2110807,211080,São Félix de Balsas - MA,4402,8,8,181.7356,176.1863,15.5336,0.5150,8,8,181.7356,176.1863,16.4782,0.4855,4,4,0
2110856,211085,São Francisco do Brejão - MA,9051,9,9,99.4365,123.8133,25.9504,0.3468,10,10,110.4850,137.0220,27.5838,0.3625,4,4,1
2110906,211090,São Francisco do Maranhão - MA,12064,32,32,265.2520,249.5347,42.8793,0.7463,32,32,265.2520,249.5347,45.4890,0.7035,10,22,0
2111003,211100,São João Batista - MA,18544,20,20,107.8516,106.2010,61.8186,0.3235,20,20,107.8516,106.2010,65.6220,0.3048,9,10,1
2111029,211102,São João do Carú - MA,12251,11,11,89.7886,135.3746,28.8143,0.3818,13,13,106.1138,156.8557,30.6850,0.4237,9,2,0
2111052,211105,São João do Paraíso - MA,9904,22,22,222.1325,241.2929,31.8254,0.6913,23,23,232.2294,251.8559,33.7929,0.6806,4,16,2
2111078,211107,São João do Soter - MA,16889,36,36,213.1565,238.9697,51.0447,0.7053,36,36,213.1565,238.9697,54.2021,0.6642,8,23,5
2111102,211110,São João dos Patos - MA,25020,54,54,215.8273,213.3760,88.7690,0.6083,56,56,223.8209,221.5737,94.1759,0.5946,22,27,5
2111201,211120,São José de Ribamar - MA,244579,305,305,124.7041,204.4912,543.9460,0.5607,359,359,146.7828,236.9668,580.5603,0.6184,87,200,18
2111250,211125,São José dos Basílios - MA,6957,23,23,330.6023,351.1106,22.8264,1.0076,23,23,330.6023,351.1106,24.2295,0.9493,6,15,2
2111300,211130,São Luís - MA,1037775,2429,2427,234.0584,278.3834,3041.2400,0.7980,2731,2729,263.1592,312.3765,3234.0472,0.8438,885,1375,169
2111409,211140,São Luís Gonzaga do Maranhão - MA,17818,47,47,263.7782,293.2214,55.1019,0.8530,49,49,275.0028,305.4496,58.5182,0.8373,19,23,5
2111508,211150,São Mateus do Maranhão - MA,38829,94,94,242.0871,275.0064,117.8689,0.7975,96,96,247.2379,280.4953,125.2164,0.7667,35,56,3
2111532,211153,São Pedro da Água Branca - MA,14338,21,21,146.4639,188.4376,38.5208,0.5452,22,22,153.4384,197.6718,40.9775,0.5369,8,13,0
2111573,211157,São Pedro dos Crentes - MA,5783,6,6,103.7524,150.9513,14.3938,0.4168,7,7,121.0444,166.0955,15.3368,0.4564,3,3,0
2111607,211160,São Raimundo das Mangabeiras - MA,18672,49,49,262.4250,289.3677,56.7892,0.8628,49,49,262.4250,289.3677,60.3388,0.8121,24,22,3
2111631,211163,São Raimundo do Doca Bezerra - MA,5650,7,7,123.8938,150.0562,15.0800,0.4642,7,7,123.8938,150.0562,16.0430,0.4363,2,4,1
2111672,211167,São Roberto - MA,4544,7,7,154.0493,208.9545,12.0147,0.5826,8,8,176.0563,226.4295,12.7830,0.6258,5,2,0
2111706,211170,São Vicente Ferrer - MA,19498,15,15,76.9310,79.7444,63.3493,0.2368,18,18,92.3172,96.4781,67.2684,0.2676,2,10,3
2111722,211172,Satubinha - MA,8784,6,6,68.3060,88.3134,22.8610,0.2625,8,8,91.0747,115.2996,24.3292,0.3288,2,4,0
2111748,211174,Senador Alexandre Costa - MA,10207,14,14,137.1608,164.9948,30.0694,0.4656,14,14,137.1608,164.9948,31.9524,0.4382,4,10,0
2111763,211176,Senador La Rocque - MA,14700,32,32,217.6871,230.4550,48.1950,0.6640,32,32,217.6871,230.4550,51.1562,0.6255,15,15,2
2111789,211178,Serrano do Maranhão - MA,10202,5,5,49.0100,59.8466,29.5745,0.1691,6,6,58.8120,70.7104,31.4253,0.1909,4,1,0
2111805,211180,Sítio Novo - MA,17074,33,33,193.2763,226.9675,50.5211,0.6532,38,38,222.5606,260.4972,53.6828,0.7079,13,16,4
2111904,211190,Sucupira do Norte - MA,10238,14,14,136.7455,149.1935,33.5801,0.4169,14,14,136.7455,149.1935,35.6457,0.3928,6,5,3
2111953,211195,Sucupira do Riachão - MA,4985,7,7,140.4213,129.8424,18.3084,0.3823,8,8,160.4814,146.3164,19.4137,0.4121,3,3,1
2112001,211200,Tasso Fragoso - MA,8862,14,14,157.9779,212.9514,22.1247,0.6328,16,16,180.5462,240.5561,23.5551,0.6793,6,7,1
2112100,211210,Timbiras - MA,26484,35,35,132.1553,165.4250,73.8941,0.4737,37,37,139.7070,174.8394,78.5531,0.4710,22,9,4
2112209,211220,Timon - MA,174465,460,460,263.6632,345.4131,467.6384,0.9837,497,497,284.8709,372.3902,497.6826,0.9986,183,227,50
2112233,211223,Trizidela do Vale - MA,22484,77,77,342.4658,394.6491,68.1462,1.1299,82,82,364.7038,418.7433,72.4176,1.1323,39,35,3
2112274,211227,Tufilândia - MA,5507,16,16,290.5393,330.5172,16.3203,0.9804,17,17,308.6980,351.3989,17.3355,0.9806,9,6,1
2112308,211230,Tuntum - MA,36251,44,44,121.3760,130.4780,115.2924,0.3816,47,47,129.6516,138.1946,122.4265,0.3839,15,20,9
2112407,211240,Turiaçu - MA,37491,12,12,32.0077,43.3328,90.1277,0.1331,16,16,42.6769,56.1463,95.9894,0.1667,6,4,2
2112456,211245,Turilândia - MA,31638,13,13,41.0898,73.7233,64.9124,0.2003,17,17,53.7329,94.0787,69.2959,0.2453,5,7,1
2112506,211250,Tutóia - MA,53356,78,78,146.1879,192.0406,136.8192,0.5701,81,81,151.8105,199.9549,145.6391,0.5562,25,48,5
2112605,211260,Urbano Santos - MA,32812,45,45,137.1449,222.5052,71.6392,0.6281,54,54,164.5739,268.6940,76.3971,0.7068,14,29,2
2112704,211270,Vargem Grande - MA,43261,77,77,177.9894,237.3742,111.5081,0.6905,81,81,187.2356,250.1541,118.6612,0.6826,26,48,3
2112803,211280,Viana - MA,51442,66,66,128.2998,152.4581,147.7210,0.4468,75,75,145.7953,173.4215,157.0264,0.4776,17,40,9
2112852,211285,Vila Nova dos Martírios - MA,10362,19,19,183.3623,231.2510,28.2983,0.6714,22,22,212.3142,266.9791,30.0934,0.7311,7,11,1
2112902,211290,Vitória do Mearim - MA,30805,38,38,123.3566,142.0977,92.9155,0.4090,42,42,136.3415,158.1362,98.7157,0.4255,8,27,3
2113009,211300,Vitorino Freire - MA,30845,95,95,307.9916,329.5059,100.1146,0.9489,98,98,317.7176,340.2086,106.2882,0.9220,42,47,6
2114007,211400,Zé Doca - MA,40801,105,105,257.3466,298.9878,121.0049,0.8677,111,111,272.0522,315.1555,128.5863,0.8632,47,52,6
2200053,220005,Acauã - PI,6420,2,2,31.1526,27.7019,21.7841,0.0918,3,3,46.7290,45.3350,23.1218,0.1297,0,2,0
2200103,220010,Agricolândia - PI,4940,12,12,242.9150,220.9275,21.5185,0.5577,14,14,283.4008,263.8083,22.7936,0.6142,2,9,1
2200202,220020,Água Branca - PI,17573,84,84,478.0060,456.5968,62.4043,1.3461,87,87,495.0777,474.0434,66.2080,1.3140,51,28,5
2200251,220025,Alagoinha do Piauí - PI,6819,12,12,175.9789,152.0210,26.0674,0.4603,16,16,234.6385,208.3400,27.6410,0.5788,4,8,0
2200277,220027,Alegrete do Piauí - PI,4634,8,8,172.6370,162.5636,17.0816,0.4683,10,10,215.7963,200.5651,18.1180,0.5519,3,5,0
2200301,220030,Alto Longá - PI,13479,13,13,96.4463,78.0298,55.1727,0.2356,15,15,111.2842,90.2181,58.4651,0.2566,6,7,0
2200400,220040,Altos - PI,47453,112,112,236.0230,249.5369,154.2334,0.7262,122,122,257.0965,271.2110,163.8145,0.7447,33,67,12
2200459,220045,Alvorada do Gurguéia - PI,5322,12,12,225.4791,247.2331,16.6380,0.7212,14,14,263.0590,286.7124,17.6672,0.7924,4,6,2
2200509,220050,Amarante - PI,17234,46,46,266.9142,226.2021,66.9871,0.6867,48,48,278.5192,238.5560,71.0010,0.6760,13,29,4
2200608,220060,Angical do Piauí - PI,6827,13,13,190.4204,148.8088,29.8448,0.4356,13,13,190.4204,148.8088,31.6114,0.4112,6,6,1
2200707,220070,Anísio de Abreu - PI,9407,17,17,180.7165,196.4819,31.6224,0.5376,17,17,180.7165,196.4819,33.5675,0.5064,2,13,2
2200806,220080,Antônio Almeida - PI,3152,17,17,539.3401,501.6130,11.6929,1.4539,18,18,571.0660,539.1359,12.4002,1.4516,3,12,2
2200905,220090,Aroazes - PI,5369,16,16,298.0071,231.7563,24.2079,0.6609,16,16,298.0071,231.7563,25.6299,0.6243,6,8,2
2200954,220095,Aroeiras do Itaim - PI,2690,4,4,148.6989,95.1025,12.2900,0.3255,4,4,148.6989,95.1025,13.0158,0.3073,1,1,2
2201002,220100,Arraial - PI,4520,2,2,44.2478,32.5815,17.6712,0.1132,2,2,44.2478,32.5815,18.7324,0.1068,1,1,0
2201051,220105,Assunção do Piauí - PI,7452,11,11,147.6114,163.5892,24.0050,0.4582,11,11,147.6114,163.5892,25.4802,0.4317,2,8,1
2201101,220110,Avelino Lopes - PI,10866,32,32,294.4966,275.9092,40.0783,0.7984,36,36,331.3087,311.1913,42.4984,0.8471,15,12,5
2201150,220115,Baixa Grande do Ribeiro - PI,13272,33,33,248.6438,399.4986,27.5741,1.1968,34,34,256.1784,406.0825,29.4444,1.1547,12,20,1
2201176,220117,Barra D'Alcântara - PI,3995,6,6,150.1877,123.0971,16.7886,0.3574,8,8,200.2503,154.9096,17.7850,0.4498,1,3,2
2201200,220120,Barras - PI,47938,108,108,225.2910,237.7226,154.4120,0.6994,115,115,239.8932,253.4059,163.9745,0.7013,55,39,14
2201309,220130,Barreiras do Piauí - PI,3264,4,4,122.5490,127.4806,11.1566,0.3585,4,4,122.5490,127.4806,11.8411,0.3378,1,3,0
2201408,220140,Barro Duro - PI,6640,12,12,180.7229,167.9810,24.8912,0.4821,14,14,210.8434,195.1476,26.3935,0.5304,6,6,0
2201507,220150,Batalha - PI,26300,50,50,190.1141,187.2236,94.0021,0.5319,52,52,197.7186,194.3795,99.7313,0.5214,11,35,4
2201556,220155,Bela Vista do Piauí - PI,4091,6,6,146.6634,157.6963,12.7156,0.4719,6,6,146.6634,157.6963,13.5087,0.4442,1,5,0
2201572,220157,Belém do Piauí - PI,3423,8,8,233.7131,230.2026,12.4135,0.6445,9,9,262.9273,257.5910,13.1678,0.6835,3,5,0
2201606,220160,Beneditinos - PI,9929,40,40,402.8603,340.4044,41.0458,0.9745,42,42,423.0033,355.2642,43.4890,0.9658,13,25,2
2201705,220170,Bertolínia - PI,5562,15,15,269.6872,251.5099,20.1969,0.7427,16,16,287.6663,264.6418,21.4225,0.7469,8,6,1
2201739,220173,Betânia do Piauí - PI,6220,4,4,64.3087,79.2680,19.0399,0.2101,5,5,80.3859,97.9460,20.2261,0.2472,2,2,0
2201770,220177,Boa Hora - PI,6902,6,6,86.9313,96.3334,21.7481,0.2759,6,6,86.9313,96.3334,23.0994,0.2597,0,6,0
2201804,220180,Bocaina - PI,4078,13,13,318.7837,214.0281,20.6129,0.6307,13,13,318.7837,214.0281,21.8100,0.5961,3,9,1
2201903,220190,Bom Jesus - PI,28796,51,51,177.1079,244.7954,70.7591,0.7208,56,56,194.4715,269.5423,75.3972,0.7427,22,27,2
2201919,220191,Bom Princípio do Piauí - PI,5636,13,13,230.6600,255.4793,17.9460,0.7244,13,13,230.6600,255.4793,19.0609,0.6820,2,10,1
2201929,220192,Bonfim do Piauí - PI,5913,8,8,135.2951,136.2842,20.7386,0.3858,8,8,135.2951,136.2842,22.0047,0.3636,2,5,1
2201945,220194,Boqueirão do Piauí - PI,6545,17,17,259.7403,238.6535,23.6450,0.7190,17,17,259.7403,238.6535,25.0803,0.6778,1,13,3
2201960,220196,Brasileira - PI,8436,20,20,237.0792,211.3353,31.5364,0.6342,20,20,237.0792,211.3353,33.4477,0.5979,4,12,4
2201988,220198,Brejo do Piauí - PI,3904,6,6,153.6885,144.9437,14.5773,0.4116,6,6,153.6885,144.9437,15.4584,0.3881,2,3,1
2202000,220200,Buriti dos Lopes - PI,19654,39,39,198.4329,217.7697,61.6812,0.6323,42,42,213.6970,233.9586,65.5201,0.6410,11,27,1
2202026,220202,Buriti dos Montes - PI,7434,12,12,161.4205,134.5003,28.6260,0.4192,12,12,161.4205,134.5003,30.3544,0.3953,2,10,0
2202059,220205,Cabeceiras do Piauí - PI,10212,22,22,215.4328,194.1979,37.6589,0.5842,23,23,225.2252,202.3520,39.9457,0.5758,6,14,2
2202075,220207,Cajazeiras do Piauí - PI,3108,2,2,64.3501,56.8787,11.7988,0.1695,3,3,96.5251,90.5774,12.5117,0.2398,2,0,0
2202083,220208,Cajueiro da Praia - PI,7957,20,20,251.3510,274.7995,24.7492,0.8081,24,24,301.6212,330.9505,26.2992,0.9126,10,10,0
2202091,220209,Caldeirão Grande do Piauí - PI,5503,3,3,54.5157,59.0706,20.4424,0.1468,4,4,72.6876,72.2025,21.6829,0.1845,0,3,0
2202109,220210,Campinas do Piauí - PI,4938,2,2,40.5022,35.6738,19.3766,0.1032,3,3,60.7533,53.3198,20.5348,0.1461,1,1,0
2202117,220211,Campo Alegre do Fidalgo - PI,4616,1,1,21.6638,25.3055,15.3228,0.0653,1,1,21.6638,25.3055,16.2685,0.0615,0,1,0
2202133,220213,Campo Grande do Piauí - PI,6020,14,14,232.5581,237.7497,19.8102,0.7067,14,14,232.5581,237.7497,21.0361,0.6655,4,8,2
2202174,220217,Campo Largo do Piauí - PI,7419,11,11,148.2680,201.7627,19.0419,0.5777,11,11,148.2680,201.7627,20.2644,0.5428,6,5,0
2202208,220220,Campo Maior - PI,45793,179,179,390.8894,345.5791,176.1143,1.0164,193,193,421.4618,373.3499,186.7497,1.0335,56,97,26
2202251,220225,Canavieira - PI,3414,7,7,205.0381,146.9548,14.5958,0.4796,8,8,234.3292,168.2414,15.4593,0.5175,1,6,0
2202307,220230,Canto do Buriti - PI,19365,48,48,247.8699,230.2112,74.6647,0.6429,51,51,263.3617,245.9647,79.1638,0.6442,15,27,6
2202406,220240,Capitão de Campos - PI,11100,33,33,297.2973,298.7333,40.3820,0.8172,35,35,315.3153,316.2779,42.8321,0.8171,2,22,9
2202455,220245,Capitão Gervásio Oliveira - PI,3974,10,10,251.6356,231.0691,14.8104,0.6752,12,12,301.9628,288.0827,15.7051,0.7641,0,9,1
2202505,220250,Caracol - PI,10318,17,17,164.7606,180.9444,30.9675,0.5490,20,20,193.8360,211.2079,32.9115,0.6077,5,11,1
2202539,220253,Caraúbas do Piauí - PI,5630,15,15,266.4298,280.8294,18.7726,0.7990,16,16,284.1918,298.6144,19.9296,0.8028,8,7,0
2202554,220255,Caridade do Piauí - PI,5033,7,7,139.0821,133.0447,16.7432,0.4181,7,7,139.0821,133.0447,17.7760,0.3938,0,6,1
2202604,220260,Castelo do Piauí - PI,19288,36,36,186.6445,156.2327,77.3315,0.4655,37,37,191.8291,162.1979,81.9529,0.4515,10,21,5
2202653,220265,Caxingó - PI,5496,2,2,36.3901,37.7857,15.6272,0.1280,3,3,54.5852,61.3137,16.6176,0.1805,0,1,1
2202703,220270,Cocal - PI,28212,59,59,209.1309,234.1620,88.3054,0.6681,62,62,219.7646,245.5073,93.8077,0.6609,22,32,5
2202711,220271,Cocal de Telha - PI,4911,12,12,244.3494,212.2895,18.5464,0.6470,12,12,244.3494,212.2895,19.6633,0.6103,5,6,1
2202729,220272,Cocal dos Alves - PI,6386,8,8,125.2740,141.7821,19.2182,0.4163,8,8,125.2740,141.7821,20.4268,0.3916,4,3,1
2202737,220273,Coivaras - PI,4117,7,7,170.0267,162.7012,14.4138,0.4856,8,8,194.3162,185.5162,15.2920,0.5232,2,4,1
2202752,220275,Colônia do Gurguéia - PI,6150,16,16,260.1626,265.9220,21.9144,0.7301,18,18,292.6829,302.0041,23.2486,0.7742,3,12,1
2202778,220277,Colônia do Piauí - PI,6994,7,7,100.0858,86.5651,27.5730,0.2539,8,8,114.3838,99.0290,29.2289,0.2737,1,5,1
2202802,220280,Conceição do Canindé - PI,4932,7,7,141.9303,107.6468,20.7119,0.3380,7,7,141.9303,107.6468,21.9455,0.3190,1,6,0
2202851,220285,Coronel José Dias - PI,4250,5,5,117.6471,101.7257,17.4119,0.2872,5,5,117.6471,101.7257,18.4491,0.2710,1,4,0
2202901,220290,Corrente - PI,27278,39,39,142.9724,158.7681,84.0098,0.4642,44,44,161.3021,179.2037,89.2544,0.4930,10,27,2
2203008,220300,Cristalândia do Piauí - PI,7356,5,5,67.9717,66.4768,25.8129,0.1937,7,7,95.1604,93.4482,27.3795,0.2557,0,5,0
2203107,220310,Cristino Castro - PI,10503,14,14,133.2952,139.7822,33.6309,0.4163,16,16,152.3374,159.6150,35.7130,0.4480,5,8,1
2203206,220320,Curimatá - PI,11270,22,22,195.2085,203.8333,38.1760,0.5763,23,23,204.0816,214.0705,40.5121,0.5677,4,14,4
2203230,220323,Currais - PI,4854,3,3,61.8047,66.1625,15.8986,0.1887,3,3,61.8047,66.1625,16.8765,0.1778,1,2,0
2203255,220325,Curralinhos - PI,4413,5,5,113.3016,112.4551,15.3114,0.3266,6,6,135.9619,137.7765,16.2438,0.3694,1,2,2
2203271,220327,Curral Novo do Piauí - PI,5073,1,1,19.7122,23.0478,14.2967,0.0699,2,2,39.4244,46.0956,15.2026,0.1316,0,1,0
2203305,220330,Demerval Lobão - PI,16352,37,37,226.2720,245.7071,50.9814,0.7258,43,43,262.9648,283.4803,54.1715,0.7938,5,28,4
2203354,220335,Dirceu Arcoverde - PI,7054,17,17,240.9980,221.8127,27.0728,0.6279,20,20,283.5271,255.3031,28.7045,0.6968,4,8,5
2203404,220340,Dom Expedito Lopes - PI,6320,15,15,237.3418,218.2893,24.7193,0.6068,15,15,237.3418,218.2893,26.2044,0.5724,4,11,0
2203420,220342,Domingos Mourão - PI,4075,4,4,98.1595,93.7775,14.0246,0.2852,5,5,122.6994,122.7206,14.8809,0.3360,3,0,1
2203453,220345,Dom Inocêncio - PI,9159,7,7,76.4276,73.2215,36.3280,0.1927,7,7,76.4276,73.2215,38.5067,0.1818,3,1,3
2203503,220350,Elesbão Veloso - PI,13607,38,38,279.2680,207.3198,61.9453,0.6134,39,39,286.6172,213.9765,65.5905,0.5946,18,18,2
2203602,220360,Eliseu Martins - PI,4377,14,14,319.8538,237.9546,19.5386,0.7165,17,17,388.3939,295.7290,20.6916,0.8216,3,9,2
2203701,220370,Esperantina - PI,40970,100,100,244.0810,257.5927,132.4557,0.7550,109,109,266.0483,279.4672,140.6878,0.7748,36,56,8
2203750,220375,Fartura do Piauí - PI,5284,7,7,132.4754,120.0341,19.2062,0.3645,7,7,132.4754,120.0341,20.3712,0.3436,1,5,1
2203800,220380,Flores do Piauí - PI,4414,5,5,113.2759,100.9112,17.6091,0.2839,5,5,113.2759,100.9112,18.6611,0.2679,2,2,1
2203859,220385,Floresta do Piauí - PI,2333,4,4,171.4531,108.1818,10.9340,0.3658,5,5,214.3163,136.7728,11.5747,0.4320,4,0,0
2203909,220390,Floriano - PI,62036,177,177,285.3182,290.7446,211.9638,0.8350,191,191,307.8857,313.5450,225.0212,0.8488,62,108,7
2204006,220400,Francinópolis - PI,4505,8,8,177.5805,141.7532,20.9691,0.3815,9,9,199.7780,157.1801,22.1978,0.4054,2,3,3
2204105,220410,Francisco Ayres - PI,4412,6,6,135.9927,108.0199,20.3191,0.2953,6,6,135.9927,108.0199,21.5110,0.2789,4,2,0
2204154,220415,Francisco Macedo - PI,2929,7,7,238.9894,213.5567,10.4489,0.6699,7,7,238.9894,213.5567,11.0851,0.6315,2,4,1
2204204,220420,Francisco Santos - PI,8237,9,9,109.2631,99.8595,30.7168,0.2930,12,12,145.6841,132.2602,32.5724,0.3684,1,7,1
2204303,220430,Fronteiras - PI,10259,11,11,107.2229,100.1963,38.8457,0.2832,12,12,116.9705,108.7197,41.1939,0.2913,1,9,1
2204352,220435,Geminiano - PI,5445,7,7,128.5583,113.2408,19.4744,0.3594,7,7,128.5583,113.2408,20.6601,0.3388,2,5,0
2204402,220440,Gilbués - PI,10892,4,4,36.7242,40.9913,33.6999,0.1187,6,6,55.0863,58.3493,35.7959,0.1676,2,1,1
2204501,220450,Guadalupe - PI,10270,25,25,243.4275,240.7503,36.5422,0.6841,27,27,262.9017,259.5342,38.7732,0.6964,2,19,4
2204550,220455,Guaribas - PI,4276,2,2,46.7727,54.9492,11.4318,0.1750,2,2,46.7727,54.9492,12.1645,0.1644,1,1,0
2204600,220460,Hugo Napoleão - PI,3518,10,10,284.2524,222.8372,13.5302,0.7391,10,10,284.2524,222.8372,14.3428,0.6972,5,4,1
2204659,220465,Ilha Grande - PI,9274,16,16,172.5253,191.3304,28.6916,0.5577,19,19,204.8738,225.3642,30.4824,0.6233,4,12,0
2204709,220470,Inhuma - PI,14958,28,28,187.1908,156.6933,61.5215,0.4551,34,34,227.3031,193.5105,65.1865,0.5216,5,19,4
2204808,220480,Ipiranga do Piauí - PI,9420,23,23,244.1614,216.7092,36.1518,0.6362,24,24,254.7771,228.9587,38.3260,0.6262,5,13,5
2204907,220490,Isaías Coelho - PI,7774,8,8,102.9071,87.3031,28.7223,0.2785,9,9,115.7705,101.5794,30.4576,0.2955,1,6,1
2205003,220500,Itainópolis - PI,10790,14,14,129.7498,101.4072,47.4881,0.2948,15,15,139.0176,109.6648,50.2966,0.2982,4,7,3
2205102,220510,Itaueira - PI,10323,28,28,271.2390,227.2065,42.6373,0.6567,35,35,339.0487,289.2835,45.1760,0.7747,5,23,0
2205151,220515,Jacobina do Piauí - PI,5613,5,5,89.0789,84.4227,20.7334,0.2412,5,5,89.0789,84.4227,21.9878,0.2274,1,3,1
2205201,220520,Jaicós - PI,17527,42,42,239.6303,226.0773,64.0740,0.6555,45,45,256.7467,244.3401,67.9613,0.6621,10,31,1
2205250,220525,Jardim do Mulato - PI,4180,4,4,95.6938,88.2070,17.4617,0.2291,5,5,119.6172,102.9696,18.5000,0.2703,3,0,1
2205276,220527,Jatobá do Piauí - PI,4494,13,13,289.2746,206.1910,21.4373,0.6064,13,13,289.2746,206.1910,22.6905,0.5729,2,11,0
2205300,220530,Jerumenha - PI,4497,7,7,155.6593,126.0606,17.9663,0.3896,7,7,155.6593,126.0606,19.0435,0.3676,1,4,2
2205359,220535,João Costa - PI,2970,5,5,168.3502,173.2610,10.6000,0.4717,5,5,168.3502,173.2610,11.2451,0.4446,1,3,1
2205409,220540,Joaquim Pires - PI,13886,39,39,280.8584,305.8535,43.3001,0.9007,43,43,309.6644,337.9082,46.0004,0.9348,16,18,5
2205458,220545,Joca Marques - PI,5394,8,8,148.3129,162.4260,17.1766,0.4657,8,8,148.3129,162.4260,18.2429,0.4385,2,5,1
2205508,220550,José de Freitas - PI,42559,102,102,239.6673,252.3156,141.7110,0.7198,105,105,246.7163,260.4070,150.4683,0.6978,21,75,6
2205516,220551,Juazeiro do Piauí - PI,5214,6,6,115.0748,88.0724,20.7364,0.2893,7,7,134.2539,108.3909,21.9797,0.3185,1,4,1
2205524,220552,Júlio Borges - PI,5388,18,18,334.0757,343.3852,19.3436,0.9305,20,20,371.1952,378.6697,20.5200,0.9747,5,11,2
2205532,220553,Jurema - PI,4425,10,10,225.9887,229.7679,15.0574,0.6641,10,10,225.9887,229.7679,15.9825,0.6257,3,5,2
2205540,220554,Lagoinha do Piauí - PI,2939,7,7,238.1763,238.5362,10.7637,0.6503,7,7,238.1763,238.5362,11.4134,0.6133,2,3,2
2205557,220555,Lagoa Alegre - PI,8256,16,16,193.7984,195.2690,28.1477,0.5684,16,16,193.7984,195.2690,29.8734,0.5356,5,10,1
2205565,220556,Lagoa do Barro do Piauí - PI,4995,12,12,240.2402,229.2111,16.6951,0.7188,12,12,240.2402,229.2111,17.7276,0.6769,1,8,3
2205573,220557,Lagoa de São Francisco - PI,6331,7,7,110.5671,107.7826,22.2623,0.3144,7,7,110.5671,107.7826,23.6183,0.2964,3,2,2
2205581,220558,Lagoa do Piauí - PI,4810,9,9,187.1102,182.9389,16.4157,0.5483,9,9,187.1102,182.9389,17.4234,0.5165,2,5,2
2205599,220559,Lagoa do Sítio - PI,4520,15,15,331.8584,276.4259,18.7832,0.7986,15,15,331.8584,276.4259,19.8957,0.7539,7,7,1
2205607,220560,Landri Sales - PI,5213,24,24,460.3875,355.9404,22.6280,1.0606,24,24,460.3875,355.9404,23.9647,1.0015,5,12,7
2205706,220570,Luís Correia - PI,30641,68,68,221.9249,249.1313,93.5481,0.7269,72,72,234.9793,262.7016,99.4073,0.7243,14,50,4
2205805,220580,Luzilândia - PI,25375,81,81,319.2118,330.8291,86.8899,0.9322,86,86,338.9163,350.5136,92.2260,0.9325,36,43,2
2205854,220585,Madeiro - PI,8032,5,5,62.2510,73.7423,22.7314,0.2200,6,6,74.7012,90.0679,24.1718,0.2482,1,3,1
2205904,220590,Manoel Emídio - PI,5209,17,17,326.3582,300.5069,20.3072,0.8371,20,20,383.9509,355.0316,21.5286,0.9290,4,12,1
2205953,220595,Marcolândia - PI,8533,21,21,246.1034,333.1206,23.7350,0.8848,21,21,246.1034,333.1206,25.2468,0.8318,8,13,0
2206001,220600,Marcos Parente - PI,4724,9,9,190.5165,167.1942,18.5498,0.4852,9,9,190.5165,167.1942,19.6615,0.4577,2,6,1
2206050,220605,Massapê do Piauí - PI,5218,2,2,38.3289,26.9420,21.4866,0.0931,3,3,57.4933,48.5578,22.7678,0.1318,0,1,1
2206100,220610,Matias Olímpio - PI,10641,14,14,131.5666,139.1218,33.8174,0.4140,14,14,131.5666,139.1218,35.9112,0.3899,5,7,2
2206209,220620,Miguel Alves - PI,32150,43,43,133.7481,151.8392,99.7771,0.4310,46,46,143.0793,159.9227,105.9760,0.4341,19,18,6
2206308,220630,Miguel Leão - PI,1318,3,3,227.6176,242.3487,4.3003,0.6976,3,3,227.6176,242.3487,4.5641,0.6573,0,3,0
2206357,220635,Milton Brandão - PI,6542,3,3,45.8575,39.2785,24.8205,0.1209,3,3,45.8575,39.2785,26.3180,0.1140,2,1,0
2206407,220640,Monsenhor Gil - PI,10255,50,50,487.5670,396.2700,42.6555,1.1722,53,53,516.8211,419.2608,45.1990,1.1726,15,31,4
2206506,220650,Monsenhor Hipólito - PI,7577,8,8,105.5827,89.8688,28.8595,0.2772,8,8,105.5827,89.8688,30.6020,0.2614,2,4,2
2206605,220660,Monte Alegre do Piauí - PI,10660,16,16,150.0938,181.8052,31.0306,0.5156,20,20,187.6173,228.6945,32.9751,0.6065,4,10,2
2206654,220665,Morro Cabeça no Tempo - PI,4377,4,4,91.3868,93.0839,14.8171,0.2700,4,4,91.3868,93.0839,15.7198,0.2545,0,4,0
2206670,220667,Morro do Chapéu do Piauí - PI,6425,6,6,93.3852,97.8904,20.8095,0.2883,7,7,108.9494,113.8106,22.0980,0.3168,2,3,1
2206696,220669,Murici dos Portelas - PI,9797,8,8,81.6577,95.3091,28.6845,0.2789,9,9,91.8649,107.9686,30.4880,0.2952,2,6,0
2206704,220670,Nazaré do Piauí - PI,6665,14,14,210.0525,172.5243,28.5992,0.4895,17,17,255.0638,215.4561,30.2897,0.5612,2,9,3
2206720,220672,Nazária - PI,10262,17,17,165.6597,163.6468,35.7257,0.4758,18,18,175.4044,175.6621,37.9031,0.4749,6,9,2
2206753,220675,Nossa Senhora de Nazaré - PI,5228,17,17,325.1721,265.2786,22.0071,0.7725,17,17,325.1721,265.2786,23.3170,0.7291,5,11,1
2206803,220680,Nossa Senhora dos Remédios - PI,8525,16,16,187.6833,210.3715,25.3232,0.6318,18,18,211.1437,236.3334,26.9103,0.6689,11,4,1
2206902,220690,Novo Oriente do Piauí - PI,6097,13,13,213.2196,157.2889,26.8470,0.4842,14,14,229.6211,176.1894,28.4331,0.4924,8,5,0
2206951,220695,Novo Santo Antônio - PI,2827,8,8,282.9855,260.4376,11.8101,0.6774,8,8,282.9855,260.4376,12.5099,0.6395,4,2,2
2207009,220700,Oeiras - PI,38161,94,94,246.3248,238.0466,136.1060,0.6906,101,101,264.6681,255.2148,144.4089,0.6994,22,64,8
2207108,220710,Olho D'Água do Piauí - PI,2637,1,1,37.9219,39.8378,9.4769,0.1055,2,2,75.8438,77.4919,10.0515,0.1990,1,0,0
2207207,220720,Padre Marcos - PI,6382,10,10,156.6907,138.6662,24.8249,0.4028,11,11,172.3598,151.4272,26.3172,0.4180,4,5,1
2207306,220730,Paes Landim - PI,4088,8,8,195.6947,194.4400,14.6097,0.5476,8,8,195.6947,194.4400,15.4988,0.5162,1,7,0
2207355,220735,Pajeú do Piauí - PI,3000,10,10,333.3333,256.1710,13.6373,0.7333,10,10,333.3333,256.1710,14.4375,0.6926,8,1,1
2207405,220740,Palmeira do Piauí - PI,4952,6,6,121.1632,126.0582,17.1273,0.3503,6,6,121.1632,126.0582,18.1732,0.3302,1,4,1
2207504,220750,Palmeirais - PI,13264,27,27,203.5585,194.6419,48.1056,0.5613,28,28,211.0977,202.8588,51.0151,0.5489,8,18,1
2207553,220755,Paquetá - PI,3813,9,9,236.0346,191.9686,15.6381,0.5755,9,9,236.0346,191.9686,16.5721,0.5431,2,6,1
2207603,220760,Parnaguá - PI,10103,10,10,98.9805,111.6807,31.3741,0.3187,11,11,108.8786,121.5872,33.3203,0.3301,3,5,2
2207702,220770,Parnaíba - PI,162159,472,472,291.0723,313.6247,522.8285,0.9028,561,561,345.9567,372.3278,555.3443,1.0102,165,273,34
2207751,220775,Passagem Franca do Piauí - PI,4135,14,14,338.5732,369.3130,13.4360,1.0420,14,14,338.5732,369.3130,14.2669,0.9813,6,4,4
2207777,220777,Patos do Piauí - PI,5425,12,12,221.1982,165.1615,24.1133,0.4976,12,12,221.1982,165.1615,25.5368,0.4699,3,7,2
2207793,220779,Pau D'Arco do Piauí - PI,3880,3,3,77.3196,65.3612,15.1847,0.1976,3,3,77.3196,65.3612,16.0932,0.1864,0,3,0
2207801,220780,Paulistana - PI,21055,21,21,99.7388,106.4526,69.0001,0.3043,23,23,109.2377,116.5923,73.2678,0.3139,10,9,2
2207850,220785,Pavussu - PI,3628,14,14,385.8875,320.4703,14.8261,0.9443,15,15,413.4509,349.4597,15.7131,0.9546,3,9,2
2207900,220790,Pedro II - PI,37894,116,116,306.1171,273.1179,144.5262,0.8026,127,127,335.1454,300.4044,153.2411,0.8288,26,79,11
2207934,220793,Pedro Laurentino - PI,2458,5,5,203.4174,214.0604,8.5554,0.5844,6,6,244.1009,253.6865,9.0756,0.6611,2,0,3
2207959,220795,Nova Santa Rita - PI,4076,3,3,73.6016,79.1580,13.2681,0.2261,3,3,73.6016,79.1580,14.0844,0.2130,1,2,0
2208007,220800,Picos - PI,83090,184,184,221.4466,237.5288,269.8841,0.6818,201,201,241.9064,259.4923,286.6760,0.7011,93,76,15
2208106,220810,Pimenteiras - PI,11341,30,30,264.5269,224.0286,45.6081,0.6578,30,30,264.5269,224.0286,48.3301,0.6207,5,22,3
2208205,220820,Pio IX - PI,17613,28,28,158.9735,158.6556,61.7749,0.4533,34,34,193.0392,190.6331,65.5531,0.5187,3,19,6
2208304,220830,Piracuruca - PI,28846,115,115,398.6688,407.6989,97.7514,1.1765,120,120,416.0022,425.3586,103.7738,1.1564,15,91,9
2208403,220840,Piripiri - PI,65538,239,239,364.6739,341.3343,237.6279,1.0058,260,260,396.7164,372.2995,252.0926,1.0314,53,167,19
2208502,220850,Porto - PI,12052,18,18,149.3528,197.3190,32.0560,0.5615,18,18,149.3528,197.3190,34.1057,0.5278,11,5,2
2208551,220855,Porto Alegre do Piauí - PI,2364,5,5,211.5059,210.5056,8.1469,0.6137,5,5,211.5059,210.5056,8.6461,0.5783,1,4,0
2208601,220860,Prata do Piauí - PI,3042,4,4,131.4924,126.2699,12.7399,0.3140,4,4,131.4924,126.2699,13.4984,0.2963,1,3,0
2208650,220865,Queimada Nova - PI,8738,10,10,114.4427,109.4118,31.1765,0.3208,10,10,114.4427,109.4118,33.0844,0.3023,2,5,3
2208700,220870,Redenção do Gurguéia - PI,8394,19,19,226.3522,270.2304,24.9548,0.7614,22,22,262.0920,308.8263,26.5156,0.8297,10,9,0
2208809,220880,Regeneração - PI,17133,36,36,210.1208,204.2801,62.9144,0.5722,39,39,227.6309,220.8425,66.7189,0.5845,12,23,1
2208858,220885,Riacho Frio - PI,4165,6,6,144.0576,161.6271,13.0362,0.4603,6,6,144.0576,161.6271,13.8385,0.4336,1,4,1
2208874,220887,Ribeira do Piauí - PI,4055,6,6,147.9655,138.5979,14.5373,0.4127,6,6,147.9655,138.5979,15.4181,0.3892,0,5,1
2208908,220890,Ribeiro Gonçalves - PI,6164,18,18,292.0182,340.1007,18.7610,0.9594,19,19,308.2414,361.4698,19.9339,0.9532,5,11,2
2209005,220900,Rio Grande do Piauí - PI,5801,16,16,275.8145,208.7077,26.3695,0.6068,16,16,275.8145,208.7077,27.9191,0.5731,3,12,1
2209104,220910,Santa Cruz do Piauí - PI,5831,16,16,274.3955,232.0187,24.0784,0.6645,17,17,291.5452,244.7079,25.5122,0.6663,13,3,0
2209153,220915,Santa Cruz dos Milagres - PI,3435,1,1,29.1121,32.6451,13.7381,0.0728,1,1,29.1121,32.6451,14.5573,0.0687,0,1,0
2209203,220920,Santa Filomena - PI,6087,7,7,114.9992,152.3680,16.4659,0.4251,7,7,114.9992,152.3680,17.5189,0.3996,2,3,2
2209302,220930,Santa Luz - PI,5336,7,7,131.1844,137.8176,18.2321,0.3839,9,9,168.6657,177.7943,19.3470,0.4652,3,4,0
2209351,220935,Santana do Piauí - PI,4125,6,6,145.4545,121.1512,17.3305,0.3462,6,6,145.4545,121.1512,18.3602,0.3268,3,3,0
2209377,220937,Santa Rosa do Piauí - PI,4650,7,7,150.5376,116.1419,19.3724,0.3613,7,7,150.5376,116.1419,20.5213,0.3411,1,4,2
2209401,220940,Santo Antônio de Lisboa - PI,5839,9,9,154.1360,112.4694,24.2844,0.3706,9,9,154.1360,112.4694,25.7315,0.3498,2,5,2
2209450,220945,Santo Antônio dos Milagres - PI,2138,4,4,187.0907,182.6403,6.9042,0.5794,4,4,187.0907,182.6403,7.3294,0.5457,1,2,1
2209500,220950,Santo Inácio do Piauí - PI,3646,8,8,219.4185,195.9424,15.1512,0.5280,9,9,246.8459,226.7604,16.0507,0.5607,3,4,1
2209559,220955,São Braz do Piauí - PI,4358,13,13,298.3020,263.8420,16.6386,0.7813,14,14,321.2483,285.0540,17.6424,0.7935,2,7,4
2209609,220960,São Félix do Piauí - PI,2842,4,4,140.7460,83.5647,15.1742,0.2636,4,4,140.7460,83.5647,16.0513,0.2492,1,3,0
2209658,220965,São Francisco de Assis do Piauí - PI,5572,6,6,107.6813,129.9533,16.6185,0.3610,6,6,107.6813,129.9533,17.6592,0.3398,0,2,4
2209708,220970,São Francisco do Piauí - PI,5392,8,8,148.3680,107.3246,24.1117,0.3318,9,9,166.9139,121.1267,25.5268,0.3526,2,6,0
2209757,220975,São Gonçalo do Gurguéia - PI,2947,6,6,203.5969,221.7695,9.3707,0.6403,6,6,203.5969,221.7695,9.9507,0.6030,2,4,0
2209807,220980,São Gonçalo do Piauí - PI,4837,9,9,186.0657,180.4016,16.2134,0.5551,10,10,206.7397,200.2146,17.2073,0.5811,2,4,3
2209856,220985,São João da Canabrava - PI,4242,11,11,259.3116,189.1183,18.8414,0.5838,12,12,282.8854,205.0386,19.9500,0.6015,6,4,1
2209872,220987,São João da Fronteira - PI,5522,5,5,90.5469,95.2559,18.4637,0.2708,5,5,90.5469,95.2559,19.5964,0.2551,0,5,0
2209906,220990,São João da Serra - PI,6114,15,15,245.3386,170.8172,27.9677,0.5363,16,16,261.6945,182.7324,29.6073,0.5404,6,8,1
2209955,220995,São João da Varjota - PI,4383,2,2,45.6308,32.2669,17.0590,0.1172,2,2,45.6308,32.2669,18.0811,0.1106,2,0,0
2209971,220997,São João do Arraial - PI,8186,10,10,122.1598,140.0197,25.6573,0.3898,11,11,134.3758,155.2271,27.2516,0.4036,1,6,3
2210003,221000,São João do Piauí - PI,21421,42,42,196.0693,211.7076,68.2751,0.6152,45,45,210.0742,226.2614,72.5196,0.6205,21,19,2
2210052,221005,São José do Divino - PI,4841,11,11,227.2258,233.0603,16.3444,0.6730,13,13,268.5396,272.9446,17.3529,0.7492,6,4,1
2210102,221010,São José do Peixe - PI,3297,4,4,121.3224,95.6784,13.5712,0.2947,4,4,121.3224,95.6784,14.3747,0.2783,1,2,1
2210201,221020,São José do Piauí - PI,6597,9,9,136.4256,106.4418,27.1974,0.3309,9,9,136.4256,106.4418,28.8203,0.3123,7,2,0
2210300,221030,São Julião - PI,6025,14,14,232.3651,207.5484,23.5240,0.5951,15,15,248.9627,223.6034,24.9397,0.6015,4,9,1
2210359,221035,São Lourenço do Piauí - PI,4410,4,4,90.7029,72.3197,20.3904,0.1962,4,4,90.7029,72.3197,21.5893,0.1853,0,3,1
2210375,221037,São Luis do Piauí - PI,2309,1,1,43.3088,32.1103,10.5346,0.0949,1,1,43.3088,32.1103,11.1531,0.0897,0,0,1
2210383,221038,São Miguel da Baixa Grande - PI,2269,2,2,88.1446,64.9110,10.2742,0.1947,2,2,88.1446,64.9110,10.8791,0.1838,0,2,0
2210391,221039,São Miguel do Fidalgo - PI,2829,5,5,176.7409,180.5373,10.5975,0.4718,5,5,176.7409,180.5373,11.2373,0.4449,1,3,1
2210409,221040,São Miguel do Tapuio - PI,17554,29,29,165.2045,138.2989,70.8708,0.4092,32,32,182.2946,154.3136,75.0987,0.4261,12,10,7
2210508,221050,São Pedro do Piauí - PI,13755,29,29,210.8324,205.8428,48.2874,0.6006,31,31,225.3726,219.6870,51.2273,0.6051,5,19,5
2210607,221060,São Raimundo Nonato - PI,38934,72,72,184.9283,207.0465,117.8461,0.6110,80,80,205.4759,229.0498,125.2503,0.6387,28,32,12
2210623,221062,Sebastião Barros - PI,3202,4,4,124.9219,134.4579,10.4398,0.3831,4,4,124.9219,134.4579,11.0805,0.3610,3,0,1
2210631,221063,Sebastião Leal - PI,4446,5,5,112.4606,125.4280,14.7013,0.3401,9,9,202.4291,217.2701,15.6058,0.5767,1,4,0
2210656,221065,Sigefredo Pacheco - PI,9460,14,14,147.9915,110.5141,39.5383,0.3541,15,15,158.5624,118.4409,41.8896,0.3581,0,13,1
2210706,221070,Simões - PI,14350,22,22,153.3101,159.8690,47.0814,0.4673,22,22,153.3101,159.8690,49.9832,0.4401,4,17,1
2210805,221080,Simplício Mendes - PI,13870,50,50,360.4903,348.1056,49.9469,1.0011,54,54,389.3295,376.4940,52.9845,1.0192,6,40,4
2210904,221090,Socorro do Piauí - PI,4141,10,10,241.4876,210.7102,17.3583,0.5761,10,10,241.4876,210.7102,18.3883,0.5438,5,4,1
2210938,221093,Sussuapara - PI,6220,12,12,192.9260,172.1788,24.3500,0.4928,15,15,241.1576,220.2896,25.8134,0.5811,3,8,1
2210953,221095,Tamboril do Piauí - PI,2949,8,8,271.2784,292.2063,9.4460,0.8469,8,8,271.2784,292.2063,10.0302,0.7976,0,8,0
2210979,221097,Tanque do Piauí - PI,2316,1,1,43.1779,28.5909,9.7531,0.1025,1,1,43.1779,28.5909,10.3320,0.0968,0,1,0
2211001,221100,Teresina - PI,866300,2762,2761,318.8272,359.3349,2690.7544,1.0261,2909,2908,335.7959,377.8565,2859.2375,1.0171,1157,1395,210
2211100,221110,União - PI,46119,73,73,158.2862,162.0300,154.1036,0.4737,77,77,166.9594,170.6932,163.5960,0.4707,27,38,8
2211209,221120,Uruçuí - PI,25203,65,65,257.9058,325.6499,69.6080,0.9338,72,72,285.6803,357.7443,74.0503,0.9723,20,37,8
2211308,221130,Valença do Piauí - PI,22279,71,71,318.6858,255.7943,92.7057,0.7659,76,76,341.1284,274.6966,98.2283,0.7737,18,45,8
2211357,221135,Várzea Branca - PI,5055,11,11,217.6063,220.3926,16.7480,0.6568,12,12,237.3887,242.4086,17.7795,0.6749,4,7,0
2211407,221140,Várzea Grande - PI,4417,2,2,45.2796,35.8397,18.6278,0.1074,2,2,45.2796,35.8397,19.7326,0.1014,0,1,1
2211506,221150,Vera Mendes - PI,3185,2,2,62.7943,47.3955,14.2480,0.1404,3,3,94.1915,71.0769,15.0894,0.1988,0,1,1
2211605,221160,Vila Nova do Piauí - PI,2935,0,0,0.0000,0.0000,11.6644,0.0000,2,2,68.1431,71.2351,12.3635,0.1618,0,0,0
2211704,221170,Wall Ferraz - PI,4059,4,4,98.5464,96.0617,15.6762,0.2552,4,4,98.5464,96.0617,16.6180,0.2407,2,2,0
2300101,230010,Abaiara - CE,10038,19,19,189.2807,175.7470,35.6327,0.5332,22,22,219.1672,207.5194,37.8126,0.5818,4,11,4
2300150,230015,Acarape - CE,14027,35,35,249.5188,318.4029,39.4976,0.8861,40,40,285.1643,356.0291,42.0140,0.9521,19,14,2
2300200,230020,Acaraú - CE,65264,141,141,216.0456,248.6494,194.4052,0.7253,145,145,222.1746,254.5810,206.6625,0.7016,56,72,13
2300309,230030,Acopiara - CE,44962,164,164,364.7525,274.3555,196.2952,0.8355,190,190,422.5791,320.7326,207.9129,0.9138,59,82,23
2300408,230040,Aiuaba - CE,14076,16,16,113.6687,91.5094,57.4849,0.2783,19,19,134.9815,107.4062,60.9168,0.3119,3,12,1
2300507,230050,Alcântaras - CE,11369,28,28,246.2838,219.9043,41.4140,0.6761,28,28,246.2838,219.9043,43.9384,0.6373,4,21,3
2300606,230060,Altaneira - CE,6782,22,22,324.3881,259.6536,28.0613,0.7840,24,24,353.8779,286.2777,29.7354,0.8071,7,13,2
2300705,230070,Alto Santo - CE,14155,38,38,268.4564,246.7593,53.0496,0.7163,44,44,310.8442,286.9424,56.2614,0.7821,14,16,8
2300754,230075,Amontada - CE,42156,63,63,149.4449,165.3160,129.3902,0.4869,69,69,163.6778,180.6657,137.4666,0.5019,22,32,9
2300804,230080,Antonina do Norte - CE,7245,29,29,400.2761,313.3913,30.7791,0.9422,30,30,414.0787,327.4907,32.6038,0.9201,2,24,3
2300903,230090,Apuiarés - CE,12928,32,32,247.5248,205.9621,49.8693,0.6417,34,34,262.9950,219.8001,52.8789,0.6430,13,17,2
2301000,230100,Aquiraz - CE,80645,162,162,200.8804,213.3025,264.0161,0.6136,195,195,241.8005,255.9040,280.3900,0.6955,54,100,8
2301109,230110,Aracati - CE,75113,175,175,232.9823,239.4092,252.3681,0.6934,201,201,267.5968,274.9150,267.9565,0.7501,68,89,18
2301208,230120,Aracoiaba - CE,25553,78,78,305.2479,283.2869,94.9873,0.8212,85,85,332.6420,310.8228,100.7467,0.8437,20,54,4
2301257,230125,Ararendá - CE,11096,24,24,216.2942,183.3797,44.6872,0.5371,24,24,216.2942,183.3797,47.3585,0.5068,11,12,1
2301307,230130,Araripe - CE,19783,33,33,166.8099,179.0936,69.2885,0.4763,35,35,176.9196,190.2044,73.5160,0.4761,9,17,7
2301406,230140,Aratuba - CE,11224,24,24,213.8275,205.9997,38.7997,0.6186,25,25,222.7370,213.3094,41.1810,0.6071,6,16,2
2301505,230150,Arneiroz - CE,7429,23,23,309.5975,234.8398,32.5655,0.7063,24,24,323.0583,250.0141,34.4904,0.6958,6,16,1
2301604,230160,Assaré - CE,21697,57,57,262.7091,211.9177,91.5336,0.6227,58,58,267.3181,216.8341,96.9833,0.5980,16,32,9
2301703,230170,Aurora - CE,23714,44,44,185.5444,154.6439,96.3997,0.4564,46,46,193.9782,161.9321,102.1709,0.4502,21,18,5
2301802,230180,Baixio - CE,5704,16,16,280.5049,218.6592,24.0137,0.6663,19,19,333.0996,263.1627,25.4427,0.7468,3,9,4
2301851,230185,Banabuiú - CE,17195,27,27,157.0224,148.3626,59.2242,0.4559,30,30,174.4693,165.8756,62.8507,0.4773,6,19,2
2301901,230190,Barbalha - CE,75033,217,217,289.2061,333.7514,223.4405,0.9712,242,242,322.5248,369.9454,237.5438,1.0188,66,131,20
2301950,230195,Barreira - CE,22392,59,59,263.4870,281.1247,72.4003,0.8149,61,61,272.4187,292.1900,76.8987,0.7933,21,32,6
2302008,230200,Barro - CE,19381,44,44,227.0265,180.5384,87.0042,0.5057,52,52,268.3040,216.8209,92.1415,0.5643,8,33,3
2302057,230205,Barroquinha - CE,14567,34,34,233.4043,246.5399,47.3743,0.7177,34,34,233.4043,246.5399,50.3085,0.6758,23,8,3
2302107,230210,Baturité - CE,35218,131,131,371.9689,372.3753,119.7846,1.0936,140,140,397.5240,397.0470,127.1624,1.1010,42,81,8
2302206,230220,Beberibe - CE,53114,145,145,272.9977,252.7574,196.1099,0.7394,159,159,299.3561,277.2378,208.0136,0.7644,46,86,13
2302305,230230,Bela Cruz - CE,32775,91,91,277.6506,288.2139,109.0371,0.8346,92,92,280.7018,291.1139,115.7639,0.7947,27,58,6
2302404,230240,Boa Viagem - CE,50411,122,122,242.0107,202.0337,204.1909,0.5975,143,143,283.6682,238.6620,216.4065,0.6608,37,78,7
2302503,230250,Brejo Santo - CE,51090,156,156,305.3435,318.6157,172.1419,0.9062,168,168,328.8315,343.3562,182.8163,0.9190,30,121,5
2302602,230260,Camocim - CE,62326,187,187,300.0353,350.7717,187.2101,0.9989,192,192,308.0576,359.6584,198.9807,0.9649,84,96,7
2302701,230270,Campos Sales - CE,25135,56,56,222.7969,196.5790,99.5304,0.5626,61,61,242.6895,215.2208,105.5108,0.5781,11,39,6
2302800,230280,Canindé - CE,74174,239,239,322.2153,313.0246,262.8895,0.9091,250,250,337.0453,327.0939,278.9535,0.8962,93,128,18
2302909,230290,Capistrano - CE,17254,30,30,173.8727,172.7232,61.0520,0.4914,41,41,237.6261,231.6427,64.7846,0.6329,20,10,0
2303006,230300,Caridade - CE,16377,50,50,305.3062,302.2885,56.9326,0.8782,57,57,348.0491,347.0493,60.4146,0.9435,14,32,4
2303105,230310,Cariré - CE,17632,61,61,345.9619,284.6535,71.1556,0.8573,63,63,357.3049,297.2625,75.4212,0.8353,20,35,6
2303204,230320,Caririaçu - CE,26320,68,68,258.3587,254.4041,94.7910,0.7174,78,78,296.3526,291.6522,100.5551,0.7757,28,32,8
2303303,230330,Cariús - CE,17015,44,44,258.5954,201.7146,78.6682,0.5593,46,46,270.3497,210.6813,83.2970,0.5522,11,28,5
2303402,230340,Carnaubal - CE,17210,45,45,261.4759,255.3090,61.3006,0.7341,45,45,261.4759,255.3090,65.0329,0.6920,8,32,5
2303501,230350,Cascavel - CE,72720,230,230,316.2816,322.5091,248.0129,0.9274,246,246,338.2838,344.3600,263.2858,0.9343,100,107,23
2303600,230360,Catarina - CE,10243,18,18,175.7298,128.6074,45.6843,0.3940,19,19,185.4925,138.0972,48.3770,0.3927,6,8,4
2303659,230365,Catunda - CE,10444,19,19,181.9226,157.0718,40.9214,0.4643,19,19,181.9226,157.0718,43.3760,0.4380,6,11,2
2303709,230370,Caucaia - CE,355679,1110,1109,312.0792,417.6507,942.8282,1.1762,1194,1193,335.6960,447.5035,1003.7443,1.1885,397,606,107
2303808,230380,Cedro - CE,22344,49,49,219.2982,171.8868,101.9713,0.4805,52,52,232.7247,184.6196,107.9758,0.4816,13,29,7
2303907,230390,Chaval - CE,12462,36,36,288.8782,289.4447,42.5040,0.8470,37,37,296.9026,298.2775,45.1137,0.8202,12,21,3
2303931,230393,Choró - CE,12113,23,23,189.8786,175.4543,44.4353,0.5176,24,24,198.1342,181.5921,47.1276,0.5093,8,14,1
2303956,230395,Chorozinho - CE,20163,56,56,277.7364,302.1815,64.9327,0.8624,59,59,292.6152,318.5144,68.9680,0.8555,25,26,5
2304004,230400,Coreaú - CE,20953,74,74,353.1714,366.2431,68.1684,1.0855,77,77,367.4891,382.2241,72.3928,1.0636,20,51,3
2304103,230410,Crateús - CE,76390,248,248,324.6498,277.8264,303.1563,0.8181,256,256,335.1224,288.1816,321.3640,0.7966,113,126,9
2304202,230420,Crato - CE,131050,285,285,217.4742,219.9562,444.4125,0.6413,311,311,237.3140,240.7787,471.8018,0.6592,127,122,36
2304236,230423,Croatá - CE,17481,45,45,257.4223,244.7236,66.9503,0.6721,50,50,286.0248,266.8189,70.9846,0.7044,7,35,3
2304251,230425,Cruz - CE,29761,59,59,198.2460,223.7382,89.8376,0.6567,68,68,228.4869,257.4883,95.5005,0.7120,16,38,5
2304269,230426,Deputado Irapuan Pinheiro - CE,8932,16,16,179.1312,138.3732,39.9891,0.4001,17,17,190.3269,146.0744,42.3493,0.4014,4,10,2
2304277,230427,Ereré - CE,6474,14,14,216.2496,192.5703,26.0900,0.5366,16,16,247.1424,214.3934,27.6536,0.5786,6,6,2
2304285,230428,Eusébio - CE,74170,190,190,256.1683,423.2888,170.6192,1.1136,216,216,291.2229,481.2654,182.0534,1.1865,70,107,13
2304301,230430,Farias Brito - CE,18217,71,71,389.7458,301.9238,77.2011,0.9197,77,77,422.6821,331.4696,81.7943,0.9414,23,41,7
2304350,230435,Forquilha - CE,24173,95,95,393.0005,412.2105,78.9402,1.2034,96,96,397.1373,415.9501,83.8425,1.1450,29,59,7
2304400,230440,Fortaleza - CE,2428708,11967,11966,492.7311,503.5513,8250.1257,1.4504,12962,12961,533.6994,545.2217,8759.2643,1.4797,5308,5880,779
2304459,230445,Fortim - CE,17294,30,30,173.4706,173.4572,59.0419,0.5081,37,37,213.9470,214.2021,62.6777,0.5903,3,20,7
2304509,230450,Frecheirinha - CE,15657,28,28,178.8337,208.2617,45.8527,0.6107,28,28,178.8337,208.2617,48.7579,0.5743,16,10,2
2304608,230460,General Sampaio - CE,6734,21,21,311.8503,327.1011,22.5978,0.9293,23,23,341.5503,361.1962,23.9872,0.9588,6,12,3
2304657,230465,Graça - CE,13801,37,37,268.0965,250.9262,51.8147,0.7141,38,38,275.3424,258.8860,54.9391,0.6917,16,18,3
2304707,230470,Granja - CE,53344,119,119,223.0804,254.6701,162.3148,0.7331,123,123,230.5789,261.8942,172.4767,0.7131,49,60,10
2304806,230480,Granjeiro - CE,4841,8,8,165.2551,162.4727,18.2353,0.4387,9,9,185.9120,176.6782,19.3371,0.4654,3,3,2
2304905,230490,Groaíras - CE,10910,43,43,394.1338,363.1383,42.3405,1.0156,44,44,403.2997,371.7928,44.8995,0.9800,17,26,0
2304954,230495,Guaiúba - CE,24325,79,79,324.7688,374.5155,73.0827,1.0810,87,87,357.6567,410.0389,77.6810,1.1200,33,40,6
2305001,230500,Guaraciaba do Norte - CE,42053,89,89,211.6377,206.4800,147.2812,0.6043,90,90,214.0156,209.1463,156.2757,0.5759,23,59,7
2305100,230510,Guaramiranga - CE,5654,8,8,141.4927,134.7857,19.7982,0.4041,11,11,194.5525,182.4737,21.0142,0.5235,1,4,3
2305209,230520,Hidrolândia - CE,17855,59,59,330.4397,259.7249,74.7769,0.7890,60,60,336.0403,263.2376,79.2260,0.7573,14,34,11
2305233,230523,Horizonte - CE,74755,196,196,262.1898,353.8269,192.0040,1.0208,248,248,331.7504,451.0717,204.5119,1.2126,69,119,8
2305266,230526,Ibaretama - CE,11956,33,33,276.0120,251.0389,45.1753,0.7305,38,38,317.8321,291.8460,47.9000,0.7933,7,19,7
2305308,230530,Ibiapina - CE,23965,39,39,162.7373,154.4676,86.3877,0.4515,42,42,175.2556,166.3384,91.6455,0.4583,12,21,6
2305332,230533,Ibicuitinga - CE,11611,35,35,301.4383,287.6762,42.5595,0.8224,35,35,301.4383,287.6762,45.1482,0.7752,10,19,6
2305357,230535,Icapuí - CE,21433,45,45,209.9566,235.3349,68.9103,0.6530,52,52,242.6165,270.8386,73.1902,0.7105,18,22,5
2305407,230540,Icó - CE,62642,164,164,261.8052,237.6469,237.4784,0.6906,178,178,284.1544,259.3178,251.8182,0.7069,59,91,14
2305506,230550,Iguatu - CE,98064,288,288,293.6858,265.0974,372.1356,0.7739,305,305,311.0214,280.5407,394.6781,0.7728,115,148,25
2305605,230560,Independência - CE,24024,72,72,299.7003,223.8745,108.2009,0.6654,76,76,316.3503,236.9523,114.5826,0.6633,25,39,8
2305654,230565,Ipaporanga - CE,11575,28,28,241.9006,186.3767,51.7838,0.5407,30,30,259.1793,199.4096,54.8334,0.5471,3,24,1
2305704,230570,Ipaumirim - CE,12083,27,27,223.4544,189.7960,48.0924,0.5614,31,31,256.5588,218.2226,50.9752,0.6081,8,16,3
2305803,230580,Ipu - CE,41081,138,138,335.9217,300.1281,157.7131,0.8750,144,144,350.5270,313.3309,167.2261,0.8611,48,80,10
2305902,230590,Ipueiras - CE,36798,86,86,233.7084,197.2692,148.8284,0.5778,93,93,252.7311,213.6420,157.7064,0.5897,34,47,5
2306009,230600,Iracema - CE,14001,42,42,299.9786,243.6661,57.7082,0.7278,46,46,328.5480,268.3222,61.1559,0.7522,16,24,2
2306108,230610,Irauçuba - CE,23915,78,78,326.1551,376.6033,70.2817,1.1098,78,78,326.1551,376.6033,74.7042,1.0441,35,37,6
2306207,230620,Itaiçaba - CE,7536,28,28,371.5499,300.9627,30.7963,0.9092,29,29,384.8195,316.0737,32.6417,0.8884,6,17,5
2306256,230625,Itaitinga - CE,64650,136,136,210.3635,359.3464,137.1638,0.9915,151,151,233.5654,398.7798,146.7030,1.0293,51,75,10
2306306,230630,Itapajé - CE,46426,146,146,314.4790,345.0451,144.5997,1.0097,158,158,340.3265,372.6552,153.6278,1.0285,75,61,10
2306405,230640,Itapipoca - CE,131123,327,327,249.3842,288.5308,390.0975,0.8383,337,337,257.0106,296.6648,414.6650,0.8127,135,169,23
2306504,230650,Itapiúna - CE,17841,50,50,280.2533,272.8642,63.4635,0.7879,53,53,297.0685,290.3988,67.3338,0.7871,16,33,1
2306553,230655,Itarema - CE,42957,60,60,139.6746,172.5994,117.2222,0.5118,70,70,162.9537,204.1897,124.7320,0.5612,29,20,11
2306603,230660,Itatira - CE,20424,44,44,215.4328,200.8603,71.8257,0.6126,53,53,259.4986,241.3382,76.2076,0.6955,25,15,4
2306702,230670,Jaguaretama - CE,17232,48,48,278.5515,228.4283,70.1417,0.6843,51,51,295.9610,245.2901,74.3404,0.6860,16,26,6
2306801,230680,Jaguaribara - CE,10356,24,24,231.7497,212.6269,39.5464,0.6069,25,25,241.4059,222.0743,41.9359,0.5961,8,13,3
2306900,230690,Jaguaribe - CE,33726,101,101,299.4722,245.7962,138.3118,0.7302,107,107,317.2626,260.9824,146.5796,0.7300,49,42,10
2307007,230700,Jaguaruana - CE,31701,97,97,305.9840,300.7930,110.2596,0.8797,105,105,331.2198,325.5674,117.0335,0.8972,33,53,11
2307106,230710,Jardim - CE,27411,77,77,280.9091,255.8391,99.1956,0.7762,87,87,317.3908,291.3584,105.2222,0.8268,21,47,9
2307205,230720,Jati - CE,7861,16,16,203.5364,167.7591,31.4850,0.5082,16,16,203.5364,167.7591,33.3722,0.4794,3,13,0
2307254,230725,Jijoca de Jericoacoara - CE,25555,36,36,140.8726,216.6809,58.8933,0.6113,38,38,148.6989,229.6574,62.8340,0.6048,9,27,0
2307304,230730,Juazeiro do Norte - CE,286120,826,826,288.6901,331.4060,854.4157,0.9667,919,919,321.1939,368.3443,908.4372,1.0116,375,365,86
2307403,230740,Jucás - CE,23922,59,59,246.6349,193.2426,98.2534,0.6005,65,65,271.7164,218.4632,104.1169,0.6243,21,32,6
2307502,230750,Lavras da Mangabeira - CE,30802,67,67,217.5183,169.3802,130.2974,0.5142,68,68,220.7649,171.3563,138.0535,0.4926,31,33,3
2307601,230760,Limoeiro do Norte - CE,59560,174,174,292.1424,283.2859,212.0807,0.8204,187,187,313.9691,304.1427,225.0509,0.8309,48,111,15
2307635,230763,Madalena - CE,16896,49,49,290.0095,280.1839,60.9916,0.8034,51,51,301.8466,291.2385,64.7010,0.7882,29,20,0
2307650,230765,Maracanaú - CE,234509,965,965,411.4981,529.1351,641.5873,1.5041,1021,1021,435.3777,558.2704,682.7723,1.4954,321,576,68
2307700,230770,Maranguape - CE,105093,296,296,281.6553,309.6929,333.0222,0.8888,328,328,312.1045,342.7773,353.8408,0.9270,119,154,23
2307809,230780,Marco - CE,25799,50,50,193.8060,268.8776,66.5341,0.7515,52,52,201.5582,277.5784,70.8601,0.7338,19,30,1
2307908,230790,Martinópole - CE,10846,34,34,313.4796,345.6674,33.5809,1.0125,34,34,313.4796,345.6674,35.6843,0.9528,10,22,2
2308005,230800,Massapê - CE,37697,114,114,302.4113,340.6730,114.0962,0.9992,117,117,310.3695,350.6893,121.2732,0.9648,62,44,8
2308104,230810,Mauriti - CE,45561,118,118,258.9934,260.3219,156.2699,0.7551,127,127,278.7472,280.4978,165.8631,0.7657,40,68,10
2308203,230820,Meruoca - CE,15157,53,53,349.6734,336.4888,53.6560,0.9878,55,55,362.8686,347.5713,56.9442,0.9659,17,35,1
2308302,230830,Milagres - CE,25900,70,70,270.2703,230.4713,101.5864,0.6891,74,74,285.7143,246.3263,107.6948,0.6871,24,42,4
2308351,230835,Milhã - CE,14123,33,33,233.6614,196.2034,58.8264,0.5610,37,37,261.9840,222.2340,62.3441,0.5935,11,18,4
2308377,230837,Miraíma - CE,14196,20,20,140.8848,161.2814,44.3704,0.4508,22,22,154.9732,177.0294,47.1322,0.4668,10,9,1
2308401,230840,Missão Velha - CE,36822,52,52,141.2199,148.0488,123.4249,0.4213,63,63,171.0934,178.1583,131.0272,0.4808,16,30,6
2308500,230850,Mombaça - CE,37735,124,124,328.6074,267.3637,160.5106,0.7725,130,130,344.5078,281.1051,170.0522,0.7645,40,74,10
2308609,230860,Monsenhor Tabosa - CE,17149,51,51,297.3934,255.7224,69.9185,0.7294,54,54,314.8872,271.4411,74.1004,0.7287,15,33,3
2308708,230870,Morada Nova - CE,61443,213,213,346.6628,296.5369,241.8860,0.8806,225,225,366.1931,314.1784,256.4609,0.8773,59,125,29
2308807,230880,Moraújo - CE,8254,34,34,411.9215,455.1920,26.0726,1.3041,36,36,436.1522,483.2825,27.6984,1.2997,7,27,0
2308906,230890,Morrinhos - CE,22753,35,35,153.8259,169.2102,68.5223,0.5108,37,37,162.6159,180.6917,72.8215,0.5081,8,19,8
2309003,230900,Mucambo - CE,13666,65,65,475.6330,386.7447,56.6019,1.1484,68,68,497.5852,406.4523,59.9742,1.1338,13,45,7
2309102,230910,Mulungu - CE,10569,26,26,246.0025,240.4166,36.9866,0.7030,32,32,302.7723,293.9542,39.2482,0.8153,8,12,6
2309201,230920,Nova Olinda - CE,15399,35,35,227.2875,238.6776,49.3511,0.7092,42,42,272.7450,285.1187,52.4168,0.8013,15,16,4
2309300,230930,Nova Russas - CE,30699,112,112,364.8327,310.6965,127.4218,0.8790,113,113,368.0902,314.4547,135.0123,0.8370,34,72,6
2309409,230940,Novo Oriente - CE,27545,49,49,177.8907,153.8365,108.2367,0.4527,54,54,196.0428,172.8232,114.7354,0.4706,18,27,4
2309458,230945,Ocara - CE,24493,70,70,285.7959,255.6290,93.2231,0.7509,76,76,310.2927,278.8755,98.8598,0.7688,25,34,11
2309508,230950,Orós - CE,19675,91,91,462.5159,365.0196,85.8560,1.0599,101,101,513.3418,403.6729,90.9295,1.1108,46,39,6
2309607,230960,Pacajus - CE,70983,197,197,277.5312,329.4170,204.2848,0.9643,224,224,315.5685,374.2037,217.2701,1.0310,68,123,6
2309706,230970,Pacatuba - CE,81524,334,334,409.6953,575.1928,204.5863,1.6326,344,344,421.9616,591.1823,217.9735,1.5782,108,193,33
2309805,230980,Pacoti - CE,11186,36,36,321.8309,316.2254,39.7334,0.9060,38,38,339.7104,329.7505,42.1579,0.9014,10,20,6
2309904,230990,Pacujá - CE,6175,21,21,340.0810,281.6922,24.6960,0.8503,21,21,340.0810,281.6922,26.1758,0.8023,7,12,2
2310001,231000,Palhano - CE,9346,26,26,278.1939,244.8583,36.9702,0.7033,27,27,288.8936,256.0381,39.1922,0.6889,6,19,1
2310100,231010,Palmácia - CE,10242,25,25,244.0930,228.3365,39.1423,0.6387,27,27,263.6204,247.8958,41.5097,0.6504,7,17,1
2310209,231020,Paracuru - CE,38980,122,122,312.9810,330.4957,126.1521,0.9671,134,134,343.7660,361.9983,133.9676,1.0002,36,65,21
2310258,231025,Paraipaba - CE,32216,90,90,279.3643,304.6022,103.0310,0.8735,95,95,294.8845,321.1424,109.4313,0.8681,33,48,9
2310308,231030,Parambu - CE,31445,99,99,314.8354,259.9248,129.9366,0.7619,105,105,333.9164,276.8176,137.6905,0.7626,25,60,14
2310407,231040,Paramoti - CE,10384,23,23,221.4946,209.3539,40.3234,0.5704,25,25,240.7550,228.5748,42.7499,0.5848,5,17,1
2310506,231050,Pedra Branca - CE,40187,95,95,236.3949,193.1294,168.4974,0.5638,104,104,258.7902,214.2642,178.5416,0.5825,36,54,5
2310605,231060,Penaforte - CE,8972,20,20,222.9157,243.7516,28.8260,0.6938,22,22,245.2073,265.4343,30.6127,0.7187,4,8,8
2310704,231070,Pentecoste - CE,37813,129,129,341.1525,350.2016,128.3400,1.0051,141,141,372.8876,382.9849,136.2425,1.0349,45,74,10
2310803,231080,Pereiro - CE,15274,29,29,189.8651,155.0044,62.1046,0.4670,34,34,222.6005,182.8384,65.8198,0.5166,4,19,6
2310852,231085,Pindoretama - CE,23391,55,55,235.1332,248.7508,79.1278,0.6951,65,65,277.8847,292.9270,84.0054,0.7738,15,32,8
2310902,231090,Piquet Carneiro - CE,16616,32,32,192.5855,165.3082,71.4600,0.4478,34,34,204.6221,175.5863,75.7126,0.4491,10,20,2
2310951,231095,Pires Ferreira - CE,10606,17,17,160.2866,136.4340,41.5427,0.4092,17,17,160.2866,136.4340,44.0365,0.3860,10,5,2
2311009,231100,Poranga - CE,12065,18,18,149.1919,129.1555,47.0961,0.3822,19,19,157.4803,134.8449,49.9260,0.3806,5,9,4
2311108,231110,Porteiras - CE,17050,32,32,187.6833,184.3951,63.7969,0.5016,40,40,234.6041,231.0602,67.6672,0.5911,4,27,1
2311207,231120,Potengi - CE,8833,8,8,90.5695,85.5578,35.1570,0.2276,11,11,124.5330,113.1256,37.2603,0.2952,3,4,1
2311231,231123,Potiretama - CE,5974,9,9,150.6528,137.6399,22.1156,0.4070,11,11,184.1312,164.8372,23.4568,0.4689,2,6,1
2311264,231126,Quiterianópolis - CE,20213,48,48,237.4709,208.2134,80.6807,0.5949,52,52,257.2602,228.2002,85.5161,0.6081,12,32,4
2311306,231130,Quixadá - CE,84168,213,213,253.0653,261.2129,282.5845,0.7538,245,245,291.0845,300.5138,300.0263,0.8166,94,99,20
2311355,231135,Quixelô - CE,15910,44,44,276.5556,209.7046,70.9701,0.6200,47,47,295.4117,226.2353,75.1576,0.6254,21,17,6
2311405,231140,Quixeramobim - CE,82177,266,266,323.6915,317.3407,286.4307,0.9287,273,273,332.2097,326.2760,304.0196,0.8980,115,124,27
2311504,231150,Quixeré - CE,20874,47,47,225.1605,230.6537,69.6678,0.6746,49,49,234.7418,240.1956,73.9818,0.6623,12,31,4
2311603,231160,Redenção - CE,27214,107,107,393.1800,382.9149,96.5123,1.1087,119,119,437.2749,427.3470,102.4049,1.1621,42,56,9
2311702,231170,Reriutaba - CE,18606,55,55,295.6036,252.1396,73.9125,0.7441,68,68,365.4735,310.4185,78.3425,0.8680,26,23,6
2311801,231180,Russas - CE,72928,232,232,318.1220,322.8536,246.4786,0.9413,248,248,340.0614,345.3668,261.7084,0.9476,78,121,33
2311900,231190,Saboeiro - CE,13854,21,21,151.5808,128.6747,58.4949,0.3590,24,24,173.2352,150.9405,61.9659,0.3873,9,10,2
2311959,231195,Salitre - CE,16633,29,29,174.3522,188.8292,50.2876,0.5767,34,34,204.4129,222.0444,53.4385,0.6362,9,13,7
2312007,231200,Santana do Acaraú - CE,30628,96,96,313.4387,326.6504,101.3313,0.9474,96,96,313.4387,326.6504,107.6025,0.8922,29,57,10
2312106,231210,Santana do Cariri - CE,16954,37,37,218.2376,201.7487,60.2609,0.6140,38,38,224.1359,207.1771,63.9286,0.5944,17,18,2
2312205,231220,Santa Quitéria - CE,40183,101,101,251.3501,223.2803,155.3576,0.6501,106,106,263.7931,233.4017,164.7186,0.6435,23,69,9
2312304,231230,São Benedito - CE,47640,121,121,253.9882,263.3220,157.6054,0.7677,124,124,260.2855,270.2090,167.3285,0.7411,45,70,6
2312403,231240,São Gonçalo do Amarante - CE,54143,205,205,378.6270,472.0970,151.8689,1.3498,226,226,417.4131,518.6390,161.5450,1.3990,58,124,23
2312502,231250,São João do Jaguaribe - CE,5855,17,17,290.3501,186.2962,32.0666,0.5301,22,22,375.7472,236.2692,33.9154,0.6487,8,5,4
2312601,231260,São Luís do Curu - CE,10822,47,47,434.3005,403.4099,40.6075,1.1574,53,53,489.7431,458.7535,43.0655,1.2307,15,29,3
2312700,231270,Senador Pompeu - CE,24266,74,74,304.9534,245.3100,103.1704,0.7173,78,78,321.4374,261.6801,109.3104,0.7136,21,47,6
2312809,231280,Senador Sá - CE,7262,19,19,261.6359,280.0570,23.1458,0.8209,19,19,261.6359,280.0570,24.5864,0.7728,6,12,1
2312908,231290,Sobral - CE,203023,824,824,405.8653,494.5594,579.7807,1.4212,847,847,417.1941,506.2108,616.8243,1.3732,379,416,29
2313005,231300,Solonópole - CE,18179,50,50,275.0426,220.3992,75.7526,0.6600,52,52,286.0443,230.0225,80.2684,0.6478,20,25,5
2313104,231310,Tabuleiro do Norte - CE,30652,72,72,234.8949,209.4594,118.0644,0.6098,86,86,280.5690,251.1781,125.1851,0.6870,22,43,7
2313203,231320,Tamboril - CE,24815,82,82,330.4453,275.0370,104.0985,0.7877,85,85,342.5348,285.7715,110.2984,0.7706,14,63,5
2313252,231325,Tarrafas - CE,7529,17,17,225.7936,179.7862,32.6241,0.5211,18,18,239.0756,193.0138,34.5553,0.5209,2,14,1
2313302,231330,Tauá - CE,61227,225,225,367.4849,309.0992,250.9984,0.8964,237,237,387.0841,327.5233,266.0151,0.8909,65,129,31
2313351,231335,Tejuçuoca - CE,17154,51,51,297.3068,306.0509,54.6135,0.9338,54,54,314.7954,326.9049,58.0065,0.9309,22,23,6
2313401,231340,Tianguá - CE,81506,215,215,263.7843,339.8876,219.8140,0.9781,226,226,277.2802,356.9711,233.9605,0.9660,92,112,11
2313500,231350,Trairi - CE,58415,112,112,191.7316,209.2814,183.3517,0.6108,116,116,198.5791,216.3954,194.7763,0.5956,50,58,4
2313559,231355,Tururu - CE,15412,36,36,233.5842,243.6992,51.2524,0.7024,37,37,240.0727,250.3700,54.4170,0.6799,15,18,3
2313609,231360,Ubajara - CE,32767,77,77,234.9925,246.2688,105.4504,0.7302,79,79,241.0962,253.6907,111.9868,0.7054,31,39,7
2313708,231370,Umari - CE,6871,16,16,232.8628,174.3335,30.2222,0.5294,16,16,232.8628,174.3335,32.0104,0.4998,6,7,3
2313757,231375,Umirim - CE,17470,41,41,234.6880,253.6458,54.8228,0.7479,43,43,246.1362,266.7563,58.2401,0.7383,28,13,0
2313807,231380,Uruburetama - CE,20189,57,57,282.3320,333.9331,58.6527,0.9718,59,59,292.2383,345.1516,62.3677,0.9460,18,33,6
2313906,231390,Uruoca - CE,13746,43,43,312.8183,345.5537,42.8212,1.0042,47,47,341.9176,374.5705,45.4978,1.0330,13,27,3
2313955,231395,Varjota - CE,18105,54,54,298.2601,278.6128,65.7387,0.8214,55,55,303.7835,283.2676,69.7373,0.7887,20,28,6
2314003,231400,Várzea Alegre - CE,38984,97,97,248.8200,193.3948,164.4942,0.5897,107,107,274.4716,213.2641,174.2982,0.6139,41,44,12
2314102,231410,Viçosa do Ceará - CE,59712,176,176,294.7481,330.8781,183.7764,0.9577,183,183,306.4711,343.4101,195.2742,0.9371,67,103,6
2400109,240010,Acari - RN,10597,34,34,320.8455,239.6274,47.2893,0.7190,37,37,349.1554,259.6480,50.0869,0.7387,9,20,5
2400208,240020,Assú - RN,56496,182,182,322.1467,340.2687,184.0919,0.9886,203,203,359.3175,378.9841,195.5036,1.0383,88,75,19
2400307,240030,Afonso Bezerra - RN,10839,19,19,175.2929,174.6898,38.7996,0.4897,19,19,175.2929,174.6898,41.1644,0.4616,8,10,1
2400406,240040,Água Nova - RN,2946,6,6,203.6660,192.7961,10.5325,0.5697,7,7,237.6103,233.2652,11.1744,0.6264,4,0,2
2400505,240050,Alexandria - RN,13640,46,46,337.2434,260.5609,59.5907,0.7719,50,50,366.5689,278.8409,63.1192,0.7922,8,32,6
2400604,240060,Almino Afonso - RN,4687,17,17,362.7054,305.2243,19.8022,0.8585,17,17,362.7054,305.2243,20.9782,0.8104,5,10,2
2400703,240070,Alto do Rodrigues - RN,12484,39,39,312.3999,339.5398,39.2833,0.9928,46,46,368.4716,408.8344,41.7296,1.1023,12,23,4
2400802,240080,Angicos - RN,11632,36,36,309.4911,283.5874,44.4467,0.8100,40,40,343.8790,317.0930,47.1385,0.8486,4,24,8
2400901,240090,Antônio Martins - RN,6577,10,10,152.0450,136.3598,27.6442,0.3617,10,10,152.0450,136.3598,29.2860,0.3415,1,6,3
2401008,240100,Apodi - RN,36093,122,122,338.0157,319.9128,131.7231,0.9262,129,129,357.4100,337.8276,139.7484,0.9231,38,66,18
2401107,240110,Areia Branca - RN,24093,100,100,415.0583,398.5715,86.2069,1.1600,113,113,469.0159,449.8211,91.4534,1.2356,49,41,10
2401206,240120,Arez - RN,13251,28,28,211.3048,242.9011,41.5398,0.6741,30,30,226.3980,261.4869,44.1242,0.6799,10,15,3
2401305,240130,Campo Grande - RN,9730,13,13,133.6074,114.9435,37.4722,0.3469,15,15,154.1624,136.5091,39.7369,0.3775,3,8,2
2401404,240140,Baía Formosa - RN,8825,16,16,181.3031,196.9769,27.7052,0.5775,17,17,192.6346,210.5834,29.4236,0.5778,8,5,3
2401453,240145,Baraúna - RN,26913,31,31,115.1860,145.8681,72.9197,0.4251,37,37,137.4800,174.9537,77.5862,0.4769,14,13,4
2401503,240150,Barcelona - RN,3986,11,11,275.9659,239.9735,16.8939,0.6511,11,11,275.9659,239.9735,17.9007,0.6145,4,5,2
2401602,240160,Bento Fernandes - RN,4807,4,4,83.2120,77.0859,17.1741,0.2329,4,4,83.2120,77.0859,18.2220,0.2195,3,1,0
2401651,240165,Bodó - RN,2306,2,2,86.7303,72.8830,9.0386,0.2213,2,2,86.7303,72.8830,9.5821,0.2087,0,2,0
2401701,240170,Bom Jesus - RN,9952,21,21,211.0129,212.9748,35.8187,0.5863,26,26,261.2540,265.5580,37.9988,0.6842,8,13,0
2401800,240180,Brejinho - RN,12202,24,24,196.6891,193.0414,42.0410,0.5709,28,28,229.4706,228.5053,44.6184,0.6275,2,17,5
2401859,240185,Caiçara do Norte - RN,6293,20,20,317.8134,375.8065,18.5128,1.0803,21,21,333.7041,394.1698,19.6757,1.0673,7,11,2
2401909,240190,Caiçara do Rio do Vento - RN,3268,9,9,275.3978,270.0735,11.8797,0.7576,9,9,275.3978,270.0735,12.6035,0.7141,2,7,0
2402006,240200,Caicó - RN,61146,188,188,307.4608,270.8111,237.7545,0.7907,201,201,328.7214,289.8762,252.1166,0.7973,61,109,18
2402105,240210,Campo Redondo - RN,10215,24,24,234.9486,192.7834,42.0358,0.5709,26,26,254.5277,208.9539,44.5521,0.5836,8,10,6
2402204,240220,Canguaretama - RN,29668,55,55,185.3849,222.7724,86.4144,0.6365,63,63,212.3500,254.0208,91.8530,0.6859,21,33,1
2402303,240230,Caraúbas - RN,19727,63,63,319.3593,268.7933,80.8029,0.7797,72,72,364.9820,307.3792,85.6425,0.8407,8,41,14
2402402,240240,Carnaúba dos Dantas - RN,7992,11,11,137.6376,127.3915,29.2412,0.3762,13,13,162.6627,149.3909,31.0185,0.4191,6,5,0
2402501,240250,Carnaubais - RN,9714,26,26,267.6549,281.7646,32.0426,0.8114,30,30,308.8326,321.9894,34.0206,0.8818,6,17,3
2402600,240260,Ceará-Mirim - RN,79115,165,165,208.5572,240.0049,237.7902,0.6939,174,174,219.9330,252.8852,252.7235,0.6885,56,89,20
2402709,240270,Cerro Corá - RN,11000,18,18,163.6364,155.5112,43.2094,0.4166,18,18,163.6364,155.5112,45.8099,0.3929,4,10,4
2402808,240280,Coronel Ezequiel - RN,5117,7,7,136.7989,100.7211,21.2781,0.3290,8,8,156.3416,112.1865,22.5521,0.3547,3,2,2
2402907,240290,Coronel João Pessoa - RN,4237,7,7,165.2112,153.9242,16.8307,0.4159,8,8,188.8128,179.4398,17.8413,0.4484,2,4,1
2403004,240300,Cruzeta - RN,8005,26,26,324.7970,248.6404,34.0836,0.7628,29,29,362.2736,277.8019,36.1126,0.8030,10,12,4
2403103,240310,Currais Novos - RN,41313,142,142,343.7175,284.2559,171.5679,0.8277,150,150,363.0818,301.1134,181.8131,0.8250,28,93,21
2403202,240320,Doutor Severiano - RN,7044,17,17,241.3401,217.0599,28.0761,0.6055,18,18,255.5366,227.3266,29.7590,0.6049,6,10,1
2403251,240325,Parnamirim - RN,252716,666,666,263.5369,307.8170,746.9973,0.8916,736,736,291.2360,339.1801,794.2806,0.9266,211,405,50
2403301,240330,Encanto - RN,6016,18,18,299.2021,262.3642,22.6791,0.7937,18,18,299.2021,262.3642,24.0516,0.7484,10,6,2
2403400,240340,Equador - RN,5360,7,7,130.5970,123.7854,21.0065,0.3332,8,8,149.2537,136.4038,22.2702,0.3592,1,4,2
2403509,240350,Espírito Santo - RN,10620,18,18,169.4915,152.6775,38.4889,0.4677,21,21,197.7401,181.8767,40.8278,0.5144,6,8,4
2403608,240360,Extremoz - RN,61635,87,87,141.1536,209.9450,141.0729,0.6167,98,98,159.0006,236.2588,150.5067,0.6511,37,42,8
2403707,240370,Felipe Guerra - RN,5944,20,20,336.4738,279.6909,25.5473,0.7829,22,22,370.1211,303.6136,27.0640,0.8129,8,8,4
2403756,240375,Fernando Pedroza - RN,2938,5,5,170.1838,167.1666,11.4487,0.4367,5,5,170.1838,167.1666,12.1399,0.4119,1,3,1
2403806,240380,Florânia - RN,10196,25,25,245.1942,206.4026,41.0441,0.6091,26,26,255.0020,216.8564,43.5082,0.5976,5,18,2
2403905,240390,Francisco Dantas - RN,2700,4,4,148.1481,121.2259,11.4390,0.3497,4,4,148.1481,121.2259,12.1194,0.3300,0,4,0
2404002,240400,Frutuoso Gomes - RN,4122,15,15,363.9010,305.7828,17.7437,0.8454,16,16,388.1611,334.3069,18.7961,0.8512,0,15,0
2404101,240410,Galinhos - RN,2104,4,4,190.1141,262.4404,5.7541,0.6952,4,4,190.1141,262.4404,6.1219,0.6534,1,3,0
2404200,240420,Goianinha - RN,26741,59,59,220.6350,286.0667,72.0039,0.8194,64,64,239.3329,309.3494,76.6174,0.8353,16,39,4
2404309,240430,Governador Dix-Sept Rosado - RN,11938,32,32,268.0516,251.9302,44.6513,0.7167,35,35,293.1814,276.9238,47.3552,0.7391,12,16,4
2404408,240440,Grossos - RN,9924,21,21,211.6082,213.4006,33.7258,0.6227,22,22,221.6848,224.4542,35.8055,0.6144,5,15,1
2404507,240450,Guamaré - RN,15295,70,70,457.6659,598.5572,40.3321,1.7356,74,74,483.8182,624.5190,42.9249,1.7239,26,37,7
2404606,240460,Ielmo Marinho - RN,11615,11,11,94.7051,100.0265,37.5739,0.2928,11,11,94.7051,100.0265,39.8959,0.2757,4,4,3
2404705,240470,Ipanguaçu - RN,14131,34,34,240.6058,271.3522,43.8314,0.7757,39,39,275.9890,308.1652,46.5635,0.8376,14,17,3
2404804,240480,Ipueira - RN,2035,2,2,98.2801,72.7822,10.2616,0.1949,4,4,196.5602,117.9559,10.8590,0.3684,0,1,1
2404853,240485,Itajá - RN,7292,16,16,219.4185,227.0145,22.6232,0.7072,17,17,233.1322,240.9242,24.0335,0.7073,6,9,1
2404903,240490,Itaú - RN,5320,16,16,300.7519,261.1130,21.3233,0.7504,18,18,338.3459,291.2866,22.5989,0.7965,6,10,0
2405009,240500,Jaçanã - RN,7834,14,14,178.7082,159.9865,31.1770,0.4490,14,14,178.7082,159.9865,33.0528,0.4236,4,8,2
2405108,240510,Jandaíra - RN,6562,14,14,213.3496,245.0575,19.9480,0.7018,16,16,243.8281,286.4354,21.1990,0.7548,5,6,3
2405207,240520,Janduís - RN,4746,12,12,252.8445,211.4722,20.4373,0.5872,12,12,252.8445,211.4722,21.6482,0.5543,3,5,4
2405306,240530,Januário Cicco - RN,9051,13,13,143.6305,145.1949,31.5558,0.4120,13,13,143.6305,145.1949,33.4865,0.3882,6,5,2
2405405,240540,Japi - RN,5117,12,12,234.5124,247.8527,18.8505,0.6366,13,13,254.0551,265.0345,19.9967,0.6501,3,9,0
2405504,240550,Jardim de Angicos - RN,2437,0,0,0.0000,0.0000,9.7601,0.0000,0,0,0.0000,0.0000,10.3450,0.0000,0,0,0
2405603,240560,Jardim de Piranhas - RN,13977,50,50,357.7306,360.6553,47.9099,1.0436,56,56,400.6582,400.3160,50.8568,1.1011,24,20,6
2405702,240570,Jardim do Seridó - RN,11655,27,27,231.6602,154.9452,58.3435,0.4628,30,30,257.4003,169.8305,61.7486,0.4858,6,18,3
2405801,240580,João Câmara - RN,33290,73,73,219.2851,244.4512,99.9749,0.7302,79,79,237.3085,266.3416,106.2677,0.7434,21,48,4
2405900,240590,João Dias - RN,2076,5,5,240.8478,207.2909,7.7905,0.6418,5,5,240.8478,207.2909,8.2623,0.6052,1,1,3
2406007,240600,José da Penha - RN,5803,15,15,258.4870,193.8660,27.3024,0.5494,15,15,258.4870,193.8660,28.9086,0.5189,2,11,2
2406106,240610,Jucurutu - RN,17793,59,59,331.5911,291.4269,70.5726,0.8360,60,60,337.2113,295.3756,74.8194,0.8019,21,35,3
2406155,240615,Jundiá - RN,3739,6,6,160.4707,156.1018,14.0481,0.4271,6,6,160.4707,156.1018,14.9005,0.4027,2,3,1
2406205,240620,Lagoa d'Anta - RN,6654,10,10,150.2855,147.5871,20.9056,0.4783,12,12,180.3427,175.3640,22.2100,0.5403,6,4,0
2406304,240630,Lagoa de Pedras - RN,7338,13,13,177.1600,198.3248,25.2842,0.5142,13,13,177.1600,198.3248,26.8334,0.4845,5,8,0
2406403,240640,Lagoa de Velhos - RN,2567,10,10,389.5598,377.2446,9.2470,1.0814,10,10,389.5598,377.2446,9.8104,1.0193,2,8,0
2406502,240650,Lagoa Nova - RN,15573,29,29,186.2197,184.1644,53.9532,0.5375,30,30,192.6411,191.6478,57.2613,0.5239,4,21,4
2406601,240660,Lagoa Salgada - RN,8319,13,13,156.2688,156.8026,27.1394,0.4790,14,14,168.2895,172.0573,28.8188,0.4858,4,4,5
2406700,240670,Lajes - RN,9866,19,19,192.5806,179.1300,38.7483,0.4903,20,20,202.7164,188.9690,41.0828,0.4868,1,14,4
2406809,240680,Lajes Pintadas - RN,4787,9,9,188.0092,150.7366,19.2857,0.4667,9,9,188.0092,150.7366,20.4438,0.4402,3,6,0
2406908,240690,Lucrécia - RN,3490,8,8,229.2264,215.0402,13.7051,0.5837,8,8,229.2264,215.0402,14.5287,0.5506,1,6,1
2407005,240700,Luís Gomes - RN,9070,19,19,209.4818,183.3032,35.4818,0.5355,21,21,231.5325,203.2883,37.6101,0.5584,6,9,4
2407104,240710,Macaíba - RN,82249,210,210,255.3223,302.4424,241.2682,0.8704,233,233,283.2861,335.8556,256.5034,0.9084,98,99,13
2407203,240720,Macau - RN,27369,60,60,219.2261,210.8832,98.3152,0.6103,66,66,241.1487,232.4828,104.2941,0.6328,20,32,8
2407252,240725,Major Sales - RN,3924,13,13,331.2946,323.5613,15.4341,0.8423,14,14,356.7788,343.8669,16.3602,0.8557,2,8,3
2407302,240730,Marcelino Vieira - RN,7896,19,19,240.6282,189.2055,32.1517,0.5909,20,20,253.2928,201.1485,34.0782,0.5869,3,12,4
2407401,240740,Martins - RN,8179,12,12,146.7172,112.9009,36.9949,0.3244,15,15,183.3965,143.3929,39.1756,0.3829,0,9,3
2407500,240750,Maxaranguape - RN,10255,13,13,126.7674,143.3522,31.1185,0.4178,14,14,136.5188,155.4132,33.0597,0.4235,4,8,1
2407609,240760,Messias Targino - RN,4274,9,9,210.5756,205.5895,14.9013,0.6040,9,9,210.5756,205.5895,15.8129,0.5692,6,2,1
2407708,240770,Montanhas - RN,11444,15,15,131.0731,133.4149,41.6166,0.3604,16,16,139.8113,141.8011,44.1461,0.3624,6,7,2
2407807,240780,Monte Alegre - RN,23031,28,28,121.5753,132.4598,73.6986,0.3799,33,33,143.2851,155.2668,78.2783,0.4216,8,13,7
2407906,240790,Monte das Gameleiras - RN,2276,8,8,351.4938,329.1262,8.2268,0.9724,8,8,351.4938,329.1262,8.7296,0.9164,2,4,2
2408003,240800,Mossoró - RN,264577,708,708,267.5970,288.7435,845.7593,0.8371,756,756,285.7391,308.1216,898.4542,0.8414,250,370,88
2408102,240810,Natal - RN,751300,3034,3033,403.8334,372.5513,2812.3811,1.0784,3386,3384,450.6855,416.0222,2983.0680,1.1344,1105,1626,303
2408201,240820,Nísia Floresta - RN,31942,50,50,156.5337,190.6031,90.3525,0.5534,55,55,172.1871,210.2175,96.1216,0.5722,14,30,6
2408300,240830,Nova Cruz - RN,34269,86,86,250.9557,239.6821,122.6131,0.7014,94,94,274.3004,262.7407,130.0994,0.7225,34,39,13
2408409,240840,Olho d'Água do Borges - RN,3905,8,8,204.8656,176.5450,19.0127,0.4208,10,10,256.0819,211.2557,20.1255,0.4969,0,7,1
2408508,240850,Ouro Branco - RN,4913,7,7,142.4791,104.5016,22.9445,0.3051,7,7,142.4791,104.5016,24.2933,0.2881,2,4,1
2408607,240860,Paraná - RN,3934,5,5,127.0971,103.7421,16.0200,0.3121,6,6,152.5165,121.8116,16.9768,0.3534,2,3,0
2408706,240870,Paraú - RN,3579,12,12,335.2892,245.8759,15.7434,0.7622,14,14,391.1707,295.2045,16.6760,0.8395,4,8,0
2408805,240880,Parazinho - RN,4801,12,12,249.9479,267.9926,15.2649,0.7861,12,12,249.9479,267.9926,16.2170,0.7400,2,9,1
2408904,240890,Parelhas - RN,21499,39,39,181.4038,169.6015,81.1286,0.4807,44,44,204.6607,190.7234,86.0423,0.5114,6,28,5
2408953,240895,Rio do Fogo - RN,10351,14,14,135.2526,156.2270,31.1975,0.4488,17,17,164.2353,187.1872,33.1493,0.5128,5,8,1
2409100,240910,Passa e Fica - RN,10896,13,13,119.3098,113.4347,40.3235,0.3224,13,13,119.3098,113.4347,42.7758,0.3039,1,10,2
2409209,240920,Passagem - RN,3115,5,5,160.5136,153.5644,11.7745,0.4246,5,5,160.5136,153.5644,12.4862,0.4004,1,4,0
2409308,240930,Patu - RN,11007,34,34,308.8943,266.9686,43.5150,0.7813,38,38,345.2349,299.9363,46.1232,0.8239,11,23,0
2409332,240933,Santa Maria - RN,4847,18,18,371.3637,358.1545,16.4911,1.0915,18,18,371.3637,358.1545,17.5040,1.0283,6,11,1
2409407,240940,Pau dos Ferros - RN,30479,57,57,187.0140,188.7040,104.6584,0.5446,58,58,190.2950,191.9452,111.1168,0.5220,13,34,10
2409506,240950,Pedra Grande - RN,3618,5,5,138.1979,156.9863,10.6983,0.4674,8,8,221.1166,253.1287,11.3711,0.7035,1,4,0
2409605,240960,Pedra Preta - RN,2441,1,1,40.9668,33.8305,9.2519,0.1081,1,1,40.9668,33.8305,9.8111,0.1019,0,0,1
2409704,240970,Pedro Avelino - RN,6242,2,2,32.0410,29.9433,24.3357,0.0822,4,4,64.0820,54.6361,25.7988,0.1550,0,1,1
2409803,240980,Pedro Velho - RN,13824,25,25,180.8449,167.7559,49.5746,0.5043,28,28,202.5463,192.1472,52.5933,0.5324,3,18,4
2409902,240990,Pendências - RN,12278,51,51,415.3771,407.8464,42.2627,1.2067,57,57,464.2450,455.8275,44.8507,1.2709,22,22,7
2410009,241000,Pilões - RN,2965,8,8,269.8145,206.0226,13.2237,0.6050,10,10,337.2681,259.5007,14.0038,0.7141,1,5,2
2410108,241010,Poço Branco - RN,12390,24,24,193.7046,200.5377,40.6974,0.5897,25,25,201.7756,210.4315,43.2146,0.5785,9,11,4
2410207,241020,Portalegre - RN,7601,13,13,171.0301,129.5340,33.4242,0.3889,16,16,210.4986,159.1051,35.4020,0.4520,3,9,1
2410256,241025,Porto do Mangue - RN,5228,9,9,172.1500,213.4747,15.6568,0.5748,13,13,248.6611,302.3194,16.6387,0.7813,4,5,0
2410306,241030,Serra Caiada - RN,10125,20,20,197.5309,217.0453,32.4919,0.6155,24,24,237.0370,257.5163,34.5067,0.6955,7,12,1
2410405,241040,Pureza - RN,9362,18,18,192.2666,208.0623,29.1843,0.6168,20,20,213.6296,231.6672,30.9995,0.6452,3,14,1
2410504,241050,Rafael Fernandes - RN,5432,4,4,73.6377,65.2243,21.5492,0.1856,7,7,128.8660,115.2965,22.8468,0.3064,2,2,0
2410603,241060,Rafael Godeiro - RN,2934,4,4,136.3327,102.6828,12.6411,0.3164,4,4,136.3327,102.6828,13.3873,0.2988,0,3,1
2410702,241070,Riacho da Cruz - RN,2701,10,10,370.2332,362.8208,10.8862,0.9186,10,10,370.2332,362.8208,11.5377,0.8667,3,4,3
2410801,241080,Riacho de Santana - RN,4127,2,2,48.4614,35.5158,18.5454,0.1078,2,2,48.4614,35.5158,19.6380,0.1018,0,1,1
2410900,241090,Riachuelo - RN,7389,14,14,189.4708,202.9605,24.4311,0.5730,15,15,203.0045,216.1168,25.9416,0.5782,2,10,2
2411007,241100,Rodolfo Fernandes - RN,4242,10,10,235.7379,198.2412,17.1314,0.5837,11,11,259.3116,215.3524,18.1546,0.6059,4,4,2
2411056,241105,Tibau - RN,5382,13,13,241.5459,265.2999,16.7961,0.7740,16,16,297.2873,327.1525,17.8430,0.8967,5,7,1
2411106,241110,Ruy Barbosa - RN,3206,1,1,31.1915,36.0604,12.5514,0.0797,1,1,31.1915,36.0604,13.3069,0.0751,1,0,0
2411205,241120,Santa Cruz - RN,37313,103,103,276.0432,280.8300,127.0975,0.8104,106,106,284.0833,289.7899,134.9267,0.7856,37,59,7
2411403,241140,Santana do Matos - RN,12456,26,26,208.7347,171.5779,57.0574,0.4557,31,31,248.8760,203.9296,60.4224,0.5131,3,19,4
2411429,241142,Santana do Seridó - RN,2696,5,5,185.4599,155.8152,11.2159,0.4458,5,5,185.4599,155.8152,11.8864,0.4206,1,2,2
2411502,241150,Santo Antônio - RN,22177,71,71,320.1515,305.4041,79.0068,0.8987,75,75,338.1882,321.4463,83.8358,0.8946,23,39,9
2411601,241160,São Bento do Norte - RN,3304,2,2,60.5327,69.2860,11.2906,0.1771,2,2,60.5327,69.2860,11.9842,0.1669,0,1,1
2411700,241170,São Bento do Trairí - RN,3792,5,5,131.8565,114.1565,14.1996,0.3521,5,5,131.8565,114.1565,15.0613,0.3320,3,1,1
2411809,241180,São Fernando - RN,3492,5,5,143.1844,115.8111,15.8235,0.3160,5,5,143.1844,115.8111,16.7577,0.2984,2,3,0
2411908,241190,São Francisco do Oeste - RN,4161,5,5,120.1634,122.9838,16.4111,0.3047,7,7,168.2288,165.3609,17.3976,0.4024,2,3,0
2412005,241200,São Gonçalo do Amarante - RN,115838,250,250,215.8186,292.6120,302.0784,0.8276,282,282,243.4434,326.2498,321.6625,0.8767,86,148,16
2412104,241210,São João do Sabugi - RN,5956,14,14,235.0571,156.2963,27.8704,0.5023,15,15,251.8469,171.8416,29.5084,0.5083,5,5,4
2412203,241220,São José de Mipibu - RN,47286,100,100,211.4791,244.2269,140.8576,0.7099,112,112,236.8566,272.8577,149.7186,0.7481,37,60,3
2412302,241230,São José do Campestre - RN,11121,27,27,242.7839,222.6327,42.9095,0.6292,28,28,251.7759,233.0735,45.5011,0.6154,12,15,0
2412401,241240,São José do Seridó - RN,4558,3,3,65.8183,67.1001,17.0855,0.1756,3,3,65.8183,67.1001,18.1230,0.1655,0,2,1
2412500,241250,São Miguel - RN,23537,63,63,267.6637,250.9352,86.4096,0.7291,69,69,293.1555,274.3480,91.6587,0.7528,12,42,9
2412559,241255,São Miguel do Gostoso - RN,10221,19,19,185.8918,231.4728,28.0898,0.6764,20,20,195.6756,239.6936,29.8890,0.6691,10,7,2
2412609,241260,São Paulo do Potengi - RN,16786,52,52,309.7820,280.6651,62.8616,0.8272,57,57,339.5687,309.0320,66.6724,0.8549,16,30,6
2412708,241270,São Pedro - RN,5776,15,15,259.6953,228.6321,22.8862,0.6554,16,16,277.0083,248.4424,24.2595,0.6595,5,7,3
2412807,241280,São Rafael - RN,7711,20,20,259.3697,198.1365,34.4702,0.5802,22,22,285.3067,212.8511,36.5088,0.6026,6,9,5
2412906,241290,São Tomé - RN,9972,29,29,290.8143,219.4390,45.6785,0.6349,31,31,310.8704,240.0742,48.3724,0.6409,7,20,2
2413003,241300,São Vicente - RN,6310,3,3,47.5436,33.3796,25.4432,0.1179,3,3,47.5436,33.3796,26.9691,0.1112,1,2,0
2413102,241310,Senador Elói de Souza - RN,5965,9,9,150.8801,151.6101,21.6621,0.4155,11,11,184.4091,189.1159,22.9779,0.4787,1,7,1
2413201,241320,Senador Georgino Avelino - RN,4065,7,7,172.2017,206.4550,11.3771,0.6153,8,8,196.8020,235.9966,12.0970,0.6613,1,6,0
2413300,241330,Serra de São Bento - RN,5703,4,4,70.1385,47.8029,21.9174,0.1825,5,5,87.6732,67.0481,23.2403,0.2151,1,3,0
2413359,241335,Serra do Mel - RN,13091,24,24,183.3321,210.5501,37.3853,0.6420,28,28,213.8874,243.6118,39.7553,0.7043,9,13,2
2413409,241340,Serra Negra do Norte - RN,7597,26,26,342.2404,292.5558,30.8305,0.8433,29,29,381.7296,324.5283,32.6779,0.8874,10,10,6
2413508,241350,Serrinha - RN,6436,12,12,186.4512,185.5671,24.4788,0.4902,15,15,233.0640,229.5809,25.9575,0.5779,1,10,1
2413557,241355,Serrinha dos Pintos - RN,4659,9,9,193.1745,151.1147,20.2633,0.4442,9,9,193.1745,151.1147,21.4632,0.4193,2,3,4
2413607,241360,Severiano Melo - RN,5487,16,16,291.5983,254.5587,22.7817,0.7023,17,17,309.8232,270.9908,24.1421,0.7042,9,6,1
2413706,241370,Sítio Novo - RN,4654,13,13,279.3296,233.3900,17.7324,0.7331,16,16,343.7903,287.8041,18.8040,0.8509,4,6,3
2413805,241380,Taboleiro Grande - RN,2338,4,4,171.0864,159.0664,8.3881,0.4769,4,4,171.0864,159.0664,8.8989,0.4495,3,1,0
2413904,241390,Taipu - RN,11422,20,20,175.1007,181.4368,38.9702,0.5132,21,21,183.8557,188.9909,41.3626,0.5077,8,11,1
2414001,241400,Tangará - RN,13281,34,34,256.0048,253.2892,45.1718,0.7527,34,34,256.0048,253.2892,47.9496,0.7091,17,14,3
2414100,241410,Tenente Ananias - RN,10262,28,28,272.8513,255.1772,37.9652,0.7375,31,31,302.0854,282.3921,40.2710,0.7698,3,20,5
2414159,241415,Tenente Laurentino Cruz - RN,5891,8,8,135.8004,157.3931,17.6843,0.4524,8,8,135.8004,157.3931,18.7918,0.4257,0,7,1
2414209,241420,Tibau do Sul - RN,16929,25,25,147.6756,213.8262,42.1914,0.5925,27,27,159.4896,223.7589,44.9577,0.6006,7,14,4
2414308,241430,Timbaúba dos Batistas - RN,2348,7,7,298.1261,218.7484,10.8832,0.6432,8,8,340.7155,241.3353,11.5249,0.6941,1,5,1
2414407,241440,Touros - RN,33035,48,48,145.3004,169.5916,97.0603,0.4945,51,51,154.3817,178.9399,103.1762,0.4943,26,19,3
2414456,241445,Triunfo Potiguar - RN,3376,5,5,148.1043,140.9036,11.8759,0.4210,5,5,148.1043,140.9036,12.6015,0.3968,1,2,2
2414506,241450,Umarizal - RN,10078,27,27,267.9103,205.1343,42.5071,0.6352,28,28,277.8329,214.3734,45.0433,0.6216,12,13,2
2414605,241460,Upanema - RN,13577,22,22,162.0387,166.1026,45.9959,0.4783,23,23,169.4041,172.4472,48.8264,0.4711,9,10,3
2414704,241470,Várzea - RN,5233,12,12,229.3140,188.3001,21.7868,0.5508,13,13,248.4235,210.2497,23.0862,0.5631,5,6,1
2414753,241475,Venha-Ver - RN,3014,5,5,165.8925,155.4023,11.2805,0.4432,5,5,165.8925,155.4023,11.9621,0.4180,3,1,1
2414803,241480,Vera Cruz - RN,10735,28,28,260.8291,279.7469,36.8175,0.7605,31,31,288.7750,307.5630,39.0797,0.7933,9,15,4
2414902,241490,Viçosa - RN,1822,2,2,109.7695,115.8034,7.0213,0.2848,3,3,164.6542,168.2548,7.4450,0.4030,1,1,0
2415008,241500,Vila Flor - RN,3174,5,5,157.5299,171.5566,8.9400,0.5593,6,6,189.0359,207.1617,9.5092,0.6310,1,3,1
2500106,250010,Água Branca - PB,9335,10,10,107.1237,114.8402,33.9557,0.2945,12,12,128.5485,137.6033,36.0181,0.3332,3,6,1
2500205,250020,Aguiar - PB,5003,7,7,139.9161,103.7837,21.7351,0.3221,8,8,159.9041,116.0592,23.0207,0.3475,0,6,1
2500304,250030,Alagoa Grande - PB,26062,81,81,310.7973,269.4730,102.8188,0.7878,87,87,333.8194,292.2277,108.9858,0.7983,27,43,11
2500403,250040,Alagoa Nova - PB,21013,37,37,176.0815,174.2001,73.7194,0.5019,39,39,185.5994,183.1054,78.2231,0.4986,11,24,2
2500502,250050,Alagoinha - PB,13725,26,26,189.4353,188.6336,46.7463,0.5562,31,31,225.8652,224.5551,49.6170,0.6248,14,11,1
2500536,250053,Alcantil - PB,5578,11,11,197.2033,187.5923,19.6938,0.5586,11,11,197.2033,187.5923,20.8962,0.5264,0,10,1
2500577,250057,Algodão de Jandaíra - PB,2953,2,2,67.7277,71.0557,9.6024,0.2083,2,2,67.7277,71.0557,10.1955,0.1962,0,1,1
2500601,250060,Alhandra - PB,21730,59,59,271.5140,365.5441,56.5454,1.0434,62,62,285.3198,380.8201,60.1794,1.0303,23,26,10
2500700,250070,São João do Rio do Peixe - PB,17964,34,34,189.2674,138.3074,79.0390,0.4302,44,44,244.9343,180.6497,83.7206,0.5256,8,23,3
2500734,250073,Amparo - PB,2234,6,6,268.5765,258.6207,7.9441,0.7553,7,7,313.3393,295.0511,8.4269,0.8307,1,5,0
2500775,250077,Aparecida - PB,7960,15,15,188.4422,155.4022,33.9646,0.4416,17,17,213.5678,176.3272,35.9811,0.4725,7,6,2
2500809,250080,Araçagi - PB,16646,33,33,198.2458,183.1158,66.9162,0.4932,35,35,210.2607,193.7985,70.9231,0.4935,6,25,2
2500908,250090,Arara - PB,12212,35,35,286.6033,205.3083,58.4775,0.5985,37,37,302.9807,217.2709,61.9040,0.5977,9,22,4
2501005,250100,Araruna - PB,17189,23,23,133.8065,118.7232,64.0228,0.3592,23,23,133.8065,118.7232,67.8935,0.3388,15,6,2
2501104,250110,Areia - PB,22633,48,48,212.0797,204.0781,82.1725,0.5841,50,50,220.9164,213.5124,87.1632,0.5736,6,36,6
2501153,250115,Areia de Baraúnas - PB,2005,8,8,399.0025,322.1291,7.9506,1.0062,8,8,399.0025,322.1291,8.4297,0.9490,1,6,1
2501203,250120,Areial - PB,7128,16,16,224.4669,211.7661,28.8140,0.5553,16,16,224.4669,211.7661,30.5342,0.5240,1,10,5
2501302,250130,Aroeiras - PB,18705,25,25,133.6541,125.0918,72.0962,0.3468,29,29,155.0388,144.1549,76.4377,0.3794,7,16,2
2501351,250135,Assunção - PB,4152,6,6,144.5087,167.9926,14.1433,0.4242,6,6,144.5087,167.9926,15.0088,0.3998,1,4,1
2501401,250140,Baía da Traição - PB,9224,16,16,173.4605,216.7102,24.0005,0.6667,18,18,195.1431,245.7230,25.5399,0.7048,9,6,1
2501500,250150,Bananeiras - PB,23134,37,37,159.9378,153.7512,85.9179,0.4306,41,41,177.2283,171.6817,91.1247,0.4499,3,33,1
2501534,250153,Baraúna - PB,4762,6,6,125.9975,114.3690,19.7827,0.3033,9,9,188.9962,179.0090,20.9616,0.4294,1,5,0
2501575,250157,Barra de Santana - PB,8059,12,12,148.9018,127.3059,33.3540,0.3598,12,12,148.9018,127.3059,35.3427,0.3395,4,6,2
2501609,250160,Barra de Santa Rosa - PB,12904,15,15,116.2430,106.2213,55.8240,0.2687,17,17,131.7421,120.9421,59.1334,0.2875,2,12,1
2501708,250170,Barra de São Miguel - PB,5906,11,11,186.2513,168.9085,23.3427,0.4712,11,11,186.2513,168.9085,24.7461,0.4445,0,11,0
2501807,250180,Bayeux - PB,82742,277,277,334.7756,367.0848,261.8778,1.0577,307,307,371.0328,405.5262,278.1283,1.1038,113,133,31
2501906,250190,Belém - PB,16401,56,56,341.4426,296.2256,67.8205,0.8257,61,61,371.9285,328.8532,71.8686,0.8488,22,28,6
2502003,250200,Belém do Brejo do Cruz - PB,6268,12,12,191.4486,154.9806,25.0080,0.4798,13,13,207.4027,171.1405,26.5053,0.4905,3,3,6
2502052,250205,Bernardino Batista - PB,3504,5,5,142.6941,128.9590,11.6808,0.4281,6,6,171.2329,165.5020,12.3979,0.4840,1,3,1
2502102,250210,Boa Ventura - PB,5207,13,13,249.6639,229.2744,20.1873,0.6440,13,13,249.6639,229.2744,21.4022,0.6074,3,10,0
2502151,250215,Boa Vista - PB,6377,18,18,282.2644,261.6608,24.3214,0.7401,18,18,282.2644,261.6608,25.7901,0.6979,1,15,2
2502201,250220,Bom Jesus - PB,2286,3,3,131.2336,77.8857,9.5236,0.3150,6,6,262.4672,184.3168,10.0914,0.5946,3,0,0
2502300,250230,Bom Sucesso - PB,4661,6,6,128.7277,98.8823,24.5076,0.2448,6,6,128.7277,98.8823,25.9253,0.2314,0,6,0
2502409,250240,Bonito de Santa Fé - PB,10252,12,12,117.0503,119.5377,34.4175,0.3487,18,18,175.5755,183.1286,36.5295,0.4928,7,5,0
2502508,250250,Boqueirão - PB,17598,66,66,375.0426,363.8463,61.6269,1.0710,68,68,386.4075,376.4337,65.3964,1.0398,18,40,8
2502607,250260,Igaracy - PB,5648,10,10,177.0538,130.9736,23.5194,0.4252,11,11,194.7592,148.5878,24.9188,0.4414,2,6,2
2502706,250270,Borborema - PB,4214,14,14,332.2259,329.5516,16.5077,0.8481,15,15,355.9563,357.4547,17.4955,0.8574,1,13,0
2502805,250280,Brejo do Cruz - PB,13613,22,22,161.6102,161.5610,47.4614,0.4635,27,27,198.3398,196.0238,50.3736,0.5360,8,12,2
2502904,250290,Brejo dos Santos - PB,5742,9,9,156.7398,128.8673,24.2326,0.3714,10,10,174.1553,139.4714,25.6740,0.3895,1,8,0
2503001,250300,Caaporã - PB,21193,40,40,188.7416,255.4735,54.7987,0.7299,50,50,235.9270,316.9015,58.3205,0.8573,16,17,7
2503100,250310,Cabaceiras - PB,5335,8,8,149.9531,124.1554,22.4758,0.3559,8,8,149.9531,124.1554,23.8123,0.3360,0,5,3
2503209,250320,Cabedelo - PB,66519,224,224,336.7459,371.3211,208.2032,1.0759,244,244,366.8125,404.0205,221.1601,1.1033,86,119,19
2503308,250330,Cachoeira dos Índios - PB,9151,19,19,207.6276,178.8575,37.0102,0.5134,27,27,295.0497,257.4537,39.2286,0.6883,7,10,2
2503407,250340,Cacimba de Areia - PB,3291,4,4,121.5436,119.9775,11.9207,0.3356,4,4,121.5436,119.9775,12.6461,0.3163,0,3,1
2503506,250350,Cacimba de Dentro - PB,16064,44,44,273.9044,233.2963,66.7298,0.6594,48,48,298.8048,259.5892,70.7056,0.6789,17,26,1
2503555,250355,Cacimbas - PB,7223,10,10,138.4466,162.3150,21.9435,0.4557,10,10,138.4466,162.3150,23.3077,0.4290,3,5,2
2503605,250360,Caiçara - PB,6602,12,12,181.7631,177.3540,25.3657,0.4731,15,15,227.2039,221.1663,26.8927,0.5578,8,3,1
2503704,250370,Cajazeiras - PB,63239,163,163,257.7523,244.2469,229.2010,0.7112,219,219,346.3053,328.6235,243.1989,0.9005,63,86,14
2503753,250375,Cajazeirinhas - PB,2740,1,1,36.4964,35.8726,10.7100,0.0934,1,1,36.4964,35.8726,11.3520,0.0881,0,1,0
2503803,250380,Caldas Brandão - PB,5753,11,11,191.2046,175.6116,20.8469,0.5277,11,11,191.2046,175.6116,22.1171,0.4974,4,4,3
2503902,250390,Camalaú - PB,6085,10,10,164.3385,138.7454,24.7507,0.4040,10,10,164.3385,138.7454,26.2280,0.3813,4,5,1
2504009,250400,Campina Grande - PB,419379,1317,1317,314.0358,318.4635,1427.5076,0.9226,1378,1378,328.5811,333.0474,1515.5072,0.9093,432,803,82
2504033,250403,Capim - PB,6970,14,14,200.8608,252.4314,18.7557,0.7464,15,15,215.2080,271.8232,19.9517,0.7518,8,4,2
2504074,250407,Caraúbas - PB,3944,6,6,152.1298,130.2593,16.5838,0.3618,6,6,152.1298,130.2593,17.5701,0.3415,1,5,0
2504108,250410,Carrapateira - PB,2312,5,5,216.2630,223.8477,7.7492,0.6452,6,6,259.5156,262.5153,8.2294,0.7291,2,3,0
2504157,250415,Casserengue - PB,6889,21,21,304.8338,262.4997,28.3499,0.7407,23,23,333.8656,286.3680,30.0428,0.7656,5,15,1
2504207,250420,Catingueira - PB,4491,8,8,178.1340,166.1774,16.7970,0.4763,9,9,200.4008,190.5199,17.8110,0.5053,1,7,0
2504306,250430,Catolé do Rocha - PB,30661,64,64,208.7342,188.2436,116.9616,0.5472,68,68,221.7801,200.3399,124.0376,0.5482,20,41,3
2504355,250435,Caturité - PB,5254,8,8,152.2649,154.1761,18.2240,0.4390,9,9,171.2981,176.5647,19.3400,0.4654,3,5,0
2504405,250440,Conceição - PB,18260,34,34,186.1993,173.4404,67.9489,0.5004,35,35,191.6758,179.1080,72.0672,0.4857,11,20,3
2504504,250450,Condado - PB,6451,10,10,155.0147,127.4967,27.2649,0.3668,11,11,170.5162,138.4612,28.8833,0.3808,7,2,1
2504603,250460,Conde - PB,27605,44,44,159.3914,210.8078,73.8034,0.5962,52,52,188.3717,248.6150,78.5222,0.6622,14,29,1
2504702,250470,Congo - PB,4933,17,17,344.6179,320.4468,19.6635,0.8645,17,17,344.6179,320.4468,20.8461,0.8155,3,13,1
2504801,250480,Coremas - PB,14683,37,37,251.9921,235.3195,55.5737,0.6658,41,41,279.2345,261.1712,58.9289,0.6958,12,22,3
2504850,250485,Coxixola - PB,1824,4,4,219.2982,155.5779,9.2399,0.4329,4,4,219.2982,155.5779,9.7791,0.4090,2,2,0
2504900,250490,Cruz do Espírito Santo - PB,17095,31,31,181.3396,217.4946,48.2708,0.6422,32,32,187.1892,223.1878,51.3275,0.6234,18,10,3
2505006,250500,Cubati - PB,7580,16,16,211.0818,195.3371,28.1535,0.5683,16,16,211.0818,195.3371,29.8629,0.5358,2,13,1
2505105,250510,Cuité - PB,19719,29,29,147.0663,115.5868,84.4830,0.3433,32,32,162.2800,128.5146,89.5114,0.3575,4,23,2
2505204,250520,Cuitegi - PB,6730,19,19,282.3180,301.3344,22.4470,0.8464,23,23,341.7533,360.0332,23.8295,0.9652,7,12,0
2505238,250523,Cuité de Mamanguape - PB,6251,11,11,175.9718,163.4379,23.8252,0.4617,16,16,255.9590,239.5038,25.2623,0.6334,7,3,1
2505279,250527,Curral de Cima - PB,5254,9,9,171.2981,152.6242,20.6069,0.4367,9,9,171.2981,152.6242,21.8431,0.4120,4,4,1
2505303,250530,Curral Velho - PB,2292,1,1,43.6300,37.0276,8.1427,0.1228,1,1,43.6300,37.0276,8.6397,0.1157,0,1,0
2505352,250535,Damião - PB,4982,7,7,140.5058,131.0768,19.1678,0.3652,8,8,160.5781,144.8493,20.3246,0.3936,2,3,2
2505402,250540,Desterro - PB,8067,11,11,136.3580,124.8650,29.3143,0.3752,11,11,136.3580,124.8650,31.0927,0.3538,3,8,0
2505501,250550,Vista Serrana - PB,3641,7,7,192.2549,201.9768,12.5787,0.5565,8,8,219.7199,230.8314,13.3513,0.5992,2,4,1
2505600,250560,Diamante - PB,6299,12,12,190.5064,177.0676,23.5190,0.5102,12,12,190.5064,177.0676,24.9444,0.4811,5,6,1
2505709,250570,Dona Inês - PB,10380,23,23,221.5800,220.8837,38.3838,0.5992,23,23,221.5800,220.8837,40.7088,0.5650,4,18,1
2505808,250580,Duas Estradas - PB,3327,16,16,480.9137,381.9530,14.1277,1.1325,19,19,571.0851,447.8073,14.9677,1.2694,2,12,2
2505907,250590,Emas - PB,3011,5,5,166.0578,162.2618,10.1332,0.4934,5,5,166.0578,162.2618,10.7542,0.4649,4,0,1
2506004,250600,Esperança - PB,31231,100,100,320.1947,314.5088,113.1563,0.8837,105,105,336.2044,331.0506,120.0352,0.8747,15,73,12
2506103,250610,Fagundes - PB,11049,28,28,253.4166,234.6420,43.0612,0.6502,30,30,271.5178,250.7723,45.6476,0.6572,6,21,1
2506202,250620,Frei Martinho - PB,2846,6,6,210.8222,131.9478,14.1086,0.4253,6,6,210.8222,131.9478,14.9333,0.4018,0,6,0
2506251,250625,Gado Bravo - PB,8179,13,13,158.9436,148.9086,30.1887,0.4306,15,15,183.3965,168.8970,32.0188,0.4685,2,9,2
2506301,250630,Guarabira - PB,57484,162,162,281.8175,284.3604,198.1871,0.8174,177,177,307.9118,310.6355,210.3536,0.8414,71,80,11
2506400,250640,Gurinhém - PB,13766,14,14,101.6998,96.7017,50.4054,0.2777,17,17,123.4927,116.3274,53.4615,0.3180,4,9,1
2506509,250650,Gurjão - PB,3242,13,13,400.9870,337.1185,13.3598,0.9731,15,15,462.6774,393.3708,14.1574,1.0595,4,7,2
2506608,250660,Ibiara - PB,5631,5,5,88.7942,72.1698,24.4563,0.2044,6,6,106.5530,92.2159,25.9041,0.2316,2,2,1
2506707,250670,Imaculada - PB,10392,10,10,96.2279,111.3175,34.0118,0.2940,10,10,96.2279,111.3175,36.1055,0.2770,5,5,0
2506806,250680,Ingá - PB,17692,50,50,282.6136,255.5795,68.2239,0.7329,51,51,288.2659,261.6121,72.3312,0.7051,20,27,3
2506905,250690,Itabaiana - PB,23182,77,77,332.1543,295.8776,92.0504,0.8365,85,85,366.6638,325.2435,97.5731,0.8711,29,41,7
2507002,250700,Itaporanga - PB,23940,34,34,142.0217,148.0916,80.6415,0.4216,37,37,154.5530,160.8350,85.6064,0.4322,20,13,1
2507101,250710,Itapororoca - PB,18382,38,38,206.7240,202.6214,63.3220,0.6001,41,41,223.0443,219.2878,67.2047,0.6101,10,22,6
2507200,250720,Itatuba - PB,10499,23,23,219.0685,214.1450,37.9482,0.6061,24,24,228.5932,221.7757,40.2524,0.5962,6,17,0
2507309,250730,Jacaraú - PB,14477,39,39,269.3928,249.5447,55.5545,0.7020,41,41,283.2078,262.4711,58.8975,0.6961,10,28,1
2507408,250740,Jericó - PB,7516,14,14,186.2693,148.6956,32.5801,0.4297,15,15,199.5742,158.1682,34.5121,0.4346,5,9,0
2507507,250750,João Pessoa - PB,833932,3187,3187,382.1655,397.8332,2771.0624,1.1501,3449,3449,413.5829,430.4169,2942.5581,1.1721,1122,1786,279
2507606,250760,Juarez Távora - PB,7796,16,16,205.2335,197.0043,28.7367,0.5568,16,16,205.2335,197.0043,30.4838,0.5249,6,6,4
2507705,250770,Juazeirinho - PB,17007,27,27,158.7582,169.2725,54.0726,0.4993,27,27,158.7582,169.2725,57.4236,0.4702,5,18,4
2507804,250780,Junco do Seridó - PB,6793,12,12,176.6524,153.6975,25.4887,0.4708,12,12,176.6524,153.6975,27.0283,0.4440,4,7,1
2507903,250790,Juripiranga - PB,10012,31,31,309.6284,292.2278,35.0237,0.8851,34,34,339.5925,325.4163,37.1653,0.9148,13,16,2
2508000,250800,Juru - PB,9234,15,15,162.4431,150.6865,34.5216,0.4345,16,16,173.2727,160.1768,36.6051,0.4371,3,12,0
2508109,250810,Lagoa - PB,4415,5,5,113.2503,91.2370,19.4201,0.2575,5,5,113.2503,91.2370,20.5679,0.2431,1,4,0
2508208,250820,Lagoa de Dentro - PB,7819,8,8,102.3149,87.1220,31.5880,0.2533,8,8,102.3149,87.1220,33.4761,0.2390,2,5,1
2508307,250830,Lagoa Seca - PB,27730,61,61,219.9784,220.1889,94.6007,0.6448,64,64,230.7970,231.0948,100.4036,0.6374,19,33,9
2508406,250840,Lastro - PB,3162,4,4,126.5022,115.9840,13.3563,0.2995,4,4,126.5022,115.9840,14.1509,0.2827,0,4,0
2508505,250850,Livramento - PB,6877,6,6,87.2473,78.6939,26.8804,0.2232,7,7,101.7886,88.6880,28.4901,0.2457,1,3,2
2508554,250855,Logradouro - PB,4797,9,9,187.6173,191.2358,16.1459,0.5574,11,11,229.3100,243.3831,17.1412,0.6417,5,2,2
2508604,250860,Lucena - PB,12560,22,22,175.1592,211.8478,36.1206,0.6091,27,27,214.9682,259.9134,38.3910,0.7033,10,11,1
2508703,250870,Mãe d'Água - PB,3583,8,8,223.2766,198.3936,14.6536,0.5459,8,8,223.2766,198.3936,15.5267,0.5152,1,6,1
2508802,250880,Malta - PB,6046,15,15,248.0979,206.0635,24.8517,0.6036,17,17,281.1776,226.1407,26.3358,0.6455,3,10,2
2508901,250890,Mamanguape - PB,44599,102,102,228.7047,259.2143,135.5301,0.7526,110,110,246.6423,279.1453,144.0078,0.7638,39,47,16
2509008,250900,Manaíra - PB,10434,7,7,67.0884,77.0093,36.4837,0.1919,9,9,86.2565,101.2800,38.7100,0.2325,0,6,1
2509057,250905,Marcação - PB,8999,10,10,111.1235,156.9098,23.3687,0.4279,13,13,144.4605,189.8993,24.8733,0.5226,4,6,0
2509107,250910,Mari - PB,21512,48,48,223.1313,195.9609,83.5367,0.5746,52,52,241.7255,211.0582,88.5631,0.5872,11,28,9
2509156,250915,Marizópolis - PB,6705,9,9,134.2282,136.0275,25.6998,0.3502,15,15,223.7136,213.6443,27.2469,0.5505,2,6,1
2509206,250920,Massaranduba - PB,14139,25,25,176.8159,175.0923,51.8880,0.4818,27,27,190.9612,189.4413,55.0422,0.4905,8,13,4
2509305,250930,Mataraca - PB,8244,17,17,206.2106,267.6460,22.1585,0.7672,17,17,206.2106,267.6460,23.5725,0.7212,6,8,3
2509339,250933,Matinhas - PB,4571,8,8,175.0164,157.5801,15.8523,0.5047,8,8,175.0164,157.5801,16.8207,0.4756,2,6,0
2509370,250937,Mato Grosso - PB,2543,3,3,117.9709,96.9564,10.2077,0.2939,3,3,117.9709,96.9564,10.8192,0.2773,1,1,1
2509396,250939,Maturéia - PB,6433,13,13,202.0830,232.3368,20.8391,0.6238,14,14,217.6279,245.8619,22.1344,0.6325,1,10,2
2509404,250940,Mogeiro - PB,13899,22,22,158.2848,158.2714,48.4106,0.4544,24,24,172.6743,174.5440,51.3782,0.4671,6,13,3
2509503,250950,Montadas - PB,5812,13,13,223.6752,203.0668,21.0890,0.6164,14,14,240.8809,221.9382,22.3687,0.6259,3,6,4
2509602,250960,Monte Horebe - PB,4338,9,9,207.4689,192.4364,16.4698,0.5465,10,10,230.5210,216.7817,17.4636,0.5726,0,8,1
2509701,250970,Monteiro - PB,32277,89,89,275.7381,249.4488,126.1550,0.7055,94,94,291.2290,264.3698,133.7388,0.7029,21,56,12
2509800,250980,Mulungu - PB,8791,24,24,273.0065,241.6457,32.6338,0.7354,26,26,295.7570,264.9022,34.6082,0.7513,14,9,1
2509909,250990,Natuba - PB,8945,8,8,89.4354,83.4326,33.8927,0.2360,10,10,111.7943,107.6141,35.9353,0.2783,1,5,2
2510006,251000,Nazarezinho - PB,7203,20,20,277.6621,254.4550,30.0572,0.6654,21,21,291.5452,267.4911,31.8468,0.6594,3,17,0
2510105,251010,Nova Floresta - PB,9724,23,23,236.5282,203.5622,39.9107,0.5763,23,23,236.5282,203.5622,42.2943,0.5438,7,14,2
2510204,251020,Nova Olinda - PB,5787,9,9,155.5210,149.8566,20.3551,0.4421,11,11,190.0812,177.7170,21.5974,0.5093,2,6,1
2510303,251030,Nova Palmeira - PB,4259,6,6,140.8781,103.0125,17.9624,0.3340,6,6,140.8781,103.0125,19.0322,0.3153,0,5,1
2510402,251040,Olho d'Água - PB,6060,12,12,198.0198,186.3755,22.2544,0.5392,14,14,231.0231,217.2822,23.6009,0.5932,5,5,2
2510501,251050,Olivedos - PB,3580,4,4,111.7318,92.2971,15.7835,0.2534,5,5,139.6648,116.9011,16.7150,0.2991,2,2,0
2510600,251060,Ouro Velho - PB,2918,3,3,102.8101,70.8890,13.0482,0.2299,3,3,102.8101,70.8890,13.8164,0.2171,0,2,1
2510659,251065,Parari - PB,1720,2,2,116.2791,129.6928,8.0583,0.2482,3,3,174.4186,160.6337,8.5297,0.3517,0,2,0
2510709,251070,Passagem - PB,2463,1,1,40.6009,37.8901,8.7235,0.1146,2,2,81.2018,74.4070,9.2550,0.2161,0,1,0
2510808,251080,Patos - PB,103165,256,256,248.1462,253.3221,347.1147,0.7375,271,271,262.6860,268.7911,368.5252,0.7354,95,138,23
2510907,251090,Paulista - PB,11834,13,13,109.8530,97.4202,45.9805,0.2827,13,13,109.8530,97.4202,48.7504,0.2667,3,8,2
2511004,251100,Pedra Branca - PB,3739,7,7,187.2158,171.8643,14.2984,0.4896,7,7,187.2158,171.8643,15.1597,0.4618,1,5,1
2511103,251110,Pedra Lavrada - PB,6859,4,4,58.3175,42.0574,29.8075,0.1342,4,4,58.3175,42.0574,31.5756,0.1267,1,2,1
2511202,251120,Pedras de Fogo - PB,29662,60,60,202.2790,214.5195,94.4831,0.6350,66,66,222.5069,235.9086,100.3524,0.6577,37,21,2
2511301,251130,Piancó - PB,16441,43,43,261.5413,238.7887,63.9759,0.6721,46,46,279.7883,253.8388,67.8316,0.6782,11,29,3
2511400,251140,Picuí - PB,18333,41,41,223.6404,212.0620,70.6657,0.5802,48,48,261.8229,247.0624,74.9288,0.6406,5,34,2
2511509,251150,Pilar - PB,12311,24,24,194.9476,197.6369,41.0109,0.5852,33,33,268.0530,273.4571,43.5355,0.7580,12,8,4
2511608,251160,Pilões - PB,6815,14,14,205.4292,199.9643,23.4492,0.5970,14,14,205.4292,199.9643,24.8857,0.5626,5,7,2
2511707,251170,Pilõezinhos - PB,5329,16,16,300.2439,338.6175,17.5739,0.9104,16,16,300.2439,338.6175,18.6594,0.8575,6,10,0
2511806,251180,Pirpirituba - PB,9340,24,24,256.9593,253.5564,34.0663,0.7045,27,27,289.0792,285.9292,36.1322,0.7473,8,14,2
2511905,251190,Pitimbu - PB,16751,26,26,155.2146,187.8546,44.3324,0.5865,31,31,185.0636,226.5777,47.1599,0.6573,9,14,3
2512002,251200,Pocinhos - PB,17469,24,24,137.3862,128.0749,62.8382,0.3819,29,29,166.0084,156.0226,66.6531,0.4351,5,18,1
2512036,251203,Poço Dantas - PB,3830,4,4,104.4386,91.5841,14.2343,0.2810,5,5,130.5483,121.9988,15.0965,0.3312,1,2,1
2512077,251207,Poço de José de Moura - PB,4006,6,6,149.7753,104.7393,18.6072,0.3225,10,10,249.6256,181.3608,19.7010,0.5076,0,5,1
2512101,251210,Pombal - PB,32473,80,80,246.3585,206.7783,132.9086,0.6019,84,84,258.6764,218.4867,140.8550,0.5964,22,51,7
2512200,251220,Prata - PB,3915,7,7,178.7995,175.6971,16.6870,0.4195,7,7,178.7995,175.6971,17.6765,0.3960,3,3,1
2512309,251230,Princesa Isabel - PB,21114,51,51,241.5459,236.1970,74.6675,0.6830,57,57,269.9631,264.9540,79.2301,0.7194,13,36,2
2512408,251240,Puxinanã - PB,14277,16,16,112.0684,115.8717,47.9128,0.3339,17,17,119.0726,124.0466,50.8610,0.3342,6,10,0
2512507,251250,Queimadas - PB,47658,93,93,195.1404,197.0562,161.6430,0.5753,99,99,207.7301,208.9394,171.5924,0.5769,23,64,6
2512606,251260,Quixaba - PB,1743,0,0,0.0000,0.0000,6.2754,0.0000,2,2,114.7447,118.5414,6.6565,0.3005,0,0,0
2512705,251270,Remígio - PB,17885,35,35,195.6947,173.5900,69.4264,0.5041,35,35,195.6947,173.5900,73.5995,0.4755,8,16,11
2512721,251272,Pedro Régis - PB,5766,11,11,190.7735,178.6194,22.6807,0.4850,11,11,190.7735,178.6194,24.0394,0.4576,6,4,1
2512747,251274,Riachão - PB,2927,6,6,204.9880,178.7597,11.2156,0.5350,6,6,204.9880,178.7597,11.8911,0.5046,3,3,0
2512754,251275,Riachão do Bacamarte - PB,4690,3,3,63.9659,65.9974,16.8281,0.1783,5,5,106.6098,106.7266,17.8530,0.2801,2,1,0
2512762,251276,Riachão do Poço - PB,4738,10,10,211.0595,203.0239,16.6039,0.6023,10,10,211.0595,203.0239,17.6180,0.5676,4,5,1
2512788,251278,Riacho de Santo Antônio - PB,1955,7,7,358.0563,332.7427,6.2377,1.1222,7,7,358.0563,332.7427,6.6255,1.0565,0,7,0
2512804,251280,Riacho dos Cavalos - PB,8493,15,15,176.6160,177.1344,29.9463,0.5009,16,16,188.3904,189.1305,31.7814,0.5034,3,8,4
2512903,251290,Rio Tinto - PB,24581,59,59,240.0228,238.5783,85.4200,0.6907,63,63,256.2955,255.0285,90.6445,0.6950,24,34,1
2513000,251300,Salgadinho - PB,3355,3,3,89.4188,77.2744,12.7085,0.2361,3,3,89.4188,77.2744,13.4726,0.2227,0,2,1
2513109,251310,Salgado de São Félix - PB,11505,15,15,130.3781,99.3362,51.2755,0.2925,18,18,156.4537,125.1054,54.3026,0.3315,9,5,1
2513158,251315,Santa Cecília - PB,7670,9,9,117.3403,127.3327,25.4827,0.3532,9,9,117.3403,127.3327,27.0572,0.3326,1,6,2
2513208,251320,Santa Cruz - PB,5947,11,11,184.9672,129.2055,31.6551,0.3475,13,13,218.5976,146.8428,33.4831,0.3883,2,8,1
2513307,251330,Santa Helena - PB,5865,17,17,289.8551,241.6170,27.5607,0.6168,23,23,392.1569,322.2576,29.1789,0.7882,4,12,1
2513356,251335,Santa Inês - PB,3227,6,6,185.9312,186.5762,10.8951,0.5507,6,6,185.9312,186.5762,11.5640,0.5188,2,4,0
2513406,251340,Santa Luzia - PB,14959,25,25,167.1235,135.0009,61.2644,0.4081,27,27,180.4933,144.7006,64.9289,0.4158,6,12,7
2513505,251350,Santana de Mangueira - PB,5010,6,6,119.7605,122.4324,17.3220,0.3464,6,6,119.7605,122.4324,18.3870,0.3263,1,4,1
2513604,251360,Santana dos Garrotes - PB,6569,14,14,213.1222,159.2048,29.0575,0.4818,16,16,243.5683,182.6231,30.7723,0.5199,5,6,3
2513653,251365,Joca Claudino - PB,2539,2,2,78.7712,66.1045,10.4140,0.1920,5,5,196.9279,159.4222,11.0371,0.4530,1,1,0
2513703,251370,Santa Rita - PB,149910,458,458,305.5166,382.0309,424.1057,1.0799,497,497,331.5323,412.0339,450.9841,1.1020,193,194,71
2513802,251380,Santa Teresinha - PB,4402,13,13,295.3203,252.2605,18.5616,0.7004,13,13,295.3203,252.2605,19.6646,0.6611,4,8,1
2513851,251385,Santo André - PB,2622,9,9,343.2494,276.2100,11.6691,0.7713,11,11,419.5271,343.1815,12.3569,0.8902,3,5,1
2513901,251390,São Bento - PB,32235,76,76,235.7686,263.2281,99.0414,0.7674,79,79,245.0752,274.3000,105.2498,0.7506,41,28,7
2513927,251392,São Bentinho - PB,4327,3,3,69.3321,52.6849,18.0326,0.1664,4,4,92.4428,79.4189,19.1049,0.2094,1,1,1
2513943,251394,São Domingos do Cariri - PB,2585,2,2,77.3694,57.4957,11.2430,0.1779,2,2,77.3694,57.4957,11.9083,0.1680,2,0,0
2513968,251396,São Domingos - PB,2595,4,4,154.1426,117.3280,11.9506,0.3347,4,4,154.1426,117.3280,12.6535,0.3161,0,4,0
2513984,251398,São Francisco - PB,3137,3,3,95.6328,52.4650,15.8681,0.1891,5,5,159.3880,97.5674,16.7902,0.2978,1,1,1
2514008,251400,São João do Cariri - PB,4226,13,13,307.6195,238.1143,19.1185,0.6800,14,14,331.2825,251.1703,20.2449,0.6915,4,8,1
2514107,251410,São João do Tigre - PB,4263,8,8,187.6613,165.8999,17.0433,0.4694,8,8,187.6613,165.8999,18.0611,0.4429,2,5,1
2514206,251420,São José da Lagoa Tapada - PB,7126,16,16,224.5299,195.6735,30.4090,0.5262,18,18,252.5961,223.8346,32.2089,0.5589,1,15,0
2514305,251430,São José de Caiana - PB,5034,7,7,139.0544,139.2200,18.1010,0.3867,8,8,158.9193,160.2675,19.2011,0.4166,2,5,0
2514404,251440,São José de Espinharas - PB,4083,9,9,220.4262,161.8965,18.1131,0.4969,9,9,220.4262,161.8965,19.1817,0.4692,3,4,2
2514453,251445,São José dos Ramos - PB,5891,9,9,152.7754,154.5753,19.5393,0.4606,11,11,186.7255,191.3628,20.7450,0.5302,3,6,0
2514503,251450,São José de Piranhas - PB,19067,39,39,204.5419,181.7864,73.3385,0.5318,51,51,267.4778,237.3403,77.7689,0.6558,10,24,5
2514552,251455,São José de Princesa - PB,3416,2,2,58.5480,49.5499,13.9483,0.1434,2,2,58.5480,49.5499,14.7817,0.1353,1,1,0
2514602,251460,São José do Bonfim - PB,3242,7,7,215.9161,211.3804,11.3516,0.6167,7,7,215.9161,211.3804,12.0439,0.5812,3,4,0
2514651,251465,São José do Brejo do Cruz - PB,1699,0,0,0.0000,0.0000,5.9942,0.0000,0,0,0.0000,0.0000,6.3594,0.0000,0,0,0
2514701,251470,São José do Sabugi - PB,4138,5,5,120.8313,99.0647,16.5029,0.3030,5,5,120.8313,99.0647,17.4939,0.2858,0,5,0
2514800,251480,São José dos Cordeiros - PB,3411,6,6,175.9015,139.1293,15.6588,0.3832,7,7,205.2184,155.4966,16.5777,0.4223,0,6,0
2514909,251490,São Mamede - PB,7470,29,29,388.2195,296.8986,36.9421,0.7850,29,29,388.2195,296.8986,39.0854,0.7420,5,22,2
2515005,251500,São Miguel de Taipu - PB,7066,10,10,141.5228,150.4138,22.8851,0.4370,10,10,141.5228,150.4138,24.3005,0.4115,6,3,1
2515104,251510,São Sebastião de Lagoa de Roça - PB,11040,25,25,226.4493,205.0412,42.4490,0.5889,25,25,226.4493,205.0412,45.0026,0.5555,6,18,1
2515203,251520,São Sebastião do Umbuzeiro - PB,3279,8,8,243.9768,219.9121,13.2412,0.6042,8,8,243.9768,219.9121,14.0325,0.5701,3,4,1
2515302,251530,Sapé - PB,51306,129,129,251.4326,251.6577,175.3018,0.7359,142,142,276.7707,276.0994,186.0681,0.7632,58,56,15
2515401,251540,São Vicente do Seridó - PB,10291,5,5,48.5861,53.2030,34.2854,0.1458,5,5,48.5861,53.2030,36.4067,0.1373,2,3,0
2515500,251550,Serra Branca - PB,13614,42,42,308.5059,226.5627,63.9185,0.6571,47,47,345.2328,252.0909,67.6709,0.6945,17,17,8
2515609,251560,Serra da Raiz - PB,3094,5,5,161.6031,136.0165,12.2868,0.4069,6,6,193.9237,157.5278,13.0232,0.4607,1,3,1
2515708,251570,Serra Grande - PB,2942,4,4,135.9619,132.5030,10.6836,0.3744,4,4,135.9619,132.5030,11.3333,0.3529,0,3,1
2515807,251580,Serra Redonda - PB,6828,17,17,248.9748,213.5329,28.4026,0.5985,17,17,248.9748,213.5329,30.0954,0.5649,5,8,4
2515906,251590,Serraria - PB,4885,12,12,245.6499,228.7343,20.3924,0.5885,13,13,266.1208,249.9120,21.6026,0.6018,3,7,2
2515930,251593,Sertãozinho - PB,5054,8,8,158.2905,115.8605,20.6618,0.3872,9,9,178.0768,128.2030,21.8955,0.4110,2,6,0
2515971,251597,Sobrado - PB,8236,10,10,121.4182,112.7889,30.0751,0.3325,13,13,157.8436,143.6335,31.9029,0.4075,3,4,3
2516003,251600,Solânea - PB,26774,64,64,239.0379,213.2990,105.6024,0.6060,70,70,261.4477,232.8099,111.9451,0.6253,12,49,3
2516102,251610,Soledade - PB,13968,20,20,143.1844,135.4764,51.8495,0.3857,20,20,143.1844,135.4764,54.9875,0.3637,0,16,4
2516151,251615,Sossêgo - PB,3345,3,3,89.6861,86.3070,12.2511,0.2449,3,3,89.6861,86.3070,12.9933,0.2309,0,3,0
2516201,251620,Sousa - PB,67259,161,161,239.3732,224.1916,251.4022,0.6404,184,184,273.5693,256.0535,266.6293,0.6901,56,80,25
2516300,251630,Sumé - PB,17166,45,45,262.1461,223.3728,71.9829,0.6251,56,56,326.2263,278.7636,76.2770,0.7342,4,38,3
2516409,251640,Tacima - PB,8010,14,14,174.7815,144.4398,32.8159,0.4266,16,16,199.7503,164.9858,34.7747,0.4601,6,8,0
2516508,251650,Taperoá - PB,14068,23,23,163.4916,137.7328,56.9951,0.4035,23,23,163.4916,137.7328,60.3987,0.3808,2,16,5
2516607,251660,Tavares - PB,14101,17,17,120.5588,111.4872,52.4996,0.3238,19,19,134.7422,124.5818,55.6742,0.3413,3,14,0
2516706,251670,Teixeira - PB,14631,34,34,232.3833,256.3697,46.6043,0.7295,37,37,252.8877,280.8030,49.4923,0.7476,8,22,4
2516755,251675,Tenório - PB,2966,2,2,67.4309,68.4142,9.6557,0.2071,2,2,67.4309,68.4142,10.2538,0.1950,0,1,1
2516805,251680,Triunfo - PB,9892,17,17,171.8560,161.0540,38.1980,0.4450,26,26,262.8387,242.8162,40.5075,0.6419,4,11,2
2516904,251690,Uiraúna - PB,14930,21,21,140.6564,112.2774,65.2981,0.3216,32,32,214.3336,170.3293,69.1741,0.4626,11,10,0
2517001,251700,Umbuzeiro - PB,9124,16,16,175.3617,170.7374,34.3914,0.4652,17,17,186.3218,182.5320,36.4696,0.4661,2,14,0
2517100,251710,Várzea - PB,2668,2,2,74.9625,35.8521,13.0211,0.1536,2,2,74.9625,35.8521,13.7816,0.1451,1,1,0
2517209,251720,Vieirópolis - PB,4864,7,7,143.9145,91.5057,24.1069,0.2904,7,7,143.9145,91.5057,25.5098,0.2744,1,3,3
2517407,251740,Zabelê - PB,2228,1,1,44.8833,44.0724,8.3894,0.1192,2,2,89.7666,88.1449,8.8935,0.2249,0,1,0
2600054,260005,Abreu e Lima - PE,98462,345,345,350.3890,380.3390,320.3998,1.0768,374,374,379.8420,412.0172,340.1765,1.0994,159,162,24
2600104,260010,Afogados da Ingazeira - PE,40241,89,89,221.1675,216.3305,140.9487,0.6314,92,92,228.6225,224.2681,149.5700,0.6151,32,51,6
2600203,260020,Afrânio - PE,18674,19,19,101.7457,108.4857,61.6467,0.3082,22,22,117.8109,126.6883,65.4494,0.3361,10,8,1
2600302,260030,Agrestina - PE,23779,84,84,353.2529,347.0524,80.7198,1.0406,96,96,403.7176,400.8637,85.6849,1.1204,35,39,10
2600401,260040,Água Preta - PE,26461,84,84,317.4483,375.5976,78.2285,1.0738,91,91,343.9023,407.1167,83.1209,1.0948,57,23,4
2600500,260050,Águas Belas - PE,41548,71,71,170.8867,188.1644,129.2688,0.5492,77,77,185.3278,202.8718,137.2855,0.5609,30,32,9
2600609,260060,Alagoinha - PE,13542,40,40,295.3773,261.6504,52.9261,0.7558,45,45,332.2995,293.6902,56.1082,0.8020,13,21,6
2600708,260070,Aliança - PE,35741,104,104,290.9823,305.3855,118.5749,0.8771,113,113,316.1635,331.6856,125.8595,0.8978,41,48,15
2600807,260080,Altinho - PE,20674,52,51,251.5237,212.3852,83.6310,0.6098,55,54,266.0346,225.4988,88.6393,0.6092,17,32,3
2600906,260090,Amaraji - PE,18205,56,56,307.6078,339.3146,56.5853,0.9897,60,60,329.5798,364.5677,60.1011,0.9983,30,22,4
2601003,260100,Angelim - PE,10241,18,18,175.7641,159.9396,38.0217,0.4734,19,19,185.5288,170.1459,40.3177,0.4713,3,11,4
2601052,260105,Araçoiaba - PE,19243,43,43,223.4579,301.0425,50.7153,0.8479,45,45,233.8513,313.9803,53.9698,0.8338,22,17,4
2601102,260110,Araripina - PE,85088,231,231,271.4836,315.9205,254.8417,0.9064,238,238,279.7104,324.6750,270.8139,0.8788,57,158,16
2601201,260120,Arcoverde - PE,77742,162,162,208.3816,222.0977,248.8232,0.6511,169,169,217.3857,232.1982,264.2808,0.6395,82,68,12
2601300,260130,Barra de Guabiraba - PE,12263,25,25,203.8653,240.7698,36.1148,0.6922,29,29,236.4837,278.5522,38.3875,0.7555,14,5,6
2601409,260140,Barreiros - PE,40121,90,90,224.3214,271.0522,116.2457,0.7742,97,97,241.7686,291.4268,123.5430,0.7852,49,33,8
2601508,260150,Belém de Maria - PE,10378,14,14,134.9008,141.3992,35.8662,0.3903,16,16,154.1723,161.6243,38.0595,0.4204,5,7,2
2601607,260160,Belém do São Francisco - PE,18301,24,24,131.1404,139.3940,58.7258,0.4087,25,25,136.6046,144.5041,62.3548,0.4009,3,16,5
2601706,260170,Belo Jardim - PE,79507,187,187,235.1994,253.8415,256.1150,0.7301,203,203,255.3234,275.3663,272.0395,0.7462,63,106,18
2601805,260180,Betânia - PE,11232,20,20,178.0627,166.3572,42.0494,0.4756,21,21,186.9658,175.8361,44.5846,0.4710,2,16,2
2601904,260190,Bezerros - PE,61694,191,191,309.5925,268.8132,238.1996,0.8018,203,203,329.0433,286.5952,252.5662,0.8037,91,78,22
2602001,260200,Bodocó - PE,34478,58,58,168.2232,180.0075,110.5426,0.5247,59,59,171.1236,182.4677,117.3852,0.5026,18,33,7
2602100,260210,Bom Conselho - PE,44294,99,99,223.5066,213.6333,157.1076,0.6301,102,102,230.2795,220.5666,166.6685,0.6120,37,49,13
2602209,260220,Bom Jardim - PE,37629,104,104,276.3826,260.6691,139.9862,0.7429,110,110,292.3277,277.1990,148.4761,0.7409,36,56,12
2602308,260230,Bonito - PE,37474,84,84,224.1554,231.6827,124.0275,0.6773,88,88,234.8295,241.9511,131.6749,0.6683,46,31,7
2602407,260240,Brejão - PE,9079,16,16,176.2309,189.9641,28.8771,0.5541,16,16,176.2309,189.9641,30.6695,0.5217,4,9,3
2602506,260250,Brejinho - PE,7720,20,20,259.0674,247.0264,28.6159,0.6989,21,21,272.0207,261.2852,30.3532,0.6919,4,15,1
2602605,260260,Brejo da Madre de Deus - PE,48648,105,105,215.8362,252.9025,141.6942,0.7410,118,118,242.5588,284.4222,150.6652,0.7832,45,49,11
2602704,260270,Buenos Aires - PE,12808,32,32,249.8438,270.9990,40.9586,0.7813,34,34,265.4591,287.1969,43.4963,0.7817,15,17,0
2602803,260280,Buíque - PE,52097,59,59,113.2503,121.2696,164.7643,0.3581,68,68,130.5258,139.5643,174.9547,0.3887,16,32,11
2602902,260290,Cabo de Santo Agostinho - PE,203440,673,673,330.8101,401.8169,591.6772,1.1374,746,746,366.6929,444.3543,628.9793,1.1860,331,295,47
2603009,260300,Cabrobó - PE,30294,41,41,135.3403,155.3439,90.2602,0.4542,45,45,148.5443,168.9635,95.9164,0.4692,10,24,7
2603108,260310,Cachoeirinha - PE,19899,48,48,241.2182,235.2470,72.9087,0.6584,51,51,256.2943,251.0607,77.3459,0.6594,24,19,5
2603207,260320,Caetés - PE,28827,42,42,145.6967,162.8414,90.0736,0.4663,46,46,159.5726,177.1086,95.6805,0.4808,14,18,10
2603306,260330,Calçado - PE,11093,14,14,126.2057,130.0764,37.8385,0.3700,16,16,144.2351,146.5915,40.1559,0.3984,7,6,1
2603405,260340,Calumbi - PE,5228,6,6,114.7666,117.8975,19.0357,0.3152,6,6,114.7666,117.8975,20.1911,0.2972,2,3,1
2603454,260345,Camaragibe - PE,147771,555,555,375.5811,398.9161,489.4410,1.1339,611,611,413.4776,438.6032,519.6197,1.1759,254,260,41
2603504,260350,Camocim de São Félix - PE,17419,31,31,177.9666,165.9174,62.3322,0.4973,35,35,200.9300,187.4300,66.1360,0.5292,16,13,2
2603603,260360,Camutanga - PE,7750,24,24,309.6774,294.9048,28.4241,0.8444,29,29,374.1935,357.5495,30.1488,0.9619,4,18,2
2603702,260370,Canhotinho - PE,24329,40,40,164.4128,168.9412,81.3452,0.4917,43,43,176.7438,180.3348,86.3607,0.4979,24,14,2
2603801,260380,Capoeiras - PE,18338,26,26,141.7821,141.3856,63.6076,0.4088,28,28,152.6884,150.6526,67.4949,0.4148,11,13,2
2603900,260390,Carnaíba - PE,18644,41,41,219.9099,202.3556,69.4351,0.5905,44,44,236.0009,216.4244,73.6308,0.5976,18,15,8
2603926,260392,Carnaubeira da Penha - PE,12239,12,12,98.0472,120.4932,35.0979,0.3419,14,14,114.3884,138.8588,37.3072,0.3753,4,5,3
2604007,260400,Carpina - PE,79293,238,237,300.1526,311.8767,262.0173,0.9045,258,257,325.3755,337.8964,278.1815,0.9239,90,134,14
2604106,260410,Caruaru - PE,378048,1031,1031,272.7167,324.6815,1109.6357,0.9291,1113,1113,294.4071,349.7724,1179.9252,0.9433,484,433,114
2604155,260415,Casinhas - PE,12967,26,26,200.5090,195.3548,46.3178,0.5613,27,27,208.2209,203.1216,49.1443,0.5494,13,10,3
2604205,260420,Catende - PE,32156,105,105,326.5332,346.7499,104.8540,1.0014,109,109,338.9725,360.2570,111.3054,0.9793,52,43,10
2604304,260430,Cedro - PE,10518,22,22,209.1652,215.2786,34.4207,0.6392,26,26,247.1953,258.5375,36.5514,0.7113,4,15,3
2604403,260440,Chã de Alegria - PE,12984,33,33,254.1590,301.2288,37.9571,0.8694,36,36,277.2643,329.2285,40.3472,0.8923,16,15,2
2604502,260450,Chã Grande - PE,20546,44,44,214.1536,216.9903,68.8821,0.6388,45,45,219.0207,221.4718,73.1271,0.6154,22,17,5
2604601,260460,Condado - PE,24587,58,58,235.8970,248.2437,80.4198,0.7212,65,65,264.3673,279.6126,85.3728,0.7614,29,23,6
2604700,260470,Correntes - PE,17131,15,15,87.5606,90.7581,56.0564,0.2676,20,20,116.7474,121.2056,59.5128,0.3361,6,7,2
2604809,260480,Cortês - PE,10198,31,31,303.9812,349.1008,30.4217,1.0190,33,33,323.5929,372.9456,32.3236,1.0209,12,14,5
2604908,260490,Cumaru - PE,15920,32,32,201.0050,167.4388,64.0556,0.4996,35,35,219.8492,186.1480,67.8915,0.5155,11,15,6
2605004,260500,Cupira - PE,23518,73,73,310.4005,304.6263,82.2167,0.8879,82,82,348.6691,343.2542,87.2421,0.9399,30,33,10
2605103,260510,Custódia - PE,37699,83,83,220.1650,212.4852,135.1507,0.6141,90,90,238.7331,230.5023,143.3879,0.6277,19,55,9
2605152,260515,Dormentes - PE,17188,9,9,52.3621,52.2934,60.0526,0.1499,11,11,63.9981,62.6526,63.7189,0.1726,3,6,0
2605202,260520,Escada - PE,59891,179,179,298.8763,341.3965,182.1544,0.9827,201,201,335.6097,381.0012,193.5579,1.0384,69,93,17
2605301,260530,Exu - PE,31843,63,63,197.8457,184.6703,113.8419,0.5534,65,65,204.1265,189.9199,120.7700,0.5382,18,34,11
2605400,260540,Feira Nova - PE,21427,59,59,275.3535,275.1297,73.4342,0.8034,67,67,312.6896,312.7751,77.9340,0.8597,31,25,3
2605459,260545,Fernando de Noronha - PE,3167,3,3,94.7269,87.5960,7.7644,0.3864,4,4,126.3025,116.9976,8.2855,0.4828,0,3,0
2605509,260550,Ferreiros - PE,15026,27,27,179.6885,173.8807,54.8835,0.4920,29,29,192.9988,187.5702,58.2123,0.4982,8,17,2
2605608,260560,Flores - PE,20347,51,51,250.6512,214.0535,85.0252,0.5998,54,54,265.3954,227.6944,90.0832,0.5994,23,20,8
2605707,260570,Floresta - PE,30137,51,51,169.2272,202.9766,86.7446,0.5879,54,54,179.1817,214.3523,92.2337,0.5855,10,35,6
2605806,260580,Frei Miguelinho - PE,13636,57,57,418.0111,339.0118,60.3588,0.9444,61,61,447.3453,365.9766,63.9379,0.9541,25,26,6
2605905,260590,Gameleira - PE,18214,59,59,323.9266,368.8258,55.1364,1.0701,62,62,340.3975,387.8931,58.5726,1.0585,24,31,4
2606002,260600,Garanhuns - PE,142506,323,323,226.6571,248.0141,451.4068,0.7155,337,337,236.4813,258.3661,479.4848,0.7028,97,196,30
2606101,260610,Glória do Goitá - PE,29347,58,58,197.6352,208.5074,94.8373,0.6116,61,61,207.8577,219.2070,100.7135,0.6057,32,25,1
2606200,260620,Goiana - PE,81055,228,227,281.2905,313.4789,252.3933,0.8994,239,238,294.8615,328.5745,268.0860,0.8878,103,103,22
2606309,260630,Granito - PE,6967,12,12,172.2406,141.4510,25.3172,0.4740,13,13,186.5939,152.5814,26.8555,0.4841,2,6,4
2606408,260640,Gravatá - PE,86516,200,200,231.1711,226.2945,304.6789,0.6564,217,217,250.8207,245.5679,323.3069,0.6712,112,70,18
2606507,260650,Iati - PE,17165,29,29,168.9484,175.2889,56.8045,0.5105,30,30,174.7742,180.8521,60.2939,0.4976,12,12,5
2606606,260660,Ibimirim - PE,26593,26,26,97.7701,110.6627,80.9670,0.3211,33,33,124.0928,139.7626,86.0416,0.3835,11,10,5
2606705,260670,Ibirajuba - PE,7140,12,12,168.0672,126.1334,30.3513,0.3954,13,13,182.0728,141.0502,32.1549,0.4043,3,6,3
2606804,260680,Igarassu - PE,115196,382,382,331.6087,394.4377,341.6978,1.1179,407,407,353.3109,421.0085,363.1596,1.1207,189,172,21
2606903,260690,Iguaracy - PE,11081,34,34,306.8315,249.5248,46.3586,0.7334,36,36,324.8804,268.0382,49.1119,0.7330,10,20,4
2607000,260700,Inajá - PE,25603,24,24,93.7390,137.6150,57.1023,0.4203,29,29,113.2680,171.2634,60.8938,0.4762,4,15,5
2607109,260710,Ingazeira - PE,4765,9,9,188.8772,168.3517,18.2359,0.4935,9,9,188.8772,168.3517,19.3329,0.4655,0,7,2
2607208,260720,Ipojuca - PE,98932,206,206,208.2238,324.9953,227.6972,0.9047,235,235,237.5369,364.5156,242.8086,0.9678,106,86,14
2607307,260730,Ipubi - PE,29009,82,82,282.6709,341.6860,81.9589,1.0005,86,86,296.4597,358.2961,87.1458,0.9869,28,45,9
2607406,260740,Itacuruba - PE,4284,9,9,210.0840,246.6949,12.3946,0.7261,9,9,210.0840,246.6949,13.1753,0.6831,2,5,2
2607505,260750,Itaíba - PE,32650,25,25,76.5697,85.2303,100.8935,0.2478,30,30,91.8836,102.6409,107.1797,0.2799,10,10,5
2607604,260760,Ilha de Itamaracá - PE,24540,54,54,220.0489,263.8138,71.9135,0.7509,58,58,236.3488,284.9819,76.4690,0.7585,19,30,5
2607653,260765,Itambé - PE,34935,75,75,214.6844,231.6625,110.8935,0.6763,84,84,240.4465,259.6031,117.7745,0.7132,49,20,6
2607703,260770,Itapetim - PE,13791,37,37,268.2909,207.1297,59.9742,0.6169,38,38,275.5420,212.6562,63.5279,0.5982,14,18,5
2607752,260775,Itapissuma - PE,27749,62,62,223.4315,320.1004,69.4696,0.8925,68,68,245.0539,349.1991,74.0348,0.9185,31,28,3
2607802,260780,Itaquitinga - PE,16554,44,44,265.7968,325.6343,47.3225,0.9298,47,47,283.9193,345.8727,50.3278,0.9339,18,20,6
2607901,260790,Jaboatão dos Guararapes - PE,644037,2275,2275,353.2406,387.2486,2059.1116,1.1048,2451,2451,380.5682,416.7116,2186.8569,1.1208,1102,1019,154
2607950,260795,Jaqueira - PE,10247,27,27,263.4918,313.1345,30.1695,0.8949,28,28,273.2507,325.0062,32.0652,0.8732,11,12,4
2608008,260800,Jataúba - PE,15843,34,34,214.6058,217.9396,53.7873,0.6321,41,41,258.7894,264.3528,57.0924,0.7181,8,20,6
2608057,260805,Jatobá - PE,14020,24,24,171.1840,178.0934,46.4220,0.5170,25,25,178.3167,185.8232,49.2739,0.5074,2,20,2
2608107,260810,João Alfredo - PE,27725,74,74,266.9071,239.7659,106.8516,0.6925,77,77,277.7277,250.0822,113.2952,0.6796,29,37,8
2608206,260820,Joaquim Nabuco - PE,13269,40,40,301.4545,378.1772,37.1875,1.0756,42,42,316.5272,396.0665,39.5404,1.0622,23,16,1
2608255,260825,Jucati - PE,11517,21,21,182.3392,199.5124,37.6559,0.5577,22,22,191.0220,209.9663,39.9789,0.5503,6,11,4
2608305,260830,Jupi - PE,15329,36,36,234.8490,252.7238,49.6061,0.7257,39,39,254.4197,273.7537,52.6762,0.7404,16,14,6
2608404,260840,Jurema - PE,13648,47,47,344.3728,301.6502,50.7063,0.9269,53,53,388.3353,339.7945,53.7674,0.9857,25,19,3
2608453,260845,Lagoa do Carro - PE,17981,37,37,205.7728,228.8064,54.7838,0.6754,41,41,228.0185,253.2359,58.2072,0.7044,16,20,1
2608503,260850,Lagoa de Itaenga - PE,19003,51,51,268.3787,293.3326,60.2174,0.8469,57,57,299.9526,327.0432,63.9481,0.8913,18,30,3
2608602,260860,Lagoa do Ouro - PE,11933,18,18,150.8422,146.9896,42.1460,0.4271,20,20,167.6024,164.8686,44.7084,0.4473,4,13,1
2608701,260870,Lagoa dos Gatos - PE,14076,24,24,170.5030,159.8878,51.1178,0.4695,25,25,177.6073,167.7867,54.2169,0.4611,9,9,6
2608750,260875,Lagoa Grande - PE,24088,40,40,166.0578,217.8771,63.8514,0.6265,41,41,170.2092,223.5897,67.9449,0.6034,12,24,4
2608800,260880,Lajedo - PE,39582,116,116,293.0625,303.1162,134.1944,0.8644,130,130,328.4321,336.9923,142.4476,0.9126,47,58,11
2608909,260890,Limoeiro - PE,56510,176,176,311.4493,288.9976,212.5181,0.8282,192,192,339.7629,316.3566,225.3926,0.8518,94,70,12
2609006,260900,Macaparana - PE,23879,68,68,284.7690,278.6640,84.9102,0.8008,73,73,305.7079,301.5894,90.0965,0.8102,17,43,8
2609105,260910,Machados - PE,11333,17,17,150.0044,154.1111,38.4999,0.4416,18,18,158.8282,162.8003,40.8677,0.4404,10,7,0
2609154,260915,Manari - PE,23763,12,12,50.4987,74.8788,56.3885,0.2128,16,16,67.3316,96.7282,60.0693,0.2664,5,4,3
2609204,260920,Maraial - PE,9359,21,21,224.3829,253.0792,28.4707,0.7376,23,23,245.7528,277.0305,30.2410,0.7606,10,10,1
2609303,260930,Mirandiba - PE,14166,22,22,155.3014,167.6859,43.6443,0.5041,23,23,162.3606,175.6330,46.3624,0.4961,8,11,3
2609402,260940,Moreno - PE,55292,154,154,278.5213,295.4955,182.6412,0.8432,163,163,294.7985,312.8293,193.9033,0.8406,67,73,14
2609501,260950,Nazaré da Mata - PE,30648,117,117,381.7541,359.5707,112.1241,1.0435,127,127,414.3827,391.2845,118.9162,1.0680,37,69,11
2609600,260960,Olinda - PE,349976,1384,1384,395.4557,358.5639,1333.7960,1.0376,1500,1500,428.6008,389.0539,1414.2005,1.0607,671,622,91
2609709,260970,Orobó - PE,21808,40,40,183.4189,174.7102,84.1042,0.4756,44,44,201.7608,193.5042,89.1752,0.4934,13,22,5
2609808,260980,Orocó - PE,13613,21,21,154.2643,198.0049,36.5340,0.5748,22,22,161.6102,203.6974,38.8671,0.5660,6,13,2
2609907,260990,Ouricuri - PE,65245,118,118,180.8568,193.3542,208.7770,0.5652,131,131,200.7817,216.0837,221.7012,0.5909,32,75,11
2610004,261000,Palmares - PE,54584,157,157,287.6301,315.2772,172.5117,0.9101,165,165,302.2864,331.2894,183.2190,0.9006,79,71,7
2610103,261010,Palmeirina - PE,7031,16,16,227.5636,201.5603,26.1571,0.6117,19,19,270.2318,238.6054,27.7326,0.6851,4,9,3
2610202,261020,Panelas - PE,22991,49,49,213.1269,195.7413,87.0826,0.5627,53,53,230.5250,210.3723,92.3232,0.5741,22,17,10
2610301,261030,Paranatama - PE,12199,33,33,270.5140,250.6316,44.6069,0.7398,34,34,278.7114,259.5189,47.3060,0.7187,11,18,4
2610400,261040,Parnamirim - PE,18612,48,48,257.8981,239.4416,67.6374,0.7097,52,52,279.3896,259.8895,71.7386,0.7249,15,26,7
2610509,261050,Passira - PE,28340,75,75,264.6436,251.9168,103.5058,0.7246,78,78,275.2294,261.3716,109.7932,0.7104,38,30,7
2610608,261060,Paudalho - PE,56665,153,153,270.0079,317.1707,165.1154,0.9266,164,164,289.4203,340.7565,175.5007,0.9345,55,89,9
2610707,261070,Paulista - PE,342167,1140,1140,333.1706,348.6349,1138.4060,1.0014,1235,1235,360.9349,378.6275,1208.5283,1.0219,531,532,77
2610806,261080,Pedra - PE,22795,43,43,188.6379,201.1251,75.0568,0.5729,43,43,188.6379,201.1251,79.6887,0.5396,15,24,4
2610905,261090,Pesqueira - PE,62722,183,183,291.7637,288.0469,220.3866,0.8304,204,204,325.2447,321.4358,233.8328,0.8724,59,96,28
2611002,261100,Petrolândia - PE,34161,54,54,158.0750,196.4447,95.2395,0.5670,63,63,184.4208,228.8218,101.2800,0.6220,17,31,6
2611101,261110,Petrolina - PE,386791,636,635,164.4299,237.3142,931.8897,0.6814,723,722,186.9227,268.2213,993.1275,0.7270,149,408,79
2611200,261120,Poção - PE,10500,24,24,228.5714,231.6231,37.3723,0.6422,24,24,228.5714,231.6231,39.6421,0.6054,6,14,4
2611309,261130,Pombos - PE,27552,66,66,239.5470,252.0157,90.4113,0.7300,68,68,246.8060,259.6702,96.0084,0.7083,30,30,6
2611408,261140,Primavera - PE,13838,25,25,180.6619,227.6233,39.2722,0.6366,29,29,209.5679,263.7655,41.7518,0.6946,18,7,0
2611507,261150,Quipapá - PE,17928,26,26,145.0245,143.9692,60.1249,0.4324,32,32,178.4917,180.2742,63.8125,0.5015,13,11,2
2611533,261153,Quixaba - PE,6554,10,10,152.5786,157.4093,22.8254,0.4381,10,10,152.5786,157.4093,24.2183,0.4129,3,7,0
2611606,261160,Recife - PE,1488920,6501,6501,436.6252,391.6973,5726.0124,1.1353,6892,6892,462.8859,415.9771,6071.7565,1.1351,2956,3084,461
2611705,261170,Riacho das Almas - PE,20639,44,44,213.1886,212.1733,74.7681,0.5885,50,50,242.2598,242.2570,79.3298,0.6303,15,22,7
2611804,261180,Ribeirão - PE,33507,108,108,322.3207,333.3206,112.9330,0.9563,115,115,343.2119,354.3388,119.8535,0.9595,56,44,8
2611903,261190,Rio Formoso - PE,20009,52,52,259.8831,367.1692,50.6406,1.0268,60,60,299.8651,414.7536,53.9056,1.1131,28,20,4
2612000,261200,Sairé - PE,10887,21,21,192.8906,153.4311,45.8299,0.4582,21,21,192.8906,153.4311,48.5596,0.4325,7,13,1
2612109,261210,Salgadinho - PE,5727,12,12,209.5338,179.3987,24.4010,0.4918,12,12,209.5338,179.3987,25.8513,0.4642,4,5,3
2612208,261220,Salgueiro - PE,62372,135,135,216.4433,251.9096,187.7917,0.7189,149,149,238.8892,277.7750,199.5585,0.7466,55,74,6
2612307,261230,Saloá - PE,13836,29,29,209.5981,200.3422,53.5909,0.5411,31,31,224.0532,213.9309,56.8042,0.5457,10,18,1
2612406,261240,Sanharó - PE,18624,37,37,198.6684,202.1061,62.7041,0.5901,43,43,230.8849,235.8797,66.5529,0.6461,19,12,6
2612455,261245,Santa Cruz - PE,13841,19,19,137.2733,133.9832,49.3014,0.3854,20,20,144.4982,142.7828,52.3032,0.3824,5,11,3
2612471,261247,Santa Cruz da Baixa Verde - PE,11567,20,20,172.9057,172.4537,39.7230,0.5035,23,23,198.8415,194.3978,42.1563,0.5456,3,16,1
2612505,261250,Santa Cruz do Capibaribe - PE,98254,203,203,206.6074,324.9382,224.7331,0.9033,287,287,292.1001,464.0232,239.7924,1.1969,83,94,26
2612554,261255,Santa Filomena - PE,12106,28,28,231.2903,194.2916,46.2049,0.6060,28,28,231.2903,194.2916,48.9870,0.5716,6,16,6
2612604,261260,Santa Maria da Boa Vista - PE,40578,50,50,123.2195,156.8510,109.1318,0.4582,56,56,138.0058,175.4412,116.0968,0.4824,11,34,5
2612703,261270,Santa Maria do Cambucá - PE,14013,38,38,271.1768,272.8573,47.8490,0.7942,43,43,306.8579,311.1368,50.7880,0.8467,19,19,0
2612802,261280,Santa Terezinha - PE,10244,27,27,263.5689,253.0641,36.4503,0.7407,31,31,302.6162,291.1547,38.6681,0.8017,12,13,2
2612901,261290,São Benedito do Sul - PE,13113,22,22,167.7724,192.2041,40.1289,0.5482,23,23,175.3985,201.5279,42.6384,0.5394,9,10,3
2613008,261300,São Bento do Una - PE,49449,128,128,258.8526,281.4553,155.4335,0.8235,144,144,291.2091,316.5400,165.0892,0.8723,52,61,15
2613107,261310,São Caitano - PE,37126,102,102,274.7401,285.8321,122.7621,0.8309,124,124,333.9977,346.1943,130.3460,0.9513,38,47,17
2613206,261320,São João - PE,23837,40,40,167.8064,184.4659,74.7524,0.5351,42,42,176.1967,192.2785,79.4024,0.5290,8,25,7
2613305,261330,São Joaquim do Monte - PE,20037,45,45,224.5845,215.9804,70.5650,0.6377,50,50,249.5384,241.2122,74.8741,0.6678,23,14,8
2613404,261340,São José da Coroa Grande - PE,18825,47,47,249.6680,321.9947,52.1967,0.9004,53,53,281.5405,361.5951,55.4994,0.9550,21,23,3
2613503,261350,São José do Belmonte - PE,34843,65,65,186.5511,182.8379,123.6812,0.5255,73,73,209.5112,204.2494,131.2172,0.5563,25,31,9
2613602,261360,São José do Egito - PE,31004,61,61,196.7488,171.0813,126.4448,0.4824,65,65,209.6504,183.1679,134.0028,0.4851,17,41,3
2613701,261370,São Lourenço da Mata - PE,111249,364,364,327.1940,385.3682,329.4025,1.1050,390,390,350.5649,412.4406,350.1422,1.1138,184,157,23
2613800,261380,São Vicente Férrer - PE,16677,46,45,275.8290,297.4214,52.9462,0.8499,48,47,287.8216,312.1905,56.2441,0.8356,19,24,3
2613909,261390,Serra Talhada - PE,92228,199,199,215.7696,233.2278,294.1283,0.6766,212,212,229.8651,248.4675,312.4098,0.6786,78,108,13
2614006,261400,Serrita - PE,18207,34,34,186.7414,179.0155,63.8685,0.5323,36,36,197.7261,189.2372,67.7654,0.5312,10,22,2
2614105,261410,Sertânia - PE,32811,78,78,237.7252,217.5775,122.9458,0.6344,86,86,262.1072,240.3251,130.3676,0.6597,28,33,17
2614204,261420,Sirinhaém - PE,37596,83,83,220.7682,310.5104,93.2924,0.8897,90,90,239.3872,333.5988,99.3365,0.9060,43,35,5
2614303,261430,Moreilândia - PE,10540,19,19,180.2657,171.4184,40.5043,0.4691,21,21,199.2410,187.6033,42.9457,0.4890,3,13,3
2614402,261440,Solidão - PE,5210,5,5,95.9693,82.6024,18.6047,0.2687,5,5,95.9693,82.6024,19.7362,0.2533,3,1,1
2614501,261450,Surubim - PE,64120,169,169,263.5683,259.8519,226.3682,0.7466,181,181,282.2832,277.6226,240.2256,0.7535,58,99,12
2614600,261460,Tabira - PE,27681,58,58,209.5300,199.7825,100.1785,0.5790,64,64,231.2055,218.3164,106.2678,0.6023,25,26,7
2614709,261470,Tacaimbó - PE,13738,32,32,232.9306,230.4733,47.1129,0.6792,34,34,247.4887,244.4173,50.0167,0.6798,12,10,10
2614808,261480,Tacaratu - PE,23902,43,43,179.9013,195.5986,74.3081,0.5787,46,46,192.4525,209.8325,78.9314,0.5828,18,20,5
2614857,261485,Tamandaré - PE,23561,51,51,216.4594,299.1256,60.0714,0.8490,52,52,220.7037,306.3418,63.9460,0.8132,18,26,7
2615003,261500,Taquaritinga do Norte - PE,24736,55,55,222.3480,238.0914,79.0177,0.6960,59,59,238.5188,254.9683,83.9410,0.7029,19,24,12
2615102,261510,Terezinha - PE,6513,11,11,168.8930,164.7713,22.7929,0.4826,13,13,199.6008,193.8099,24.1819,0.5376,3,5,3
2615201,261520,Terra Nova - PE,8920,15,15,168.1614,158.3974,31.4542,0.4769,16,16,179.3722,171.8650,33.3781,0.4794,4,10,1
2615300,261530,Timbaúba - PE,46147,157,157,340.2171,314.1309,171.3561,0.9162,167,167,361.8870,334.1879,181.7275,0.9190,73,69,15
2615409,261540,Toritama - PE,41137,94,94,228.5048,405.2025,85.6330,1.0977,106,106,257.6756,457.6435,91.4814,1.1587,43,43,8
2615508,261550,Tracunhaém - PE,13867,37,37,266.8205,312.1654,40.8883,0.9049,40,40,288.4546,339.5022,43.4573,0.9204,16,16,5
2615607,261560,Trindade - PE,30321,83,83,273.7377,346.8957,82.4105,1.0072,84,84,277.0357,349.6651,87.6721,0.9581,35,44,4
2615706,261570,Triunfo - PE,14705,33,33,224.4135,174.4106,63.5177,0.5195,37,37,251.6151,199.0536,67.2904,0.5499,9,16,8
2615805,261580,Tupanatinga - PE,26937,20,20,74.2473,87.3195,76.9579,0.2599,22,22,81.6720,97.2923,81.8191,0.2689,6,10,4
2615904,261590,Tuparetama - PE,8005,27,27,337.2892,278.0422,33.5343,0.8051,30,30,374.7658,309.7724,35.5310,0.8443,12,11,4
2616001,261600,Venturosa - PE,17251,51,51,295.6350,310.3652,56.0214,0.9104,53,53,307.2286,321.9658,59.4876,0.8909,18,27,6
2616100,261610,Verdejante - PE,9169,13,13,141.7821,135.4071,33.0961,0.3928,16,16,174.5010,164.9888,35.1083,0.4557,2,11,0
2616183,261618,Vertente do Lério - PE,7558,12,12,158.7722,150.5586,30.3893,0.3949,13,13,172.0032,159.8454,32.2126,0.4036,2,8,2
2616209,261620,Vertentes - PE,21959,36,36,163.9419,173.4075,72.2591,0.4982,39,39,177.6037,186.7240,76.7383,0.5082,6,24,6
2616308,261630,Vicência - PE,26359,51,51,193.4823,223.8606,80.6886,0.6321,52,52,197.2761,227.7046,85.7272,0.6066,18,29,4
2616407,261640,Vitória de Santo Antão - PE,134084,427,427,318.4571,338.6520,437.9178,0.9751,457,457,340.8311,361.9521,465.0311,0.9827,189,211,27
2616506,261650,Xexéu - PE,11611,31,31,266.9882,312.3775,33.7719,0.9179,34,34,292.8258,343.0329,35.8874,0.9474,17,13,1
2700102,270010,Água Branca - AL,19008,43,43,226.2205,234.1980,63.7202,0.6748,46,46,242.0034,250.8225,67.6300,0.6802,7,29,7
2700201,270020,Anadia - AL,13966,47,47,336.5316,332.2456,48.5629,0.9678,49,49,350.8521,347.0839,51.5200,0.9511,15,25,7
2700300,270030,Arapiraca - AL,234696,763,763,325.1014,389.0953,677.2677,1.1266,794,794,338.3100,404.4116,720.1506,1.1025,312,382,69
2700409,270040,Atalaia - AL,37512,70,70,186.6070,226.2889,106.1633,0.6594,75,75,199.9360,241.2210,112.8376,0.6647,27,36,7
2700508,270050,Barra de Santo Antônio - AL,16365,32,32,195.5393,276.1714,40.5816,0.7885,34,34,207.7605,294.5692,43.2058,0.7869,14,17,1
2700607,270060,Barra de São Miguel - AL,7944,12,12,151.0574,249.0648,19.0164,0.6310,16,16,201.4099,307.6763,20.2646,0.7896,6,3,3
2700706,270070,Batalha - AL,16448,36,36,218.8716,256.0446,48.2690,0.7458,39,39,237.1109,278.8554,51.3077,0.7601,16,14,6
2700805,270080,Belém - AL,4722,11,11,232.9521,221.4120,17.0807,0.6440,12,12,254.1296,241.8245,18.1175,0.6623,6,5,0
2700904,270090,Belo Monte - AL,5936,10,10,168.4636,179.8263,18.4635,0.5416,10,10,168.4636,179.8263,19.6118,0.5099,5,3,2
2701001,270100,Boca da Mata - AL,21187,82,82,387.0298,394.4696,71.7850,1.1423,82,82,387.0298,394.4696,76.1615,1.0767,43,32,7
2701100,270110,Branquinha - AL,9603,17,17,177.0280,195.1537,27.7128,0.6134,18,18,187.4414,206.8368,29.4459,0.6113,7,7,3
2701209,270120,Cacimbinhas - AL,10482,20,20,190.8033,200.5892,34.9588,0.5721,20,20,190.8033,200.5892,37.1056,0.5390,7,11,2
2701308,270130,Cajueiro - AL,16024,47,47,293.3100,360.5184,45.3753,1.0358,48,48,299.5507,367.7886,48.2230,0.9954,20,18,9
2701357,270135,Campestre - AL,6665,18,18,270.0675,331.9328,19.0329,0.9457,18,18,270.0675,331.9328,20.2314,0.8897,10,7,1
2701407,270140,Campo Alegre - AL,32106,90,90,280.3214,348.0927,88.2615,1.0197,92,92,286.5508,355.2974,93.8576,0.9802,36,44,10
2701506,270150,Campo Grande - AL,8143,21,21,257.8902,271.8454,26.8696,0.7816,21,21,257.8902,271.8454,28.5246,0.7362,11,9,1
2701605,270160,Canapi - AL,15559,18,18,115.6887,125.7341,48.8283,0.3686,22,22,141.3973,160.0919,51.8452,0.4243,8,7,3
2701704,270170,Capela - AL,15032,28,28,186.2693,216.2254,44.7461,0.6258,32,32,212.8792,247.1062,47.5332,0.6732,13,11,4
2701803,270180,Carneiros - AL,8999,18,18,200.0222,266.6356,23.9814,0.7506,20,20,222.2469,298.4108,25.5096,0.7840,6,12,0
2701902,270190,Chã Preta - AL,5910,13,13,219.9662,234.4220,18.9123,0.6874,13,13,219.9662,234.4220,20.0725,0.6477,3,9,1
2702009,270200,Coité do Nóia - AL,10810,32,32,296.0222,303.1351,35.7013,0.8963,32,32,296.0222,303.1351,37.9016,0.8443,10,17,5
2702108,270210,Colônia Leopoldina - AL,15816,32,32,202.3268,244.4089,44.8699,0.7132,35,35,221.2949,266.3266,47.6879,0.7339,16,12,4
2702207,270220,Coqueiro Seco - AL,5581,12,12,215.0152,236.9696,16.9612,0.7075,13,13,232.9332,257.0201,18.0169,0.7215,9,2,1
2702306,270230,Coruripe - AL,50414,129,129,255.8813,330.1026,134.7777,0.9571,138,138,273.7335,350.7022,143.3895,0.9624,70,50,9
2702355,270235,Craíbas - AL,25397,36,36,141.7490,171.6398,69.8891,0.5151,40,40,157.4989,191.1246,74.3400,0.5381,16,16,4
2702405,270240,Delmiro Gouveia - AL,51318,160,160,311.7814,355.6678,155.2323,1.0307,174,174,339.0623,386.0467,164.9414,1.0549,39,105,16
2702504,270250,Dois Riachos - AL,9805,16,16,163.1820,157.1053,32.8461,0.4871,19,19,193.7787,187.7059,34.8662,0.5449,7,7,2
2702553,270255,Estrela de Alagoas - AL,15429,37,37,239.8082,201.5961,62.7967,0.5892,37,37,239.8082,201.5961,66.5406,0.5561,12,20,5
2702603,270260,Feira Grande - AL,22712,32,32,140.8947,161.4739,69.8552,0.4581,34,34,149.7006,171.2142,74.2116,0.4581,10,16,6
2702702,270270,Feliz Deserto - AL,3963,11,11,277.5675,319.0040,11.6240,0.9463,11,11,277.5675,319.0040,12.3525,0.8905,8,3,0
2702801,270280,Flexeiras - AL,9618,22,22,228.7378,273.4749,27.8351,0.7904,23,23,239.1350,284.1899,29.5865,0.7774,7,13,2
2702900,270290,Girau do Ponciano - AL,36102,88,88,243.7538,286.0988,104.4899,0.8422,94,94,260.3734,305.1645,111.0836,0.8462,40,36,12
2703007,270300,Ibateguara - AL,13731,24,24,174.7870,205.3980,41.1565,0.5831,26,26,189.3526,222.7616,43.7223,0.5947,12,9,3
2703106,270310,Igaci - AL,23995,44,44,183.3715,180.2091,84.8366,0.5186,46,46,191.7066,188.7128,89.9970,0.5111,12,27,5
2703205,270320,Igreja Nova - AL,21372,29,29,135.6916,145.4093,69.3246,0.4183,35,35,163.7657,176.0299,73.6018,0.4755,15,12,2
2703304,270330,Inhapi - AL,15167,32,32,210.9844,235.6753,46.5504,0.6874,36,36,237.3574,264.5516,49.4328,0.7283,4,24,4
2703403,270340,Jacaré dos Homens - AL,5083,5,5,98.3671,115.1064,15.1068,0.3310,5,5,98.3671,115.1064,16.0504,0.3115,1,4,0
2703502,270350,Jacuípe - AL,5352,6,6,112.1076,123.8248,15.7524,0.3809,6,6,112.1076,123.8248,16.7366,0.3585,3,3,0
2703601,270360,Japaratinga - AL,9219,14,14,151.8603,208.8106,22.1979,0.6307,16,16,173.5546,235.5941,23.6438,0.6767,3,10,1
2703700,270370,Jaramataia - AL,4985,7,7,140.4213,154.9375,15.3060,0.4573,8,8,160.4814,169.1138,16.2570,0.4921,4,2,1
2703759,270375,Jequiá da Praia - AL,9470,14,14,147.8353,189.8010,26.2172,0.5340,16,16,168.9546,208.6192,27.8792,0.5739,10,3,1
2703809,270380,Joaquim Gomes - AL,17150,38,38,221.5743,282.3182,46.7634,0.8126,40,40,233.2362,298.1246,49.7076,0.8047,26,10,2
2703908,270390,Jundiá - AL,4092,8,8,195.5034,224.9206,12.2549,0.6528,8,8,195.5034,224.9206,13.0194,0.6145,4,3,1
2704005,270400,Junqueiro - AL,23907,59,59,246.7896,260.1298,78.3081,0.7534,64,64,267.7040,281.8184,83.1389,0.7698,20,33,6
2704104,270410,Lagoa da Canoa - AL,18457,39,39,211.3019,237.2783,55.3094,0.7051,42,42,227.5559,255.4398,58.7770,0.7146,17,17,5
2704203,270420,Limoeiro de Anadia - AL,24740,47,47,189.9757,218.0770,74.2006,0.6334,48,48,194.0178,222.8221,78.8530,0.6087,22,21,4
2704302,270430,Maceió - AL,957916,3344,3344,349.0912,403.8073,2882.0787,1.1603,3567,3567,372.3709,429.7086,3063.1925,1.1645,1416,1694,234
2704401,270440,Major Isidoro - AL,17700,36,36,203.3898,204.8656,59.0973,0.6092,39,39,220.3390,222.9143,62.7312,0.6217,15,18,3
2704500,270450,Maragogi - AL,32174,76,76,236.2156,368.2146,73.2000,1.0383,80,80,248.6480,383.0448,78.0532,1.0249,27,43,6
2704609,270460,Maravilha - AL,9534,27,27,283.1970,299.7786,31.4285,0.8591,30,30,314.6633,333.1667,33.3605,0.8993,6,16,5
2704708,270470,Marechal Deodoro - AL,60370,150,150,248.4678,319.7280,161.2409,0.9303,159,159,263.3758,337.7632,171.5486,0.9269,52,85,13
2704807,270480,Maribondo - AL,13679,30,30,219.3143,225.3333,45.5966,0.6579,30,30,219.3143,225.3333,48.4030,0.6198,23,7,0
2704906,270490,Mar Vermelho - AL,3155,6,6,190.1743,167.5157,11.9805,0.5008,7,7,221.8700,204.5563,12.7004,0.5512,2,3,1
2705002,270500,Mata Grande - AL,21844,34,34,155.6491,159.6839,71.6599,0.4745,39,39,178.5387,186.1734,76.0633,0.5127,13,16,5
2705101,270510,Matriz de Camaragibe - AL,23857,50,50,209.5821,270.1163,62.8974,0.7949,56,56,234.7319,298.2990,66.9138,0.8369,28,21,1
2705200,270520,Messias - AL,15405,40,40,259.6560,335.2870,41.8929,0.9548,42,42,272.6388,349.8772,44.5545,0.9427,22,13,5
2705309,270530,Minador do Negrão - AL,4845,10,10,206.3983,194.4717,17.7018,0.5649,12,12,247.6780,240.8061,18.7730,0.6392,1,9,0
2705408,270540,Monteirópolis - AL,7184,16,16,222.7171,252.1543,22.0600,0.7253,19,19,264.4766,306.5678,23.4322,0.8109,2,12,2
2705507,270550,Murici - AL,25187,69,69,273.9508,350.5264,65.4176,1.0548,74,74,293.8024,376.6514,69.6026,1.0632,28,34,7
2705606,270560,Novo Lino - AL,10020,16,16,159.6806,211.4157,26.9577,0.5935,19,19,189.6208,245.4508,28.6749,0.6626,10,5,1
2705705,270570,Olho d'Água das Flores - AL,20695,66,66,318.9176,364.3458,62.8812,1.0496,72,72,347.9101,397.1608,66.8087,1.0777,25,34,7
2705804,270580,Olho d'Água do Casado - AL,8349,14,14,167.6848,209.6497,23.4367,0.5974,16,16,191.6397,234.2613,24.9215,0.6420,5,7,2
2705903,270590,Olho d'Água Grande - AL,4330,7,7,161.6628,164.9442,13.3692,0.5236,8,8,184.7575,192.4187,14.1977,0.5635,4,3,0
2706000,270600,Olivença - AL,10812,24,24,221.9756,242.0023,33.7606,0.7109,29,29,268.2205,291.3779,35.8602,0.8087,7,16,1
2706109,270610,Ouro Branco - AL,11446,23,23,200.9436,227.7542,34.9273,0.6585,27,27,235.8903,265.6246,37.1048,0.7277,7,15,1
2706208,270620,Palestina - AL,4325,9,9,208.0925,231.8591,13.3743,0.6729,9,9,208.0925,231.8591,14.2049,0.6336,7,1,1
2706307,270630,Palmeira dos Índios - AL,71574,282,282,393.9978,390.0955,249.8383,1.1287,295,295,412.1608,407.9715,265.0926,1.1128,103,146,33
2706406,270640,Pão de Açúcar - AL,23823,61,61,256.0551,274.6077,75.2795,0.8103,67,67,281.2408,299.9372,79.9435,0.8381,23,32,6
2706422,270642,Pariconha - AL,10573,18,18,170.2450,195.4267,33.6750,0.5345,21,21,198.6191,225.1324,35.7598,0.5873,6,11,1
2706448,270644,Paripueira - AL,13835,34,34,245.7535,314.9032,37.4588,0.9077,36,36,260.2096,332.9966,39.8473,0.9034,14,16,4
2706505,270650,Passo de Camaragibe - AL,13804,24,24,173.8626,237.7842,34.7646,0.6904,26,26,188.3512,251.8922,37.0044,0.7026,13,10,1
2706604,270660,Paulo Jacinto - AL,6576,18,18,273.7226,267.1329,23.6689,0.7605,20,20,304.1363,300.0168,25.1026,0.7967,9,7,2
2706703,270670,Penedo - AL,58650,126,126,214.8338,239.9583,181.9024,0.6927,130,130,221.6539,247.2425,193.2212,0.6728,57,54,15
2706802,270680,Piaçabuçu - AL,15908,36,36,226.3012,274.9533,46.4668,0.7747,38,38,238.8735,292.4369,49.3847,0.7695,22,13,1
2706901,270690,Pilar - AL,35370,79,79,223.3531,282.3032,96.4211,0.8193,91,91,257.2802,323.5826,102.5479,0.8874,39,32,8
2707008,270700,Pindoba - AL,2731,3,3,109.8499,110.7435,8.9860,0.3339,6,6,219.6997,216.9154,9.5379,0.6291,1,2,0
2707107,270710,Piranhas - AL,22609,40,40,176.9207,234.7356,57.7282,0.6929,42,42,185.7667,248.9186,61.4505,0.6835,12,20,8
2707206,270720,Poço das Trincheiras - AL,12518,16,16,127.8159,146.1170,38.1592,0.4193,21,21,167.7584,191.8668,40.5326,0.5181,6,7,3
2707305,270730,Porto Calvo - AL,24071,68,68,282.4976,359.7054,64.4111,1.0557,73,73,303.2695,384.0522,68.5162,1.0654,30,34,4
2707404,270740,Porto de Pedras - AL,9295,18,18,193.6525,250.7339,22.3547,0.8052,18,18,193.6525,250.7339,23.8169,0.7558,4,14,0
2707503,270750,Porto Real do Colégio - AL,20082,42,42,209.1425,237.8965,61.3729,0.6843,45,45,224.0813,254.2551,65.1961,0.6902,13,24,5
2707602,270760,Quebrangulo - AL,11080,18,18,162.4549,180.3082,34.8311,0.5168,19,19,171.4801,190.4082,36.9881,0.5137,6,11,1
2707701,270770,Rio Largo - AL,93927,243,243,258.7116,348.4549,240.7156,1.0095,265,265,282.1340,377.9520,256.2377,1.0342,92,142,9
2707800,270780,Roteiro - AL,6474,20,20,308.9280,497.4871,14.2193,1.4065,21,21,324.3744,520.3125,15.1628,1.3850,12,7,1
2707909,270790,Santa Luzia do Norte - AL,6919,17,17,245.7002,354.8581,17.9994,0.9445,19,19,274.6062,399.3125,19.1590,0.9917,9,5,3
2708006,270800,Santana do Ipanema - AL,46220,149,149,322.3713,384.7980,133.4438,1.1166,160,160,346.1705,411.8247,141.8639,1.1278,61,78,10
2708105,270810,Santana do Mundaú - AL,11323,23,23,203.1264,240.7463,31.4942,0.7303,25,25,220.7895,262.6482,33.4908,0.7465,8,13,2
2708204,270820,São Brás - AL,6555,15,15,228.8330,243.5742,21.3923,0.7012,15,15,228.8330,243.5742,22.7091,0.6605,2,11,2
2708303,270830,São José da Laje - AL,20813,42,42,201.7970,233.9615,61.3893,0.6842,44,44,211.4063,243.5164,65.2350,0.6745,13,22,7
2708402,270840,São José da Tapera - AL,30604,60,60,196.0528,245.4640,82.7995,0.7246,67,67,218.9256,273.9053,88.0700,0.7608,30,23,7
2708501,270850,São Luís do Quitunde - AL,30873,37,37,119.8458,176.1706,73.4215,0.5039,40,40,129.5630,188.2391,78.2025,0.5115,28,9,0
2708600,270860,São Miguel dos Campos - AL,51990,137,137,263.5122,331.1783,143.2340,0.9565,147,147,282.7467,352.0865,152.3435,0.9649,62,65,10
2708709,270870,São Miguel dos Milagres - AL,8482,16,16,188.6348,257.6425,21.7184,0.7367,18,18,212.2141,295.6412,23.1213,0.7785,5,8,3
2708808,270880,São Sebastião - AL,31786,57,57,179.3242,211.8904,94.1436,0.6055,64,64,201.3465,235.3025,100.0443,0.6397,28,25,4
2708907,270890,Satuba - AL,24278,50,50,205.9478,303.2687,56.9710,0.8776,54,54,222.4236,323.8824,60.7443,0.8890,24,22,4
2708956,270895,Senador Rui Palmeira - AL,12303,21,21,170.6901,215.6651,33.8201,0.6209,22,22,178.8182,223.5345,35.9618,0.6118,9,12,0
2709004,270900,Tanque d'Arca - AL,5796,15,15,258.7992,236.6099,21.1024,0.7108,16,16,276.0524,256.1195,22.3812,0.7149,6,8,1
2709103,270910,Taquarana - AL,19032,43,43,225.9353,231.3682,64.2628,0.6691,45,45,236.4439,242.4009,68.2014,0.6598,10,28,5
2709152,270915,Teotônio Vilela - AL,38053,101,101,265.4193,337.5329,103.4439,0.9764,104,104,273.3030,346.1572,110.0158,0.9453,60,36,5
2709202,270920,Traipu - AL,23565,43,43,182.4740,191.4411,74.4166,0.5778,47,47,199.4483,210.9392,79.0182,0.5948,19,16,8
2709301,270930,União dos Palmares - AL,59280,121,121,204.1161,238.7025,176.3172,0.6863,135,135,227.7328,266.0126,187.3401,0.7206,67,38,16
2709400,270940,Viçosa - AL,24092,54,54,224.1408,252.1600,74.5314,0.7245,58,58,240.7438,270.9863,79.1620,0.7327,17,30,7
2800100,280010,Amparo do São Francisco - SE,2170,7,7,322.5806,362.3994,6.9231,1.0111,7,7,322.5806,362.3994,7.3510,0.9522,3,3,1
2800209,280020,Aquidabã - SE,20131,44,44,218.5684,211.6114,72.6519,0.6056,51,51,253.3406,244.9892,77.0624,0.6618,17,21,6
2800308,280030,Aracaju - SE,602757,2483,2483,411.9405,425.3069,2022.4667,1.2277,2885,2885,478.6340,494.2187,2147.3869,1.3435,823,1484,176
2800407,280040,Arauá - SE,10318,22,22,213.2196,224.5015,33.8923,0.6491,28,28,271.3704,289.4067,35.9775,0.7783,8,13,1
2800506,280050,Areia Branca - SE,18081,49,49,271.0027,341.1463,51.5671,0.9502,60,60,331.8401,405.1585,54.8383,1.0941,18,30,1
2800605,280060,Barra dos Coqueiros - SE,41511,109,109,262.5810,376.5528,103.0872,1.0574,125,125,301.1250,425.8219,109.8232,1.1382,28,71,10
2800670,280067,Boquim - SE,24636,77,77,312.5507,299.1972,88.0253,0.8747,87,87,353.1417,340.0206,93.3767,0.9317,21,46,10
2800704,280070,Brejo Grande - SE,7841,12,12,153.0417,199.2676,20.2621,0.5922,15,15,191.3021,243.2202,21.5612,0.6957,6,6,0
2801009,280100,Campo do Brito - SE,18149,29,29,159.7884,164.1876,62.0533,0.4673,35,35,192.8481,196.1238,65.8611,0.5314,11,16,2
2801108,280110,Canhoba - SE,3791,6,6,158.2696,171.0692,12.2634,0.4893,6,6,158.2696,171.0692,13.0211,0.4608,0,6,0
2801207,280120,Canindé de São Francisco - SE,26834,52,52,193.7840,271.0267,62.3810,0.8336,57,57,212.4171,294.3574,66.4813,0.8574,9,39,4
2801306,280130,Capela - SE,31645,55,55,173.8031,198.3329,96.5567,0.5696,74,74,233.8442,266.1332,102.5772,0.7214,25,27,3
2801405,280140,Carira - SE,19939,46,46,230.7036,225.6907,72.4604,0.6348,59,59,295.9025,290.8613,76.8609,0.7676,18,23,5
2801504,280150,Carmópolis - SE,13853,43,43,310.4021,453.6201,32.6588,1.3166,46,46,332.0580,488.9395,34.7998,1.3218,18,22,3
2801603,280160,Cedro de São João - SE,5391,24,24,445.1864,397.7034,20.1340,1.1920,24,24,445.1864,397.7034,21.3501,1.1241,11,11,2
2801702,280170,Cristinápolis - SE,17100,32,32,187.1345,244.8745,44.7894,0.7145,39,39,228.0702,292.5063,47.6602,0.8183,21,9,2
2801900,280190,Cumbe - SE,3824,2,2,52.3013,40.3337,14.0674,0.1422,4,4,104.6025,101.4939,14.9193,0.2681,0,2,0
2802007,280200,Divina Pastora - SE,4340,12,12,276.4977,356.4098,12.2449,0.9800,15,15,345.6221,455.0949,13.0169,1.1523,4,8,0
2802106,280210,Estância - SE,65078,182,182,279.6644,318.2898,199.5701,0.9120,220,220,338.0559,382.0696,212.0416,1.0375,98,77,7
2802205,280220,Feira Nova - SE,5975,5,5,83.6820,100.8914,17.9843,0.2780,8,8,133.8912,151.9127,19.1097,0.4186,1,4,0
2802304,280230,Frei Paulo - SE,14530,35,35,240.8809,260.4713,47.4796,0.7372,43,43,295.9394,315.2995,50.4201,0.8528,18,17,0
2802403,280240,Gararu - SE,11096,18,18,162.2206,163.6763,37.4726,0.4804,23,23,207.2819,210.8756,39.7698,0.5783,8,9,1
2802502,280250,General Maynard - SE,3037,11,11,362.1995,398.4452,9.4250,1.1671,14,14,460.9812,510.3308,10.0121,1.3983,4,7,0
2802601,280260,Graccho Cardoso - SE,5834,9,9,154.2681,144.1147,21.4834,0.4189,10,10,171.4090,161.4255,22.7831,0.4389,3,6,0
2802700,280270,Ilha das Flores - SE,8321,22,22,264.3913,283.3095,25.2596,0.8710,24,24,288.4269,306.8375,26.8306,0.8945,12,7,3
2802809,280280,Indiaroba - SE,16549,24,24,145.0239,182.7222,45.3853,0.5288,33,33,199.4078,251.7700,48.2555,0.6839,8,15,1
2802908,280290,Itabaiana - SE,103440,258,258,249.4200,290.3375,305.3337,0.8450,303,303,292.9234,339.3259,324.6498,0.9333,108,145,5
2803005,280300,Itabaianinha - SE,40678,76,76,186.8332,222.1293,118.8727,0.6393,88,88,216.3332,257.2443,126.3525,0.6965,32,39,5
2803104,280310,Itabi - SE,4745,1,1,21.0748,25.6894,18.7392,0.0534,5,5,105.3741,103.8194,19.8594,0.2518,0,1,0
2803203,280320,Itaporanga d'Ajuda - SE,34411,79,79,229.5778,266.4878,99.5447,0.7936,95,95,276.0745,322.7137,105.8163,0.8978,34,38,7
2803302,280330,Japaratuba - SE,16209,53,53,326.9788,347.7574,52.4292,1.0109,62,62,382.5035,404.7350,55.6668,1.1138,23,26,4
2803401,280340,Japoatã - SE,13407,31,31,231.2225,268.9534,39.3637,0.7875,35,35,261.0577,304.6777,41.8383,0.8366,11,17,3
2803500,280350,Lagarto - SE,101579,251,251,247.0983,260.3316,332.3308,0.7553,308,308,303.2123,318.8717,352.9257,0.8727,99,128,24
2803609,280360,Laranjeiras - SE,23975,67,67,279.4578,375.9882,61.8182,1.0838,79,79,329.5099,436.6966,65.7923,1.2007,26,35,6
2803708,280370,Macambira - SE,6838,12,12,175.4899,172.5730,24.2655,0.4945,12,12,175.4899,172.5730,25.7457,0.4661,4,7,1
2803807,280380,Malhada dos Bois - SE,3579,7,7,195.5854,214.3348,10.4914,0.6672,9,9,251.4669,275.7522,11.1489,0.8073,1,5,1
2803906,280390,Malhador - SE,11533,32,32,277.4647,279.6936,38.4600,0.8320,34,34,294.8062,297.7538,40.8193,0.8329,14,16,2
2804003,280400,Maruim - SE,15719,44,44,279.9160,346.1047,43.2286,1.0178,60,60,381.7037,472.7313,45.9679,1.3053,22,21,1
2804102,280410,Moita Bonita - SE,11050,12,12,108.5973,94.4833,43.1546,0.2781,17,17,153.8462,138.3141,45.7554,0.3715,5,5,2
2804201,280420,Monte Alegre de Sergipe - SE,14336,14,14,97.6562,138.9044,37.4209,0.3741,18,18,125.5580,169.2397,39.8287,0.4519,6,6,2
2804300,280430,Muribeca - SE,7822,20,20,255.6891,287.6636,23.9125,0.8364,21,21,268.4735,302.4262,25.4073,0.8265,7,13,0
2804409,280440,Neópolis - SE,16426,50,50,304.3955,323.2503,53.7736,0.9298,57,57,347.0108,368.6071,57.0778,0.9986,21,24,5
2804458,280445,Nossa Senhora Aparecida - SE,9232,19,19,205.8059,200.0184,33.5267,0.5667,20,20,216.6378,211.9939,35.5688,0.5623,6,12,1
2804508,280450,Nossa Senhora da Glória - SE,41212,84,84,203.8241,256.7450,114.0059,0.7368,101,101,245.0743,307.0112,121.3118,0.8326,31,50,3
2804607,280460,Nossa Senhora das Dores - SE,24996,45,45,180.0288,189.6881,82.8882,0.5429,61,61,244.0390,256.1169,88.0014,0.6932,22,20,3
2804706,280470,Nossa Senhora de Lourdes - SE,6268,14,14,223.3567,230.9841,21.4567,0.6525,15,15,239.3108,247.1175,22.7685,0.6588,4,8,2
2804805,280480,Nossa Senhora do Socorro - SE,192330,587,586,305.2046,490.5877,426.9716,1.3725,697,696,362.3980,575.4716,455.5140,1.5279,201,360,26
2804904,280490,Pacatuba - SE,12502,30,30,239.9616,279.4495,36.9545,0.8118,32,32,255.9590,299.9700,39.2701,0.8149,16,12,2
2805000,280500,Pedra Mole - SE,2778,7,7,251.9798,253.9950,9.3948,0.7451,9,9,323.9741,325.8427,9.9714,0.9026,2,5,0
2805109,280510,Pedrinhas - SE,7396,20,20,270.4164,268.3731,25.5592,0.7825,21,21,283.9373,283.8248,27.1215,0.7743,6,13,1
2805208,280520,Pinhão - SE,5677,22,22,387.5286,372.1582,20.2532,1.0862,25,25,440.3734,425.3980,21.4860,1.1635,10,11,1
2805307,280530,Pirambu - SE,7913,26,26,328.5732,378.5257,24.3210,1.0690,30,30,379.1230,436.4159,25.8332,1.1613,9,16,1
2805406,280540,Poço Redondo - SE,33439,38,38,113.6398,153.8114,85.6964,0.4434,47,47,140.5544,184.8919,91.2175,0.5153,14,18,6
2805505,280550,Poço Verde - SE,21794,57,57,261.5399,240.5597,81.5573,0.6989,68,68,312.0125,286.7762,86.4918,0.7862,18,34,5
2805604,280560,Porto da Folha - SE,26576,46,46,173.0885,195.5349,81.4386,0.5648,55,55,206.9536,232.3548,86.5205,0.6357,18,24,4
2805703,280570,Propriá - SE,26618,90,90,338.1171,372.6841,84.3892,1.0665,104,104,390.7131,428.8471,89.6272,1.1604,40,38,12
2805802,280580,Riachão do Dantas - SE,18313,33,33,180.1999,176.8829,64.9102,0.5084,38,38,207.5029,205.5907,68.8670,0.5518,15,16,2
2805901,280590,Riachuelo - SE,8748,20,20,228.6237,313.1666,22.9309,0.8722,23,23,262.9172,356.4358,24.3953,0.9428,9,9,2
2806008,280600,Ribeirópolis - SE,17033,37,37,217.2254,193.1431,65.0032,0.5692,42,42,246.5802,221.2619,68.9340,0.6093,16,17,4
2806107,280610,Rosário do Catete - SE,9295,19,19,204.4110,263.0352,24.9747,0.7608,25,25,268.9618,347.4563,26.5672,0.9410,7,10,2
2806206,280620,Salgado - SE,20279,48,48,236.6981,250.5223,66.5482,0.7213,65,65,320.5286,337.1689,70.6492,0.9200,15,30,3
2806305,280630,Santa Luzia do Itanhy - SE,13616,16,16,117.5088,147.3481,36.7128,0.4358,23,23,168.9189,205.1366,39.0497,0.5890,8,5,3
2806404,280640,Santana do São Francisco - SE,7346,15,15,204.1928,260.4319,19.9644,0.7513,16,16,217.8056,277.0503,21.2359,0.7534,6,9,0
2806503,280650,Santa Rosa de Lima - SE,3937,9,9,228.6005,250.8564,12.1861,0.7385,9,9,228.6005,250.8564,12.9386,0.6956,4,4,1
2806602,280660,Santo Amaro das Brotas - SE,11092,22,22,198.3411,211.7317,35.9567,0.6118,27,27,243.4187,260.4835,38.1706,0.7074,12,9,1
2806701,280670,São Cristóvão - SE,95612,256,256,267.7488,380.5601,239.6175,1.0684,295,295,308.5387,435.1004,255.2830,1.1556,107,135,14
2806800,280680,São Domingos - SE,10327,32,32,309.8673,313.9860,34.8617,0.9179,37,37,358.2841,363.7612,37.0021,0.9999,7,24,1
2806909,280690,São Francisco - SE,3243,14,14,431.6990,468.5475,10.2856,1.3611,15,15,462.5347,500.3313,10.9217,1.3734,5,9,0
2807006,280700,São Miguel do Aleixo - SE,3434,5,5,145.6028,151.7756,12.7119,0.3933,5,5,145.6028,151.7756,13.4838,0.3708,2,3,0
2807105,280710,Simão Dias - SE,42578,98,98,230.1658,228.7629,147.4030,0.6648,109,109,256.0008,255.7129,156.4574,0.6967,39,46,13
2807204,280720,Siriri - SE,7834,11,11,140.4136,165.6794,24.6857,0.4456,14,14,178.7082,206.6718,26.2153,0.5340,6,4,1
2807303,280730,Telha - SE,3274,11,11,335.9805,362.5876,9.4956,1.1584,12,12,366.5241,399.0204,10.0943,1.1888,5,5,1
2807402,280740,Tobias Barreto - SE,50905,104,104,204.3021,215.8604,169.6028,0.6132,133,133,261.2710,274.5045,180.0985,0.7385,44,47,13
2807501,280750,Tomar do Geru - SE,12012,26,26,216.4502,229.8466,38.6939,0.6719,31,31,258.0753,271.8646,41.0839,0.7546,8,15,3
2807600,280760,Umbaúba - SE,23917,46,46,192.3318,245.7684,65.2587,0.7049,55,55,229.9620,292.2957,69.4238,0.7922,24,20,2
2900108,290010,Abaíra - BA,7301,16,16,219.1481,147.2463,42.2268,0.3789,17,17,232.8448,155.4186,44.6490,0.3807,4,8,4
2900207,290020,Abaré - BA,17639,17,17,96.3773,109.4071,52.7079,0.3225,18,18,102.0466,115.5236,56.0067,0.3214,0,10,7
2900306,290030,Acajutiba - BA,13795,29,29,210.2211,184.6480,51.5970,0.5620,31,31,224.7191,197.5438,54.7080,0.5666,6,16,7
2900355,290035,Adustina - BA,14201,27,27,190.1275,173.5051,52.5812,0.5135,31,31,218.2945,200.7264,55.7768,0.5558,4,22,1
2900405,290040,Água Fria - BA,14497,12,12,82.7757,65.5311,60.3635,0.1988,16,16,110.3677,91.7933,63.9591,0.2502,4,8,0
2900504,290050,Érico Cardoso - BA,10604,6,6,56.5824,50.4418,45.1293,0.1330,6,6,56.5824,50.4418,47.8209,0.1255,2,3,1
2900603,290060,Aiquara - BA,4447,15,15,337.3060,277.5601,18.1525,0.8263,16,16,359.7931,292.5183,19.2359,0.8318,9,6,0
2900702,290070,Alagoinhas - BA,151055,359,359,237.6618,245.5448,502.9696,0.7138,376,376,248.9160,257.3941,534.0072,0.7041,118,203,38
2900801,290080,Alcobaça - BA,24530,27,27,110.0693,115.0381,81.5709,0.3310,31,31,126.3759,132.2596,86.5745,0.3581,15,10,2
2900900,290090,Almadina - BA,5218,11,11,210.8087,145.2368,24.2280,0.4540,13,13,249.1376,177.6549,25.6462,0.5069,6,5,0
2901007,290100,Amargosa - BA,36521,71,71,194.4087,170.6282,138.1657,0.5139,89,88,243.6954,211.5610,146.5325,0.6005,25,38,8
2901106,290110,Amélia Rodrigues - BA,24138,52,52,215.4280,205.2584,86.8113,0.5990,59,59,244.4279,232.7602,92.0794,0.6408,19,31,2
2901155,290115,América Dourada - BA,15137,13,13,85.8823,86.1107,52.0750,0.2496,14,14,92.4886,91.7015,55.2467,0.2534,2,10,1
2901205,290120,Anagé - BA,25438,37,37,145.4517,105.1433,119.4800,0.3097,38,38,149.3828,108.6373,126.4796,0.3004,6,28,3
2901304,290130,Andaraí - BA,13080,13,13,99.3884,100.7040,44.6440,0.2912,16,16,122.3242,123.2661,47.3835,0.3377,2,7,4
2901353,290135,Andorinha - BA,15012,23,23,153.2108,142.6764,57.2625,0.4017,26,26,173.1948,160.1484,60.7238,0.4282,9,10,4
2901403,290140,Angical - BA,13732,23,23,167.4920,156.5581,50.4237,0.4561,26,26,189.3388,176.3478,53.4733,0.4862,5,17,1
2901502,290150,Anguera - BA,11031,9,9,81.5883,72.5233,44.0650,0.2042,9,9,81.5883,72.5233,46.7166,0.1927,1,5,3
2901601,290160,Antas - BA,14206,17,17,119.6677,95.5000,60.8857,0.2792,19,19,133.7463,109.2306,64.5214,0.2945,1,14,2
2901700,290170,Antônio Cardoso - BA,11146,8,8,71.7746,79.6072,40.3439,0.1983,13,13,116.6338,125.6547,42.8007,0.3037,4,3,1
2901809,290180,Antônio Gonçalves - BA,10862,11,11,101.2705,99.2306,38.6658,0.2845,14,14,128.8897,125.3596,41.0214,0.3413,4,6,1
2901908,290190,Aporá - BA,15922,26,26,163.2961,147.8431,61.7080,0.4213,26,26,163.2961,147.8431,65.4139,0.3975,10,10,6
2901957,290195,Apuarema - BA,6913,11,11,159.1205,146.7228,26.4168,0.4164,12,12,173.5860,162.5266,28.0072,0.4285,7,2,2
2902005,290200,Aracatu - BA,13936,23,23,165.0402,118.1529,61.1679,0.3760,24,24,172.2158,125.5736,64.7960,0.3704,10,9,4
2902054,290205,Araçás - BA,11557,17,17,147.0970,181.4537,31.9975,0.5313,18,18,155.7498,189.8228,34.0366,0.5288,7,10,0
2902104,290210,Araci - BA,48294,71,71,147.0162,152.1627,167.1739,0.4247,78,78,161.5107,165.8436,177.4045,0.4397,23,41,7
2902203,290220,Aramari - BA,9833,15,15,152.5475,152.2666,34.7379,0.4318,15,15,152.5475,152.2666,36.8599,0.4069,6,8,1
2902252,290225,Arataca - BA,10191,20,20,196.2516,207.9468,33.5197,0.5967,24,24,235.5019,250.7654,35.5804,0.6745,14,6,0
2902302,290230,Aratuípe - BA,8677,13,13,149.8214,171.8119,26.7904,0.4852,14,14,161.3461,185.3370,28.4635,0.4919,6,6,1
2902401,290240,Aurelino Leal - BA,11179,37,37,330.9777,346.3692,37.2854,0.9923,40,40,357.8138,373.9647,39.5705,1.0109,14,18,5
2902500,290250,Baianópolis - BA,13614,29,29,213.0160,217.5550,50.1499,0.5783,30,30,220.3614,226.1119,53.1883,0.5640,3,19,7
2902609,290260,Baixa Grande - BA,18220,24,24,131.7234,105.8318,76.6805,0.3130,27,27,148.1888,118.1930,81.2320,0.3324,4,13,7
2902658,290265,Banzaê - BA,11958,13,13,108.7138,107.4654,44.8696,0.2897,16,16,133.8016,129.8752,47.5700,0.3363,4,7,2
2902708,290270,Barra - BA,51092,71,71,138.9650,164.1512,146.0410,0.4862,75,75,146.7940,173.0533,155.2354,0.4831,11,55,5
2902807,290280,Barra da Estiva - BA,26026,35,35,134.4809,149.4366,78.9931,0.4431,40,40,153.6925,169.0923,83.9647,0.4764,5,25,5
2902906,290290,Barra do Choça - BA,36539,55,55,150.5241,159.6301,120.3721,0.4569,58,58,158.7345,167.5849,127.7884,0.4539,16,31,8
2903003,290300,Barra do Mendes - BA,13836,19,19,137.3229,104.7869,60.9298,0.3118,21,21,151.7780,115.7790,64.5269,0.3254,6,7,6
2903102,290310,Barra do Rocha - BA,5775,8,8,138.5281,137.5875,22.1209,0.3616,10,10,173.1602,165.1242,23.4511,0.4264,3,4,1
2903201,290320,Barreiras - BA,159734,343,343,214.7320,300.3002,391.5203,0.8761,362,362,226.6268,314.9378,417.2189,0.8677,102,220,21
2903235,290323,Barro Alto - BA,13453,17,17,126.3659,122.6203,50.0462,0.3397,18,18,133.7992,130.0380,53.0701,0.3392,6,7,4
2903276,290327,Barrocas - BA,15203,27,27,177.5965,189.3581,49.3196,0.5474,29,29,190.7518,202.3765,52.3765,0.5537,3,21,3
2903300,290330,Barro Preto - BA,5833,12,12,205.7260,167.1025,23.7211,0.5059,13,13,222.8699,180.8398,25.1365,0.5172,5,5,2
2903409,290340,Belmonte - BA,20121,35,35,173.9476,179.8199,66.8026,0.5239,39,39,193.8273,200.5276,70.9011,0.5501,9,21,5
2903508,290350,Belo Campo - BA,18412,25,25,135.7810,105.3160,79.6409,0.3139,29,29,157.5060,125.7927,84.3617,0.3438,2,17,6
2903607,290360,Biritinga - BA,15146,12,12,79.2288,66.5535,57.8205,0.2075,14,14,92.4336,78.3450,61.3086,0.2284,2,4,6
2903706,290370,Boa Nova - BA,13690,20,20,146.0920,119.6088,60.9374,0.3282,24,24,175.3104,142.9645,64.5350,0.3719,6,13,1
2903805,290380,Boa Vista do Tupim - BA,16873,16,16,94.8261,89.7892,65.0886,0.2458,18,18,106.6793,101.9745,68.9888,0.2609,4,10,2
2903904,290390,Bom Jesus da Lapa - BA,65550,99,99,151.0297,177.2387,192.0336,0.5155,110,110,167.8108,196.1740,204.1202,0.5389,19,69,11
2903953,290395,Bom Jesus da Serra - BA,9730,14,14,143.8849,110.3021,38.8926,0.3600,14,14,143.8849,110.3021,41.2238,0.3396,2,8,4
2904001,290400,Boninal - BA,13622,14,14,102.7749,89.4970,56.1062,0.2495,15,15,110.1160,97.3696,59.4555,0.2523,4,7,3
2904050,290405,Bonito - BA,15844,18,18,113.6077,162.6068,39.5909,0.4547,20,20,126.2307,181.7121,42.1614,0.4744,4,11,3
2904100,290410,Boquira - BA,19322,25,25,129.3862,101.5726,87.4568,0.2859,29,29,150.0880,119.0146,92.6181,0.3131,6,15,4
2904209,290420,Botuporã - BA,11024,8,8,72.5689,57.2151,46.1564,0.1733,8,8,72.5689,57.2151,48.9131,0.1636,1,4,3
2904308,290430,Brejões - BA,12943,20,20,154.5237,128.7451,51.2923,0.3899,23,23,177.7022,147.8930,54.3631,0.4231,4,9,7
2904407,290440,Brejolândia - BA,9108,11,11,120.7729,99.8673,40.1407,0.2740,13,13,142.7317,117.6071,42.5099,0.3058,7,2,2
2904506,290450,Brotas de Macaúbas - BA,11765,5,5,42.4989,38.7312,56.5742,0.0884,9,9,76.4981,62.1014,59.8800,0.1503,0,5,0
2904605,290460,Brumado - BA,70510,206,206,292.1571,269.0382,263.8239,0.7808,221,221,313.4307,288.2980,279.8388,0.7897,45,154,7
2904704,290470,Buerarema - BA,14804,50,50,337.7466,264.7516,64.8755,0.7707,53,53,358.0113,282.0193,68.7038,0.7714,25,20,5
2904753,290475,Buritirama - BA,19589,29,29,148.0423,171.2856,59.2719,0.4893,32,32,163.3570,187.0486,62.9797,0.5081,9,17,3
2904803,290480,Caatiba - BA,6205,14,14,225.6245,183.9227,25.4475,0.5502,15,15,241.7405,198.8519,26.9641,0.5563,3,10,1
2904852,290485,Cabaceiras do Paraguaçu - BA,16559,10,10,60.3901,63.9304,53.1114,0.1883,11,11,66.4291,70.5622,56.3981,0.1950,1,6,3
2904902,290490,Cachoeira - BA,29250,31,31,105.9829,103.0954,104.8037,0.2958,38,38,129.9145,126.1965,111.1803,0.3418,10,19,2
2905008,290500,Caculé - BA,22462,37,37,164.7226,131.9653,94.6810,0.3908,38,38,169.1746,136.4065,100.3362,0.3787,5,18,14
2905107,290510,Caém - BA,10384,10,10,96.3020,90.0702,40.6502,0.2460,11,11,105.9322,96.5806,43.0898,0.2553,4,3,3
2905156,290515,Caetanos - BA,11266,18,18,159.7728,116.5000,48.6459,0.3700,18,18,159.7728,116.5000,51.5355,0.3493,3,12,3
2905206,290520,Caetité - BA,52012,57,57,109.5901,99.1945,199.3137,0.2860,59,59,113.4354,102.5831,211.3924,0.2791,6,37,14
2905305,290530,Cafarnaum - BA,17466,21,21,120.2336,124.9298,55.4482,0.3787,23,23,131.6844,137.4538,58.8871,0.3906,9,12,0
2905404,290540,Cairu - BA,17761,33,33,185.8003,282.4103,42.3079,0.7800,35,35,197.0610,297.1941,45.1050,0.7760,15,15,3
2905503,290550,Caldeirão Grande - BA,13080,8,8,61.1621,60.3104,46.3964,0.1724,9,9,68.8073,68.7696,49.2260,0.1828,5,2,1
2905602,290560,Camacan - BA,22579,91,91,403.0294,384.9365,83.2495,1.0931,99,99,438.4605,417.1476,88.2687,1.1216,34,45,12
2905701,290570,Camaçari - BA,300372,720,720,239.7028,334.4554,760.2457,0.9471,754,754,251.0221,348.9954,809.6586,0.9313,153,512,55
2905800,290580,Camamu - BA,30469,65,65,213.3316,243.6618,91.5618,0.7099,71,71,233.0237,264.9888,97.2629,0.7300,28,32,5
2905909,290590,Campo Alegre de Lourdes - BA,30671,47,47,153.2392,157.6644,106.3387,0.4420,49,49,159.7600,163.7708,112.8323,0.4343,9,34,4
2906006,290600,Campo Formoso - BA,71377,75,75,105.0759,112.1282,230.2171,0.3258,83,83,116.2840,123.9155,244.4733,0.3395,21,48,6
2906105,290610,Canápolis - BA,10225,9,9,88.0196,81.2549,38.1691,0.2358,10,10,97.7995,88.4026,40.4733,0.2471,1,8,0
2906204,290620,Canarana - BA,24206,43,43,177.6419,183.6984,80.8354,0.5319,44,44,181.7731,188.1406,85.7984,0.5128,14,23,6
2906303,290630,Canavieiras - BA,32683,99,99,302.9098,281.1209,121.7870,0.8129,105,105,321.2679,299.9765,129.1396,0.8131,37,55,7
2906402,290640,Candeal - BA,7772,4,4,51.4668,40.9849,35.1398,0.1138,7,7,90.0669,63.9546,37.2081,0.1881,1,2,1
2906501,290650,Candeias - BA,72382,232,232,320.5217,355.7158,224.2974,1.0343,247,247,341.2451,377.8555,238.2610,1.0367,90,129,13
2906600,290660,Candiba - BA,13016,24,24,184.3884,137.9363,60.2760,0.3982,24,24,184.3884,137.9363,63.8184,0.3761,1,18,5
2906709,290670,Cândido Sales - BA,25247,72,72,285.1824,246.5811,99.4585,0.7239,73,73,289.1433,249.4151,105.4117,0.6925,32,34,6
2906808,290680,Cansanção - BA,37439,52,52,138.8926,137.7219,128.6200,0.4043,54,54,144.2346,143.9784,136.5025,0.3956,18,26,8
2906824,290682,Canudos - BA,16105,18,18,111.7665,109.4926,56.7754,0.3170,21,21,130.3943,127.2292,60.2311,0.3487,8,9,1
2906857,290685,Capela do Alto Alegre - BA,10744,18,18,167.5354,108.1552,52.4550,0.3432,21,21,195.4579,131.0700,55.5220,0.3782,5,11,2
2906873,290687,Capim Grosso - BA,33235,41,41,123.3639,123.9570,112.2709,0.3652,43,43,129.3817,129.6880,119.1839,0.3608,18,21,2
2906899,290689,Caraíbas - BA,9940,9,9,90.5433,69.0513,49.9566,0.1802,9,9,90.5433,69.0513,52.8606,0.1703,2,4,3
2906907,290690,Caravelas - BA,20580,16,16,77.7454,78.9833,70.2319,0.2278,19,19,92.3226,93.5600,74.5238,0.2550,5,8,3
2907004,290700,Cardeal da Silva - BA,8365,8,8,95.6366,121.2248,23.0548,0.3470,10,10,119.5457,151.5883,24.5227,0.4078,1,5,2
2907103,290710,Carinhanha - BA,28869,38,38,131.6291,145.6757,90.1328,0.4216,41,41,142.0209,156.5808,95.7319,0.4283,8,28,2
2907202,290720,Casa Nova - BA,72086,75,75,104.0424,119.4109,220.8652,0.3396,82,82,113.7530,130.5025,234.6476,0.3495,22,44,9
2907301,290730,Castro Alves - BA,24712,39,39,157.8181,143.0332,92.4358,0.4219,42,42,169.9579,155.3942,98.0349,0.4284,17,18,4
2907400,290740,Catolândia - BA,3434,1,1,29.1206,19.1364,14.6180,0.0684,1,1,29.1206,19.1364,15.4851,0.0646,0,1,0
2907509,290750,Catu - BA,48148,115,115,238.8469,238.7848,167.5995,0.6862,121,121,251.3085,251.6600,177.8391,0.6804,31,72,12
2907558,290755,Caturama - BA,8841,12,12,135.7313,103.2887,39.2081,0.3061,12,12,135.7313,103.2887,41.5319,0.2889,0,8,4
2907608,290760,Central - BA,16348,18,18,110.1052,99.6636,63.6797,0.2827,20,20,122.3391,109.6505,67.4971,0.2963,5,12,1
2907707,290770,Chorrochó - BA,10579,15,15,141.7903,132.4047,37.2898,0.4023,18,18,170.1484,161.9889,39.5614,0.4550,3,9,3
2907806,290780,Cícero Dantas - BA,30907,80,80,258.8410,216.9991,131.7115,0.6074,88,88,284.7251,240.7993,139.5564,0.6306,15,50,15
2907905,290790,Cipó - BA,17230,22,22,127.6843,132.8094,55.7214,0.3948,24,24,139.2919,145.6138,59.1682,0.4056,1,17,4
2908002,290800,Coaraci - BA,17333,58,58,334.6218,237.8796,81.9573,0.7077,66,66,380.7766,270.3901,86.7468,0.7608,31,20,7
2908101,290810,Cocos - BA,19151,24,24,125.3198,122.1601,72.5801,0.3307,27,27,140.9848,133.9153,76.9649,0.3508,8,11,5
2908200,290820,Conceição da Feira - BA,20800,32,32,153.8462,155.2658,69.1172,0.4630,33,33,158.6538,160.8729,73.3781,0.4497,11,19,2
2908309,290830,Conceição do Almeida - BA,15794,29,29,183.6140,143.2049,65.6465,0.4418,38,38,240.5977,193.5635,69.5643,0.5463,9,16,4
2908408,290840,Conceição do Coité - BA,67825,57,57,84.0398,84.4175,233.9479,0.2436,63,63,92.8861,93.6832,248.2786,0.2537,19,25,13
2908507,290850,Conceição do Jacuípe - BA,35308,52,52,147.2754,158.2225,114.8584,0.4527,61,61,172.7654,186.1013,121.9761,0.5001,18,24,10
2908606,290860,Conde - BA,23654,20,20,84.5523,100.0406,70.4872,0.2837,26,26,109.9180,129.1205,74.9014,0.3471,12,8,0
2908705,290870,Condeúba - BA,17053,32,32,187.6503,133.1644,81.5024,0.3926,36,36,211.1066,151.5128,86.2741,0.4173,4,25,3
2908804,290880,Contendas do Sincorá - BA,4333,8,8,184.6296,141.5296,18.9163,0.4229,8,8,184.6296,141.5296,20.0384,0.3992,3,4,1
2908903,290890,Coração de Maria - BA,26692,21,21,78.6753,80.3040,93.3805,0.2249,29,29,108.6468,111.9670,99.0978,0.2926,5,13,3
2909000,290900,Cordeiros - BA,7546,12,12,159.0246,89.7648,36.9518,0.3247,12,12,159.0246,89.7648,39.1101,0.3068,4,4,4
2909109,290910,Coribe - BA,13990,21,21,150.1072,126.3559,58.5342,0.3588,23,23,164.4031,137.3029,62.0121,0.3709,9,8,4
2909208,290920,Coronel João Sá - BA,17056,20,20,117.2608,119.6997,57.0794,0.3504,24,24,140.7129,144.4404,60.5985,0.3960,10,9,1
2909307,290930,Correntina - BA,32457,53,53,163.2930,155.8532,115.5955,0.4585,56,56,172.5360,164.4865,122.6462,0.4566,3,49,1
2909406,290940,Cotegipe - BA,13063,22,22,168.4146,166.3095,45.7674,0.4807,25,25,191.3802,187.1589,48.5567,0.5149,7,13,2
2909505,290950,Cravolândia - BA,4415,2,2,45.3001,35.4628,18.0356,0.1109,4,4,90.6002,83.8538,19.1112,0.2093,0,2,0
2909604,290960,Crisópolis - BA,19729,19,19,96.3049,85.2237,73.6165,0.2581,20,20,101.3736,89.8542,78.0642,0.2562,5,12,2
2909703,290970,Cristópolis - BA,13993,12,12,85.7572,80.3545,51.5911,0.2326,12,12,85.7572,80.3545,54.7274,0.2193,1,9,2
2909802,290980,Cruz das Almas - BA,60348,91,91,150.7921,149.6313,211.7158,0.4298,98,98,162.3915,160.5471,224.6678,0.4362,29,49,13
2909901,290990,Curaçá - BA,34180,45,45,131.6559,144.2010,108.4379,0.4150,47,47,137.5073,149.6426,115.1731,0.4081,11,29,5
2910008,291000,Dário Meira - BA,10820,27,27,249.5379,215.1893,41.6207,0.6487,27,27,249.5379,215.1893,44.1162,0.6120,13,11,3
2910057,291005,Dias d'Ávila - BA,71485,192,192,268.5878,348.5819,193.3674,0.9929,210,210,293.7679,377.9623,205.7095,1.0209,49,123,20
2910107,291010,Dom Basílio - BA,11884,20,20,168.2935,146.7748,47.1117,0.4245,20,20,168.2935,146.7748,49.9502,0.4004,4,14,2
2910206,291020,Dom Macedo Costa - BA,4407,9,9,204.2206,177.2019,16.9024,0.5325,10,10,226.9117,199.0625,17.9223,0.5580,3,3,3
2910305,291030,Elísio Medrado - BA,7808,12,12,153.6885,126.5440,36.6815,0.3271,12,12,153.6885,126.5440,38.8315,0.3090,5,5,2
2910404,291040,Encruzilhada - BA,19107,28,28,146.5432,139.9575,68.7234,0.4074,30,30,157.0105,149.6265,72.8924,0.4116,11,13,4
2910503,291050,Entre Rios - BA,38098,47,47,123.3661,136.7032,117.9168,0.3986,57,57,149.6142,164.8217,125.2634,0.4550,11,34,2
2910602,291060,Esplanada - BA,32554,39,39,119.8009,141.3482,97.0951,0.4017,41,41,125.9446,147.6658,103.1827,0.3974,11,26,2
2910701,291070,Euclides da Cunha - BA,61456,73,73,118.7842,103.9330,234.6346,0.3111,76,76,123.6657,109.1436,248.7985,0.3055,17,47,9
2910727,291072,Eunápolis - BA,113710,245,245,215.4604,251.8494,333.1646,0.7354,265,265,233.0490,272.1897,354.1542,0.7483,77,144,24
2910750,291075,Fátima - BA,17895,21,21,117.3512,95.0460,70.7777,0.2967,22,22,122.9394,99.1915,75.0423,0.2932,6,10,5
2910776,291077,Feira da Mata - BA,5631,4,4,71.0353,59.5833,22.7915,0.1755,4,4,71.0353,59.5833,24.1543,0.1656,3,1,0
2910800,291080,Feira de Santana - BA,616272,1168,1164,189.5267,215.4815,1860.7020,0.6256,1384,1380,224.5762,255.3461,1977.6963,0.6978,452,607,109
2910859,291085,Filadélfia - BA,17897,28,28,156.4508,160.4399,61.0516,0.4586,35,35,195.5635,198.7299,64.7998,0.5401,15,10,3
2910909,291090,Firmino Alves - BA,4873,14,14,287.2974,249.0155,19.1650,0.7305,15,15,307.8186,264.1716,20.3155,0.7384,3,8,3
2911006,291100,Floresta Azul - BA,11059,21,21,189.8906,150.9309,46.9634,0.4472,22,22,198.9330,157.0422,49.7506,0.4422,12,7,2
2911105,291110,Formosa do Rio Preto - BA,25899,37,37,142.8627,177.2981,72.0389,0.5136,42,42,162.1684,201.8308,76.6275,0.5481,15,18,4
2911204,291120,Gandu - BA,32178,77,77,239.2939,266.3146,100.6572,0.7650,78,78,242.4016,269.9861,106.9159,0.7295,34,37,6
2911253,291125,Gavião - BA,4360,8,8,183.4862,133.9823,20.1468,0.3971,8,8,183.4862,133.9823,21.3289,0.3751,2,5,1
2911303,291130,Gentio do Ouro - BA,10884,15,15,137.8170,117.3347,42.7435,0.3509,15,15,137.8170,117.3347,45.3108,0.3310,2,12,1
2911402,291140,Glória - BA,15524,26,26,167.4826,169.6665,52.8027,0.4924,26,26,167.4826,169.6665,56.0456,0.4639,8,18,0
2911501,291150,Gongogi - BA,5555,18,18,324.0324,284.2407,21.9560,0.8198,21,21,378.0378,333.9488,23.2700,0.9024,7,9,2
2911600,291160,Governador Mangabeira - BA,20605,24,24,116.4766,117.4404,71.2829,0.3367,24,24,116.4766,117.4404,75.6402,0.3173,5,15,4
2911659,291165,Guajeru - BA,8050,12,12,149.0683,88.6182,41.3172,0.2904,12,12,149.0683,88.6182,43.7167,0.2745,2,5,5
2911709,291170,Guanambi - BA,87817,154,154,175.3647,169.1250,311.3308,0.4947,169,169,192.4457,186.6617,330.3989,0.5115,16,118,20
2911808,291180,Guaratinga - BA,19049,44,44,230.9833,189.6583,78.0566,0.5637,49,49,257.2314,210.6535,82.6986,0.5925,21,16,7
2911857,291185,Heliópolis - BA,12309,18,18,146.2345,128.4299,48.8947,0.3681,18,18,146.2345,128.4299,51.8340,0.3473,6,9,3
2911907,291190,Iaçu - BA,24607,52,52,211.3220,185.6035,96.6746,0.5379,58,58,235.7053,209.6731,102.4680,0.5660,13,27,12
2912004,291200,Ibiassucê - BA,10429,13,13,124.6524,83.1406,51.4955,0.2524,14,14,134.2411,91.5398,54.5021,0.2569,1,6,6
2912103,291210,Ibicaraí - BA,21665,70,70,323.1018,248.2601,94.7486,0.7388,78,78,360.0277,276.9926,100.3447,0.7773,33,27,10
2912202,291220,Ibicoara - BA,20785,11,11,52.9228,82.3794,48.5268,0.2267,15,15,72.1674,105.7238,51.7435,0.2899,7,2,2
2912301,291230,Ibicuí - BA,13934,28,28,200.9473,158.4164,60.4854,0.4629,31,31,222.4774,176.6736,64.0682,0.4839,12,15,1
2912400,291240,Ibipeba - BA,16603,15,15,90.3451,81.4082,64.9296,0.2310,17,17,102.3911,92.2196,68.8218,0.2470,4,10,1
2912509,291250,Ibipitanga - BA,13863,27,27,194.7630,149.5153,60.8342,0.4438,29,29,209.1899,163.8786,64.4425,0.4500,7,16,4
2912608,291260,Ibiquera - BA,3725,6,6,161.0738,158.7192,14.4236,0.4160,6,6,161.0738,158.7192,15.2887,0.3924,0,5,1
2912707,291270,Ibirapitanga - BA,25344,44,44,173.6111,187.6359,81.0572,0.5428,46,46,181.5025,194.6696,86.0613,0.5345,13,24,7
2912806,291280,Ibirapuã - BA,8896,13,13,146.1331,131.4823,33.7472,0.3852,15,15,168.6151,151.2112,35.7846,0.4192,8,5,0
2912905,291290,Ibirataia - BA,18792,52,52,276.7135,245.2499,74.1481,0.7013,53,53,282.0349,249.1043,78.5880,0.6744,27,18,7
2913002,291300,Ibitiara - BA,14637,12,12,81.9840,62.7838,68.1646,0.1760,13,13,88.8160,68.9204,72.1734,0.1801,4,6,2
2913101,291310,Ibititá - BA,16969,29,29,170.8999,142.7269,67.5672,0.4292,31,31,182.6861,152.5549,71.6121,0.4329,12,12,5
2913200,291320,Ibotirama - BA,26309,53,53,201.4520,215.1578,86.0937,0.6156,59,59,224.2579,239.5175,91.4168,0.6454,14,36,3
2913309,291330,Ichu - BA,6190,3,3,48.4653,44.1001,25.9478,0.1156,4,4,64.6204,54.0066,27.4947,0.1455,2,1,0
2913408,291340,Igaporã - BA,15527,23,23,148.1291,134.8127,64.3921,0.3572,24,24,154.5695,141.8133,68.2473,0.3517,5,17,1
2913457,291345,Igrapiúna - BA,13151,11,11,83.6438,95.3874,39.0812,0.2815,13,13,98.8518,111.8266,41.5355,0.3130,7,4,0
2913507,291350,Iguaí - BA,21491,38,38,176.8182,143.1782,89.5688,0.4243,41,41,190.7775,155.7815,94.8889,0.4321,18,17,3
2913606,291360,Ilhéus - BA,178649,603,603,337.5334,330.1050,633.4829,0.9519,630,630,352.6468,345.1425,672.0796,0.9374,258,287,58
2913705,291370,Inhambupe - BA,33790,50,50,147.9728,147.6540,114.9156,0.4351,55,55,162.7701,163.3563,121.9753,0.4509,13,28,9
2913804,291380,Ipecaetá - BA,13709,13,13,94.8282,77.7464,53.7129,0.2420,15,15,109.4172,89.4252,56.9455,0.2634,2,11,0
2913903,291390,Ipiaú - BA,40706,101,101,248.1207,214.6713,158.9804,0.6353,108,108,265.3172,232.0966,168.5310,0.6408,47,43,11
2914000,291400,Ipirá - BA,56876,80,80,140.6569,120.6073,228.3299,0.3504,87,87,152.9643,130.6758,242.0086,0.3595,15,53,12
2914109,291410,Ipupiara - BA,9935,7,7,70.4580,56.2785,42.8398,0.1634,9,9,90.5888,75.9346,45.3817,0.1983,2,4,1
2914208,291420,Irajuba - BA,6101,2,2,32.7815,29.8052,25.0260,0.0799,2,2,32.7815,29.8052,26.5135,0.0754,1,1,0
2914307,291430,Iramaia - BA,10752,20,20,186.0119,174.8905,39.7861,0.5027,20,20,186.0119,174.8905,42.1995,0.4739,4,13,3
2914406,291440,Iraquara - BA,23879,16,16,67.0045,70.4541,77.2402,0.2071,22,22,92.1312,97.2202,82.0271,0.2682,1,14,1
2914505,291450,Irará - BA,28043,33,33,117.6764,105.4743,108.8762,0.3031,36,36,128.3743,115.0856,115.4282,0.3119,5,24,4
2914604,291460,Irecê - BA,74507,169,169,226.8243,276.1793,211.7726,0.7980,182,182,244.2724,296.4688,225.2136,0.8081,49,101,19
2914653,291465,Itabela - BA,28165,71,71,252.0859,303.1881,81.5160,0.8710,78,78,276.9395,331.9652,86.6490,0.9002,23,43,5
2914703,291470,Itaberaba - BA,65073,190,190,291.9798,287.3167,222.5733,0.8537,213,213,327.3247,323.0517,236.2530,0.9016,66,108,16
2914802,291480,Itabuna - BA,186708,731,731,391.5204,352.9112,710.9352,1.0282,796,796,426.3342,384.7920,753.8625,1.0559,383,280,68
2914901,291490,Itacaré - BA,27704,34,34,122.7260,167.9688,71.0764,0.4784,35,35,126.3355,172.6155,75.6717,0.4625,14,16,4
2915007,291500,Itaeté - BA,13472,16,16,118.7648,112.6259,48.8160,0.3278,18,18,133.6105,128.8300,51.7754,0.3477,4,11,1
2915106,291510,Itagi - BA,13803,26,26,188.3648,160.8503,54.9677,0.4730,29,29,210.0993,181.6817,58.2536,0.4978,12,11,3
2915205,291520,Itagibá - BA,15310,34,34,222.0771,188.6636,59.5534,0.5709,34,34,222.0771,188.6636,63.1338,0.5385,12,18,4
2915304,291530,Itagimirim - BA,6347,13,13,204.8212,184.5900,25.3128,0.5136,15,15,236.3321,215.3629,26.8239,0.5592,1,11,1
2915353,291535,Itaguaçu da Bahia - BA,12311,9,9,73.1054,78.6327,40.4324,0.2226,11,11,89.3510,95.3971,42.9181,0.2563,1,7,1
2915403,291540,Itaju do Colônia - BA,6037,7,7,115.9516,110.8166,21.7323,0.3221,8,8,132.5162,124.0253,23.0412,0.3472,4,1,2
2915502,291550,Itajuípe - BA,18781,59,59,314.1473,266.7971,75.7830,0.7785,71,71,378.0416,327.3100,80.3095,0.8841,30,21,8
2915601,291560,Itamaraju - BA,59605,161,161,270.1116,276.1863,203.2032,0.7923,180,180,301.9881,308.5451,215.6475,0.8347,44,106,11
2915700,291570,Itamari - BA,7051,18,18,255.2829,229.8351,28.1286,0.6399,20,20,283.6477,256.0472,29.8074,0.6710,9,7,2
2915809,291580,Itambé - BA,24394,24,24,98.3848,91.6679,87.7318,0.2736,30,30,122.9811,115.6087,93.0731,0.3223,8,12,4
2915908,291590,Itanagra - BA,5914,10,10,169.0903,195.2747,17.5141,0.5710,11,11,185.9993,220.3602,18.6121,0.5910,4,4,2
2916005,291600,Itanhém - BA,17813,39,39,218.9412,163.4562,84.8643,0.4596,43,43,241.3967,183.5261,89.8305,0.4787,20,16,3
2916104,291610,Itaparica - BA,19789,43,43,217.2924,204.1297,72.3276,0.5945,48,48,242.5590,228.0027,76.7029,0.6258,16,23,4
2916203,291620,Itapé - BA,10341,28,28,270.7669,254.9800,38.1692,0.7336,33,33,319.1181,297.9895,40.4828,0.8152,12,14,2
2916302,291630,Itapebi - BA,9174,25,25,272.5093,255.3006,32.8746,0.7605,28,28,305.2104,288.9855,34.8626,0.8032,8,15,2
2916401,291640,Itapetinga - BA,65897,188,188,285.2937,275.8306,235.6461,0.7978,205,205,311.0916,300.4402,249.9872,0.8200,66,99,23
2916500,291650,Itapicuru - BA,31679,27,27,85.2300,85.9499,106.0569,0.2546,30,30,94.7000,95.1269,112.5754,0.2665,8,15,4
2916609,291660,Itapitanga - BA,10279,16,16,155.6572,146.2836,36.0064,0.4444,18,18,175.1143,165.7792,38.2087,0.4711,8,6,2
2916708,291670,Itaquara - BA,8153,11,11,134.9197,111.1786,31.1756,0.3528,11,11,134.9197,111.1786,33.0625,0.3327,2,8,1
2916807,291680,Itarantim - BA,17052,38,38,222.8478,178.0831,69.3382,0.5480,46,46,269.7631,217.7446,73.4839,0.6260,14,17,7
2916856,291685,Itatim - BA,15737,32,32,203.3424,230.2688,49.4335,0.6473,33,33,209.6969,236.3733,52.5100,0.6285,13,15,4
2916906,291690,Itiruçu - BA,10999,30,30,272.7521,205.2781,47.9652,0.6255,31,31,281.8438,215.1992,50.8070,0.6102,4,21,5
2917003,291700,Itiúba - BA,33872,51,51,150.5668,143.2756,125.6483,0.4059,55,55,162.3760,154.6669,133.2490,0.4128,14,30,7
2917102,291710,Itororó - BA,16617,37,37,222.6635,181.3265,71.3275,0.5187,41,41,246.7353,199.0813,75.5489,0.5427,22,12,3
2917201,291720,Ituaçu - BA,17914,33,33,184.2135,164.8232,72.0898,0.4578,35,35,195.3779,174.2374,76.4144,0.4580,5,25,3
2917300,291730,Ituberá - BA,21902,65,65,296.7766,299.5003,74.7037,0.8701,67,67,305.9081,308.5093,79.2712,0.8452,30,28,7
2917334,291733,Iuiu - BA,11118,15,15,134.9164,149.6358,35.0704,0.4277,16,16,143.9108,158.6706,37.2579,0.4294,1,10,4
2917359,291735,Jaborandi - BA,9275,10,10,107.8167,96.2060,36.3578,0.2750,12,12,129.3801,117.8909,38.5480,0.3113,8,2,0
2917409,291740,Jacaraci - BA,14436,32,32,221.6681,133.8616,70.4824,0.4540,36,36,249.3766,154.1236,74.6156,0.4825,1,14,17
2917508,291750,Jacobina - BA,82590,130,129,157.4040,160.6116,279.2205,0.4620,138,137,167.0904,170.8024,296.3999,0.4622,32,79,19
2917607,291760,Jaguaquara - BA,45964,68,68,147.9419,142.2244,163.7742,0.4152,75,75,163.1712,156.4174,173.7281,0.4317,27,40,1
2917706,291770,Jaguarari - BA,32703,49,49,149.8333,140.2956,123.1732,0.3978,57,57,174.2959,164.3280,130.6199,0.4364,10,30,9
2917805,291780,Jaguaripe - BA,17659,27,27,152.8965,162.8063,57.2426,0.4717,27,27,152.8965,162.8063,60.7804,0.4442,4,18,5
2917904,291790,Jandaíra - BA,9285,10,10,107.7006,124.6165,27.0645,0.3695,17,17,183.0910,215.2294,28.7592,0.5911,3,6,1
2918001,291800,Jequié - BA,158813,457,457,287.7598,278.9360,563.3169,0.8113,488,488,307.2796,297.8767,597.6995,0.8165,213,204,40
2918100,291810,Jeremoabo - BA,37626,52,52,138.2023,132.0022,138.3187,0.3759,56,56,148.8333,142.0116,146.7062,0.3817,12,34,6
2918209,291820,Jiquiriçá - BA,13629,35,35,256.8053,245.4735,49.0715,0.7132,36,36,264.1426,253.0419,52.0633,0.6915,6,24,5
2918308,291830,Jitaúna - BA,14355,33,33,229.8851,193.4443,57.3886,0.5750,35,35,243.8175,207.2031,60.8247,0.5754,17,15,1
2918357,291835,João Dourado - BA,24854,52,52,209.2219,239.3214,75.4407,0.6893,57,57,229.3393,262.0468,80.1402,0.7113,12,32,8
2918407,291840,Juazeiro - BA,237821,488,488,205.1963,269.0359,629.6034,0.7751,524,524,220.3338,286.1249,670.0760,0.7820,163,273,52
2918456,291845,Jucuruçu - BA,9655,15,15,155.3599,138.1555,35.7977,0.4190,15,15,155.3599,138.1555,37.9592,0.3952,7,5,3
2918506,291850,Jussara - BA,16354,18,18,110.0648,113.5483,58.6893,0.3067,20,20,122.2942,124.5906,62.2499,0.3213,3,10,5
2918555,291855,Jussari - BA,5888,12,12,203.8043,180.4643,23.6475,0.5075,14,14,237.7717,212.6849,25.0578,0.5587,5,6,1
2918605,291860,Jussiape - BA,7379,11,11,149.0717,94.6963,38.5830,0.2851,11,11,149.0717,94.6963,40.8252,0.2694,0,10,1
2918704,291870,Lafaiete Coutinho - BA,4075,9,9,220.8589,168.3401,19.1603,0.4697,9,9,220.8589,168.3401,20.2858,0.4437,3,4,2
2918753,291875,Lagoa Real - BA,14105,13,13,92.1659,84.3082,54.1062,0.2403,14,14,99.2556,92.9268,57.3911,0.2439,1,9,3
2918803,291880,Laje - BA,21052,49,49,232.7570,235.3514,71.9332,0.6812,52,52,247.0074,249.6593,76.3475,0.6811,9,25,15
2918902,291890,Lajedão - BA,3845,10,10,260.0780,213.0340,16.9086,0.5914,10,10,260.0780,213.0340,17.9071,0.5584,1,7,2
2919009,291900,Lajedinho - BA,3527,2,2,56.7054,49.1018,13.2840,0.1506,4,4,113.4108,102.9156,14.0833,0.2840,1,1,0
2919058,291905,Lajedo do Tabocal - BA,7494,14,14,186.8161,168.1704,30.2039,0.4635,14,14,186.8161,168.1704,32.0079,0.4374,1,13,0
2919108,291910,Lamarão - BA,9015,10,10,110.9262,105.5925,35.7623,0.2796,12,12,133.1115,124.7205,37.9069,0.3166,1,8,1
2919157,291915,Lapão - BA,25736,38,38,147.6531,149.0705,86.8646,0.4375,38,38,147.6531,149.0705,92.1915,0.4122,10,26,2
2919207,291920,Lauro de Freitas - BA,203331,598,598,294.1017,354.2268,587.5249,1.0178,651,651,320.1676,385.1503,624.7662,1.0420,175,374,49
2919306,291930,Lençóis - BA,10774,19,19,176.3505,226.0784,29.4451,0.6453,25,25,232.0401,295.0129,31.3263,0.7981,7,9,3
2919405,291940,Licínio de Almeida - BA,11834,16,16,135.2037,109.9943,55.3063,0.2893,16,16,135.2037,109.9943,58.5542,0.2733,4,9,3
2919504,291950,Livramento de Nossa Senhora - BA,43903,90,90,204.9974,189.6317,166.9330,0.5391,97,97,220.9416,204.6014,177.0464,0.5479,11,62,17
2919553,291955,Luís Eduardo Magalhães - BA,107909,153,152,141.7861,331.1178,165.0128,0.9211,162,161,150.1265,346.9454,177.3627,0.9077,43,105,5
2919603,291960,Macajuba - BA,10454,14,14,133.9200,110.3325,42.1228,0.3324,17,17,162.6172,133.5345,44.6275,0.3809,1,11,2
2919702,291970,Macarani - BA,21599,33,33,152.7849,158.7864,73.0886,0.4515,38,38,175.9341,181.1842,77.5980,0.4897,16,13,4
2919801,291980,Macaúbas - BA,41859,38,38,90.7810,75.4354,171.0043,0.2222,44,44,105.1148,88.4374,181.2345,0.2428,3,21,14
2919900,291990,Macururé - BA,7256,11,11,151.5987,145.6502,29.0773,0.3783,13,13,179.1621,175.2468,30.8145,0.4219,3,5,3
2919926,291992,Madre de Deus - BA,18504,48,48,259.4034,278.8575,58.6282,0.8187,49,49,264.8076,286.0508,62.2653,0.7870,20,27,1
2919959,291995,Maetinga - BA,6973,9,9,129.0693,89.6962,33.7792,0.2664,11,11,157.7513,118.9803,35.7521,0.3077,4,3,2
2920007,292000,Maiquinique - BA,8731,14,14,160.3482,147.4004,31.2967,0.4473,16,16,183.2551,168.6206,33.1991,0.4819,4,8,2
2920106,292010,Mairi - BA,17674,18,18,101.8445,75.2744,76.7249,0.2346,22,22,124.4766,95.4727,81.2716,0.2707,6,8,4
2920205,292020,Malhada - BA,15398,22,22,142.8757,162.0716,47.1259,0.4668,24,24,155.8644,176.0061,50.0621,0.4794,13,7,2
2920304,292030,Malhada de Pedras - BA,8670,20,20,230.6805,177.4220,37.1408,0.5385,20,20,230.6805,177.4220,39.3515,0.5082,2,9,9
2920403,292040,Manoel Vitorino - BA,13860,36,36,259.7403,210.0659,57.3712,0.6275,38,38,274.1703,221.1776,60.7853,0.6252,12,22,2
2920452,292045,Mansidão - BA,13919,12,12,86.2131,93.9692,43.6435,0.2750,12,12,86.2131,93.9692,46.3729,0.2588,1,7,4
2920502,292050,Maracás - BA,27620,71,71,257.0601,236.7711,102.0645,0.6956,86,86,311.3686,288.2311,108.2675,0.7943,20,43,8
2920601,292060,Maragogipe - BA,35859,61,61,170.1107,170.9543,124.8646,0.4885,68,68,189.6316,190.3987,132.4992,0.5132,25,26,10
2920700,292070,Maraú - BA,24527,22,22,89.6971,119.6713,59.6636,0.3687,23,23,93.7742,126.9574,63.5684,0.3618,10,10,2
2920809,292080,Marcionílio Souza - BA,9267,25,25,269.7745,254.8002,34.4254,0.7262,25,25,269.7745,254.8002,36.5070,0.6848,7,13,5
2920908,292090,Mascote - BA,13544,27,27,199.3503,189.8299,49.9443,0.5406,29,29,214.1170,202.5192,52.9601,0.5476,12,14,1
2921005,292100,Mata de São João - BA,42566,82,82,192.6420,229.0783,124.2363,0.6600,90,90,211.4364,250.4942,132.0620,0.6815,20,52,10
2921054,292105,Matina - BA,10330,13,13,125.8470,128.9116,37.0118,0.3512,15,15,145.2081,146.8335,39.2669,0.3820,2,7,4
2921104,292110,Medeiros Neto - BA,22194,61,61,274.8491,230.6739,92.7797,0.6575,63,63,283.8605,238.1525,98.3016,0.6409,32,24,5
2921203,292120,Miguel Calmon - BA,24661,43,43,174.3644,151.6523,99.7483,0.4311,47,47,190.5843,164.2955,105.7029,0.4446,11,27,5
2921302,292130,Milagres - BA,11071,11,11,99.3587,93.5124,41.0752,0.2678,13,13,117.4239,110.9251,43.5612,0.2984,3,7,1
2921401,292140,Mirangaba - BA,15734,10,10,63.5566,65.1029,56.9063,0.1757,13,13,82.6236,84.1976,60.3614,0.2154,6,1,3
2921450,292145,Mirante - BA,10187,10,10,98.1643,81.5415,43.8701,0.2279,11,11,107.9808,91.6265,46.4750,0.2367,3,5,2
2921500,292150,Monte Santo - BA,47780,74,74,154.8765,138.8181,190.6578,0.3881,78,78,163.2482,147.6897,202.0777,0.3860,13,53,8
2921609,292160,Morpará - BA,7996,12,12,150.0750,144.8915,32.9977,0.3637,13,13,162.5813,158.2905,34.9586,0.3719,1,10,1
2921708,292170,Morro do Chapéu - BA,33594,31,31,92.2784,90.5631,115.9483,0.2674,32,32,95.2551,93.7433,123.0223,0.2601,8,20,3
2921807,292180,Mortugaba - BA,11143,19,19,170.5106,113.0705,56.5957,0.3357,21,21,188.4591,130.6621,59.8847,0.3507,0,13,6
2921906,292190,Mucugê - BA,12137,12,12,98.8712,103.4294,39.7726,0.3017,16,16,131.8283,138.0488,42.2340,0.3788,6,5,1
2922003,292200,Mucuri - BA,37977,76,76,200.1211,242.7070,108.5854,0.6999,79,79,208.0206,251.2379,115.4373,0.6844,30,38,8
2922052,292205,Mulungu do Morro - BA,13152,21,21,159.6715,200.0183,36.7636,0.5712,24,24,182.4818,229.5269,39.0978,0.6138,8,4,9
2922102,292210,Mundo Novo - BA,17305,14,14,80.9015,67.9518,71.0858,0.1969,18,18,104.0162,89.8717,75.3133,0.2390,6,0,8
2922201,292220,Muniz Ferreira - BA,7190,4,4,55.6328,54.4983,27.7073,0.1444,5,5,69.5410,67.4527,29.3778,0.1702,3,1,0
2922250,292225,Muquém do São Francisco - BA,10443,9,9,86.1821,96.0568,30.0824,0.2992,9,9,86.1821,96.0568,31.9745,0.2815,2,7,0
2922300,292230,Muritiba - BA,28707,34,34,118.4380,113.9024,105.0846,0.3235,40,40,139.3388,133.2550,111.4634,0.3589,6,22,6
2922409,292240,Mutuípe - BA,20037,29,29,144.7322,141.3681,72.5880,0.3995,36,36,179.6676,173.3111,77.0033,0.4675,9,16,4
2922508,292250,Nazaré - BA,27060,61,61,225.4250,231.4712,93.4437,0.6528,68,68,251.2934,255.3160,99.1703,0.6857,16,37,8
2922607,292260,Nilo Peçanha - BA,12063,23,23,190.6657,209.3884,38.6207,0.5955,26,26,215.5351,234.8354,41.0082,0.6340,11,8,4
2922656,292265,Nordestina - BA,18523,27,27,145.7647,164.8548,57.0404,0.4733,33,33,178.1569,200.5798,60.6040,0.5445,7,20,0
2922706,292270,Nova Canaã - BA,13715,28,28,204.1560,143.1154,60.9020,0.4598,30,30,218.7386,153.4783,64.4844,0.4652,7,16,5
2922730,292273,Nova Fátima - BA,7967,7,7,87.8624,69.5422,35.0473,0.1997,8,8,100.4142,78.5209,37.1164,0.2155,5,1,1
2922755,292275,Nova Ibiá - BA,6501,19,19,292.2627,283.2790,23.3728,0.8129,22,22,338.4095,333.9929,24.7867,0.8876,11,7,1
2922805,292280,Nova Itarana - BA,7780,13,13,167.0951,162.2204,26.2721,0.4948,15,15,192.8021,190.8923,27.8840,0.5379,5,7,1
2922854,292285,Nova Redenção - BA,7538,12,12,159.1934,134.2922,28.8987,0.4152,12,12,159.1934,134.2922,30.6349,0.3917,3,4,5
2922904,292290,Nova Soure - BA,24236,32,32,132.0350,117.6638,94.4202,0.3389,33,33,136.1611,122.6459,100.0763,0.3297,3,24,5
2923001,292300,Nova Viçosa - BA,39509,69,69,174.6438,197.8804,120.4673,0.5728,74,74,187.2991,211.4547,127.9682,0.5783,29,23,17
2923035,292303,Novo Horizonte - BA,11162,14,14,125.4256,125.9276,41.6467,0.3362,17,17,152.3025,149.5998,44.1772,0.3848,0,12,2
2923050,292305,Novo Triunfo - BA,10660,13,13,121.9512,109.9515,40.3559,0.3221,14,14,131.3321,118.0323,42.7954,0.3271,1,8,4
2923100,292310,Olindina - BA,22633,34,34,150.2231,138.4828,83.2132,0.4086,36,36,159.0598,147.6160,88.2424,0.4080,9,18,7
2923209,292320,Oliveira dos Brejinhos - BA,20715,24,24,115.8581,90.3906,92.7319,0.2588,28,28,135.1678,110.5962,98.2102,0.2851,5,10,9
2923308,292330,Ouriçangas - BA,7716,11,11,142.5609,111.6195,31.7584,0.3464,14,14,181.4412,150.8645,33.6568,0.4160,3,6,2
2923357,292335,Ourolândia - BA,19243,16,16,83.1471,100.9663,54.2651,0.2948,17,17,88.3438,106.6010,57.7000,0.2946,7,8,1
2923407,292340,Palmas de Monte Alto - BA,20078,22,22,109.5727,94.7985,80.0966,0.2747,22,22,109.5727,94.7985,84.9013,0.2591,3,15,4
2923506,292350,Palmeiras - BA,10339,10,10,96.7212,89.6925,34.6375,0.2887,16,16,154.7538,152.3727,36.7750,0.4351,2,6,2
2923605,292360,Paramirim - BA,20351,22,22,108.1028,81.4726,89.7321,0.2452,22,22,108.1028,81.4726,95.0578,0.2314,2,18,2
2923704,292370,Paratinga - BA,29252,35,35,119.6499,119.9634,100.3695,0.3487,37,37,126.4871,126.7995,106.5045,0.3474,4,26,5
2923803,292380,Paripiranga - BA,26604,35,35,131.5592,120.3919,104.2316,0.3358,37,37,139.0768,128.1436,110.5133,0.3348,9,21,5
2923902,292390,Pau Brasil - BA,9370,27,27,288.1537,279.5064,33.1543,0.8144,30,30,320.1708,313.8301,35.1654,0.8531,16,9,2
2924009,292400,Paulo Afonso - BA,112870,262,262,232.1255,243.4059,373.8440,0.7008,273,273,241.8712,253.6267,396.8854,0.6879,61,182,19
2924058,292405,Pé de Serra - BA,13243,13,13,98.1651,76.7133,56.4984,0.2301,15,15,113.2674,88.3892,59.8503,0.2506,3,10,0
2924108,292410,Pedrão - BA,6235,5,5,80.1925,57.3196,27.0789,0.1846,6,6,96.2310,69.3102,28.6839,0.2092,2,2,1
2924207,292420,Pedro Alexandre - BA,13954,11,11,78.8304,105.0672,37.2253,0.2955,13,13,93.1633,125.0840,39.6120,0.3282,3,7,1
2924306,292430,Piatã - BA,20086,36,36,179.2293,148.3295,86.1066,0.4181,41,41,204.1223,167.7643,91.2118,0.4495,2,26,8
2924405,292440,Pilão Arcado - BA,35357,34,34,96.1620,102.0275,111.1212,0.3060,35,35,98.9903,105.0483,117.9996,0.2966,2,21,11
2924504,292450,Pindaí - BA,14731,17,17,115.4029,91.9670,64.1717,0.2649,19,19,128.9797,102.7632,67.9799,0.2795,2,10,5
2924603,292460,Pindobaçu - BA,19083,37,37,193.8898,188.6235,66.0354,0.5603,40,40,209.6106,204.8814,70.0650,0.5709,23,12,2
2924652,292465,Pintadas - BA,10325,8,8,77.4818,68.7909,43.4597,0.1841,9,9,87.1671,79.9759,46.0514,0.1954,7,1,0
2924678,292467,Piraí do Norte - BA,10974,11,11,100.2369,137.1976,29.7717,0.3695,12,12,109.3494,149.1311,31.6865,0.3787,4,6,1
2924702,292470,Piripá - BA,9152,11,11,120.1923,87.7987,43.9584,0.2502,13,13,142.0455,108.5349,46.5290,0.2794,2,6,3
2924801,292480,Piritiba - BA,17566,19,19,108.1635,93.0688,72.9091,0.2606,20,20,113.8563,96.7655,77.2407,0.2589,8,9,2
2924900,292490,Planaltino - BA,8022,10,10,124.6572,88.8107,34.2550,0.2919,13,13,162.0544,116.3279,36.2860,0.3583,3,6,1
2925006,292500,Planalto - BA,23334,43,43,184.2804,165.0301,91.5115,0.4699,45,45,192.8516,172.0953,97.0043,0.4639,6,27,10
2925105,292510,Poções - BA,48293,104,104,215.3521,192.4979,190.7214,0.5453,113,113,233.9884,207.0724,202.1587,0.5590,37,57,10
2925204,292520,Pojuca - BA,32136,67,67,208.4889,245.6593,99.9312,0.6705,75,75,233.3831,273.0684,106.1517,0.7065,21,34,12
2925253,292525,Ponto Novo - BA,17938,18,18,100.3456,107.0215,60.9364,0.2954,19,19,105.9204,111.8789,64.6774,0.2938,5,11,2
2925303,292530,Porto Seguro - BA,168326,262,262,155.6503,247.7723,379.4011,0.6906,303,303,180.0078,284.1395,404.6383,0.7488,86,144,32
2925402,292540,Potiraguá - BA,10274,13,13,126.5330,131.6547,34.4375,0.3775,17,17,165.4662,171.9074,36.5543,0.4651,6,4,3
2925501,292550,Prado - BA,35003,63,63,179.9846,215.0174,102.8933,0.6123,76,76,217.1242,258.3898,109.3411,0.6951,16,40,7
2925600,292560,Presidente Dutra - BA,15130,26,26,171.8440,159.1514,57.0740,0.4555,28,28,185.0628,171.8403,60.5176,0.4627,4,19,3
2925709,292570,Presidente Jânio Quadros - BA,12621,15,15,118.8495,88.0398,58.0968,0.2582,17,17,134.6961,100.2473,61.5139,0.2764,6,7,2
2925758,292575,Presidente Tancredo Neves - BA,27734,43,43,155.0443,197.4841,76.0448,0.5655,46,46,165.8614,211.5240,80.9056,0.5686,19,19,5
2925808,292580,Queimadas - BA,25988,49,49,188.5486,171.0243,100.5541,0.4873,52,52,200.0924,181.0540,106.5968,0.4878,15,31,3
2925907,292590,Quijingue - BA,25272,28,28,110.7946,88.6738,105.0904,0.2664,31,31,122.6654,99.6166,111.3521,0.2784,7,15,6
2925931,292593,Quixabeira - BA,9461,9,9,95.1274,88.1180,40.0532,0.2247,10,10,105.6971,95.2657,42.4361,0.2356,2,7,0
2925956,292595,Rafael Jambeiro - BA,19662,32,32,162.7505,130.3460,82.7497,0.3867,34,34,172.9224,141.0845,87.6593,0.3879,7,17,8
2926004,292600,Remanso - BA,40586,96,96,236.5348,230.8390,144.5105,0.6643,106,106,261.1738,255.4844,153.2905,0.6915,33,51,12
2926103,292610,Retirolândia - BA,13651,17,17,124.5330,115.2704,50.6510,0.3356,19,19,139.1839,131.3344,53.7157,0.3537,7,6,4
2926202,292620,Riachão das Neves - BA,21642,47,47,217.1703,221.0506,74.1449,0.6339,51,51,235.6529,240.1754,78.6821,0.6482,20,26,1
2926301,292630,Riachão do Jacuípe - BA,33386,54,54,161.7444,138.5028,139.7787,0.3863,59,59,176.7208,149.5602,148.1068,0.3984,12,38,4
2926400,292640,Riacho de Santana - BA,30711,44,44,143.2711,126.7233,121.2203,0.3630,50,50,162.8081,142.3959,128.4939,0.3891,3,37,4
2926509,292650,Ribeira do Amparo - BA,13841,15,15,108.3737,101.1238,50.3329,0.2980,17,17,122.8235,116.2752,53.3935,0.3184,4,10,1
2926608,292660,Ribeira do Pombal - BA,54010,82,82,151.8237,144.5397,194.8779,0.4208,90,90,166.6358,159.3494,206.7431,0.4353,30,45,7
2926657,292665,Ribeirão do Largo - BA,9740,10,10,102.6694,90.9473,34.9867,0.2858,10,10,102.6694,90.9473,37.1120,0.2695,3,6,1
2926707,292670,Rio de Contas - BA,13184,8,8,60.6796,37.6740,64.8301,0.1234,8,8,60.6796,37.6740,68.6177,0.1166,0,8,0
2926806,292680,Rio do Antônio - BA,13146,22,22,167.3513,129.7034,58.8041,0.3741,24,24,182.5650,143.6684,62.2768,0.3854,2,15,5
2926905,292690,Rio do Pires - BA,10497,12,12,114.3184,70.0909,49.4439,0.2427,13,13,123.8449,76.0113,52.3482,0.2483,5,4,3
2927002,292700,Rio Real - BA,35362,58,58,164.0179,167.5806,117.5912,0.4932,62,62,175.3294,179.7113,124.8326,0.4967,21,28,9
2927101,292710,Rodelas - BA,10308,11,11,106.7132,138.7973,26.7927,0.4106,11,11,106.7132,138.7973,28.5159,0.3857,2,6,3
2927200,292720,Ruy Barbosa - BA,28282,35,35,123.7536,118.0489,109.5042,0.3196,38,38,134.3611,127.7064,116.0921,0.3273,9,24,2
2927309,292730,Salinas da Margarida - BA,14987,25,25,166.8112,169.3374,50.2250,0.4978,25,25,166.8112,169.3374,53.3013,0.4690,9,13,3
2927408,292740,Salvador - BA,2417678,9752,9752,403.3622,387.0746,8760.0386,1.1132,10343,10343,427.8072,410.6413,9293.9218,1.1129,3939,4942,871
2927507,292750,Santa Bárbara - BA,20952,26,26,124.0932,122.2389,75.2623,0.3455,28,28,133.6388,131.3366,79.8410,0.3507,9,14,3
2927606,292760,Santa Brígida - BA,14965,23,23,153.6919,154.1469,52.1172,0.4413,25,25,167.0565,167.9484,55.3033,0.4521,4,19,0
2927705,292770,Santa Cruz Cabrália - BA,29185,49,49,167.8945,210.5428,82.0784,0.5970,52,52,178.1737,225.5781,87.2664,0.5959,15,24,10
2927804,292780,Santa Cruz da Vitória - BA,4681,10,10,213.6296,181.5818,19.6110,0.5099,12,12,256.3555,208.1546,20.7740,0.5776,5,3,2
2927903,292790,Santa Inês - BA,10300,15,15,145.6311,132.7236,42.5843,0.3522,15,15,145.6311,132.7236,45.1245,0.3324,1,12,2
2928000,292800,Santaluz - BA,37834,70,70,185.0188,184.7510,133.7151,0.5235,77,77,203.5206,203.0662,141.8800,0.5427,19,44,7
2928059,292805,Santa Luzia - BA,13896,31,31,223.0858,256.4633,43.5629,0.7116,39,39,280.6563,324.8573,46.2684,0.8429,11,18,2
2928109,292810,Santa Maria da Vitória - BA,38604,71,71,183.9188,175.4761,140.3164,0.5060,76,76,196.8708,188.8348,148.8432,0.5106,14,52,5
2928208,292820,Santana - BA,24755,45,45,181.7815,155.3477,102.4409,0.4393,55,55,222.1773,191.9426,108.5386,0.5067,5,32,8
2928307,292830,Santanópolis - BA,8716,8,8,91.7852,71.3574,36.6931,0.2180,13,13,149.1510,121.9404,38.8714,0.3344,2,5,1
2928406,292840,Santa Rita de Cássia - BA,27390,45,45,164.2935,155.6372,97.6310,0.4609,48,48,175.2464,167.3838,103.5624,0.4635,11,28,6
2928505,292850,Santa Terezinha - BA,10441,17,17,162.8197,131.9023,44.2011,0.3846,17,17,162.8197,131.9023,46.8313,0.3630,6,6,5
2928604,292860,Santo Amaro - BA,56012,111,111,198.1718,180.7399,211.2613,0.5254,121,121,216.0251,197.2838,224.0077,0.5402,40,60,11
2928703,292870,Santo Antônio de Jesus - BA,103055,192,192,186.3083,219.8525,307.1615,0.6251,208,208,201.8340,237.3943,326.5675,0.6369,58,112,22
2928802,292880,Santo Estêvão - BA,52276,65,65,124.3400,135.8559,168.7947,0.3851,74,74,141.5564,154.8189,179.2738,0.4128,17,45,3
2928901,292890,São Desidério - BA,32828,48,48,146.2166,196.3936,82.2749,0.5834,52,52,158.4014,213.1853,87.6344,0.5934,6,39,3
2928950,292895,São Domingos - BA,8426,12,12,142.4163,106.0629,37.9564,0.3162,14,14,166.1524,127.7153,40.1907,0.3483,4,6,2
2929008,292900,São Félix - BA,11026,9,9,81.6252,78.8447,39.7147,0.2266,10,10,90.6947,87.6347,42.1300,0.2374,4,4,1
2929057,292905,São Félix do Coribe - BA,15194,31,31,204.0279,223.8657,47.8631,0.6477,36,36,236.9356,258.7149,50.8365,0.7082,11,16,4
2929107,292910,São Felipe - BA,20283,37,37,182.4188,157.1929,79.7252,0.4641,42,42,207.0700,178.7422,84.5199,0.4969,5,28,4
2929206,292920,São Francisco do Conde - BA,38733,90,90,232.3600,298.3131,104.8763,0.8582,97,97,250.4324,320.5620,111.5705,0.8694,26,56,8
2929255,292925,São Gabriel - BA,18600,18,18,96.7742,93.9968,65.5860,0.2744,21,21,112.9032,110.4426,69.5815,0.3018,3,8,7
2929305,292930,São Gonçalo dos Campos - BA,39513,42,41,106.2941,111.6083,124.0139,0.3306,47,46,118.9482,127.1625,131.7525,0.3491,16,19,7
2929354,292935,São José da Vitória - BA,5315,13,13,244.5908,216.4881,20.1653,0.6447,19,19,357.4788,328.2287,21.3790,0.8887,6,5,2
2929370,292937,São José do Jacuípe - BA,10187,4,4,39.2657,32.1381,40.3596,0.0991,4,4,39.2657,32.1381,42.7791,0.0935,3,0,1
2929404,292940,São Miguel das Matas - BA,10334,9,9,87.0912,74.9051,40.7923,0.2206,10,10,96.7680,83.8483,43.2401,0.2313,2,7,0
2929503,292950,São Sebastião do Passé - BA,40958,110,110,268.5678,274.5884,139.8054,0.7868,121,121,295.4246,301.6252,148.3742,0.8155,30,70,10
2929602,292960,Sapeaçu - BA,17963,29,29,161.4430,153.6101,64.1397,0.4521,34,34,189.2780,180.1629,68.0551,0.4996,9,14,6
2929701,292970,Sátiro Dias - BA,16008,15,15,93.7031,95.6642,57.6431,0.2602,15,15,93.7031,95.6642,61.1465,0.2453,0,15,0
2929750,292975,Saubara - BA,11438,21,21,183.5985,163.4162,44.9303,0.4674,22,22,192.3413,170.5867,47.6200,0.4620,7,11,3
2929800,292980,Saúde - BA,10478,5,5,47.7190,40.7251,44.5697,0.1122,6,6,57.2628,51.5160,47.2039,0.1271,0,2,3
2929909,292990,Seabra - BA,46160,81,81,175.4766,179.7673,152.0891,0.5326,113,113,244.8007,253.5749,161.4930,0.6997,17,59,5
2930006,293000,Sebastião Laranjeiras - BA,9360,10,10,106.8376,94.8377,36.8238,0.2716,12,12,128.2051,113.1375,39.0330,0.3074,3,7,0
2930105,293010,Senhor do Bonfim - BA,74523,116,116,155.6566,151.2964,266.8853,0.4346,123,123,165.0497,160.3124,283.1341,0.4344,35,57,24
2930154,293015,Serra do Ramalho - BA,34222,40,40,116.8839,133.0368,104.9241,0.3812,44,44,128.5723,147.2359,111.4703,0.3947,5,27,8
2930204,293020,Sento Sé - BA,38154,54,54,141.5317,170.4829,110.5890,0.4883,62,62,162.4993,194.3891,117.5246,0.5275,22,31,1
2930303,293030,Serra Dourada - BA,17066,23,23,134.7709,110.3270,70.9914,0.3240,25,25,146.4901,119.9996,75.2160,0.3324,8,12,3
2930402,293040,Serra Preta - BA,17996,20,20,111.1358,86.8507,77.6804,0.2575,24,24,133.3630,102.3765,82.2909,0.2916,10,6,4
2930501,293050,Serrinha - BA,80435,114,114,141.7293,153.4281,264.1974,0.4315,128,128,159.1347,171.8058,280.5509,0.4562,30,69,15
2930600,293060,Serrolândia - BA,13335,17,17,127.4841,115.4879,54.9403,0.3094,18,18,134.9831,123.0796,58.2177,0.3092,4,11,2
2930709,293070,Simões Filho - BA,114559,298,298,260.1280,342.6774,307.0642,0.9705,320,320,279.3320,365.5162,326.7288,0.9794,108,148,42
2930758,293075,Sítio do Mato - BA,13408,12,12,89.4988,108.7563,37.4352,0.3206,13,13,96.9570,118.0431,39.8065,0.3266,2,8,2
2930766,293076,Sítio do Quinto - BA,14773,13,13,87.9984,72.3692,58.2797,0.2231,13,13,87.9984,72.3692,61.7892,0.2104,5,7,1
2930774,293077,Sobradinho - BA,25475,74,74,290.4809,326.4286,78.5553,0.9420,77,77,302.2571,338.9511,83.4436,0.9228,22,49,3
2930808,293080,Souto Soares - BA,17054,24,24,140.7294,156.1329,53.9820,0.4446,35,35,205.2304,223.1655,57.3391,0.6104,14,9,1
2930907,293090,Tabocas do Brejo Velho - BA,11979,16,16,133.5671,115.9268,45.9195,0.3484,17,17,141.9150,124.8531,48.6885,0.3492,2,8,6
2931004,293100,Tanhaçu - BA,21006,34,34,161.8585,134.9465,85.6377,0.3970,37,37,176.1402,146.2089,90.7695,0.4076,3,23,8
2931053,293105,Tanque Novo - BA,17158,15,15,87.4228,82.7288,63.5603,0.2360,19,19,110.7355,104.9940,67.4190,0.2818,0,12,3
2931103,293110,Tanquinho - BA,7717,18,18,233.2513,201.2992,31.6107,0.5694,19,19,246.2097,209.8874,33.5004,0.5672,9,8,1
2931202,293120,Taperoá - BA,18044,39,39,216.1383,241.2350,56.1402,0.6947,44,44,243.8484,272.1423,59.6253,0.7379,17,21,1
2931301,293130,Tapiramutá - BA,15818,9,9,56.8972,63.4054,47.4917,0.1895,10,10,63.2191,70.3416,50.4655,0.1982,2,6,1
2931350,293135,Teixeira de Freitas - BA,145216,378,378,260.3019,291.4280,448.7128,0.8424,395,395,272.0086,304.4416,476.7506,0.8285,128,196,54
2931400,293140,Teodoro Sampaio - BA,7110,11,11,154.7117,138.8388,28.9793,0.3796,12,12,168.7764,148.2500,30.7121,0.3907,2,8,1
2931509,293150,Teofilândia - BA,21176,24,24,113.3359,105.2749,73.1631,0.3280,26,26,122.7805,115.0016,77.6387,0.3349,9,13,2
2931608,293160,Teolândia - BA,15332,17,17,110.8792,138.2503,43.3352,0.3923,17,17,110.8792,138.2503,46.0892,0.3688,3,13,1
2931707,293170,Terra Nova - BA,10798,26,26,240.7853,222.9062,40.3254,0.6448,26,26,240.7853,222.9062,42.7606,0.6080,10,15,1
2931806,293180,Tremedal - BA,16296,22,22,135.0025,97.3097,80.4040,0.2736,25,25,153.4119,107.9503,85.0901,0.2938,4,13,5
2931905,293190,Tucano - BA,48736,68,68,139.5272,125.6630,184.7314,0.3681,74,74,151.8385,136.9299,195.8943,0.3778,16,45,7
2932002,293200,Uauá - BA,24665,69,69,279.7486,231.4587,107.6822,0.6408,75,75,304.0746,251.8914,114.0546,0.6576,21,36,12
2932101,293210,Ubaíra - BA,18626,36,36,193.2782,172.4832,73.9011,0.4871,44,44,236.2289,209.7970,78.3320,0.5617,8,25,3
2932200,293220,Ubaitaba - BA,17596,50,50,284.1555,267.6084,63.3996,0.7886,54,54,306.8879,289.7432,67.2503,0.8030,24,18,8
2932309,293230,Ubatã - BA,16094,53,53,329.3153,287.7122,65.1242,0.8138,59,59,366.5962,318.7458,69.0051,0.8550,22,25,6
2932408,293240,Uibaí - BA,13432,30,30,223.3472,200.7025,53.8064,0.5576,32,32,238.2370,211.8106,57.0308,0.5611,3,23,4
2932457,293245,Umburanas - BA,13642,10,10,73.3030,78.5885,42.3231,0.2363,10,10,73.3030,78.5885,44.9623,0.2224,2,7,1
2932507,293250,Una - BA,18131,46,46,253.7091,238.6434,68.5994,0.6706,51,51,281.2862,263.9820,72.7226,0.7013,15,26,5
2932606,293260,Urandi - BA,15355,20,20,130.2507,109.0444,63.2714,0.3161,21,21,136.7633,113.1888,67.0551,0.3132,5,6,9
2932705,293270,Uruçuca - BA,21420,75,75,350.1401,356.5964,72.1661,1.0393,85,85,396.8254,404.1812,76.5922,1.1098,27,40,8
2932804,293280,Utinga - BA,16277,16,16,98.2982,100.3997,54.9361,0.2912,16,16,98.2982,100.3997,58.3068,0.2744,4,10,2
2932903,293290,Valença - BA,85655,189,189,220.6526,243.1722,273.1713,0.6919,207,207,241.6672,265.7477,290.1380,0.7135,105,68,16
2933000,293300,Valente - BA,24362,39,39,160.0854,144.4871,92.4193,0.4220,46,46,188.8187,170.8783,97.9995,0.4694,12,21,6
2933059,293305,Várzea da Roça - BA,13800,15,15,108.6957,91.4520,58.1016,0.2582,16,16,115.9420,96.0522,61.5646,0.2599,6,5,4
2933109,293310,Várzea do Poço - BA,8101,7,7,86.4091,65.5101,36.2981,0.1928,7,7,86.4091,65.5101,38.4394,0.1821,2,3,2
2933158,293315,Várzea Nova - BA,13377,11,11,82.2307,79.0016,48.1210,0.2286,11,11,82.2307,79.0016,51.0464,0.2155,1,9,1
2933174,293317,Varzedo - BA,9913,10,10,100.8776,91.1140,38.7705,0.2579,11,11,110.9654,101.8574,41.1061,0.2676,5,3,2
2933208,293320,Vera Cruz - BA,42529,98,98,230.4310,214.6832,160.2085,0.6117,102,102,239.8363,223.4394,169.8487,0.6005,24,62,12
2933257,293325,Vereda - BA,6003,21,21,349.8251,296.0379,25.4726,0.8244,21,21,349.8251,296.0379,26.9839,0.7782,11,6,4
2933307,293330,Vitória da Conquista - BA,370879,782,782,210.8504,228.4357,1186.2365,0.6592,842,842,227.0282,245.5192,1260.0810,0.6682,260,428,94
2933406,293340,Wagner - BA,9503,12,12,126.2759,113.4693,34.2971,0.3499,13,13,136.7989,122.9588,36.3884,0.3573,5,6,1
2933455,293345,Wanderley - BA,12968,29,29,223.6274,228.3077,43.7658,0.6626,30,30,231.3387,236.9842,46.4497,0.6459,3,26,0
2933505,293350,Wenceslau Guimarães - BA,24474,34,34,138.9229,166.7722,71.4712,0.4757,34,34,138.9229,166.7722,75.9619,0.4476,14,17,3
2933604,293360,Xique-Xique - BA,44757,98,98,218.9602,243.9127,140.1451,0.6993,104,104,232.3659,258.6378,148.8448,0.6987,16,68,14
3100104,310010,Abadia dos Dourados - MG,6272,22,22,350.7653,254.6059,29.7260,0.7401,23,23,366.7092,273.9889,31.4657,0.7310,1,18,3
3100203,310020,Abaeté - MG,22675,46,46,202.8666,151.5014,105.2767,0.4369,48,48,211.6869,158.0712,111.4706,0.4306,4,38,4
3100302,310030,Abre Campo - MG,13927,23,23,165.1468,130.1188,59.9122,0.3839,23,23,165.1468,130.1188,63.4720,0.3624,2,17,4
3100401,310040,Acaiaca - MG,3909,11,11,281.4019,210.8634,18.0482,0.6095,11,11,281.4019,210.8634,19.1084,0.5757,3,8,0
3100500,310050,Açucena - MG,8943,38,38,424.9133,303.8527,45.8747,0.8283,39,39,436.0953,311.3705,48.5354,0.8035,5,33,0
3100609,310060,Água Boa - MG,12589,19,19,150.9254,146.5629,47.8384,0.3972,22,22,174.7557,166.1494,50.7209,0.4337,6,12,1
3100708,310070,Água Comprida - MG,2108,9,9,426.9450,404.9602,9.1010,0.9889,9,9,426.9450,404.9602,9.6396,0.9336,0,8,1
3100807,310080,Aguanil - MG,4357,10,10,229.5157,181.2906,18.9430,0.5279,11,11,252.4673,201.8241,20.0623,0.5483,3,7,0
3100906,310090,Águas Formosas - MG,18448,40,40,216.8257,177.2585,75.8612,0.5273,43,43,233.0876,194.1360,80.3932,0.5349,12,24,4
3101003,310100,Águas Vermelhas - MG,14037,19,19,135.3566,141.7761,48.4175,0.3924,20,20,142.4806,148.0155,51.3898,0.3892,7,10,2
3101102,310110,Aimorés - MG,25269,103,103,407.6141,321.5186,111.2695,0.9257,104,104,411.5715,324.0882,117.8420,0.8825,13,76,14
3101201,310120,Aiuruoca - MG,6233,16,16,256.6982,173.4667,31.3957,0.5096,16,16,256.6982,173.4667,33.2266,0.4815,4,8,4
3101300,310130,Alagoa - MG,2749,13,13,472.8992,322.5290,12.9264,1.0057,13,13,472.8992,322.5290,13.6833,0.9501,0,12,1
3101409,310140,Albertina - MG,2952,12,12,406.5041,336.9353,11.6497,1.0301,12,12,406.5041,336.9353,12.3492,0.9717,5,6,1
3101508,310150,Além Paraíba - MG,30717,137,137,446.0071,338.3158,142.5411,0.9611,178,178,579.4837,440.3416,150.9029,1.1796,21,111,5
3101607,310160,Alfenas - MG,78970,253,253,320.3748,285.2823,308.4301,0.8203,266,266,336.8368,299.3781,327.0204,0.8134,65,151,37
3101631,310163,Alfredo Vasconcelos - MG,6931,16,16,230.8469,223.6807,24.6584,0.6489,17,17,245.2749,237.7924,26.1631,0.6498,2,13,1
3101706,310170,Almenara - MG,40364,70,70,173.4219,144.4888,160.9685,0.4349,80,80,198.1964,166.7999,170.6177,0.4689,21,31,18
3101805,310180,Alpercata - MG,6903,25,25,362.1614,275.5508,31.9682,0.7820,27,27,391.1343,304.1433,33.8452,0.7977,10,12,3
3101904,310190,Alpinópolis - MG,18300,51,51,278.6885,248.1441,71.1812,0.7165,55,55,300.5464,267.5182,75.4649,0.7288,7,38,6
3102001,310200,Alterosa - MG,13915,41,41,294.6461,221.8982,61.4155,0.6676,45,45,323.3920,242.9993,65.0466,0.6918,3,33,5
3102050,310205,Alto Caparaó - MG,5795,16,16,276.1001,260.8633,20.9091,0.7652,16,16,276.1001,260.8633,22.1846,0.7212,5,7,4
3102100,310210,Alto Rio Doce - MG,10891,28,28,257.0930,175.1043,52.7662,0.5306,31,31,284.6387,195.6515,55.8519,0.5550,11,14,3
3102209,310220,Alvarenga - MG,3975,9,9,226.4151,156.7078,19.2943,0.4665,9,9,226.4151,156.7078,20.4193,0.4408,3,6,0
3102308,310230,Alvinópolis - MG,15059,28,28,185.9353,132.7460,71.2532,0.3930,29,29,192.5759,136.6403,75.4341,0.3844,1,24,3
3102407,310240,Alvorada de Minas - MG,4159,4,4,96.1770,118.7539,12.7416,0.3139,5,5,120.2212,145.3668,13.5387,0.3693,0,2,2
3102506,310250,Amparo do Serra - MG,4541,11,11,242.2374,160.5837,22.4065,0.4909,13,13,286.2806,184.8706,23.7106,0.5483,3,5,3
3102605,310260,Andradas - MG,40553,136,136,335.3636,287.1204,163.6296,0.8311,152,152,374.8181,320.8706,173.4465,0.8764,21,100,15
3102704,310270,Cachoeira de Pajeú - MG,9110,14,14,153.6773,132.2777,37.7865,0.3705,15,15,164.6542,140.4790,40.0407,0.3746,2,11,1
3102803,310280,Andrelândia - MG,11927,20,20,167.6868,127.9688,55.7846,0.3585,24,24,201.2241,152.9903,59.0557,0.4064,2,13,5
3102852,310285,Angelândia - MG,7718,3,3,38.8702,37.4508,24.6469,0.1217,4,4,51.8269,53.3015,26.1752,0.1528,0,2,1
3102902,310290,Antônio Carlos - MG,11095,23,23,207.3006,175.7333,45.4724,0.5058,25,25,225.3267,189.2655,48.1893,0.5188,3,16,4
3103009,310300,Antônio Dias - MG,9219,28,28,303.7206,278.6210,35.3859,0.7913,29,29,314.5677,289.6318,37.5169,0.7730,5,19,4
3103108,310310,Antônio Prado de Minas - MG,1538,6,6,390.1170,183.5854,9.3665,0.6406,7,7,455.1365,229.5273,9.9012,0.7070,3,2,1
3103207,310320,Araçaí - MG,2181,3,3,137.5516,93.5252,10.6460,0.2818,3,3,137.5516,93.5252,11.2667,0.2663,0,1,2
3103306,310330,Aracitaba - MG,2049,10,10,488.0429,288.5602,11.1738,0.8949,10,10,488.0429,288.5602,11.8179,0.8462,5,5,0
3103405,310340,Araçuaí - MG,34297,81,81,236.1723,193.3627,141.6203,0.5720,85,85,247.8351,202.9728,150.0767,0.5664,13,55,13
3103504,310350,Araguari - MG,117808,537,537,455.8264,395.8753,470.8645,1.1405,601,601,510.1521,442.5966,499.1290,1.2041,137,346,54
3103603,310360,Arantina - MG,2915,8,8,274.4425,195.4730,13.3906,0.5974,10,10,343.0532,244.4896,14.1757,0.7054,2,4,2
3103702,310370,Araponga - MG,8048,17,17,211.2326,198.6104,28.5576,0.5953,17,17,211.2326,198.6104,30.3054,0.5610,0,12,5
3103751,310375,Araporã - MG,8479,40,40,471.7537,505.4831,25.7842,1.5513,44,44,518.9291,564.0602,27.4066,1.6055,13,24,3
3103801,310380,Arapuá - MG,2631,3,3,114.0251,65.0714,13.6795,0.2193,3,3,114.0251,65.0714,14.4722,0.2073,0,3,0
3103900,310390,Araújos - MG,9199,17,17,184.8027,179.7458,33.4176,0.5087,18,18,195.6734,189.4178,35.4517,0.5077,1,14,2
3104007,310400,Araxá - MG,111691,284,284,254.2729,253.4689,388.9101,0.7302,322,322,288.2954,287.7830,412.7961,0.7800,42,184,58
3104106,310410,Arceburgo - MG,9177,34,34,370.4914,303.2839,39.6745,0.8570,37,37,403.1819,327.8379,42.0267,0.8804,3,30,1
3104205,310420,Arcos - MG,41416,182,182,439.4437,399.0782,158.3330,1.1495,186,186,449.1018,407.8278,167.9107,1.1077,15,142,25
3104304,310430,Areado - MG,13881,49,49,353.0005,297.3482,58.8469,0.8327,50,50,360.2046,304.8135,62.3457,0.8020,3,40,6
3104403,310440,Argirita - MG,2688,15,15,558.0357,359.2833,13.9801,1.0730,15,15,558.0357,359.2833,14.7899,1.0142,5,6,4
3104452,310445,Aricanduva - MG,4719,0,0,0.0000,0.0000,17.7079,0.0000,2,2,42.3819,36.6866,18.7755,0.1065,0,0,0
3104502,310450,Arinos - MG,17272,42,42,243.1681,225.1859,64.3747,0.6524,46,46,266.3270,244.9688,68.2565,0.6739,6,32,4
3104601,310460,Astolfo Dutra - MG,14138,33,33,233.4135,182.7726,61.0389,0.5406,35,35,247.5598,193.3972,64.6715,0.5412,14,14,5
3104700,310470,Ataléia - MG,13736,21,21,152.8829,122.8878,63.1766,0.3324,23,23,167.4432,136.8926,66.8939,0.3438,7,13,1
3104809,310480,Augusto de Lima - MG,4538,10,10,220.3614,159.1635,21.4861,0.4654,11,11,242.3975,171.3726,22.7416,0.4837,1,8,1
3104908,310490,Baependi - MG,18366,35,35,190.5695,147.1491,80.8010,0.4332,41,41,223.2386,171.0778,85.5928,0.4790,4,27,4
3105004,310500,Baldim - MG,7492,31,31,413.7747,298.5762,38.0827,0.8140,31,31,413.7747,298.5762,40.2954,0.7693,5,21,5
3105103,310510,Bambuí - MG,23546,74,74,314.2784,233.7617,114.6979,0.6452,75,75,318.5254,236.9038,121.4177,0.6177,1,56,17
3105202,310520,Bandeira - MG,4741,10,10,210.9260,147.8119,23.6017,0.4237,10,10,210.9260,147.8119,24.9772,0.4004,8,1,1
3105301,310530,Bandeira do Sul - MG,5943,19,19,319.7039,288.1110,23.6921,0.8020,19,19,319.7039,288.1110,25.1148,0.7565,3,13,3
3105400,310540,Barão de Cocais - MG,30778,98,98,318.4093,325.9618,104.1863,0.9406,101,101,328.1565,336.4952,110.6066,0.9131,8,84,6
3105509,310550,Barão do Monte Alto - MG,4964,13,13,261.8856,174.7976,26.9734,0.4820,14,14,282.0306,184.8215,28.5272,0.4908,3,7,3
3105608,310560,Barbacena - MG,125317,348,348,277.6958,230.8604,522.8724,0.6656,393,393,313.6047,260.7727,554.0909,0.7093,31,264,53
3105707,310570,Barra Longa - MG,5666,12,12,211.7896,121.6777,31.1694,0.3850,12,12,211.7896,121.6777,32.9628,0.3640,0,11,1
3105905,310590,Barroso - MG,20080,79,79,393.4263,357.6465,77.4619,1.0199,85,85,423.3068,385.9673,82.1260,1.0350,6,57,16
3106002,310600,Bela Vista de Minas - MG,10167,29,29,285.2365,255.3056,40.6918,0.7127,30,30,295.0723,262.4533,43.1278,0.6956,4,21,4
3106101,310610,Belmiro Braga - MG,3244,4,4,123.3046,71.7963,16.0641,0.2490,6,6,184.9568,108.9127,16.9961,0.3530,2,0,2
3106200,310620,Belo Horizonte - MG,2315560,8339,8339,360.1289,284.7615,9987.4091,0.8350,8876,8876,383.3198,303.3850,10582.3953,0.8388,2214,5127,998
3106309,310630,Belo Oriente - MG,23928,82,82,342.6948,331.5669,85.4607,0.9595,84,84,351.0532,339.8175,90.6650,0.9265,24,49,9
3106408,310640,Belo Vale - MG,8627,18,18,208.6473,156.1071,39.0421,0.4610,23,23,266.6048,202.3488,41.3428,0.5563,5,6,7
3106507,310650,Berilo - MG,9826,3,3,30.5312,28.1511,40.1545,0.0747,4,4,40.7083,37.2970,42.5490,0.0940,0,2,1
3106606,310660,Bertópolis - MG,4451,6,6,134.8012,118.2920,17.9563,0.3341,9,9,202.2018,186.6689,19.0262,0.4730,0,6,0
3106655,310665,Berizal - MG,4201,6,6,142.8231,137.0833,15.6867,0.3825,7,7,166.6270,157.7447,16.6376,0.4207,1,3,2
3106705,310670,Betim - MG,411846,1414,1414,343.3322,418.1094,1182.8861,1.1954,1505,1505,365.4279,445.4650,1257.9664,1.1964,314,1012,88
3106804,310680,Bias Fortes - MG,3361,6,6,178.5183,116.0870,16.5980,0.3615,6,6,178.5183,116.0870,17.5624,0.3416,2,3,1
3106903,310690,Bicas - MG,13978,59,59,422.0919,304.0451,68.7499,0.8582,65,65,465.0165,340.9033,72.7592,0.8934,11,41,7
3107000,310700,Biquinhas - MG,2383,5,5,209.8196,117.9294,14.4818,0.3453,5,5,209.8196,117.9294,15.3076,0.3266,0,4,1
3107109,310710,Boa Esperança - MG,39848,146,146,366.3923,325.0624,157.0891,0.9294,156,156,391.4877,348.4229,166.5356,0.9367,15,124,7
3107208,310720,Bocaina de Minas - MG,5348,9,9,168.2872,130.0077,23.4605,0.3836,9,9,168.2872,130.0077,24.8485,0.3622,1,6,2
3107307,310730,Bocaiúva - MG,48032,76,76,158.2278,161.8424,162.7782,0.4669,80,80,166.5556,170.2662,172.7861,0.4630,13,48,15
3107406,310740,Bom Despacho - MG,51737,163,163,315.0550,279.1263,201.5131,0.8089,176,176,340.1821,300.5462,213.6687,0.8237,28,110,25
3107505,310750,Bom Jardim de Minas - MG,6783,7,7,103.1992,80.0642,31.2729,0.2238,8,8,117.9419,91.3898,33.1090,0.2416,1,5,1
3107604,310760,Bom Jesus da Penha - MG,4474,20,20,447.0273,380.5713,18.3244,1.0914,20,20,447.0273,380.5713,19.4196,1.0299,1,18,1
3107703,310770,Bom Jesus do Amparo - MG,5631,13,13,230.8649,173.3881,24.1962,0.5373,15,15,266.3825,196.9161,25.6335,0.5852,3,7,3
3107802,310780,Bom Jesus do Galho - MG,14536,45,45,309.5762,218.8741,69.1649,0.6506,45,45,309.5762,218.8741,73.2079,0.6147,10,33,2
3107901,310790,Bom Repouso - MG,12649,38,38,300.4190,326.6470,41.5695,0.9141,40,40,316.2305,346.1218,44.1408,0.9062,7,22,9
3108008,310800,Bom Sucesso - MG,17151,36,36,209.9003,154.5631,81.1369,0.4437,37,37,215.7309,158.2807,85.8933,0.4308,1,28,7
3108107,310810,Bonfim - MG,7434,22,22,295.9376,168.5701,41.4999,0.5301,22,22,295.9376,168.5701,43.8839,0.5013,3,19,0
3108206,310820,Bonfinópolis de Minas - MG,5528,15,15,271.3459,217.0512,23.1689,0.6474,17,17,307.5253,243.6240,24.5457,0.6926,8,6,1
3108255,310825,Bonito de Minas - MG,10204,6,6,58.8005,58.4499,36.9304,0.1625,7,7,68.6005,65.2327,39.1719,0.1787,1,2,3
3108305,310830,Borda da Mata - MG,17404,61,61,350.4941,257.1470,80.2668,0.7600,69,69,396.4606,293.4459,84.9874,0.8119,15,39,7
3108404,310840,Botelhos - MG,14828,46,46,310.2239,243.7864,67.2415,0.6841,49,49,330.4559,262.8587,71.2081,0.6881,2,38,6
3108503,310850,Botumirim - MG,5790,7,7,120.8981,113.3958,21.1068,0.3316,8,8,138.1693,128.1144,22.3856,0.3574,1,5,1
3108552,310855,Brasilândia de Minas - MG,15020,32,32,213.0493,254.7148,43.3833,0.7376,34,34,226.3648,270.5909,46.1258,0.7371,4,24,4
3108602,310860,Brasília de Minas - MG,32025,67,67,209.2116,179.1830,129.2889,0.5182,79,79,246.6823,210.7017,137.0375,0.5765,12,42,13
3108701,310870,Brás Pires - MG,4260,18,18,422.5352,248.4445,22.5861,0.7969,19,19,446.0094,264.3949,23.8901,0.7953,9,5,4
3108800,310880,Braúnas - MG,4441,14,14,315.2443,158.3214,25.2388,0.5547,15,15,337.7618,175.1758,26.6879,0.5621,5,7,2
3108909,310890,Brazópolis - MG,14246,46,46,322.8977,214.7640,69.5038,0.6618,52,52,365.0147,242.3831,73.5560,0.7069,10,30,6
3109006,310900,Brumadinho - MG,38915,101,101,259.5400,234.0837,150.1227,0.6728,107,107,274.9582,248.2213,159.1729,0.6722,22,63,16
3109105,310910,Bueno Brandão - MG,10911,35,35,320.7772,234.4530,50.7609,0.6895,41,41,375.7676,274.9207,53.7432,0.7629,4,22,9
3109204,310920,Buenópolis - MG,9150,22,22,240.4372,193.3812,41.0081,0.5365,24,24,262.2951,212.9296,43.4290,0.5526,4,11,7
3109253,310925,Bugre - MG,4041,11,11,272.2098,198.9747,18.8508,0.5835,13,13,321.7025,235.1631,19.9568,0.6514,6,4,1
3109303,310930,Buritis - MG,24030,68,68,282.9796,305.7557,77.4497,0.8780,78,78,324.5943,350.1784,82.2326,0.9485,10,55,3
3109402,310940,Buritizeiro - MG,23910,46,46,192.3881,204.1682,77.3508,0.5947,48,48,200.7528,212.8535,82.1287,0.5844,9,34,3
3109451,310945,Cabeceira Grande - MG,6627,13,13,196.1672,190.1496,23.9746,0.5422,13,13,196.1672,190.1496,25.4263,0.5113,2,9,2
3109501,310950,Cabo Verde - MG,11410,24,24,210.3418,172.1347,48.0574,0.4994,24,24,210.3418,172.1347,50.9125,0.4714,3,13,8
3109600,310960,Cachoeira da Prata - MG,3693,19,19,514.4869,374.5675,18.6166,1.0206,19,19,514.4869,374.5675,19.6997,0.9645,3,13,3
3109709,310970,Cachoeira de Minas - MG,11883,19,19,159.8923,116.1740,54.2735,0.3501,22,22,185.1384,134.4213,57.4645,0.3828,3,15,1
3109808,310980,Cachoeira Dourada - MG,2315,4,4,172.7862,165.9536,9.4171,0.4248,4,4,172.7862,165.9536,9.9782,0.4009,0,4,0
3109907,310990,Caetanópolis - MG,11435,23,23,201.1369,167.4855,47.3467,0.4858,26,26,227.3721,187.9553,50.1726,0.5182,3,20,0
3110004,311000,Caeté - MG,38776,116,116,299.1541,242.4241,165.8307,0.6995,126,126,324.9433,263.8051,175.6744,0.7172,25,79,12
3110103,311010,Caiana - MG,5304,13,13,245.0980,250.7773,18.7614,0.6929,13,13,245.0980,250.7773,19.9087,0.6530,4,9,0
3110202,311020,Cajuri - MG,4088,11,11,269.0802,224.8449,17.7625,0.6193,11,11,269.0802,224.8449,18.8173,0.5846,0,8,3
3110301,311030,Caldas - MG,14217,39,39,274.3195,200.8985,68.9555,0.5656,40,40,281.3533,205.6511,72.9813,0.5481,7,29,3
3110400,311040,Camacho - MG,2838,4,4,140.9443,114.5074,12.6453,0.3163,4,4,140.9443,114.5074,13.3935,0.2987,0,4,0
3110509,311050,Camanducaia - MG,26097,80,80,306.5486,305.2497,90.7671,0.8814,91,91,348.6991,348.3223,96.3289,0.9447,11,54,15
3110608,311060,Cambuí - MG,29536,89,89,301.3272,248.9180,124.7182,0.7136,95,95,321.6414,265.2897,132.1497,0.7189,10,72,7
3110707,311070,Cambuquira - MG,12313,36,36,292.3739,216.4330,56.1911,0.6407,38,38,308.6169,227.3721,59.4994,0.6387,4,21,11
3110806,311080,Campanário - MG,2923,9,9,307.9028,234.2481,13.9326,0.6460,9,9,307.9028,234.2481,14.7472,0.6103,0,7,2
3110905,311090,Campanha - MG,15935,68,68,426.7336,358.8964,64.9610,1.0468,73,73,458.1111,384.7420,68.8431,1.0604,9,41,18
3111002,311100,Campestre - MG,20696,56,56,270.5837,221.6202,89.9358,0.6227,61,61,294.7429,239.7000,95.2724,0.6403,6,44,6
3111101,311110,Campina Verde - MG,18011,69,69,383.0992,262.7533,89.6791,0.7694,74,74,410.8600,279.6046,94.8973,0.7798,6,48,15
3111150,311115,Campo Azul - MG,3714,5,5,134.6257,120.4693,17.2015,0.2907,5,5,134.6257,120.4693,18.2113,0.2746,0,5,0
3111200,311120,Campo Belo - MG,52277,234,234,447.6156,361.7260,228.9364,1.0221,259,259,495.4378,400.1851,242.5052,1.0680,39,178,17
3111309,311130,Campo do Meio - MG,11377,28,28,246.1106,202.1222,48.8572,0.5731,28,28,246.1106,202.1222,51.7514,0.5410,3,19,6
3111408,311140,Campo Florido - MG,8466,20,20,236.2391,265.1630,24.6399,0.8117,21,21,248.0510,276.3795,26.1978,0.8016,0,16,4
3111507,311150,Campos Altos - MG,12979,29,29,223.4379,215.9082,46.1782,0.6280,33,33,254.2569,245.9032,48.9851,0.6737,7,19,3
3111606,311160,Campos Gerais - MG,26105,66,66,252.8251,228.3812,100.1991,0.6587,67,67,256.6558,232.0067,106.2291,0.6307,8,46,12
3111705,311170,Canaã - MG,4715,7,7,148.4624,111.5542,22.0061,0.3181,7,7,148.4624,111.5542,23.2979,0.3005,0,4,3
3111804,311180,Canápolis - MG,10608,51,51,480.7692,400.5342,45.1477,1.1296,52,52,490.1961,408.3316,47.8311,1.0872,14,36,1
3111903,311190,Cana Verde - MG,5272,15,15,284.5220,197.7946,24.5663,0.6106,17,17,322.4583,227.7953,26.0058,0.6537,2,11,2
3112000,311200,Candeias - MG,14001,43,43,307.1209,220.5972,68.1157,0.6313,47,47,335.6903,243.5946,72.0994,0.6519,2,31,10
3112059,311205,Cantagalo - MG,3974,8,8,201.3085,174.9871,15.8685,0.5041,8,8,201.3085,174.9871,16.8193,0.4756,3,5,0
3112109,311210,Caparaó - MG,5048,11,11,217.9081,266.9072,15.3971,0.7144,11,11,217.9081,266.9072,16.3638,0.6722,5,5,1
3112208,311220,Capela Nova - MG,4362,5,5,114.6263,79.4351,24.0966,0.2075,7,7,160.4768,102.9270,25.4820,0.2747,0,4,1
3112307,311230,Capelinha - MG,39626,26,26,65.6135,76.5756,115.8924,0.2243,46,46,116.0854,137.4578,123.2362,0.3733,3,23,0
3112406,311240,Capetinga - MG,6562,40,40,609.5703,490.5901,28.5233,1.4024,40,40,609.5703,490.5901,30.2070,1.3242,0,35,5
3112505,311250,Capim Branco - MG,10663,29,29,271.9685,231.8342,42.8809,0.6763,30,30,281.3467,239.5447,45.4503,0.6601,4,20,5
3112604,311260,Capinópolis - MG,14655,65,65,443.5346,375.0285,59.6180,1.0903,68,68,464.0055,391.7348,63.1778,1.0763,11,49,5
3112653,311265,Capitão Andrade - MG,4585,29,29,632.4973,439.7859,22.4346,1.2926,30,30,654.3075,456.4313,23.7371,1.2638,11,15,3
3112703,311270,Capitão Enéas - MG,14108,30,30,212.6453,236.7373,43.2611,0.6935,31,31,219.7335,244.3490,45.9666,0.6744,6,23,1
3112802,311280,Capitólio - MG,10380,40,40,385.3565,336.8443,40.7168,0.9824,41,41,394.9904,346.0032,43.1708,0.9497,6,31,3
3112901,311290,Caputira - MG,8936,25,25,279.7672,230.6994,34.9561,0.7152,28,28,313.3393,257.4403,37.0555,0.7556,1,20,4
3113008,311300,Caraí - MG,19548,23,23,117.6591,102.7373,79.3819,0.2897,25,25,127.8903,110.2531,84.1035,0.2973,6,10,7
3113107,311310,Caranaíba - MG,2933,3,3,102.2844,63.5237,14.1987,0.2113,3,3,102.2844,63.5237,15.0275,0.1996,0,3,0
3113206,311320,Carandaí - MG,23812,52,52,218.3773,192.3374,92.7808,0.5605,57,57,239.3751,209.7622,98.3631,0.5795,4,44,4
3113305,311330,Carangola - MG,31240,169,169,540.9731,421.9360,137.3572,1.2304,184,184,588.9885,462.7453,145.4864,1.2647,43,113,13
3113404,311340,Caratinga - MG,87360,330,330,377.7473,336.8051,340.0599,0.9704,353,353,404.0751,360.6911,360.5433,0.9791,122,188,20
3113503,311350,Carbonita - MG,8512,10,10,117.4812,109.5963,32.7095,0.3057,11,11,129.2293,118.7929,34.6835,0.3172,0,8,2
3113602,311360,Careaçu - MG,6816,15,15,220.0704,180.6017,27.8187,0.5392,19,19,278.7559,227.3696,29.4783,0.6445,3,10,2
3113701,311370,Carlos Chagas - MG,18615,47,47,252.4846,195.7858,84.4778,0.5564,52,52,279.3446,218.2800,89.4576,0.5813,9,36,2
3113800,311380,Carmésia - MG,2605,4,4,153.5509,131.7654,10.5088,0.3806,4,4,153.5509,131.7654,11.1340,0.3593,0,4,0
3113909,311390,Carmo da Cachoeira - MG,11547,27,27,233.8270,223.5261,42.4843,0.6355,29,29,251.1475,241.6864,45.0589,0.6436,0,18,9
3114006,311400,Carmo da Mata - MG,11019,17,17,154.2790,115.2085,51.6305,0.3293,19,19,172.4294,127.7026,54.6671,0.3476,4,10,3
3114105,311410,Carmo de Minas - MG,13797,34,34,246.4304,237.3736,49.3563,0.6889,36,36,260.9263,250.7916,52.3650,0.6875,4,27,3
3114204,311420,Carmo do Cajuru - MG,23479,75,75,319.4344,301.8553,86.4283,0.8678,78,78,332.2118,314.5642,91.6810,0.8508,8,53,14
3114303,311430,Carmo do Paranaíba - MG,29011,127,127,437.7650,341.8748,129.5323,0.9805,133,133,458.4468,357.3009,137.1756,0.9696,11,110,6
3114402,311440,Carmo do Rio Claro - MG,20954,70,70,334.0651,280.1532,87.4270,0.8007,76,76,362.6992,304.8108,92.6342,0.8204,6,53,11
3114501,311450,Carmópolis de Minas - MG,18003,60,60,333.2778,299.2616,69.7203,0.8606,65,65,361.0509,324.9120,73.9223,0.8793,9,43,8
3114550,311455,Carneirinho - MG,9422,47,47,498.8325,430.6519,39.3355,1.1949,51,51,541.2864,467.8691,41.6789,1.2236,3,37,7
3114600,311460,Carrancas - MG,4049,10,10,246.9746,196.9949,17.9172,0.5581,10,10,246.9746,196.9949,18.9765,0.5270,1,9,0
3114709,311470,Carvalhópolis - MG,3341,10,10,299.3116,227.7738,16.4563,0.6077,10,10,299.3116,227.7738,17.4148,0.5742,2,6,2
3114808,311480,Carvalhos - MG,4422,6,6,135.6852,103.2880,20.9772,0.2860,7,7,158.2994,117.5993,22.2059,0.3152,1,2,3
3114907,311490,Casa Grande - MG,2214,4,4,180.6685,137.7606,10.1053,0.3958,4,4,180.6685,137.7606,10.6999,0.3738,1,3,0
3115003,311500,Cascalho Rico - MG,2712,7,7,258.1121,192.4285,13.6358,0.5134,9,9,331.8584,236.8155,14.4282,0.6238,1,4,2
3115102,311510,Cássia - MG,17155,69,69,402.2151,320.8863,75.7028,0.9115,69,69,402.2151,320.8863,80.1755,0.8606,7,50,12
3115201,311520,Conceição da Barra de Minas - MG,3560,8,8,224.7191,163.9713,16.0579,0.4982,8,8,224.7191,163.9713,17.0055,0.4704,1,5,2
3115300,311530,Cataguases - MG,66261,298,298,449.7366,338.6512,303.9664,0.9804,312,312,470.8652,355.3920,321.8713,0.9693,56,217,25
3115359,311535,Catas Altas - MG,5473,15,15,274.0727,263.6561,19.6982,0.7615,18,18,328.8873,323.0788,20.8983,0.8613,1,13,1
3115409,311540,Catas Altas da Noruega - MG,3110,5,5,160.7717,124.1633,13.1998,0.3788,5,5,160.7717,124.1633,13.9821,0.3576,0,4,1
3115458,311545,Catuji - MG,7030,15,15,213.3713,207.9188,24.7812,0.6053,15,15,213.3713,207.9188,26.2894,0.5706,1,13,1
3115474,311547,Catuti - MG,4739,8,8,168.8120,139.3581,19.6445,0.4072,8,8,168.8120,139.3581,20.8153,0.3843,2,4,2
3115508,311550,Caxambu - MG,21056,65,65,308.7006,217.5637,103.8628,0.6258,68,68,322.9483,228.6691,109.9133,0.6187,5,48,12
3115607,311560,Cedro do Abaeté - MG,1081,2,2,185.0139,243.2127,6.3334,0.3158,2,2,185.0139,243.2127,6.6946,0.2987,0,1,1
3115706,311570,Central de Minas - MG,6171,33,33,534.7594,352.5549,31.0004,1.0645,34,34,550.9642,363.9125,32.7994,1.0366,7,25,1
3115805,311580,Centralina - MG,10207,52,52,509.4543,430.7603,42.4150,1.2260,57,57,558.4403,476.1967,44.9460,1.2682,9,41,2
3115904,311590,Chácara - MG,3075,15,15,487.8049,374.6628,14.1874,1.0573,16,16,520.3252,395.0113,15.0196,1.0653,0,14,1
3116001,311600,Chalé - MG,6075,27,27,444.4444,369.3285,24.2046,1.1155,27,27,444.4444,369.3285,25.6580,1.0523,8,15,4
3116100,311610,Chapada do Norte - MG,10337,6,6,58.0439,53.5530,39.3411,0.1525,9,9,87.0659,84.6666,41.7066,0.2158,1,5,0
3116159,311615,Chapada Gaúcha - MG,12355,22,22,178.0656,224.3057,33.6513,0.6538,26,26,210.4411,267.1147,35.8013,0.7262,0,20,2
3116209,311620,Chiador - MG,2800,6,6,214.2857,170.6819,13.1630,0.4558,8,8,285.7143,215.0447,13.9329,0.5742,1,4,1
3116308,311630,Cipotânea - MG,5581,23,23,412.1125,299.9021,26.7336,0.8603,24,24,430.0305,310.5454,28.2956,0.8482,3,18,2
3116407,311640,Claraval - MG,4658,5,5,107.3422,91.7000,18.6760,0.2677,6,6,128.8106,107.4452,19.7926,0.3031,1,4,0
3116506,311650,Claro dos Poções - MG,7166,14,14,195.3670,140.9375,33.2488,0.4211,16,16,223.2766,163.5616,35.1957,0.4546,1,13,0
3116605,311660,Cláudio - MG,30159,74,74,245.3662,251.3481,102.5711,0.7215,78,78,258.6293,264.7702,108.8957,0.7163,9,61,4
3116704,311670,Coimbra - MG,7117,17,17,238.8647,175.0126,32.6414,0.5208,17,17,238.8647,175.0126,34.5633,0.4919,3,12,2
3116803,311680,Coluna - MG,8163,10,10,122.5040,97.8410,34.0894,0.2933,15,15,183.7560,152.9152,36.1192,0.4153,0,7,3
3116902,311690,Comendador Gomes - MG,2773,6,6,216.3722,211.0021,10.4119,0.5763,6,6,216.3722,211.0021,11.0407,0.5434,2,3,1
3117009,311700,Comercinho - MG,6660,6,6,90.0901,52.2621,34.6640,0.1731,7,7,105.1051,62.0744,36.6678,0.1909,1,5,0
3117108,311710,Conceição da Aparecida - MG,10371,12,12,115.7073,99.3698,41.6234,0.2883,13,13,125.3495,107.1025,44.1138,0.2947,4,5,3
3117207,311720,Conceição das Pedras - MG,2772,4,4,144.3001,103.6834,12.4292,0.3218,5,5,180.3752,130.3666,13.1641,0.3798,0,2,2
3117306,311730,Conceição das Alagoas - MG,28381,151,151,532.0461,649.3594,80.3585,1.8791,158,158,556.7105,679.5545,85.4702,1.8486,26,110,15
3117405,311740,Conceição de Ipanema - MG,4409,7,7,158.7662,116.7037,21.2151,0.3300,7,7,158.7662,116.7037,22.4525,0.3118,3,3,1
3117504,311750,Conceição do Mato Dentro - MG,23163,43,43,185.6409,188.8035,78.8455,0.5454,47,47,202.9098,205.9637,83.7110,0.5615,7,34,2
3117603,311760,Conceição do Pará - MG,5415,15,15,277.0083,215.8092,24.4166,0.6143,15,15,277.0083,215.8092,25.8539,0.5802,4,11,0
3117702,311770,Conceição do Rio Verde - MG,12541,31,31,247.1892,226.9897,49.9071,0.6212,32,32,255.1631,233.5911,52.8967,0.6050,0,26,5
3117801,311780,Conceição dos Ouros - MG,10880,37,37,340.0735,317.1691,41.2460,0.8971,40,40,367.6471,342.6288,43.7352,0.9146,6,27,4
3117836,311783,Cônego Marinho - MG,7237,9,9,124.3609,114.0739,29.5417,0.3047,10,10,138.1788,127.0019,31.3052,0.3194,3,2,4
3117876,311787,Confins - MG,7350,25,25,340.1361,321.1447,27.1165,0.9219,27,27,367.3469,347.9607,28.7640,0.9387,3,18,4
3117900,311790,Congonhal - MG,11083,33,33,297.7533,229.8792,49.2925,0.6695,40,40,360.9131,275.8938,52.2044,0.7662,5,24,4
3118007,311800,Congonhas - MG,52890,122,122,230.6674,240.5619,176.9172,0.6896,131,131,247.6839,257.7480,187.8416,0.6974,23,93,6
3118106,311810,Congonhas do Norte - MG,4831,10,10,206.9965,175.5321,20.3669,0.4910,11,11,227.6961,192.7037,21.5788,0.5098,0,9,1
3118205,311820,Conquista - MG,6694,20,20,298.7750,268.7254,26.7434,0.7478,21,21,313.7138,282.8248,28.3456,0.7409,5,11,4
3118304,311830,Conselheiro Lafaiete - MG,131621,310,310,235.5247,217.7461,493.2041,0.6285,327,327,248.4406,230.0434,523.1802,0.6250,25,253,32
3118403,311840,Conselheiro Pena - MG,20824,78,78,374.5678,298.8952,91.9346,0.8484,78,78,374.5678,298.8952,97.3635,0.8011,11,58,9
3118502,311850,Consolação - MG,1563,7,7,447.8567,311.4693,7.8867,0.8876,7,7,447.8567,311.4693,8.3451,0.8388,1,5,1
3118601,311860,Contagem - MG,621863,2171,2171,349.1123,354.6113,2129.7250,1.0194,2302,2302,370.1780,375.7766,2260.8642,1.0182,543,1415,213
3118700,311870,Coqueiral - MG,9023,27,27,299.2353,242.6701,39.3653,0.6859,29,29,321.4009,260.4362,41.6950,0.6955,1,22,4
3118809,311880,Coração de Jesus - MG,25377,43,43,169.4448,146.6902,101.4039,0.4240,49,49,193.0882,165.9700,107.4700,0.4559,5,30,8
3118908,311890,Cordisburgo - MG,7547,17,17,225.2551,151.2861,38.9368,0.4366,20,20,265.0060,174.9198,41.1934,0.4855,1,12,4
3119005,311900,Cordislândia - MG,3200,4,4,125.0000,96.7383,13.8554,0.2887,4,4,125.0000,96.7383,14.6734,0.2726,0,3,1
3119104,311910,Corinto - MG,23532,59,59,250.7224,200.9249,100.4944,0.5871,60,60,254.9720,204.2597,106.4584,0.5636,16,33,10
3119203,311920,Coroaci - MG,10884,21,21,192.9438,159.8381,46.7088,0.4496,22,22,202.1316,165.5132,49.4983,0.4445,5,10,6
3119302,311930,Coromandel - MG,28894,90,90,311.4834,264.5675,118.9798,0.7564,97,97,335.7098,284.9518,126.0788,0.7694,7,74,9
3119401,311940,Coronel Fabriciano - MG,104736,380,380,362.8170,320.3289,406.2389,0.9354,389,389,371.4100,327.8258,430.7020,0.9032,129,228,23
3119500,311950,Coronel Murta - MG,8200,10,10,121.9512,110.8424,36.0118,0.2777,13,13,158.5366,142.2630,38.1440,0.3408,0,7,3
3119609,311960,Coronel Pacheco - MG,2762,11,11,398.2621,278.1231,13.3421,0.8245,11,11,398.2621,278.1231,14.1216,0.7790,3,7,1
3119708,311970,Coronel Xavier Chaves - MG,3486,6,6,172.1170,142.4678,16.0212,0.3745,8,8,229.4894,187.6009,16.9595,0.4717,3,3,0
3119807,311980,Córrego Danta - MG,2960,14,14,472.9730,313.3786,16.5990,0.8434,16,16,540.5405,363.0293,17.5521,0.9116,2,10,2
3119906,311990,Córrego do Bom Jesus - MG,4272,6,6,140.4494,96.5180,22.9787,0.2611,7,7,163.8577,110.2070,24.3042,0.2880,3,3,0
3119955,311995,Córrego Fundo - MG,6133,16,16,260.8837,214.3173,24.9352,0.6417,17,17,277.1890,228.5936,26.4282,0.6433,1,14,1
3120003,312000,Córrego Novo - MG,2875,14,14,486.9565,362.2573,13.7429,1.0187,15,15,521.7391,383.3665,14.5435,1.0314,5,7,2
3120102,312010,Couto de Magalhães de Minas - MG,4245,9,9,212.0141,164.6828,17.1395,0.5251,12,12,282.6855,234.8329,18.1666,0.6606,0,7,2
3120151,312015,Crisólita - MG,5265,2,2,37.9867,39.8526,21.2399,0.0942,4,4,75.9734,72.7297,22.5104,0.1777,1,1,0
3120201,312020,Cristais - MG,12197,41,41,336.1482,301.6432,47.4432,0.8642,43,43,352.5457,317.2845,50.3013,0.8548,5,34,2
3120300,312030,Cristália - MG,5121,5,5,97.6372,119.2158,14.5269,0.3442,6,6,117.1646,143.0518,15.4483,0.3884,0,5,0
3120409,312040,Cristiano Otoni - MG,4667,17,17,364.2597,324.7255,18.3222,0.9278,17,17,364.2597,324.7255,19.4202,0.8754,2,14,1
3120508,312050,Cristina - MG,10374,9,9,86.7553,69.9470,43.5005,0.2069,10,10,96.3948,77.5250,46.0929,0.2170,2,7,0
3120607,312060,Crucilândia - MG,5434,11,11,202.4291,142.3973,25.8308,0.4258,14,14,257.6371,187.1721,27.3408,0.5121,3,5,3
3120706,312070,Cruzeiro da Fortaleza - MG,3521,8,8,227.2082,214.8465,13.9160,0.5749,9,9,255.6092,236.9904,14.7509,0.6101,0,7,1
3120805,312080,Cruzília - MG,15362,49,49,318.9689,247.3866,66.6926,0.7347,50,50,325.4785,254.8108,70.6518,0.7077,7,34,8
3120839,312083,Cuparaque - MG,3983,20,20,502.1341,389.1968,16.9527,1.1798,20,20,502.1341,389.1968,17.9556,1.1139,4,11,5
3120870,312087,Curral de Dentro - MG,7406,21,21,283.5539,275.3998,26.5678,0.7904,22,22,297.0564,285.3063,28.1868,0.7805,3,15,3
3120904,312090,Curvelo - MG,80665,286,286,354.5528,312.5658,315.1488,0.9075,304,304,376.8673,332.0421,334.1533,0.9098,42,216,28
3121001,312100,Datas - MG,5465,17,17,311.0704,288.3051,20.4731,0.8304,18,18,329.3687,304.9505,21.7103,0.8291,3,10,4
3121100,312110,Delfim Moreira - MG,7952,36,36,452.7163,360.1443,34.1539,1.0541,39,39,490.4427,389.2771,36.1762,1.0781,6,21,9
3121209,312120,Delfinópolis - MG,8393,17,17,202.5497,188.9517,30.9833,0.5487,17,17,202.5497,188.9517,32.8604,0.5173,1,12,4
3121258,312125,Delta - MG,10494,32,32,304.9362,424.2007,24.5794,1.3019,32,32,304.9362,424.2007,26.2025,1.2213,6,25,1
3121308,312130,Descoberto - MG,4928,14,14,284.0909,193.7159,23.8840,0.5862,16,16,324.6753,215.8599,25.2832,0.6328,2,9,3
3121407,312140,Desterro de Entre Rios - MG,7653,20,20,261.3354,196.8180,35.3816,0.5653,26,26,339.7361,250.7543,37.4620,0.6940,2,14,4
3121506,312150,Desterro do Melo - MG,2994,5,5,167.0007,109.9254,14.1666,0.3529,6,6,200.4008,130.2965,14.9954,0.4001,0,2,3
3121605,312160,Diamantina - MG,47702,99,99,207.5385,196.1223,173.4055,0.5709,115,115,241.0800,226.8274,184.0003,0.6250,7,84,8
3121704,312170,Diogo de Vasconcelos - MG,3549,1,1,28.1770,22.7872,19.7664,0.0506,1,1,28.1770,22.7872,20.9016,0.0478,0,1,0
3121803,312180,Dionísio - MG,6847,21,21,306.7037,183.9544,35.8580,0.5856,22,22,321.3086,194.8470,37.9315,0.5800,5,13,3
3121902,312190,Divinésia - MG,4226,8,8,189.3043,176.6301,16.1091,0.4966,10,10,236.6304,217.3271,17.0816,0.5854,2,4,2
3122009,312200,Divino - MG,20706,66,66,318.7482,294.1737,77.8185,0.8481,70,70,338.0663,312.2403,82.5227,0.8483,12,48,6
3122108,312210,Divino das Laranjeiras - MG,4178,19,19,454.7630,333.4128,20.8255,0.9123,21,21,502.6328,366.3171,22.0327,0.9531,2,11,6
3122207,312220,Divinolândia de Minas - MG,6516,20,20,306.9368,273.2923,26.3682,0.7585,21,21,322.2836,290.3829,27.9446,0.7515,3,17,0
3122306,312230,Divinópolis - MG,231091,734,734,317.6238,283.8591,892.7265,0.8222,765,765,331.0384,296.0061,946.6947,0.8081,101,536,97
3122355,312235,Divisa Alegre - MG,6321,10,10,158.2028,194.8859,19.2436,0.5197,12,12,189.8434,233.5286,20.4467,0.5869,5,5,0
3122405,312240,Divisa Nova - MG,5851,17,17,290.5486,229.4244,23.9973,0.7084,19,19,324.7308,253.8426,25.4293,0.7472,2,13,2
3122454,312245,Divisópolis - MG,10213,16,16,156.6631,144.6343,38.2161,0.4187,18,18,176.2460,164.4020,40.5409,0.4440,4,8,4
3122470,312247,Dom Bosco - MG,3697,8,8,216.3917,199.6121,14.1071,0.5671,10,10,270.4896,244.2397,14.9557,0.6686,1,6,1
3122504,312250,Dom Cavati - MG,4904,26,26,530.1794,324.6993,26.8108,0.9698,26,26,530.1794,324.6993,28.3560,0.9169,9,16,1
3122603,312260,Dom Joaquim - MG,4899,9,9,183.7110,157.6240,20.0208,0.4495,11,11,224.5356,203.3361,21.2183,0.5184,0,9,0
3122702,312270,Dom Silvério - MG,5228,18,18,344.2999,185.8750,29.6812,0.6064,18,18,344.2999,185.8750,31.3893,0.5734,2,12,4
3122801,312280,Dom Viçoso - MG,3095,12,12,387.7221,276.3317,14.0882,0.8518,12,12,387.7221,276.3317,14.9156,0.8045,1,8,3
3122900,312290,Dona Euzébia - MG,6093,22,22,361.0701,321.7506,24.0105,0.9163,23,23,377.4824,337.1410,25.4550,0.9036,1,18,3
3123007,312300,Dores de Campos - MG,10007,54,54,539.6223,491.2900,37.6822,1.4330,56,56,559.6083,507.4999,39.9634,1.4013,8,43,3
3123106,312310,Dores de Guanhães - MG,5029,14,14,278.3854,200.0962,22.8274,0.6133,17,17,338.0394,246.1138,24.1710,0.7033,3,7,4
3123205,312320,Dores do Indaiá - MG,12630,34,34,269.2003,169.1342,71.9239,0.4727,38,38,300.8709,186.6087,76.0558,0.4996,4,27,3
3123304,312330,Dores do Turvo - MG,4987,21,21,421.0948,355.5199,21.7772,0.9643,21,21,421.0948,355.5199,23.0665,0.9104,2,14,5
3123403,312340,Doresópolis - MG,1461,1,1,68.4463,43.0570,6.2043,0.1612,1,1,68.4463,43.0570,6.5713,0.1522,1,0,0
3123502,312350,Douradoquara - MG,1829,4,4,218.6987,154.7069,8.5819,0.4661,4,4,218.6987,154.7069,9.0856,0.4403,1,3,0
3123528,312352,Durandé - MG,7817,17,17,217.4747,224.9761,26.3167,0.6460,18,18,230.2674,237.8963,27.9406,0.6442,3,11,3
3123601,312360,Elói Mendes - MG,26336,58,58,220.2309,201.1455,101.1109,0.5736,62,62,235.4192,215.9918,107.2070,0.5783,5,51,2
3123700,312370,Engenheiro Caldas - MG,13622,37,37,271.6194,290.7484,43.2702,0.8551,40,40,293.6426,312.3390,45.9576,0.8704,19,15,3
3123809,312380,Engenheiro Navarro - MG,6354,13,13,204.5955,181.6400,24.4295,0.5321,13,13,204.5955,181.6400,25.8960,0.5020,2,10,1
3123858,312385,Entre Folhas - MG,5179,17,17,328.2487,244.8885,23.7305,0.7164,18,18,347.5574,260.6691,25.1238,0.7165,3,10,4
3123908,312390,Entre Rios de Minas - MG,14746,32,32,217.0080,174.2277,63.1618,0.5066,37,37,250.9155,199.2098,66.9176,0.5529,5,20,7
3124005,312400,Ervália - MG,20255,43,43,212.2933,181.3095,81.4715,0.5278,47,47,232.0415,196.1196,86.3697,0.5442,6,31,6
3124104,312410,Esmeraldas - MG,85598,178,178,207.9488,235.2700,260.0413,0.6845,193,193,225.4726,257.1498,276.3383,0.6984,27,131,20
3124203,312420,Espera Feliz - MG,24102,77,77,319.4756,302.2761,87.5906,0.8791,82,82,340.2207,321.7997,92.9188,0.8825,23,44,10
3124302,312430,Espinosa - MG,30443,82,82,269.3558,226.4746,119.9210,0.6838,85,85,279.2103,235.7480,127.1287,0.6686,20,53,9
3124401,312440,Espírito Santo do Dourado - MG,6611,20,20,302.5261,291.6400,23.1319,0.8646,21,21,317.6524,306.6979,24.5488,0.8554,3,14,3
3124500,312450,Estiva - MG,11502,29,29,252.1301,201.1219,49.8072,0.5822,31,31,269.5183,214.2871,52.7632,0.5875,3,20,6
3124609,312460,Estrela Dalva - MG,2186,13,13,594.6935,467.2491,11.4546,1.1349,14,14,640.4392,492.2709,12.1180,1.1553,1,10,2
3124708,312470,Estrela do Indaiá - MG,2772,2,2,72.1501,34.8344,16.5730,0.1207,3,3,108.2251,53.0427,17.5192,0.1712,0,1,1
3124807,312480,Estrela do Sul - MG,6840,26,26,380.1170,307.1468,29.4136,0.8839,28,28,409.3567,334.8832,31.1602,0.8986,1,20,5
3124906,312490,Eugenópolis - MG,10801,32,32,296.2689,217.8522,49.3193,0.6488,39,39,361.0777,270.5345,52.2287,0.7467,8,19,5
3125002,312500,Ewbank da Câmara - MG,3875,17,17,438.7097,430.1351,13.6409,1.2463,19,19,490.3226,486.5780,14.4741,1.3127,1,14,2
3125101,312510,Extrema - MG,53482,153,153,286.0776,349.4959,154.4239,0.9908,159,159,297.2963,362.4370,164.2619,0.9680,32,104,17
3125200,312520,Fama - MG,2578,1,1,38.7898,45.7685,13.7775,0.0726,1,1,38.7898,45.7685,14.5714,0.0686,0,1,0
3125309,312530,Faria Lemos - MG,3188,13,13,407.7792,292.7362,14.8916,0.8730,15,15,470.5144,339.6278,15.7645,0.9515,6,6,1
3125408,312540,Felício dos Santos - MG,5133,8,8,155.8543,105.3267,23.1969,0.3449,9,9,175.3361,123.8192,24.5646,0.3664,1,6,1
3125507,312550,São Gonçalo do Rio Preto - MG,3032,8,8,263.8522,194.8121,13.1528,0.6082,8,8,263.8522,194.8121,13.9328,0.5742,1,7,0
3125606,312560,Felisburgo - MG,6489,21,21,323.6246,255.5205,28.0962,0.7474,22,22,339.0353,265.8730,29.7599,0.7392,5,13,3
3125705,312570,Felixlândia - MG,13978,36,36,257.5476,195.1511,65.6183,0.5486,36,36,257.5476,195.1511,69.4577,0.5183,3,24,9
3125804,312580,Fernandes Tourinho - MG,2789,19,19,681.2478,379.9901,14.2741,1.3311,20,20,717.1029,403.6460,15.1006,1.3245,7,7,5
3125903,312590,Ferros - MG,9590,18,18,187.6955,137.9536,51.3120,0.3508,24,24,250.2607,179.9534,54.2771,0.4422,1,13,4
3125952,312595,Fervedouro - MG,10445,27,27,258.4969,259.3086,36.4183,0.7414,30,30,287.2188,287.4539,38.6445,0.7763,7,18,2
3126000,312600,Florestal - MG,8045,16,16,198.8813,153.9949,35.5110,0.4506,17,17,211.3114,167.3409,37.6145,0.4520,4,11,1
3126109,312610,Formiga - MG,68248,328,328,480.6002,387.6220,293.1143,1.1190,344,344,504.0441,407.0374,310.5648,1.1077,36,250,42
3126208,312620,Formoso - MG,7949,14,14,176.1228,184.0600,26.2784,0.5328,15,15,188.7030,196.6915,27.8949,0.5377,4,9,1
3126307,312630,Fortaleza de Minas - MG,3477,8,8,230.0834,162.9142,15.6996,0.5096,8,8,230.0834,162.9142,16.6231,0.4813,0,7,1
3126406,312640,Fortuna de Minas - MG,3093,5,5,161.6554,129.3345,13.2951,0.3761,5,5,161.6554,129.3345,14.0856,0.3550,0,3,2
3126505,312650,Francisco Badaró - MG,7366,15,15,203.6383,113.6920,37.6516,0.3984,15,15,203.6383,113.6920,39.8389,0.3765,1,8,6
3126604,312660,Francisco Dumont - MG,4503,8,8,177.6593,176.6783,16.6862,0.4794,9,9,199.8668,199.6919,17.6940,0.5086,2,6,0
3126703,312670,Francisco Sá - MG,23476,56,56,238.5415,213.6942,90.4692,0.6190,58,58,247.0608,221.3775,95.9197,0.6047,10,42,4
3126752,312675,Franciscópolis - MG,5034,7,7,139.0544,114.2080,21.0852,0.3320,8,8,158.9193,131.6965,22.3386,0.3581,0,6,1
3126802,312680,Frei Gaspar - MG,5640,20,20,354.6099,318.4146,22.7420,0.8794,23,23,407.8014,374.2789,24.1004,0.9543,1,19,0
3126901,312690,Frei Inocêncio - MG,8226,30,30,364.6973,300.2081,35.0619,0.8556,35,35,425.4802,365.9652,37.1376,0.9424,12,17,1
3126950,312695,Frei Lagonegro - MG,3391,5,5,147.4491,132.9849,12.9813,0.3852,5,5,147.4491,132.9849,13.7636,0.3633,3,2,0
3127008,312700,Fronteira - MG,14540,69,69,474.5530,466.9896,50.5312,1.3655,70,70,481.4305,472.8838,53.6193,1.3055,12,55,2
3127057,312705,Fronteira dos Vales - MG,4345,8,8,184.1197,134.3882,19.5357,0.4095,10,10,230.1496,170.9830,20.6836,0.4835,1,7,0
3127073,312707,Fruta de Leite - MG,4647,5,5,107.5963,92.4245,18.2391,0.2741,6,6,129.1156,108.6314,19.3275,0.3104,1,4,0
3127107,312710,Frutal - MG,58588,314,314,535.9459,512.5713,212.8369,1.4753,334,334,570.0826,545.2131,225.8166,1.4791,76,216,22
3127206,312720,Funilândia - MG,4686,11,11,234.7418,206.5067,19.0953,0.5761,11,11,234.7418,206.5067,20.2314,0.5437,1,9,1
3127305,312730,Galiléia - MG,6222,30,30,482.1601,382.2309,26.9615,1.1127,30,30,482.1601,382.2309,28.5536,1.0507,11,14,5
3127339,312733,Gameleiras - MG,4793,7,7,146.0463,133.8734,18.6928,0.3745,8,8,166.9101,150.0658,19.8138,0.4038,3,4,0
3127354,312735,Glaucilândia - MG,2928,6,6,204.9180,173.5222,13.7311,0.4370,6,6,204.9180,173.5222,14.5346,0.4128,0,6,0
3127370,312737,Goiabeira - MG,2830,10,10,353.3569,263.7620,12.3402,0.8104,10,10,353.3569,263.7620,13.0672,0.7653,4,5,1
3127388,312738,Goianá - MG,4053,7,7,172.7116,112.1763,19.8711,0.3523,8,8,197.3847,135.3245,21.0288,0.3804,0,5,2
3127404,312740,Gonçalves - MG,4727,12,12,253.8608,188.2224,21.3948,0.5609,12,12,253.8608,188.2224,22.6543,0.5297,5,5,2
3127503,312750,Gonzaga - MG,5230,20,20,382.4092,318.3284,22.7360,0.8797,20,20,382.4092,318.3284,24.0761,0.8307,6,13,1
3127602,312760,Gouveia - MG,11331,37,37,326.5378,271.5534,47.4594,0.7796,41,41,361.8392,302.7183,50.2884,0.8153,5,31,1
3127701,312770,Governador Valadares - MG,257171,1490,1490,579.3810,507.0441,1011.1711,1.4735,1608,1608,625.2649,549.3177,1072.0259,1.5000,460,906,124
3127800,312780,Grão Mogol - MG,13901,25,25,179.8432,175.0766,49.5102,0.5049,27,27,194.2306,188.7480,52.5262,0.5140,3,17,5
3127909,312790,Grupiara - MG,1392,2,2,143.6782,127.7834,7.4678,0.2678,3,3,215.5172,163.6355,7.8993,0.3798,0,2,0
3128006,312800,Guanhães - MG,32244,63,63,195.3852,179.8917,121.9240,0.5167,72,72,223.2974,206.1100,129.3145,0.5568,7,49,7
3128105,312810,Guapé - MG,13772,46,46,334.0110,299.7955,54.0737,0.8507,48,48,348.5333,313.0009,57.3203,0.8374,2,38,6
3128204,312820,Guaraciaba - MG,9753,33,33,338.3574,221.5491,50.6723,0.6512,33,33,338.3574,221.5491,53.6115,0.6155,3,28,2
3128253,312825,Guaraciama - MG,5051,9,9,178.1825,156.4416,20.1381,0.4469,9,9,178.1825,156.4416,21.3442,0.4217,0,9,0
3128303,312830,Guaranésia - MG,19150,54,54,281.9843,249.7222,75.9553,0.7109,59,59,308.0940,272.1759,80.5276,0.7327,9,30,15
3128402,312840,Guarani - MG,7714,21,21,272.2323,205.9896,36.5550,0.5745,21,21,272.2323,205.9896,38.6998,0.5426,3,14,4
3128501,312850,Guarará - MG,3149,18,18,571.6100,495.2974,13.5062,1.3327,20,20,635.1223,551.5127,14.3076,1.3979,1,16,1
3128600,312860,Guarda-Mor - MG,6539,16,16,244.6857,223.6197,23.7593,0.6734,17,17,259.9786,235.9772,25.2013,0.6746,1,15,0
3128709,312870,Guaxupé - MG,50911,193,193,379.0929,319.6170,210.2879,0.9178,204,204,400.6993,338.3634,222.8614,0.9154,21,140,32
3128808,312880,Guidoval - MG,7131,24,24,336.5587,259.0557,31.9276,0.7517,26,26,364.6052,279.5814,33.8128,0.7689,1,21,2
3128907,312890,Guimarânia - MG,8478,24,24,283.0856,266.6235,31.6044,0.7594,24,24,283.0856,266.6235,33.5174,0.7160,3,18,3
3129004,312900,Guiricema - MG,7778,38,38,488.5575,338.0031,40.1287,0.9470,41,41,527.1278,359.5144,42.4569,0.9657,7,25,6
3129103,312910,Gurinhatã - MG,5192,12,12,231.1248,148.1408,29.2243,0.4106,13,13,250.3852,175.2283,30.8973,0.4207,2,9,1
3129202,312920,Heliodora - MG,6134,20,20,326.0515,254.8769,26.9613,0.7418,21,21,342.3541,271.7156,28.5534,0.7355,1,14,5
3129301,312930,Iapu - MG,12030,40,40,332.5021,275.4699,49.5405,0.8074,42,42,349.1272,287.6461,52.5095,0.7999,11,27,2
3129400,312940,Ibertioga - MG,5198,16,16,307.8107,229.0873,22.5760,0.7087,16,16,307.8107,229.0873,23.9113,0.6691,0,13,3
3129509,312950,Ibiá - MG,22229,62,62,278.9149,264.6769,81.8393,0.7576,70,70,314.9040,299.1876,86.8009,0.8064,6,44,12
3129608,312960,Ibiaí - MG,6286,12,12,190.9004,184.0492,22.8361,0.5255,15,15,238.6255,228.6276,24.2214,0.6193,1,9,2
3129657,312965,Ibiracatu - MG,5081,6,6,118.0870,102.6386,21.3316,0.2813,7,7,137.7682,119.0707,22.5971,0.3098,2,4,0
3129707,312970,Ibiraci - MG,10948,28,28,255.7545,241.0669,39.8560,0.7025,30,30,274.0227,258.4268,42.2765,0.7096,7,17,4
3129806,312980,Ibirité - MG,170537,465,465,272.6681,338.8506,475.5488,0.9778,480,480,281.4638,349.1539,505.8241,0.9489,99,330,36
3129905,312990,Ibitiúra de Minas - MG,3365,8,8,237.7415,199.1359,16.5481,0.4834,9,9,267.4591,225.0930,17.5136,0.5139,0,6,2
3130002,313000,Ibituruna - MG,2698,1,1,37.0645,28.5627,12.3269,0.0811,1,1,37.0645,28.5627,13.0512,0.0766,0,1,0
3130051,313005,Icaraí de Minas - MG,10677,10,10,93.6593,101.3986,34.1746,0.2926,13,13,121.7570,131.1543,36.3025,0.3581,3,3,4
3130101,313010,Igarapé - MG,45847,115,115,250.8343,289.7103,138.1676,0.8323,123,123,268.2836,309.9891,146.8418,0.8376,20,81,14
3130200,313020,Igaratinga - MG,10830,29,29,267.7747,306.3015,33.2525,0.8721,29,29,267.7747,306.3015,35.3402,0.8206,5,22,2
3130309,313030,Iguatama - MG,6826,22,22,322.2971,243.0245,31.6537,0.6950,25,25,366.2467,278.5561,33.5130,0.7460,2,18,2
3130408,313040,Ijaci - MG,7003,20,20,285.5919,264.4054,26.4003,0.7576,20,20,285.5919,264.4054,27.9969,0.7144,3,16,1
3130507,313050,Ilicínea - MG,12741,34,34,266.8550,249.6079,47.5606,0.7149,34,34,266.8550,249.6079,50.4478,0.6740,5,25,4
3130556,313055,Imbé de Minas - MG,6986,10,10,143.1434,139.9286,26.1799,0.3820,10,10,143.1434,139.9286,27.7602,0.3602,2,6,2
3130606,313060,Inconfidentes - MG,7301,15,15,205.4513,172.4806,31.4101,0.4776,16,16,219.1481,184.8910,33.2724,0.4809,5,7,3
3130655,313065,Indaiabira - MG,6346,3,3,47.2739,33.2933,27.6071,0.1087,4,4,63.0318,47.6430,29.2391,0.1368,0,3,0
3130705,313070,Indianópolis - MG,6171,7,7,113.4338,108.9628,22.1427,0.3161,9,9,145.8435,142.1943,23.4903,0.3831,0,5,2
3130804,313080,Ingaí - MG,2580,7,7,271.3178,226.7669,11.1478,0.6279,7,7,271.3178,226.7669,11.8090,0.5928,1,5,1
3130903,313090,Inhapim - MG,22692,67,67,295.2582,204.6493,107.5597,0.6229,72,72,317.2924,218.9372,113.8557,0.6324,26,35,6
3131000,313100,Inhaúma - MG,6239,22,22,352.6206,319.7568,24.3078,0.9051,24,24,384.6770,346.6278,25.7701,0.9313,2,20,0
3131109,313110,Inimutaba - MG,7371,24,24,325.6003,269.7750,31.2514,0.7680,24,24,325.6003,269.7750,33.1086,0.7249,4,17,3
3131158,313115,Ipaba - MG,17136,59,59,344.3044,345.1986,58.7990,1.0034,62,62,361.8114,363.3730,62.4215,0.9932,20,28,11
3131208,313120,Ipanema - MG,19522,68,68,348.3250,255.7381,89.2555,0.7619,71,71,363.6922,265.5349,94.5053,0.7513,15,47,6
3131307,313130,Ipatinga - MG,227731,959,959,421.1109,381.7444,864.9026,1.1088,993,993,436.0408,395.3845,917.1327,1.0827,326,569,64
3131406,313140,Ipiaçu - MG,3775,23,23,609.2715,459.9910,18.2668,1.2591,24,24,635.7616,475.2693,19.3344,1.2413,1,17,5
3131505,313150,Ipuiúna - MG,9135,44,44,481.6639,395.6707,38.9783,1.1288,47,47,514.5047,422.1425,41.2928,1.1382,4,35,5
3131604,313160,Iraí de Minas - MG,7180,19,19,264.6240,285.2413,22.8391,0.8319,21,21,292.4791,315.5102,24.2582,0.8657,3,12,4
3131703,313170,Itabira - MG,113343,398,398,351.1465,317.2990,432.4855,0.9203,471,471,415.5528,376.1392,458.6107,1.0270,44,320,34
3131802,313180,Itabirinha - MG,10362,42,42,405.3272,346.4082,44.2776,0.9486,44,44,424.6285,361.7733,46.9007,0.9382,7,32,3
3131901,313190,Itabirito - MG,53365,158,158,296.0742,292.4543,186.5851,0.8468,173,173,324.1825,320.2439,198.0332,0.8736,19,127,12
3132008,313200,Itacambira - MG,4252,5,5,117.5917,99.4377,18.1848,0.2750,5,5,117.5917,99.4377,19.2629,0.2596,1,3,1
3132107,313210,Itacarambi - MG,17208,19,19,110.4138,117.3758,58.0420,0.3273,24,24,139.4700,148.2128,61.6090,0.3896,5,13,1
3132206,313220,Itaguara - MG,13846,41,41,296.1144,246.4639,56.9617,0.7198,45,45,325.0036,272.8089,60.3636,0.7455,8,23,10
3132305,313230,Itaipé - MG,10463,5,5,47.7874,44.8739,34.9516,0.1431,7,7,66.9024,64.7029,37.0956,0.1887,1,2,2
3132404,313240,Itajubá - MG,93073,495,495,531.8406,461.7337,368.0159,1.3451,521,521,559.7757,485.9635,390.1678,1.3353,77,355,63
3132503,313250,Itamarandiba - MG,32948,30,30,91.0526,95.2005,107.3334,0.2795,38,38,115.3333,119.8826,113.9867,0.3334,4,24,2
3132602,313260,Itamarati de Minas - MG,3690,8,8,216.8022,178.3917,18.3984,0.4348,8,8,216.8022,178.3917,19.4707,0.4109,0,6,2
3132701,313270,Itambacuri - MG,21042,44,44,209.1056,169.1467,91.9933,0.4783,47,47,223.3628,179.7368,97.4357,0.4824,6,34,4
3132800,313280,Itambé do Mato Dentro - MG,2142,8,8,373.4827,248.9024,11.7309,0.6820,11,11,513.5387,318.0204,12.4066,0.8866,0,8,0
3132909,313290,Itamogi - MG,10770,41,41,380.6871,316.4367,45.3063,0.9050,60,60,557.1031,461.9758,48.0048,1.2499,10,22,9
3133006,313300,Itamonte - MG,14786,39,39,263.7630,239.2725,55.9878,0.6966,39,39,263.7630,239.2725,59.3752,0.6568,8,27,4
3133105,313310,Itanhandu - MG,15236,62,62,406.9310,344.2730,61.6896,1.0050,64,64,420.0578,357.1539,65.3812,0.9789,16,41,5
3133204,313320,Itanhomi - MG,11128,41,41,368.4400,275.1709,53.6289,0.7645,42,42,377.4263,281.5533,56.7551,0.7400,12,22,7
3133303,313330,Itaobim - MG,19151,72,72,375.9595,315.6685,82.2659,0.8752,75,75,391.6245,325.7377,87.1484,0.8606,11,55,6
3133402,313340,Itapagipe - MG,13690,61,61,445.5807,357.1679,59.2408,1.0297,65,65,474.7991,380.0761,62.7558,1.0358,12,47,2
3133501,313350,Itapecerica - MG,21046,50,50,237.5748,155.3696,106.6588,0.4688,52,52,247.0778,161.0351,112.8665,0.4607,9,35,6
3133600,313360,Itapeva - MG,12692,40,40,315.1592,318.9409,44.0510,0.9080,42,42,330.9171,333.6088,46.7551,0.8983,13,25,2
3133709,313370,Itatiaiuçu - MG,12966,41,41,316.2116,305.8058,47.2573,0.8676,44,44,339.3491,327.9088,50.1257,0.8778,4,36,1
3133758,313375,Itaú de Minas - MG,14406,53,53,367.9023,279.1478,64.5768,0.8207,55,55,381.7854,289.2524,68.3870,0.8042,6,34,13
3133808,313380,Itaúna - MG,97669,289,289,295.8974,274.1939,365.1576,0.7914,337,337,345.0430,319.4186,387.3529,0.8700,48,217,24
3133907,313390,Itaverava - MG,5642,3,3,53.1726,45.3431,24.7604,0.1212,3,3,53.1726,45.3431,26.2241,0.1144,0,3,0
3134004,313400,Itinga - MG,13745,26,26,189.1597,168.9083,57.0176,0.4560,28,28,203.7104,181.1702,60.4105,0.4635,3,21,2
3134103,313410,Itueta - MG,6055,17,17,280.7597,187.8974,29.0354,0.5855,18,18,297.2750,208.1099,30.7318,0.5857,3,11,3
3134202,313420,Ituiutaba - MG,102217,544,544,532.2011,433.5075,431.6047,1.2604,552,552,540.0276,439.7431,457.3074,1.2071,99,371,74
3134301,313430,Itumirim - MG,6638,11,11,165.7126,126.5852,28.9218,0.3803,12,12,180.7773,137.4967,30.6370,0.3917,0,8,3
3134400,313440,Iturama - MG,38295,252,252,658.0494,670.2097,126.8978,1.9859,262,262,684.1624,696.9611,134.7486,1.9444,29,199,24
3134509,313450,Itutinga - MG,4217,6,6,142.2812,120.9795,18.5456,0.3235,6,6,142.2812,120.9795,19.6434,0.3054,2,2,2
3134608,313460,Jaboticatubas - MG,20406,48,48,235.2249,177.5824,92.1253,0.5210,48,48,235.2249,177.5824,97.5478,0.4921,11,25,12
3134707,313470,Jacinto - MG,11042,23,23,208.2956,170.9603,52.1565,0.4410,23,23,208.2956,170.9603,55.2066,0.4166,4,17,2
3134806,313480,Jacuí - MG,7495,35,35,466.9780,366.5358,33.3562,1.0493,49,49,653.7692,518.4403,35.3238,1.3872,9,21,5
3134905,313490,Jacutinga - MG,25525,83,83,325.1714,296.8014,96.9019,0.8565,89,89,348.6778,318.6304,102.7619,0.8661,17,56,10
3135001,313500,Jaguaraçu - MG,3092,11,11,355.7568,305.1782,13.0599,0.8423,12,12,388.0983,331.7510,13.8361,0.8673,4,6,1
3135050,313505,Jaíba - MG,37660,83,83,220.3930,307.2848,93.8147,0.8847,92,92,244.2910,337.9186,99.9312,0.9206,19,55,9
3135076,313507,Jampruca - MG,4296,8,8,186.2197,122.0356,20.0215,0.3996,10,10,232.7747,156.8993,21.1947,0.4718,4,2,2
3135100,313510,Janaúba - MG,70699,173,173,244.6994,264.5810,226.5926,0.7635,189,189,267.3305,288.4286,240.6980,0.7852,36,123,14
3135209,313520,Januária - MG,65150,98,98,150.4221,146.7528,236.7888,0.4139,119,119,182.6554,177.2659,251.1631,0.4738,23,62,13
3135308,313530,Japaraíba - MG,4506,9,9,199.7337,202.8341,15.4507,0.5825,9,9,199.7337,202.8341,16.3972,0.5489,2,7,0
3135357,313535,Japonvar - MG,8127,14,14,172.2653,160.5170,31.1756,0.4491,16,16,196.8746,182.2326,33.0557,0.4840,3,10,1
3135407,313540,Jeceaba - MG,6197,12,12,193.6421,157.0763,26.3320,0.4557,14,14,225.9158,184.4613,27.8955,0.5019,1,7,4
3135456,313545,Jenipapo de Minas - MG,6100,7,7,114.7541,118.2478,22.0069,0.3181,8,8,131.1475,136.3417,23.3458,0.3427,0,7,0
3135506,313550,Jequeri - MG,12419,32,32,257.6697,207.4933,55.8185,0.5733,32,32,257.6697,207.4933,59.1166,0.5413,3,21,8
3135605,313560,Jequitaí - MG,6484,16,16,246.7613,195.5715,29.3427,0.5453,17,17,262.1838,212.7762,31.0696,0.5472,4,10,2
3135704,313570,Jequitibá - MG,5883,9,9,152.9832,107.2571,26.9403,0.3341,10,10,169.9813,118.1161,28.5257,0.3506,1,8,0
3135803,313580,Jequitinhonha - MG,24007,22,22,91.6399,76.4588,105.3373,0.2089,24,24,99.9708,81.0825,111.5677,0.2151,6,14,2
3135902,313590,Jesuânia - MG,5138,11,11,214.0911,181.2943,21.4809,0.5121,12,12,233.5539,200.2906,22.7606,0.5272,5,6,0
3136009,313600,Joaíma - MG,13888,50,50,360.0230,317.2101,57.8982,0.8636,55,55,396.0253,354.4772,61.3367,0.8967,7,40,3
3136108,313610,Joanésia - MG,4329,14,14,323.4003,205.2713,25.5938,0.5470,16,16,369.6004,234.3704,27.0550,0.5914,4,10,0
3136207,313620,João Monlevade - MG,80187,286,286,356.6663,301.1835,327.2850,0.8739,290,290,361.6546,305.8357,346.8820,0.8360,47,215,24
3136306,313630,João Pinheiro - MG,46801,123,123,262.8149,273.3831,153.6522,0.8005,125,125,267.0883,278.1656,163.1626,0.7661,10,103,10
3136405,313640,Joaquim Felício - MG,3854,3,3,77.8412,53.8814,17.2781,0.1736,4,4,103.7883,72.6389,18.2953,0.2186,1,2,0
3136504,313650,Jordânia - MG,10304,19,19,184.3944,142.0985,44.2066,0.4298,19,19,184.3944,142.0985,46.8340,0.4057,5,13,1
3136520,313652,José Gonçalves de Minas - MG,3969,3,3,75.5858,85.1299,12.8884,0.2328,3,3,75.5858,85.1299,13.6851,0.2192,0,1,2
3136553,313655,José Raydan - MG,4268,5,5,117.1509,87.5139,19.0998,0.2618,6,6,140.5811,104.4292,20.2260,0.2966,1,4,0
3136579,313657,Josenópolis - MG,3630,3,3,82.6446,83.7393,12.1827,0.2463,3,3,82.6446,83.7393,12.9304,0.2320,2,0,1
3136603,313660,Nova União - MG,5909,13,13,220.0034,194.7265,24.1054,0.5393,14,14,236.9267,208.6774,25.5433,0.5481,0,9,4
3136652,313665,Juatuba - MG,30716,83,83,270.2175,297.9169,95.3160,0.8708,86,86,279.9844,308.9798,101.2657,0.8493,24,50,9
3136702,313670,Juiz de Fora - MG,540756,2206,2206,407.9474,331.5520,2286.8880,0.9646,2510,2510,464.1650,378.5230,2423.3887,1.0357,517,1452,237
3136801,313680,Juramento - MG,3768,6,6,159.2357,142.3624,14.6641,0.4092,7,7,185.7749,165.3334,15.5438,0.4503,1,3,2
3136900,313690,Juruaia - MG,11084,28,28,252.6164,247.5123,39.1851,0.7146,33,33,297.7265,291.3037,41.5890,0.7935,8,14,6
3136959,313695,Juvenília - MG,5789,11,11,190.0155,190.8494,20.1296,0.5465,14,14,241.8380,244.8946,21.3579,0.6555,7,4,0
3137007,313700,Ladainha - MG,14383,14,14,97.3371,97.1088,54.1327,0.2586,20,20,139.0530,133.8869,57.3895,0.3485,2,8,4
3137106,313710,Lagamar - MG,6631,19,19,286.5330,192.2994,33.6779,0.5642,21,21,316.6943,213.4213,35.6267,0.5894,1,17,1
3137205,313720,Lagoa da Prata - MG,51412,196,196,381.2340,378.5546,179.6231,1.0912,210,210,408.4649,405.4616,190.6555,1.1015,27,142,27
3137304,313730,Lagoa dos Patos - MG,3313,3,3,90.5524,77.6125,12.7255,0.2357,3,3,90.5524,77.6125,13.4908,0.2224,0,2,1
3137403,313740,Lagoa Dourada - MG,12769,15,15,117.4720,113.6334,45.7907,0.3276,21,21,164.4608,158.0584,48.5822,0.4323,2,11,2
3137502,313750,Lagoa Formosa - MG,18904,90,90,476.0897,390.7648,79.4350,1.1330,96,96,507.8290,417.1455,84.1657,1.1406,24,59,7
3137536,313753,Lagoa Grande - MG,8969,31,31,345.6350,335.8606,31.3646,0.9884,32,32,356.7845,347.1294,33.2835,0.9614,1,27,3
3137601,313760,Lagoa Santa - MG,75145,206,206,274.1367,267.7875,265.8563,0.7749,214,214,284.7828,278.2140,282.1321,0.7585,31,163,12
3137700,313770,Lajinha - MG,20835,70,70,335.9731,324.1996,74.4270,0.9405,73,73,350.3720,338.7168,78.9674,0.9244,30,36,4
3137809,313780,Lambari - MG,20414,68,68,333.1047,267.6251,89.5497,0.7594,69,69,338.0033,272.1140,94.8496,0.7275,9,51,8
3137908,313790,Lamim - MG,3184,8,8,251.2563,162.2161,15.2950,0.5230,8,8,251.2563,162.2161,16.1872,0.4942,0,4,4
3138005,313800,Laranjal - MG,5963,30,30,503.1025,313.8218,31.0519,0.9661,34,34,570.1828,352.0989,32.8499,1.0350,9,19,2
3138104,313810,Lassance - MG,7124,8,8,112.2965,94.0724,28.0479,0.2852,8,8,112.2965,94.0724,29.7326,0.2691,1,6,1
3138203,313820,Lavras - MG,104761,223,223,212.8655,196.8504,392.2560,0.5685,226,226,215.7291,199.4750,416.1050,0.5431,38,145,40
3138302,313830,Leandro Ferreira - MG,3199,7,7,218.8184,179.1135,14.1985,0.4930,8,8,250.0781,206.6343,15.0384,0.5320,2,5,0
3138351,313835,Leme do Prado - MG,4341,3,3,69.1085,77.3390,15.3616,0.1953,4,4,92.1447,97.8725,16.2971,0.2454,0,2,1
3138401,313840,Leopoldina - MG,51145,216,216,422.3287,322.8989,229.2440,0.9422,230,230,449.7018,343.4424,242.7691,0.9474,54,126,36
3138500,313850,Liberdade - MG,4737,12,12,253.3249,179.3127,24.6006,0.4878,12,12,253.3249,179.3127,26.0230,0.4611,2,9,1
3138609,313860,Lima Duarte - MG,17221,60,60,348.4118,278.6443,76.5091,0.7842,66,66,383.2530,307.9995,81.0276,0.8145,19,35,6
3138625,313862,Limeira do Oeste - MG,8687,38,38,437.4352,452.8626,28.4585,1.3353,40,40,460.4582,477.3667,30.2228,1.3235,6,32,0
3138658,313865,Lontra - MG,8790,19,19,216.1547,195.2715,33.3875,0.5691,21,21,238.9078,219.2393,35.4059,0.5931,5,13,1
3138674,313867,Luisburgo - MG,6956,22,22,316.2737,316.2974,23.8679,0.9217,23,23,330.6498,332.4573,25.3338,0.9079,8,12,2
3138682,313868,Luislândia - MG,6210,12,12,193.2367,191.2875,21.5021,0.5581,13,13,209.3398,208.6558,22.8159,0.5698,3,8,1
3138708,313870,Luminárias - MG,5586,15,15,268.5285,222.3971,23.3337,0.6428,16,16,286.4304,237.1175,24.7230,0.6472,4,8,3
3138807,313880,Luz - MG,17875,64,64,358.0420,283.2701,79.5369,0.8047,68,68,380.4196,301.8764,84.2450,0.8072,9,42,13
3138906,313890,Machacalis - MG,6487,17,17,262.0626,178.8785,29.7914,0.5706,18,18,277.4780,191.3894,31.5445,0.5706,4,12,1
3139003,313900,Machado - MG,37684,124,124,329.0521,304.1656,144.0502,0.8608,129,129,342.3203,316.0194,152.7511,0.8445,6,94,24
3139102,313910,Madre de Deus de Minas - MG,5191,18,18,346.7540,288.2004,21.2050,0.8489,20,20,385.2822,319.9095,22.4729,0.8900,0,14,4
3139201,313920,Malacacheta - MG,17516,31,31,176.9810,147.4637,73.8435,0.4198,34,34,194.1082,162.5933,78.2373,0.4346,3,27,1
3139250,313925,Mamonas - MG,5997,17,17,283.4751,187.4931,32.9208,0.5164,17,17,283.4751,187.4931,34.8172,0.4883,1,14,2
3139300,313930,Manga - MG,18886,49,49,259.4514,250.9993,66.1380,0.7409,53,53,280.6312,273.6611,70.1728,0.7553,15,30,4
3139409,313940,Manhuaçu - MG,91886,271,271,294.9307,314.2368,298.4458,0.9080,275,275,299.2839,318.8619,316.9688,0.8676,67,178,26
3139508,313950,Manhumirim - MG,20613,75,75,363.8481,310.1153,80.8921,0.9272,76,76,368.6994,314.3309,85.7512,0.8863,20,44,11
3139607,313960,Mantena - MG,26535,111,111,418.3154,333.5228,115.4808,0.9612,121,121,456.0015,364.4106,122.3150,0.9892,25,73,13
3139706,313970,Maravilhas - MG,7333,16,16,218.1917,207.9718,27.0218,0.5921,16,16,218.1917,207.9718,28.6627,0.5582,3,10,3
3139805,313980,Mar de Espanha - MG,12721,47,47,369.4678,308.5430,53.4140,0.8799,55,55,432.3559,358.9861,56.6019,0.9717,11,33,3
3139904,313990,Maria da Fé - MG,14247,52,52,364.9891,329.2854,55.2345,0.9414,56,56,393.0652,353.4892,58.5563,0.9563,10,36,6
3140001,314000,Mariana - MG,61387,115,115,187.3361,203.9685,195.6899,0.5877,132,132,215.0292,232.9566,207.8925,0.6349,31,74,10
3140100,314010,Marilac - MG,4224,16,16,378.7879,343.9543,17.6560,0.9062,17,17,402.4621,367.8148,18.7083,0.9087,4,11,1
3140159,314015,Mário Campos - MG,15900,60,60,377.3585,454.3371,46.6763,1.2854,62,62,389.9371,469.6193,49.6249,1.2494,11,44,5
3140209,314020,Maripá de Minas - MG,3387,12,12,354.2958,315.4601,15.7506,0.7619,16,16,472.3944,404.0827,16.6759,0.9595,2,8,2
3140308,314030,Marliéria - MG,4592,18,18,391.9861,295.2888,20.7547,0.8673,19,19,413.7631,311.3152,21.9743,0.8646,4,10,4
3140407,314040,Marmelópolis - MG,3200,10,10,312.5000,274.7449,13.1205,0.7622,12,12,375.0000,327.4698,13.9037,0.8631,1,5,4
3140506,314050,Martinho Campos - MG,14003,45,45,321.3597,258.6481,58.6390,0.7674,45,45,321.3597,258.6481,62.1319,0.7243,7,26,12
3140530,314053,Martins Soares - MG,8396,22,22,262.0295,264.3737,28.8929,0.7614,22,22,262.0295,264.3737,30.6642,0.7174,7,13,2
3140555,314055,Mata Verde - MG,9112,10,10,109.7454,95.9334,34.7628,0.2877,10,10,109.7454,95.9334,36.8656,0.2713,4,4,2
3140605,314060,Materlândia - MG,3963,6,6,151.4005,93.1648,19.0291,0.3153,6,6,151.4005,93.1648,20.1408,0.2979,3,2,1
3140704,314070,Mateus Leme - MG,37841,93,93,245.7652,249.5424,128.6864,0.7227,96,96,253.6931,257.5274,136.6031,0.7028,20,66,7
3140803,314080,Matias Barbosa - MG,14121,61,61,431.9807,339.8794,61.7244,0.9883,68,68,481.5523,377.3496,65.3813,1.0401,8,50,3
3140852,314085,Matias Cardoso - MG,8895,16,16,179.8763,203.2237,26.9843,0.5929,20,20,224.8454,253.6192,28.6676,0.6977,5,8,3
3140902,314090,Matipó - MG,18552,52,52,280.2932,294.5238,60.6668,0.8571,57,57,307.2445,322.5161,64.4159,0.8849,11,32,9
3141009,314100,Mato Verde - MG,12038,36,36,299.0530,241.3670,51.2486,0.7025,44,44,365.5092,296.6922,54.2960,0.8104,7,25,4
3141108,314110,Matozinhos - MG,37618,125,125,332.2877,329.0043,130.4792,0.9580,134,134,356.2125,352.8053,138.4766,0.9677,14,103,8
3141207,314120,Matutina - MG,3814,7,7,183.5343,97.8560,20.8201,0.3362,7,7,183.5343,97.8560,22.0214,0.3179,4,3,0
3141306,314130,Medeiros - MG,3900,3,3,76.9231,72.5519,13.9551,0.2150,4,4,102.5641,95.6556,14.8076,0.2701,1,1,1
3141405,314140,Medina - MG,20156,43,43,213.3360,164.9277,88.8165,0.4841,49,49,243.1038,185.5358,94.0689,0.5209,12,21,10
3141504,314150,Mendes Pimentel - MG,5606,14,14,249.7324,165.5708,29.1027,0.4811,15,15,267.5705,178.5420,30.7856,0.4872,3,8,3
3141603,314160,Mercês - MG,10373,30,30,289.2124,212.2875,48.6384,0.6168,31,31,298.8528,222.9540,51.4934,0.6020,10,19,1
3141702,314170,Mesquita - MG,5040,11,11,218.2540,154.1592,25.1120,0.4380,12,12,238.0952,165.5667,26.5716,0.4516,2,7,2
3141801,314180,Minas Novas - MG,24405,28,28,114.7306,115.1598,84.4961,0.3314,33,33,135.2182,135.1619,89.6669,0.3680,5,21,2
3141900,314190,Minduri - MG,3741,11,11,294.0390,256.0257,16.1897,0.6794,11,11,294.0390,256.0257,17.1470,0.6415,0,10,1
3142007,314200,Mirabela - MG,13651,36,36,263.7169,231.5927,53.9539,0.6672,39,39,285.6934,253.0069,57.2036,0.6818,7,19,10
3142106,314210,Miradouro - MG,8968,28,28,312.2212,258.9461,39.0046,0.7179,30,30,334.5227,275.8573,41.3158,0.7261,8,17,3
3142205,314220,Miraí - MG,13633,31,31,227.3894,188.9140,57.5885,0.5383,32,32,234.7246,194.9445,61.0166,0.5244,9,18,4
3142254,314225,Miravânia - MG,3985,3,3,75.2823,58.5711,15.8782,0.1889,4,4,100.3764,85.3304,16.8265,0.2377,1,1,1
3142304,314230,Moeda - MG,5125,16,16,312.1951,194.2566,24.6375,0.6494,17,17,331.7073,207.9850,26.0797,0.6518,1,10,5
3142403,314240,Moema - MG,7548,16,16,211.9767,177.8076,30.2851,0.5283,18,18,238.4738,198.8576,32.1012,0.5607,2,14,0
3142502,314250,Monjolos - MG,2169,3,3,138.3126,120.8587,10.6426,0.2819,3,3,138.3126,120.8587,11.2628,0.2664,0,2,1
3142601,314260,Monsenhor Paulo - MG,8340,17,17,203.8369,179.5002,34.1739,0.4975,18,18,215.8273,193.3533,36.2136,0.4971,0,17,0
3142700,314270,Montalvânia - MG,14060,25,25,177.8094,144.1754,58.7873,0.4253,34,34,241.8208,194.3076,62.2814,0.5459,5,18,2
3142809,314280,Monte Alegre de Minas - MG,20170,57,57,282.5979,231.8432,86.8777,0.6561,62,62,307.3872,252.9097,92.0291,0.6737,11,38,8
3142908,314290,Monte Azul - MG,20328,59,59,290.2401,210.0939,96.2328,0.6131,64,64,314.8367,227.3002,101.8774,0.6282,21,34,4
3143005,314300,Monte Belo - MG,13046,46,46,352.5985,282.7431,56.6600,0.8119,49,49,375.5941,302.6519,60.0245,0.8163,6,34,6
3143104,314310,Monte Carmelo - MG,47692,199,199,417.2608,400.6385,171.3190,1.1616,207,207,434.0351,416.7846,181.7573,1.1389,14,164,21
3143153,314315,Monte Formoso - MG,4381,8,8,182.6067,169.1305,16.6770,0.4797,8,8,182.6067,169.1305,17.6789,0.4525,1,6,1
3143203,314320,Monte Santo de Minas - MG,20890,57,57,272.8578,205.1753,94.6329,0.6023,71,71,339.8755,252.1136,100.2184,0.7085,8,37,12
3143302,314330,Montes Claros - MG,414240,1209,1209,291.8598,321.4389,1300.3189,0.9298,1301,1301,314.0691,345.4266,1381.7094,0.9416,268,842,99
3143401,314340,Monte Sião - MG,24089,54,54,224.1687,206.6742,90.0828,0.5994,63,63,261.5302,242.3741,95.5468,0.6594,8,39,7
3143450,314345,Montezuma - MG,6888,10,10,145.1800,125.7118,26.5664,0.3764,11,11,159.6980,139.0060,28.1634,0.3906,2,7,1
3143500,314350,Morada Nova de Minas - MG,9067,8,8,88.2321,82.3048,36.0356,0.2220,9,9,99.2611,91.4576,38.1965,0.2356,0,7,1
3143609,314360,Morro da Garça - MG,2411,9,9,373.2891,282.1891,10.4926,0.8578,10,10,414.7657,318.9427,11.1138,0.8998,1,7,1
3143708,314370,Morro do Pilar - MG,3133,4,4,127.6732,85.0411,15.4965,0.2581,4,4,127.6732,85.0411,16.4010,0.2439,0,4,0
3143807,314380,Munhoz - MG,7451,20,20,268.4203,252.0133,26.6683,0.7500,23,23,308.6834,292.4662,28.2904,0.8130,9,10,1
3143906,314390,Muriaé - MG,104108,410,410,393.8218,339.5958,415.2737,0.9873,455,455,437.0461,377.6322,440.2382,1.0335,127,241,42
3144003,314400,Mutum - MG,27635,59,59,213.4974,178.4962,111.6140,0.5286,62,62,224.3532,188.2265,118.2927,0.5241,10,43,6
3144102,314410,Muzambinho - MG,21891,57,57,260.3810,209.2299,95.1668,0.5989,58,58,264.9491,212.6942,100.8103,0.5753,4,36,17
3144201,314420,Nacip Raydan - MG,2459,9,9,366.0024,267.3457,12.6439,0.7118,9,9,366.0024,267.3457,13.3771,0.6728,6,3,0
3144300,314430,Nanuque - MG,35038,145,145,413.8364,333.1786,151.2896,0.9584,158,158,450.9390,362.6519,160.2573,0.9859,61,74,10
3144359,314435,Naque - MG,6303,27,27,428.3674,424.3049,21.9076,1.2324,29,29,460.0984,457.6563,23.2500,1.2473,8,19,0
3144375,314437,Natalândia - MG,3520,8,8,227.2727,227.0697,11.7729,0.6795,8,8,227.2727,227.0697,12.4985,0.6401,0,7,1
3144409,314440,Natércia - MG,4691,11,11,234.4916,130.6698,25.2270,0.4360,11,11,234.4916,130.6698,26.6823,0.4123,0,7,4
3144508,314450,Nazareno - MG,8179,14,14,171.1701,145.8944,33.5665,0.4171,14,14,171.1701,145.8944,35.5722,0.3936,2,8,4
3144607,314460,Nepomuceno - MG,25018,54,54,215.8446,178.8561,105.9546,0.5097,55,55,219.8417,181.8556,112.2515,0.4900,7,38,9
3144656,314465,Ninheira - MG,10588,12,12,113.3359,98.2745,40.1241,0.2991,12,12,113.3359,98.2745,42.5540,0.2820,0,9,3
3144672,314467,Nova Belém - MG,3151,20,20,634.7191,569.3032,12.7729,1.5658,21,21,666.4551,616.0365,13.5329,1.5518,4,16,0
3144706,314470,Nova Era - MG,17438,60,60,344.0762,280.6490,72.7755,0.8245,63,63,361.2800,293.4927,77.1067,0.8170,10,42,8
3144805,314480,Nova Lima - MG,111697,277,277,247.9923,245.4617,395.2848,0.7008,286,286,256.0498,253.2305,419.4421,0.6819,66,177,34
3144904,314490,Nova Módica - MG,3663,18,18,491.4005,350.1483,16.9125,1.0643,20,20,546.0005,404.2881,17.9060,1.1169,2,16,0
3145000,314500,Nova Ponte - MG,14598,28,28,191.8071,248.3068,41.5205,0.6744,34,34,232.9086,292.3682,44.1544,0.7700,8,18,2
3145059,314505,Nova Porteirinha - MG,6706,15,15,223.6803,231.8396,22.8159,0.6574,17,17,253.5043,264.8145,24.2191,0.7019,2,11,2
3145109,314510,Nova Resende - MG,16387,37,37,225.7887,224.3030,59.4196,0.6227,39,39,237.9935,235.2630,63.0319,0.6187,4,29,4
3145208,314520,Nova Serrana - MG,105552,245,245,232.1131,446.7884,206.8666,1.1843,278,278,263.3773,504.1428,221.3383,1.2560,54,168,23
3145307,314530,Novo Cruzeiro - MG,26975,35,35,129.7498,122.1020,100.5293,0.3482,40,40,148.2854,139.5383,106.5980,0.3752,14,21,0
3145356,314535,Novo Oriente de Minas - MG,10275,31,31,301.7032,262.3386,44.7540,0.6927,35,35,340.6326,295.5889,47.4040,0.7383,8,19,4
3145372,314537,Novorizonte - MG,4571,6,6,131.2623,78.1878,21.7472,0.2759,6,6,131.2623,78.1878,23.0209,0.2606,2,2,2
3145406,314540,Olaria - MG,1945,4,4,205.6555,147.5494,9.0252,0.4432,5,5,257.0694,186.7236,9.5533,0.5234,0,4,0
3145455,314545,Olhos-d'Água - MG,5385,3,3,55.7103,61.3483,16.4349,0.1825,4,4,74.2804,80.5513,17.4624,0.2291,0,2,1
3145505,314550,Olímpio Noronha - MG,2555,7,7,273.9726,212.3895,11.6837,0.5991,7,7,273.9726,212.3895,12.3690,0.5659,1,5,1
3145604,314560,Oliveira - MG,39262,84,84,213.9473,169.1758,171.1174,0.4909,86,86,219.0413,173.8346,181.2734,0.4744,10,67,7
3145703,314570,Oliveira Fortes - MG,2027,6,6,296.0039,206.6032,9.1287,0.6573,8,8,394.6719,273.6458,9.6653,0.8277,0,4,2
3145802,314580,Onça de Pitangui - MG,2969,8,8,269.4510,227.9596,12.5709,0.6364,8,8,269.4510,227.9596,13.3164,0.6008,1,7,0
3145851,314585,Oratórios - MG,4917,16,16,325.4017,302.4853,18.7398,0.8538,16,16,325.4017,302.4853,19.8700,0.8052,2,12,2
3145877,314587,Orizânia - MG,8437,20,20,237.0511,245.6445,28.5841,0.6997,22,22,260.7562,270.9504,30.3401,0.7251,9,8,3
3145901,314590,Ouro Branco - MG,38724,63,63,162.6898,184.0221,124.7107,0.5052,70,70,180.7664,205.1640,132.4648,0.5284,8,45,10
3146008,314600,Ouro Fino - MG,32094,80,80,249.2678,189.9349,144.9202,0.5520,91,91,283.5421,217.1893,153.4685,0.5930,8,65,7
3146107,314610,Ouro Preto - MG,74821,162,162,216.5168,192.8067,287.2713,0.5639,181,181,241.9107,215.5549,304.6469,0.5941,53,96,13
3146206,314620,Ouro Verde de Minas - MG,5757,7,7,121.5911,107.9179,23.6123,0.2965,12,12,208.4419,180.1909,25.0208,0.4796,4,2,1
3146255,314625,Padre Carvalho - MG,5058,7,7,138.3946,153.9814,15.2677,0.4585,7,7,138.3946,153.9814,16.2205,0.4316,2,5,0
3146305,314630,Padre Paraíso - MG,17334,30,30,173.0703,152.6067,68.0214,0.4410,36,36,207.6843,184.5426,72.1086,0.4992,10,18,2
3146404,314640,Paineiras - MG,4224,8,8,189.3939,122.3254,23.8262,0.3358,8,8,189.3939,122.3254,25.1923,0.3176,0,7,1
3146503,314650,Pains - MG,8142,28,28,343.8958,269.7398,36.1533,0.7745,29,29,356.1778,278.5974,38.2942,0.7573,3,22,3
3146552,314655,Pai Pedro - MG,5551,8,8,144.1182,142.6688,21.2060,0.3773,9,9,162.1329,156.8744,22.4829,0.4003,2,5,1
3146602,314660,Paiva - MG,1474,5,5,339.2130,272.2439,8.1429,0.6140,5,5,339.2130,272.2439,8.6117,0.5806,1,2,2
3146701,314670,Palma - MG,5707,16,16,280.3575,205.9450,28.5654,0.5601,19,19,332.9245,248.0245,30.2281,0.6286,5,9,2
3146750,314675,Palmópolis - MG,6301,18,18,285.6689,208.4946,28.7113,0.6269,20,20,317.4099,228.9560,30.4028,0.6578,5,8,5
3146909,314690,Papagaios - MG,13920,49,49,352.0115,383.2458,44.4094,1.1034,52,52,373.5632,407.1856,47.1693,1.1024,2,43,4
3147006,314700,Paracatu - MG,94023,293,293,311.6259,370.4421,271.7555,1.0782,317,317,337.1515,399.3143,289.0224,1.0968,48,222,23
3147105,314710,Pará de Minas - MG,97139,302,302,310.8947,305.2426,341.0112,0.8856,327,327,336.6310,330.6789,361.9534,0.9034,33,250,19
3147204,314720,Paraguaçu - MG,21723,60,60,276.2049,228.9472,93.1217,0.6443,63,63,290.0152,240.7338,98.6636,0.6385,7,41,12
3147303,314730,Paraisópolis - MG,20445,75,75,366.8379,301.8191,85.4275,0.8779,83,83,405.9672,334.8746,90.5213,0.9169,19,44,12
3147402,314740,Paraopeba - MG,24107,54,54,224.0013,223.5989,84.0031,0.6428,59,59,244.7422,244.0960,89.1516,0.6618,12,33,9
3147501,314750,Passabém - MG,1600,6,6,375.0000,271.2496,9.6556,0.6214,6,6,375.0000,271.2496,10.2075,0.5878,2,4,0
3147600,314760,Passa Quatro - MG,15515,44,44,283.5965,243.9690,62.9759,0.6987,45,45,290.0419,248.6530,66.7378,0.6743,10,26,8
3147709,314770,Passa Tempo - MG,8473,18,18,212.4395,151.9877,41.4436,0.4343,19,19,224.2417,165.3724,43.8661,0.4331,3,14,1
3147808,314780,Passa Vinte - MG,2233,7,7,313.4796,211.4409,10.6310,0.6585,7,7,313.4796,211.4409,11.2525,0.6221,1,6,0
3147907,314790,Passos - MG,111939,383,383,342.1506,309.5241,429.4795,0.8918,394,394,351.9774,318.4963,455.4167,0.8651,29,284,70
3147956,314795,Patis - MG,4837,14,14,289.4356,281.6082,18.7705,0.7459,15,15,310.1096,299.3931,19.8976,0.7539,2,9,3
3148004,314800,Patos de Minas - MG,159235,584,584,366.7535,340.8284,593.1933,0.9845,629,629,395.0137,366.9362,629.2604,0.9996,88,434,62
3148103,314810,Patrocínio - MG,89826,253,253,281.6556,284.9474,307.4606,0.8229,268,268,298.3546,301.8492,326.3897,0.8211,46,192,15
3148202,314820,Patrocínio do Muriaé - MG,5576,21,21,376.6141,279.6698,26.7276,0.7857,24,24,430.4161,312.6652,28.2931,0.8483,6,15,0
3148301,314830,Paula Cândido - MG,8659,13,13,150.1328,112.8551,38.8071,0.3350,14,14,161.6815,119.9135,41.0984,0.3406,1,9,3
3148400,314840,Paulistas - MG,4389,5,5,113.9212,68.9271,20.6509,0.2421,5,5,113.9212,68.9271,21.8606,0.2287,0,4,1
3148509,314850,Pavão - MG,8047,12,12,149.1239,103.4865,37.3117,0.3216,13,13,161.5509,116.0957,39.5040,0.3291,2,8,2
3148608,314860,Peçanha - MG,17446,25,25,143.2993,117.4375,71.1023,0.3516,25,25,143.2993,117.4375,75.3644,0.3317,4,17,4
3148707,314870,Pedra Azul - MG,24410,74,74,303.1544,275.5092,93.2436,0.7936,79,79,323.6379,294.4757,98.8758,0.7990,27,37,10
3148756,314875,Pedra Bonita - MG,7320,13,13,177.5956,213.1154,21.7450,0.5978,16,16,218.5792,264.0632,23.1113,0.6923,6,6,1
3148806,314880,Pedra do Anta - MG,3311,5,5,151.0118,100.3550,18.0787,0.2766,8,8,241.6188,151.2832,19.1206,0.4184,0,3,2
3148905,314890,Pedra do Indaiá - MG,4112,8,8,194.5525,139.5946,19.1577,0.4176,9,9,218.8716,154.9598,20.2827,0.4437,3,4,1
3149002,314900,Pedra Dourada - MG,2757,5,5,181.3565,172.1429,10.1726,0.4915,5,5,181.3565,172.1429,10.7885,0.4635,0,3,2
3149101,314910,Pedralva - MG,10760,21,21,195.1673,149.5357,47.8501,0.4389,23,23,213.7546,163.2888,50.6716,0.4539,3,13,5
3149150,314915,Pedras de Maria da Cruz - MG,10433,18,18,172.5295,172.0156,36.5175,0.4929,22,22,210.8694,210.2343,38.7450,0.5678,3,11,4
3149200,314920,Pedrinópolis - MG,3344,11,11,328.9474,293.4029,13.5907,0.8094,11,11,328.9474,293.4029,14.4001,0.7639,1,8,2
3149309,314930,Pedro Leopoldo - MG,62580,216,216,345.1582,308.5957,242.0221,0.8925,225,225,359.5398,321.9779,256.6290,0.8768,30,174,12
3149408,314940,Pedro Teixeira - MG,1810,0,0,0.0000,0.0000,7.9474,0.0000,1,1,55.2486,74.4769,8.4168,0.1188,0,0,0
3149507,314950,Pequeri - MG,3351,13,13,387.9439,357.4595,13.8028,0.9418,14,14,417.7857,387.9569,14.6259,0.9572,3,9,1
3149606,314960,Pequi - MG,4155,13,13,312.8761,265.6643,18.5154,0.7021,14,14,336.9434,282.1511,19.6071,0.7140,2,10,1
3149705,314970,Perdigão - MG,12268,24,24,195.6309,222.1012,37.3321,0.6429,24,24,195.6309,222.1012,39.6824,0.6048,8,12,4
3149804,314980,Perdizes - MG,17151,28,28,163.2558,196.6258,49.3336,0.5676,30,30,174.9169,212.6967,52.4587,0.5719,6,19,3
3149903,314990,Perdões - MG,21384,46,46,215.1141,175.6904,92.3445,0.4981,46,46,215.1141,175.6904,97.8335,0.4702,4,31,11
3149952,314995,Periquito - MG,6553,30,30,457.8056,407.3346,24.8973,1.2050,31,31,473.0658,423.3681,26.3938,1.1745,13,15,2
3150000,315000,Pescador - MG,3570,13,13,364.1457,240.7577,17.5016,0.7428,16,16,448.1793,291.5011,18.5205,0.8639,4,9,0
3150109,315010,Piau - MG,2796,14,14,500.7153,336.7500,14.9940,0.9337,16,16,572.2461,375.1195,15.8589,1.0089,1,12,1
3150158,315015,Piedade de Caratinga - MG,8529,24,24,281.3929,295.5736,28.3096,0.8478,24,24,281.3929,295.5736,30.0529,0.7986,6,16,2
3150208,315020,Piedade de Ponte Nova - MG,3976,12,12,301.8109,265.7587,15.3278,0.7829,12,12,301.8109,265.7587,16.2527,0.7383,2,8,2
3150307,315030,Piedade do Rio Grande - MG,4604,11,11,238.9227,166.7839,23.4135,0.4698,15,15,325.8036,234.8448,24.7730,0.6055,2,6,3
3150406,315040,Piedade dos Gerais - MG,5019,11,11,219.1672,166.7654,23.6445,0.4652,11,11,219.1672,166.7654,25.0283,0.4395,5,1,5
3150505,315050,Pimenta - MG,8563,22,22,256.9193,215.6014,35.2999,0.6232,23,23,268.5975,225.6400,37.4067,0.6149,3,18,1
3150539,315053,Pingo-d'Água - MG,4706,14,14,297.4926,256.0466,18.0663,0.7749,15,15,318.7420,274.0768,19.1510,0.7833,4,9,1
3150570,315057,Pintópolis - MG,7084,6,6,84.6979,86.2256,27.2037,0.2206,6,6,84.6979,86.2256,28.8387,0.2081,2,3,1
3150604,315060,Piracema - MG,6700,30,30,447.7612,332.6301,30.7985,0.9741,31,31,462.6866,342.9827,32.6101,0.9506,3,22,5
3150703,315070,Pirajuba - MG,5537,25,25,451.5080,492.9269,17.6492,1.4165,27,27,487.6287,527.7911,18.7490,1.4401,2,21,2
3150802,315080,Piranga - MG,17018,35,35,205.6646,160.8502,74.4165,0.4703,37,37,217.4169,168.9820,78.8218,0.4694,9,23,3
3150901,315090,Piranguçu - MG,6041,19,19,314.5175,267.4606,25.8468,0.7351,21,21,347.6246,293.5230,27.3778,0.7670,2,13,4
3151008,315100,Piranguinho - MG,9120,49,49,537.2807,470.6644,35.7939,1.3689,53,53,581.1404,509.0524,37.9465,1.3967,7,41,1
3151107,315110,Pirapetinga - MG,11077,39,39,352.0809,302.2658,44.5062,0.8763,44,44,397.2195,342.3240,47.1728,0.9327,7,27,5
3151206,315120,Pirapora - MG,55606,109,109,196.0220,203.2001,185.6895,0.5870,129,129,231.9894,239.6451,197.1311,0.6544,27,64,18
3151305,315130,Piraúba - MG,11610,41,41,353.1438,255.2107,52.5115,0.7808,42,42,361.7571,261.6963,55.6071,0.7553,9,28,4
3151404,315140,Pitangui - MG,26685,105,105,393.4795,371.7711,98.3145,1.0680,113,113,423.4589,400.4983,104.2876,1.0835,10,82,13
3151503,315150,Piumhi - MG,36062,133,133,368.8093,318.9140,144.9732,0.9174,142,142,393.7663,339.9231,153.6876,0.9240,12,99,22
3151602,315160,Planura - MG,11145,51,51,457.6043,466.7264,37.3128,1.3668,54,54,484.5222,493.9918,39.6093,1.3633,7,41,3
3151701,315170,Poço Fundo - MG,16390,26,26,158.6333,127.3664,74.5362,0.3488,27,27,164.7346,131.3455,78.9243,0.3421,4,10,12
3151800,315180,Poços de Caldas - MG,163742,559,559,341.3907,287.8984,678.0076,0.8245,616,616,376.2016,317.5844,718.5723,0.8573,82,384,93
3151909,315190,Pocrane - MG,8350,14,14,167.6647,105.7471,44.1406,0.3172,14,14,167.6647,105.7471,46.6942,0.2998,3,7,4
3152006,315200,Pompéu - MG,31047,101,101,325.3132,316.9852,109.5969,0.9216,106,106,341.4179,332.2433,116.2982,0.9114,11,75,15
3152105,315210,Ponte Nova - MG,57776,223,223,385.9734,315.2819,241.5738,0.9231,224,224,387.7042,316.9110,255.9937,0.8750,47,159,17
3152131,315213,Ponto Chique - MG,3747,18,18,480.3843,483.5241,12.8242,1.4036,19,19,507.0723,508.6206,13.6109,1.3959,2,14,2
3152170,315217,Ponto dos Volantes - MG,10883,27,27,248.0934,211.1996,45.2300,0.5969,29,29,266.4706,231.6834,47.9157,0.6052,4,19,4
3152204,315220,Porteirinha - MG,37438,86,86,229.7131,198.5044,149.3889,0.5757,90,90,240.3975,207.8048,158.3584,0.5683,25,52,9
3152303,315230,Porto Firme - MG,10569,17,17,160.8478,114.2477,49.0915,0.3463,18,18,170.3094,122.4564,51.9759,0.3463,7,8,2
3152402,315240,Poté - MG,13666,21,21,153.6660,116.5660,64.2835,0.3267,24,24,175.6183,131.5963,68.0466,0.3527,7,13,1
3152501,315250,Pouso Alegre - MG,152217,524,524,344.2454,340.4837,533.8632,0.9815,592,592,388.9185,384.8674,566.6872,1.0447,73,395,56
3152600,315260,Pouso Alto - MG,6566,25,25,380.7493,274.5188,30.2703,0.8259,27,27,411.2093,304.5332,32.0509,0.8424,2,21,2
3152709,315270,Prados - MG,9048,22,22,243.1477,216.0684,36.1106,0.6092,25,25,276.3042,249.4934,38.2734,0.6532,3,16,3
3152808,315280,Prata - MG,28342,104,104,366.9466,363.9528,99.1685,1.0487,114,114,402.2299,398.8740,105.2359,1.0833,22,74,8
3152907,315290,Pratápolis - MG,8406,32,32,380.6805,282.1822,42.8577,0.7467,38,38,452.0581,331.5071,45.3451,0.8380,7,18,7
3153004,315300,Pratinha - MG,3559,5,5,140.4889,128.5682,14.2620,0.3506,5,5,140.4889,128.5682,15.1161,0.3308,1,2,2
3153103,315310,Presidente Bernardes - MG,4850,13,13,268.0412,184.0485,24.7325,0.5256,15,15,309.2784,218.4617,26.1652,0.5733,0,12,1
3153202,315320,Presidente Juscelino - MG,3465,6,6,173.1602,126.7257,16.6212,0.3610,7,7,202.0202,143.7083,17.5933,0.3979,1,3,2
3153301,315330,Presidente Kubitschek - MG,3071,4,4,130.2507,106.9044,11.4260,0.3501,8,8,260.5015,243.5319,12.1174,0.6602,1,3,0
3153400,315340,Presidente Olegário - MG,18765,42,42,223.8209,192.1030,75.6100,0.5555,44,44,234.4791,200.8364,80.1323,0.5491,9,31,2
3153509,315350,Alto Jequitibá - MG,8397,19,19,226.2713,178.1494,35.5270,0.5348,21,21,250.0893,198.1463,37.6406,0.5579,9,7,3
3153608,315360,Prudente de Morais - MG,11466,29,29,252.9217,269.2407,36.4715,0.7951,30,30,261.6431,277.8849,38.7446,0.7743,2,23,4
3153707,315370,Quartel Geral - MG,3179,7,7,220.1950,143.3531,15.4690,0.4525,7,7,220.1950,143.3531,16.3713,0.4276,0,5,2
3153806,315380,Queluzito - MG,1770,5,5,282.4859,182.0287,8.8441,0.5653,5,5,282.4859,182.0287,9.3576,0.5343,4,1,0
3153905,315390,Raposos - MG,16279,51,51,313.2871,314.6046,56.2781,0.9062,53,53,325.5728,325.9445,59.7285,0.8873,13,32,6
3154002,315400,Raul Soares - MG,23423,67,67,286.0436,200.5263,113.5793,0.5899,68,68,290.3129,202.8382,120.2148,0.5657,10,51,6
3154101,315410,Recreio - MG,11007,27,27,245.2984,159.7729,57.7864,0.4672,32,32,290.7241,193.1447,61.1349,0.5234,5,14,8
3154150,315415,Reduto - MG,7848,16,16,203.8736,213.8824,25.8315,0.6194,17,17,216.6157,227.4074,27.4304,0.6198,2,12,2
3154200,315420,Resende Costa - MG,11230,21,21,186.9991,153.4505,49.1506,0.4273,28,28,249.3321,204.0600,52.0593,0.5378,1,18,2
3154309,315430,Resplendor - MG,17226,79,79,458.6091,341.5060,78.4167,1.0074,84,84,487.6350,369.1027,83.0289,1.0117,24,41,14
3154408,315440,Ressaquinha - MG,4548,9,9,197.8892,176.5792,19.3181,0.4659,11,11,241.8646,212.9178,20.4660,0.5375,0,9,0
3154457,315445,Riachinho - MG,6863,11,11,160.2798,150.6333,26.6848,0.4122,13,13,189.4215,175.3170,28.2851,0.4596,2,9,0
3154507,315450,Riacho dos Machados - MG,8756,12,12,137.0489,141.2063,29.9481,0.4007,14,14,159.8904,163.7252,31.7891,0.4404,1,10,1
3154606,315460,Ribeirão das Neves - MG,329794,907,907,275.0202,345.0720,925.6083,0.9799,953,953,288.9683,361.3134,984.5676,0.9679,202,628,77
3154705,315470,Ribeirão Vermelho - MG,4080,14,14,343.1373,268.6004,18.5034,0.7566,14,14,343.1373,268.6004,19.5953,0.7145,0,12,2
3154804,315480,Rio Acima - MG,10261,35,35,341.0974,337.8592,36.0907,0.9698,37,37,360.5886,355.7549,38.3016,0.9660,8,24,3
3154903,315490,Rio Casca - MG,12789,45,45,351.8649,263.8733,58.3644,0.7710,50,50,390.9610,293.1104,61.7978,0.8091,5,34,6
3155009,315500,Rio Doce - MG,2484,9,9,362.3188,263.3741,11.7994,0.7628,9,9,362.3188,263.3741,12.4938,0.7204,1,8,0
3155108,315510,Rio do Prado - MG,4639,6,6,129.3382,104.3003,21.3298,0.2813,7,7,150.8946,121.9146,22.5832,0.3100,3,3,0
3155207,315520,Rio Espera - MG,5429,12,12,221.0352,143.6204,29.3623,0.4087,12,12,221.0352,143.6204,31.0547,0.3864,3,8,1
3155306,315530,Rio Manso - MG,5568,15,15,269.3966,212.8639,26.8099,0.5595,15,15,269.3966,212.8639,28.3757,0.5286,4,9,2
3155405,315540,Rio Novo - MG,8518,23,23,270.0164,198.2828,40.2895,0.5709,28,28,328.7157,237.8870,42.6524,0.6565,5,15,3
3155504,315550,Rio Paranaíba - MG,14532,37,37,254.6105,275.4488,47.5320,0.7784,41,41,282.1360,305.0794,50.4872,0.8121,8,24,5
3155603,315560,Rio Pardo de Minas - MG,28271,20,20,70.7439,69.1715,97.5091,0.2051,23,23,81.3555,79.8687,103.4936,0.2222,4,9,7
3155702,315570,Rio Piracicaba - MG,14631,19,19,129.8613,102.3146,64.7343,0.2935,22,22,150.3657,120.1191,68.5553,0.3209,2,14,3
3155801,315580,Rio Pomba - MG,17443,56,56,321.0457,245.5654,80.5632,0.6951,60,60,343.9775,264.0311,85.3184,0.7032,6,40,10
3155900,315590,Rio Preto - MG,5141,9,9,175.0632,114.0318,25.5069,0.3528,10,10,194.5147,124.8389,26.9921,0.3705,2,5,2
3156007,315600,Rio Vermelho - MG,12641,13,13,102.8400,95.0732,54.8943,0.2368,15,15,118.6615,110.9395,58.1404,0.2580,1,9,3
3156106,315610,Ritápolis - MG,4994,15,15,300.3604,195.2513,25.7365,0.5828,17,17,340.4085,220.9487,27.2286,0.6243,2,11,2
3156205,315620,Rochedo de Minas - MG,2291,6,6,261.8944,213.1410,9.6125,0.6242,7,7,305.5434,257.3291,10.1858,0.6872,2,4,0
3156304,315630,Rodeiro - MG,8664,19,19,219.2982,237.9995,28.1800,0.6742,24,24,277.0083,301.6345,29.9309,0.8018,5,13,1
3156403,315640,Romaria - MG,3386,11,11,324.8671,288.3796,13.7377,0.8007,11,11,324.8671,288.3796,14.5581,0.7556,3,6,2
3156452,315645,Rosário da Limeira - MG,4734,9,9,190.1141,149.1392,20.0475,0.4489,14,14,295.7330,243.0479,21.2423,0.6591,0,9,0
3156502,315650,Rubelita - MG,5679,2,2,35.2175,31.8278,28.1903,0.0709,2,2,35.2175,31.8278,29.8249,0.0671,0,2,0
3156601,315660,Rubim - MG,10298,24,24,233.0550,176.1071,45.2392,0.5305,30,30,291.3187,215.9005,47.9265,0.6260,3,19,2
3156700,315670,Sabará - MG,129380,324,324,250.4251,244.7800,456.5155,0.7097,352,352,272.0668,266.1507,484.4146,0.7267,92,194,38
3156809,315680,Sabinópolis - MG,14240,25,25,175.5618,141.2914,64.7721,0.3860,29,29,203.6517,168.0465,68.5855,0.4228,2,17,6
3156908,315690,Sacramento - MG,26670,84,84,314.9606,294.4503,99.4524,0.8446,85,85,318.7102,298.6390,105.4964,0.8057,18,53,13
3157005,315700,Salinas - MG,40178,83,83,206.5807,167.1350,171.5933,0.4837,91,91,226.4921,182.2861,181.8096,0.5005,22,55,6
3157104,315710,Salto da Divisa - MG,6110,20,20,327.3322,237.0836,25.4936,0.7845,22,22,360.0655,261.9753,27.0061,0.8146,3,14,3
3157203,315720,Santa Bárbara - MG,30466,67,67,219.9173,224.0637,104.0782,0.6437,79,79,259.3055,264.7930,110.4795,0.7151,14,51,2
3157252,315725,Santa Bárbara do Leste - MG,8458,28,28,331.0475,285.9649,32.4488,0.8629,28,28,331.0475,285.9649,34.4088,0.8137,9,16,3
3157278,315727,Santa Bárbara do Monte Verde - MG,3095,9,9,290.7916,250.1274,12.8563,0.7000,11,11,355.4120,303.0430,13.6183,0.8077,2,5,2
3157302,315730,Santa Bárbara do Tugúrio - MG,4208,6,6,142.5856,124.3120,18.1521,0.3305,7,7,166.3498,146.2410,19.2277,0.3641,0,2,4
3157336,315733,Santa Cruz de Minas - MG,8109,26,26,320.6314,341.0837,27.2033,0.9558,27,27,332.9634,352.3422,28.8767,0.9350,5,20,1
3157377,315737,Santa Cruz de Salinas - MG,3910,4,4,102.3018,61.8165,19.4501,0.2057,6,6,153.4527,94.1846,20.5806,0.2915,2,1,1
3157401,315740,Santa Cruz do Escalvado - MG,4673,9,9,192.5958,104.9883,24.2065,0.3718,9,9,192.5958,104.9883,25.6103,0.3514,3,5,1
3157500,315750,Santa Efigênia de Minas - MG,4039,14,14,346.6205,257.5126,18.2608,0.7667,17,17,420.8963,314.8693,19.3333,0.8793,5,6,3
3157609,315760,Santa Fé de Minas - MG,3522,3,3,85.1789,82.5472,13.1711,0.2278,3,3,85.1789,82.5472,13.9649,0.2148,2,1,0
3157658,315765,Santa Helena de Minas - MG,5938,11,11,185.2476,174.8441,21.8407,0.5036,11,11,185.2476,174.8441,23.1560,0.4750,4,6,1
3157708,315770,Santa Juliana - MG,15734,56,56,355.9171,474.4006,39.5609,1.4155,60,60,381.3398,508.5624,42.1503,1.4235,19,31,6
3157807,315780,Santa Luzia - MG,219132,613,613,279.7401,308.7160,691.2111,0.8868,648,648,295.7122,326.0723,734.2939,0.8825,153,405,55
3157906,315790,Santa Margarida - MG,16395,57,57,347.6670,369.9222,53.5870,1.0637,62,62,378.1641,402.5763,56.8957,1.0897,14,33,10
3158003,315800,Santa Maria de Itabira - MG,10485,35,35,333.8102,306.4056,41.7777,0.8378,42,42,400.5722,367.2287,44.2865,0.9484,4,27,4
3158102,315810,Santa Maria do Salto - MG,4755,17,17,357.5184,269.9857,23.1166,0.7354,18,18,378.5489,284.7865,24.4649,0.7357,0,16,1
3158201,315820,Santa Maria do Suaçuí - MG,12788,28,28,218.9553,189.7108,53.3378,0.5250,30,30,234.5949,201.6306,56.5154,0.5308,16,9,3
3158300,315830,Santana da Vargem - MG,6691,16,16,239.1272,215.3452,26.8052,0.5969,17,17,254.0726,227.7033,28.4104,0.5984,2,11,3
3158409,315840,Santana de Cataguases - MG,3489,9,9,257.9536,177.3773,17.6273,0.5106,9,9,257.9536,177.3773,18.6504,0.4826,0,8,1
3158508,315850,Santana de Pirapama - MG,7030,22,22,312.9445,199.8954,37.6449,0.5844,23,23,327.1693,206.9759,39.8165,0.5776,7,14,1
3158607,315860,Santana do Deserto - MG,3747,16,16,427.0083,340.1086,16.5842,0.9648,18,18,480.3843,384.6752,17.5625,1.0249,2,13,1
3158706,315870,Santana do Garambéu - MG,2137,5,5,233.9729,201.8993,9.3382,0.5354,5,5,233.9729,201.8993,9.8908,0.5055,1,2,2
3158805,315880,Santana do Jacaré - MG,4214,18,18,427.1476,322.0843,20.0734,0.8967,21,21,498.3389,379.2094,21.2500,0.9882,2,13,3
3158904,315890,Santana do Manhuaçu - MG,8987,26,26,289.3068,274.4302,32.5949,0.7977,26,26,289.3068,274.4302,34.5779,0.7519,3,18,5
3158953,315895,Santana do Paraíso - MG,44800,123,123,274.5536,381.1824,119.2448,1.0315,127,127,283.4821,392.6063,126.9826,1.0001,42,75,6
3159001,315900,Santana do Riacho - MG,5313,10,10,188.2176,165.4441,20.1546,0.4962,10,10,188.2176,165.4441,21.3742,0.4679,0,8,2
3159100,315910,Santana dos Montes - MG,3469,1,1,28.8268,16.4740,16.9352,0.0590,1,1,28.8268,16.4740,17.9209,0.0558,1,0,0
3159209,315920,Santa Rita de Caldas - MG,8460,33,33,390.0709,270.7324,42.0766,0.7843,36,36,425.5319,294.7687,44.5261,0.8085,7,24,2
3159308,315930,Santa Rita de Jacutinga - MG,4755,10,10,210.3049,162.6739,24.4696,0.4087,12,12,252.3659,187.9816,25.8881,0.4635,1,6,3
3159357,315935,Santa Rita de Minas - MG,6773,14,14,206.7031,187.2531,25.9325,0.5399,15,15,221.4676,200.9904,27.4967,0.5455,8,5,1
3159407,315940,Santa Rita de Ibitipoca - MG,3301,4,4,121.1754,88.6298,15.3241,0.2610,4,4,121.1754,88.6298,16.2216,0.2466,0,2,2
3159506,315950,Santa Rita do Itueto - MG,5826,18,18,308.9598,275.5542,23.7202,0.7588,19,19,326.1243,289.4967,25.1365,0.7559,8,9,1
3159605,315960,Santa Rita do Sapucaí - MG,40635,85,85,209.1793,200.5220,147.2213,0.5774,101,101,248.5542,238.7727,156.2001,0.6466,18,57,10
3159704,315970,Santa Rosa da Serra - MG,3382,9,9,266.1147,259.4805,13.4437,0.6695,10,10,295.6830,286.6936,14.2483,0.7018,0,5,4
3159803,315980,Santa Vitória - MG,20973,74,74,352.8346,297.2395,85.2392,0.8681,79,79,376.6748,317.2998,90.3332,0.8745,7,56,11
3159902,315990,Santo Antônio do Amparo - MG,17285,36,36,208.2731,183.2658,67.8025,0.5310,38,38,219.8438,192.6322,71.8821,0.5286,5,27,4
3160009,316000,Santo Antônio do Aventureiro - MG,3769,16,16,424.5158,303.9094,18.2745,0.8755,19,19,504.1125,354.4891,19.3429,0.9823,2,12,2
3160108,316010,Santo Antônio do Grama - MG,4229,10,10,236.4625,202.1550,19.0342,0.5254,12,12,283.7550,235.9489,20.1588,0.5953,2,7,1
3160207,316020,Santo Antônio do Itambé - MG,3915,4,4,102.1711,78.4826,15.8184,0.2529,7,7,178.7995,138.1772,16.7653,0.4175,0,4,0
3160306,316030,Santo Antônio do Jacinto - MG,10327,13,13,125.8836,91.5403,47.0212,0.2765,16,16,154.9337,109.3920,49.7817,0.3214,11,2,0
3160405,316040,Santo Antônio do Monte - MG,27295,95,95,348.0491,320.2419,102.7994,0.9241,103,103,377.3585,347.2570,109.0283,0.9447,15,69,11
3160454,316045,Santo Antônio do Retiro - MG,6629,6,6,90.5114,81.4568,24.8781,0.2412,10,10,150.8523,142.1930,26.3796,0.3791,1,3,2
3160504,316050,Santo Antônio do Rio Abaixo - MG,1808,4,4,221.2389,215.1405,7.8735,0.5080,4,4,221.2389,215.1405,8.3381,0.4797,1,1,2
3160603,316060,Santo Hipólito - MG,2717,7,7,257.6371,173.2222,14.1206,0.4957,7,7,257.6371,173.2222,14.9383,0.4686,1,2,4
3160702,316070,Santos Dumont - MG,42406,175,175,412.6775,319.9539,187.0225,0.9357,197,197,464.5569,361.2736,198.0843,0.9945,23,123,29
3160801,316080,São Bento Abade - MG,4713,9,9,190.9612,205.6465,15.3046,0.5881,10,10,212.1791,230.2504,16.2520,0.6153,1,8,0
3160900,316090,São Brás do Suaçuí - MG,3989,7,7,175.4826,143.0766,17.2437,0.4059,7,7,175.4826,143.0766,18.2667,0.3832,0,5,2
3160959,316095,São Domingos das Dores - MG,5626,16,16,284.3939,288.0682,19.3225,0.8281,18,18,319.9431,320.0546,20.5064,0.8778,2,12,2
3161007,316100,São Domingos do Prata - MG,17392,31,31,178.2429,125.1418,89.9667,0.3446,33,33,189.7424,131.1251,95.1801,0.3467,5,23,3
3161056,316105,São Félix de Minas - MG,3200,10,10,312.5000,215.2734,14.7708,0.6770,10,10,312.5000,215.2734,15.6381,0.6395,2,6,2
3161106,316110,São Francisco - MG,52762,104,104,197.1116,209.8504,173.0745,0.6009,117,117,221.7505,236.2535,183.7518,0.6367,26,66,12
3161205,316120,São Francisco de Paula - MG,6187,15,15,242.4438,196.6888,27.5554,0.5444,15,15,242.4438,196.6888,29.1860,0.5139,0,13,2
3161304,316130,São Francisco de Sales - MG,5732,34,34,593.1612,580.9574,20.4518,1.6624,41,41,715.2826,702.0031,21.6954,1.8898,3,27,4
3161403,316140,São Francisco do Glória - MG,4800,14,14,291.6667,224.8082,21.5633,0.6493,14,14,291.6667,224.8082,22.8336,0.6131,2,11,1
3161502,316150,São Geraldo - MG,10282,29,29,282.0463,239.6137,41.6320,0.6966,29,29,282.0463,239.6137,44.1300,0.6571,10,17,2
3161601,316160,São Geraldo da Piedade - MG,3305,16,16,484.1150,357.6538,16.3146,0.9807,18,18,544.6293,395.5702,17.2608,1.0428,7,7,2
3161650,316165,São Geraldo do Baixio - MG,3143,12,12,381.8008,263.2884,14.2813,0.8403,12,12,381.8008,263.2884,15.1195,0.7937,5,4,3
3161700,316170,São Gonçalo do Abaeté - MG,7375,17,17,230.5085,233.5478,24.9824,0.6805,18,18,244.0678,246.3901,26.5140,0.6789,1,11,5
3161809,316180,São Gonçalo do Pará - MG,11770,35,35,297.3662,244.1616,48.2723,0.7251,36,36,305.8624,252.2605,51.1552,0.7037,4,22,9
3161908,316190,São Gonçalo do Rio Abaixo - MG,11850,31,31,261.6034,262.2944,40.9843,0.7564,35,35,295.3586,294.8612,43.5004,0.8046,8,18,5
3162005,316200,São Gonçalo do Sapucaí - MG,23959,77,77,321.3824,289.3690,92.7176,0.8305,84,84,350.5989,316.5335,98.3004,0.8545,7,58,12
3162104,316210,São Gotardo - MG,40910,97,97,237.1058,293.1423,116.3534,0.8337,111,111,271.3273,333.9436,123.7913,0.8967,33,57,7
3162203,316220,São João Batista do Glória - MG,7652,34,34,444.3283,387.0802,30.9774,1.0976,34,34,444.3283,387.0802,32.8322,1.0356,6,26,2
3162252,316225,São João da Lagoa - MG,4822,9,9,186.6445,174.6812,18.5825,0.4843,10,10,207.3828,197.4231,19.7020,0.5076,1,7,1
3162302,316230,São João da Mata - MG,2914,10,10,343.1709,275.3614,12.3460,0.8100,11,11,377.4880,296.4115,13.0794,0.8410,1,8,1
3162401,316240,São João da Ponte - MG,23930,47,47,196.4062,173.2178,91.2856,0.5149,49,49,204.7639,180.1462,96.7956,0.5062,18,22,7
3162450,316245,São João das Missões - MG,13024,9,9,69.1032,97.2283,30.0528,0.2995,10,10,76.7813,105.5498,32.0296,0.3122,3,6,0
3162500,316250,São João del Rei - MG,90225,262,262,290.3851,241.0317,379.1052,0.6911,294,294,325.8520,271.6230,401.7350,0.7318,39,195,28
3162559,316255,São João do Manhuaçu - MG,11246,38,38,337.8979,399.6556,33.5673,1.1321,40,40,355.6820,420.2717,35.6777,1.1211,17,16,5
3162575,316257,São João do Manteninha - MG,5331,17,17,318.8895,236.4603,22.8691,0.7434,18,18,337.6477,255.8289,24.2259,0.7430,3,12,2
3162609,316260,São João do Oriente - MG,7070,34,34,480.9052,328.8632,33.5138,1.0145,35,35,495.0495,338.7091,35.4754,0.9866,14,15,5
3162658,316265,São João do Pacuí - MG,3972,3,3,75.5287,60.9399,16.8039,0.1785,4,4,100.7049,87.1766,17.8020,0.2247,1,2,0
3162708,316270,São João do Paraíso - MG,23910,27,27,112.9235,102.7096,88.6797,0.3045,30,30,125.4705,114.2444,94.0730,0.3189,1,22,4
3162807,316280,São João Evangelista - MG,15315,29,29,189.3568,155.3441,66.3263,0.4372,34,34,222.0046,181.4413,70.2593,0.4839,4,20,5
3162906,316290,São João Nepomuceno - MG,25565,58,58,226.8727,177.4302,114.2386,0.5077,65,65,254.2539,199.4863,120.9866,0.5372,13,36,9
3162922,316292,São Joaquim de Bicas - MG,34348,123,123,358.0995,463.1702,94.7667,1.2979,131,131,381.3905,492.0777,100.8502,1.2990,36,77,10
3162948,316294,São José da Barra - MG,7793,21,21,269.4726,255.2174,28.6702,0.7325,21,21,269.4726,255.2174,30.4044,0.6907,0,19,2
3162955,316295,São José da Lapa - MG,26090,64,64,245.3047,269.1839,82.5085,0.7757,64,64,245.3047,269.1839,87.6558,0.7301,13,48,3
3163003,316300,São José da Safira - MG,3806,17,17,446.6632,479.0929,12.8338,1.3246,18,18,472.9375,507.6556,13.6208,1.3215,3,14,0
3163102,316310,São José da Varginha - MG,4536,5,5,110.2293,101.6703,16.7473,0.2986,5,5,110.2293,101.6703,17.7613,0.2815,1,3,1
3163201,316320,São José do Alegre - MG,4133,12,12,290.3460,228.2465,17.7621,0.6756,14,14,338.7370,266.3268,18.8158,0.7441,2,9,1
3163300,316330,São José do Divino - MG,3464,11,11,317.5520,254.6596,14.8449,0.7410,12,12,346.4203,284.7789,15.7231,0.7632,3,8,0
3163409,316340,São José do Goiabal - MG,5396,17,17,315.0482,243.7670,25.6757,0.6621,18,18,333.5804,255.1745,27.1759,0.6624,1,14,2
3163508,316350,São José do Jacuri - MG,6197,7,7,112.9579,102.5160,26.2816,0.2663,8,8,129.0947,112.8769,27.8426,0.2873,1,4,2
3163607,316360,São José do Mantimento - MG,2753,4,4,145.2960,131.4733,11.5374,0.3467,5,5,181.6201,161.8880,12.2250,0.4090,2,2,0
3163706,316370,São Lourenço - MG,44798,203,203,453.1452,347.6948,199.8879,1.0156,208,208,464.3064,355.8524,211.7051,0.9825,37,144,22
3163805,316380,São Miguel do Anta - MG,6334,15,15,236.8172,161.1499,29.9379,0.5010,16,16,252.6050,176.4149,31.6902,0.5049,2,12,1
3163904,316390,São Pedro da União - MG,4885,15,15,307.0624,229.7396,22.6022,0.6637,15,15,307.0624,229.7396,23.9340,0.6267,1,10,4
3164001,316400,São Pedro dos Ferros - MG,7166,15,15,209.3218,151.6771,34.8013,0.4310,15,15,209.3218,151.6771,36.8326,0.4072,2,11,2
3164100,316410,São Pedro do Suaçuí - MG,5103,15,15,293.9447,195.6915,24.6888,0.6076,15,15,293.9447,195.6915,26.1328,0.5740,2,12,1
3164209,316420,São Romão - MG,10315,6,6,58.1677,61.8086,32.3192,0.1856,8,8,77.5570,84.2008,34.3361,0.2330,1,5,0
3164308,316430,São Roque de Minas - MG,7129,22,22,308.5987,265.2443,28.8978,0.7613,22,22,308.5987,265.2443,30.6310,0.7182,0,20,2
3164407,316440,São Sebastião da Bela Vista - MG,6387,16,16,250.5088,242.8809,23.4451,0.6824,17,17,266.1656,256.4131,24.8658,0.6837,4,10,2
3164431,316443,São Sebastião da Vargem Alegre - MG,3113,9,9,289.1102,261.9836,12.2540,0.7345,9,9,289.1102,261.9836,12.9893,0.6929,2,5,2
3164472,316447,São Sebastião do Anta - MG,6194,12,12,193.7359,179.1485,22.2393,0.5396,12,12,193.7359,179.1485,23.5915,0.5087,2,9,1
3164506,316450,São Sebastião do Maranhão - MG,10079,9,9,89.2946,65.0537,43.2688,0.2080,9,9,89.2946,65.0537,45.8342,0.1964,1,5,3
3164605,316460,São Sebastião do Oeste - MG,8815,16,16,181.5088,197.4525,27.8765,0.5740,16,16,181.5088,197.4525,29.6236,0.5401,1,9,6
3164704,316470,São Sebastião do Paraíso - MG,71796,262,262,364.9228,317.4828,285.2677,0.9184,353,353,491.6708,430.2863,302.4292,1.1672,42,179,41
3164803,316480,São Sebastião do Rio Preto - MG,1259,2,2,158.8562,70.5839,6.8013,0.2941,2,2,158.8562,70.5839,7.1924,0.2781,2,0,0
3164902,316490,São Sebastião do Rio Verde - MG,2300,6,6,260.8696,209.6758,10.7827,0.5564,6,6,260.8696,209.6758,11.4145,0.5256,0,6,0
3165008,316500,São Tiago - MG,11192,21,21,187.6340,146.2856,48.1688,0.4360,23,23,205.5039,162.9141,51.0310,0.4507,6,12,3
3165107,316510,São Tomás de Aquino - MG,6740,25,25,370.9199,291.0360,29.5837,0.8451,30,30,445.1039,346.1169,31.3355,0.9574,4,15,6
3165206,316520,São Tomé das Letras - MG,6904,7,7,101.3905,118.0803,23.5020,0.2978,7,7,101.3905,118.0803,24.9465,0.2806,0,5,2
3165305,316530,São Vicente de Minas - MG,6804,10,10,146.9724,121.1184,28.6970,0.3485,11,11,161.6696,132.8128,30.4017,0.3618,0,9,1
3165404,316540,Sapucaí-Mirim - MG,6311,14,14,221.8349,206.3820,23.8436,0.5872,14,14,221.8349,206.3820,25.2828,0.5537,4,6,4
3165503,316550,Sardoá - MG,5104,10,10,195.9248,156.8174,21.4580,0.4660,14,14,274.2947,231.4557,22.7340,0.6158,6,3,1
3165537,316553,Sarzedo - MG,36844,77,77,208.9893,274.5425,96.5394,0.7976,78,78,211.7034,279.2670,102.7729,0.7590,17,53,7
3165552,316555,Setubinha - MG,9917,6,6,60.5022,68.0044,31.3232,0.1916,8,8,80.6696,89.2674,33.2541,0.2406,2,2,2
3165560,316556,Sem-Peixe - MG,2433,6,6,246.6091,143.6010,15.7529,0.3809,6,6,246.6091,143.6010,16.6465,0.3604,1,5,0
3165578,316557,Senador Amaral - MG,6206,19,19,306.1553,402.8333,17.0738,1.1128,19,19,306.1553,402.8333,18.1634,1.0461,7,12,0
3165602,316560,Senador Cortes - MG,2240,4,4,178.5714,179.1280,8.2028,0.4876,6,6,267.8571,265.4434,8.6983,0.6898,1,3,0
3165701,316570,Senador Firmino - MG,7716,11,11,142.5609,91.9067,35.8457,0.3069,15,15,194.4012,122.4295,37.9534,0.3952,5,4,2
3165800,316580,Senador José Bento - MG,2068,5,5,241.7795,124.4620,11.9505,0.4184,6,6,290.1354,148.1106,12.6347,0.4749,2,3,0
3165909,316590,Senador Modestino Gonçalves - MG,4008,13,13,324.3513,210.5545,18.8963,0.6880,14,14,349.3014,224.4970,20.0032,0.6999,1,9,3
3166006,316600,Senhora de Oliveira - MG,5483,9,9,164.1437,117.9185,25.5224,0.3526,9,9,164.1437,117.9185,27.0224,0.3331,1,7,1
3166105,316610,Senhora do Porto - MG,3067,8,8,260.8412,165.9151,15.0783,0.5306,11,11,358.6567,243.8618,15.9551,0.6894,0,3,5
3166204,316620,Senhora dos Remédios - MG,10384,14,14,134.8228,108.8400,45.2902,0.3091,19,19,182.9738,145.6594,47.9747,0.3960,3,10,1
3166303,316630,Sericita - MG,7345,8,8,108.9176,110.4904,25.4188,0.3147,8,8,108.9176,110.4904,26.9755,0.2966,0,6,2
3166402,316640,Seritinga - MG,1819,3,3,164.9258,117.7819,8.2114,0.3653,4,4,219.9010,156.7247,8.6966,0.4599,0,2,1
3166501,316650,Serra Azul de Minas - MG,3792,2,2,52.7426,55.8635,13.9881,0.1430,4,4,105.4852,93.5083,14.8373,0.2696,2,0,0
3166600,316660,Serra da Saudade - MG,833,1,1,120.0480,76.0466,4.0550,0.2466,1,1,120.0480,76.0466,4.2912,0.2330,0,1,0
3166709,316670,Serra dos Aimorés - MG,6944,20,20,288.0184,242.1762,28.8386,0.6935,24,24,345.6221,287.7254,30.5517,0.7856,9,10,1
3166808,316680,Serra do Salitre - MG,11801,38,38,322.0066,408.8349,31.8709,1.1923,43,43,364.3759,462.6721,33.9157,1.2678,4,31,3
3166907,316690,Serrania - MG,7621,29,29,380.5275,335.6419,30.0550,0.9649,31,31,406.7708,358.5738,31.8609,0.9730,2,25,2
3166956,316695,Serranópolis de Minas - MG,4399,4,4,90.9298,73.5825,18.2106,0.2197,6,6,136.3946,121.2990,19.2960,0.3109,0,4,0
3167004,316700,Serranos - MG,1990,1,1,50.2513,36.4304,8.8835,0.1126,1,1,50.2513,36.4304,9.4090,0.1063,0,1,0
3167103,316710,Serro - MG,21952,33,33,150.3280,140.1548,80.2446,0.4112,41,41,186.7711,175.2489,85.1437,0.4815,6,20,7
3167202,316720,Sete Lagoas - MG,227397,716,716,314.8678,300.1990,825.7366,0.8671,756,756,332.4582,317.0103,876.1533,0.8629,95,527,94
3167301,316730,Silveirânia - MG,2323,5,5,215.2389,136.8830,11.1047,0.4503,6,6,258.2867,160.9115,11.7565,0.5104,0,5,0
3167400,316740,Silvianópolis - MG,6179,13,13,210.3900,140.2577,31.4234,0.4137,13,13,210.3900,140.2577,33.2490,0.3910,6,6,1
3167509,316750,Simão Pereira - MG,2947,12,12,407.1938,316.3382,13.8154,0.8686,15,15,508.9922,387.0905,14.6261,1.0256,2,9,1
3167608,316760,Simonésia - MG,19750,60,60,303.7975,317.1046,65.8025,0.9118,61,61,308.8608,322.6417,69.8606,0.8732,10,42,8
3167707,316770,Sobrália - MG,5137,24,24,467.1988,349.7331,24.7743,0.9687,25,25,486.6654,362.9059,26.2185,0.9535,9,13,2
3167806,316780,Soledade de Minas - MG,5613,14,14,249.4210,191.0637,24.7941,0.5647,15,15,267.2368,205.0928,26.2558,0.5713,1,13,0
3167905,316790,Tabuleiro - MG,4014,18,18,448.4305,297.2589,21.1785,0.8499,19,19,473.3433,314.3442,22.4055,0.8480,2,13,3
3168002,316800,Taiobeiras - MG,33050,41,41,124.0545,116.0181,125.4140,0.3269,55,55,166.4145,155.8870,133.0089,0.4135,9,28,4
3168051,316805,Taparuba - MG,3387,15,15,442.8698,358.7044,17.2839,0.8679,15,15,442.8698,358.7044,18.2847,0.8204,4,8,3
3168101,316810,Tapira - MG,4118,8,8,194.2691,206.2317,14.3085,0.5591,10,10,242.8363,248.9335,15.1813,0.6587,1,1,6
3168200,316820,Tapiraí - MG,1690,8,8,473.3728,309.3773,8.1712,0.9790,8,8,473.3728,309.3773,8.6477,0.9251,1,4,3
3168309,316830,Taquaraçu de Minas - MG,4224,7,7,165.7197,119.4343,19.6677,0.3559,7,7,165.7197,119.4343,20.8182,0.3362,1,4,2
3168408,316840,Tarumirim - MG,14709,68,68,462.3020,344.7169,68.2393,0.9965,70,70,475.8991,356.8470,72.2443,0.9689,17,48,3
3168507,316850,Teixeiras - MG,12255,35,35,285.5977,196.0998,59.3193,0.5900,37,37,301.9176,209.0717,62.7906,0.5893,1,31,3
3168606,316860,Teófilo Otoni - MG,137418,439,439,319.4632,276.8855,544.2464,0.8066,487,487,354.3932,308.5157,576.9612,0.8441,163,238,38
3168705,316870,Timóteo - MG,81579,346,346,424.1288,370.5192,321.3379,1.0767,360,360,441.2900,385.7630,340.6504,1.0568,103,222,21
3168804,316880,Tiradentes - MG,7744,24,24,309.9174,286.9569,29.3814,0.8168,24,24,309.9174,286.9569,31.1556,0.7703,1,20,3
3168903,316890,Tiros - MG,7883,20,20,253.7105,193.7956,35.0223,0.5711,20,20,253.7105,193.7956,37.0927,0.5392,3,12,5
3169000,316900,Tocantins - MG,16185,58,58,358.3565,278.2961,68.8049,0.8430,64,64,395.4279,306.2292,72.8995,0.8779,14,38,6
3169059,316905,Tocos do Moji - MG,3826,9,9,235.2326,178.1110,19.7746,0.4551,11,11,287.5065,211.3269,20.9215,0.5258,1,8,0
3169109,316910,Toledo - MG,7214,29,29,401.9961,349.4094,28.9207,1.0027,32,32,443.5819,385.9489,30.6552,1.0439,7,21,1
3169208,316920,Tombos - MG,8609,30,30,348.4725,228.6897,43.5817,0.6884,32,32,371.7040,243.8458,46.1159,0.6939,6,21,3
3169307,316930,Três Corações - MG,75485,289,289,382.8575,370.3855,272.3208,1.0612,293,293,388.1566,375.2792,288.9266,1.0141,33,221,35
3169356,316935,Três Marias - MG,28895,69,69,238.7956,226.3118,104.2302,0.6620,74,74,256.0997,243.5136,110.5622,0.6693,17,47,5
3169406,316940,Três Pontas - MG,55255,172,172,311.2840,288.7883,207.3408,0.8296,184,184,333.0015,308.9006,219.8875,0.8368,19,134,19
3169505,316950,Tumiritinga - MG,5886,27,27,458.7156,409.6265,23.2889,1.1594,27,27,458.7156,409.6265,24.6828,1.0939,3,21,3
3169604,316960,Tupaciguara - MG,25470,129,129,506.4782,406.6747,109.9990,1.1727,142,142,557.5186,448.3784,116.5284,1.2186,17,97,15
3169703,316970,Turmalina - MG,20000,27,27,135.0000,133.1435,68.8183,0.3923,30,30,150.0000,149.3845,73.0674,0.4106,3,18,6
3169802,316980,Turvolândia - MG,4935,17,17,344.4782,283.3066,19.9898,0.8504,17,17,344.4782,283.3066,21.1859,0.8024,2,12,3
3169901,316990,Ubá - MG,103365,352,352,340.5408,327.7411,371.5403,0.9474,392,392,379.2386,365.0362,394.2451,0.9943,87,242,23
3170008,317000,Ubaí - MG,11708,16,16,136.6587,138.1631,39.6963,0.4031,18,18,153.7410,155.8729,42.1402,0.4271,0,12,4
3170057,317005,Ubaporanga - MG,13017,38,38,291.9259,247.9209,52.0298,0.7304,39,39,299.6082,254.2149,55.1420,0.7073,19,14,5
3170107,317010,Uberaba - MG,337836,1549,1549,458.5065,429.8449,1250.5319,1.2387,1621,1621,479.8186,450.0269,1326.6025,1.2219,241,1098,210
3170206,317020,Uberlândia - MG,713224,3289,3289,461.1454,479.2988,2375.3122,1.3847,3560,3560,499.1419,518.8478,2522.4679,1.4113,687,2378,224
3170305,317030,Umburatiba - MG,2684,6,6,223.5469,195.4727,11.7291,0.5115,7,7,260.8048,236.2867,12.4222,0.5635,2,2,2
3170404,317040,Unaí - MG,86619,308,308,355.5802,393.0047,274.5190,1.1220,333,333,384.4422,425.5346,291.6239,1.1419,52,229,27
3170438,317043,União de Minas - MG,3828,7,7,182.8631,157.1037,14.5655,0.4806,7,7,182.8631,157.1037,15.4415,0.4533,1,4,2
3170479,317047,Uruana de Minas - MG,3282,5,5,152.3461,131.4047,13.2447,0.3775,5,5,152.3461,131.4047,14.0343,0.3563,0,4,1
3170503,317050,Urucânia - MG,10600,31,31,292.4528,275.0934,38.7948,0.7991,33,33,311.3208,291.6393,41.1593,0.8018,3,26,2
3170529,317052,Urucuia - MG,17479,16,16,91.5384,112.2513,48.8449,0.3276,19,19,108.7019,131.4680,51.9402,0.3658,1,12,3
3170578,317057,Vargem Alegre - MG,5780,20,20,346.0208,234.5662,27.4954,0.7274,21,21,363.3218,249.1399,29.1012,0.7216,9,9,2
3170602,317060,Vargem Bonita - MG,2158,3,3,139.0176,105.1771,9.6245,0.3117,4,4,185.3568,134.7788,10.1919,0.3925,0,3,0
3170651,317065,Vargem Grande do Rio Pardo - MG,4633,13,13,280.5957,272.7126,16.6515,0.7807,16,16,345.3486,334.8402,17.6670,0.9056,1,10,2
3170701,317070,Varginha - MG,136467,426,426,312.1634,304.8766,488.0896,0.8728,464,464,340.0089,332.1571,517.9199,0.8959,46,299,81
3170750,317075,Varjão de Minas - MG,6969,19,19,272.6360,343.1119,19.6725,0.9658,21,21,301.3345,387.8384,20.9225,1.0037,3,16,0
3170800,317080,Várzea da Palma - MG,33744,95,95,281.5315,284.1408,116.3896,0.8162,100,100,296.3490,297.7759,123.5391,0.8095,15,76,4
3170909,317090,Varzelândia - MG,18840,70,70,371.5499,365.2700,66.8840,1.0466,73,73,387.4735,380.2356,70.9560,1.0288,15,52,3
3171006,317100,Vazante - MG,19975,68,68,340.4255,321.9621,71.5100,0.9509,76,76,380.4756,362.2189,75.8694,1.0017,6,56,6
3171030,317103,Verdelândia - MG,7672,18,18,234.6194,296.8660,20.0660,0.8970,19,19,247.6538,314.8729,21.3582,0.8896,4,12,2
3171071,317107,Veredinha - MG,5181,2,2,38.6026,36.2160,19.5303,0.1024,2,2,38.6026,36.2160,20.7131,0.0966,0,1,1
3171105,317110,Veríssimo - MG,3411,10,10,293.1692,229.8746,15.0671,0.6637,10,10,293.1692,229.8746,15.9515,0.6269,1,8,1
3171154,317115,Vermelho Novo - MG,4899,14,14,285.7726,251.4494,20.8369,0.6719,15,15,306.1849,269.9456,22.0730,0.6796,4,9,1
3171204,317120,Vespasiano - MG,129246,258,258,199.6193,267.0396,341.0432,0.7565,275,275,212.7725,284.0083,363.0735,0.7574,61,175,22
3171303,317130,Viçosa - MG,76430,161,161,210.6503,186.0093,298.1076,0.5401,164,164,214.5754,189.6068,316.1428,0.5188,9,129,23
3171402,317140,Vieiras - MG,3700,11,11,297.2973,213.9087,16.8396,0.6532,12,12,324.3243,237.0570,17.8287,0.6731,6,5,0
3171501,317150,Mathias Lobato - MG,3038,15,15,493.7459,483.7244,10.5632,1.4200,15,15,493.7459,483.7244,11.2051,1.3387,1,12,2
3171600,317160,Virgem da Lapa - MG,11804,13,13,110.1322,82.6631,52.8752,0.2459,14,14,118.6039,88.3867,55.9997,0.2500,3,7,3
3171709,317170,Virgínia - MG,8908,15,15,168.3880,134.3286,37.7020,0.3979,15,15,168.3880,134.3286,39.9445,0.3755,4,10,1
3171808,317180,Virginópolis - MG,10314,11,11,106.6512,76.1597,45.4518,0.2420,13,13,126.0423,87.9544,48.1393,0.2700,2,6,3
3171907,317190,Virgolândia - MG,4552,12,12,263.6204,222.8083,24.1963,0.4959,13,13,285.5888,232.1804,25.5932,0.5079,5,6,1
3172004,317200,Visconde do Rio Branco - MG,39160,123,123,314.0960,280.9747,150.9778,0.8147,142,142,362.6149,324.5216,160.0967,0.8870,33,78,12
3172103,317210,Volta Grande - MG,4443,11,11,247.5805,191.8892,20.0724,0.5480,15,15,337.6097,266.3857,21.2559,0.7057,3,7,1
3172202,317220,Wenceslau Braz - MG,2356,10,10,424.4482,281.9053,11.3275,0.8828,10,10,424.4482,281.9053,11.9884,0.8341,0,7,3
3200102,320010,Afonso Cláudio - ES,30684,68,68,221.6139,180.7446,126.8651,0.5360,75,75,244.4271,203.1174,134.4273,0.5579,27,30,11
3200136,320013,Águia Branca - ES,9711,60,60,617.8560,551.4400,37.2795,1.6095,61,61,628.1536,561.2740,39.5237,1.5434,11,45,4
3200169,320016,Água Doce do Norte - ES,12042,43,43,357.0835,307.4599,50.3373,0.8542,43,43,357.0835,307.4599,53.3245,0.8064,12,28,3
3200201,320020,Alegre - ES,29177,66,66,226.2056,179.0856,125.8392,0.5245,75,75,257.0518,203.8343,133.3133,0.5626,22,37,7
3200300,320030,Alfredo Chaves - ES,13836,39,39,281.8734,212.0806,64.5794,0.6039,42,42,303.5559,227.1359,68.3711,0.6143,14,19,6
3200359,320035,Alto Rio Novo - ES,7434,19,19,255.5825,217.4121,29.8059,0.6375,20,20,269.0342,230.7993,31.5843,0.6332,9,9,1
3200409,320040,Anchieta - ES,29984,90,90,300.1601,290.9333,108.1082,0.8325,94,94,313.5005,303.8602,114.6920,0.8196,32,46,12
3200508,320050,Apiacá - ES,7223,36,36,498.4079,385.7449,32.3065,1.1143,37,37,512.2525,394.7080,34.2125,1.0815,9,24,3
3200607,320060,Aracruz - ES,94765,228,228,240.5952,281.2842,284.7557,0.8007,236,236,249.0371,290.5017,302.6310,0.7798,88,114,26
3200706,320070,Atílio Vivácqua - ES,10540,32,32,303.6053,283.1625,38.5030,0.8311,34,34,322.5806,300.2478,40.8414,0.8325,9,15,8
3200805,320080,Baixo Guandu - ES,30674,99,99,322.7489,277.2902,124.5193,0.7951,103,103,335.7893,289.8601,131.9651,0.7805,29,60,10
3200904,320090,Barra de São Francisco - ES,42498,219,219,515.3184,481.9158,157.6094,1.3895,228,228,536.4958,502.1176,167.1522,1.3640,54,141,24
3201001,320100,Boa Esperança - ES,13608,41,41,301.2934,285.6356,50.0095,0.8198,43,43,315.9906,300.3078,53.0396,0.8107,17,18,6
3201100,320110,Bom Jesus do Norte - ES,10254,29,29,282.8165,241.1132,42.4006,0.6840,36,36,351.0825,301.8564,44.9316,0.8012,10,17,2
3201159,320115,Brejetuba - ES,12985,16,16,123.2191,150.2378,36.4380,0.4391,17,17,130.9203,162.1885,38.7521,0.4387,1,10,5
3201209,320120,Cachoeiro de Itapemirim - ES,185786,638,638,343.4059,314.3964,702.0680,0.9087,693,693,373.0098,341.6294,744.5876,0.9307,241,322,75
3201308,320130,Cariacica - ES,353491,1393,1393,394.0694,417.9312,1158.4244,1.2025,1454,1454,411.3259,436.0997,1229.9502,1.1822,594,693,106
3201407,320140,Castelo - ES,36930,125,125,338.4782,279.9068,154.9332,0.8068,131,131,354.7252,293.3998,164.1864,0.7979,45,70,10
3201506,320150,Colatina - ES,120033,343,343,285.7548,253.2508,465.6074,0.7367,365,365,304.0830,269.6108,493.7246,0.7393,159,156,28
3201605,320160,Conceição da Barra - ES,27458,66,66,240.3671,240.8000,94.4035,0.6991,71,71,258.5767,259.7489,100.1665,0.7088,24,33,9
3201704,320170,Conceição do Castelo - ES,11937,31,31,259.6967,234.4717,46.2587,0.6701,33,33,276.4514,250.5021,49.0454,0.6728,8,18,5
3201803,320180,Divino de São Lourenço - ES,5083,17,17,334.4482,334.4214,17.6683,0.9622,17,17,334.4482,334.4214,18.7512,0.9066,4,12,1
3201902,320190,Domingos Martins - ES,35416,77,77,217.4159,195.9651,136.6834,0.5633,84,84,237.1809,213.6478,144.9210,0.5796,26,36,15
3202009,320200,Dores do Rio Preto - ES,6596,17,17,257.7320,234.5802,24.5350,0.6929,19,19,288.0534,267.2441,26.0194,0.7302,4,13,0
3202108,320210,Ecoporanga - ES,21992,75,75,341.0331,282.6415,90.0710,0.8327,79,79,359.2215,299.4766,95.4381,0.8278,24,40,11
3202207,320220,Fundão - ES,18014,62,62,344.1768,297.9123,72.4533,0.8557,63,63,349.7280,304.5304,76.7854,0.8205,29,30,3
3202256,320225,Governador Lindenberg - ES,11009,29,29,263.4208,239.0209,42.7786,0.6779,29,29,263.4208,239.0209,45.3563,0.6394,8,19,2
3202306,320230,Guaçuí - ES,29358,117,117,398.5285,347.2974,116.1270,1.0075,121,121,412.1534,359.7777,123.0980,0.9830,34,72,11
3202405,320240,Guarapari - ES,124656,407,407,326.4985,313.0614,452.4898,0.8995,440,440,352.9714,338.4434,479.9579,0.9167,141,213,53
3202454,320245,Ibatiba - ES,25380,98,98,386.1308,401.0281,85.0343,1.1525,103,103,405.8314,421.0029,90.2752,1.1410,30,61,7
3202504,320250,Ibiraçu - ES,11723,41,41,349.7398,312.0119,45.5803,0.8995,44,44,375.3305,335.3956,48.3259,0.9105,17,20,4
3202553,320255,Ibitirama - ES,9520,11,11,115.5462,131.4318,30.0883,0.3656,14,14,147.0588,164.1679,31.9549,0.4381,4,5,2
3202603,320260,Iconha - ES,12326,27,27,219.0492,174.6297,54.1955,0.4982,28,28,227.1621,180.8203,57.4100,0.4877,8,14,5
3202652,320265,Irupi - ES,13710,44,44,320.9336,342.9035,44.9641,0.9786,47,47,342.8155,366.5543,47.7443,0.9844,15,26,3
3202702,320270,Itaguaçu - ES,13589,24,24,176.6134,120.7182,67.8987,0.3535,25,25,183.9723,124.5726,71.8532,0.3479,7,12,5
3202801,320280,Itapemirim - ES,39832,140,140,351.4762,352.5158,137.4666,1.0184,151,151,379.0922,379.7122,145.8622,1.0352,59,69,12
3202900,320290,Itarana - ES,10597,23,23,217.0426,150.9289,51.2854,0.4485,23,23,217.0426,150.9289,54.2901,0.4236,7,15,1
3203007,320300,Iúna - ES,28590,92,92,321.7908,336.1754,95.6649,0.9617,97,97,339.2795,353.8660,101.5604,0.9551,32,48,12
3203056,320305,Jaguaré - ES,28931,59,59,203.9335,246.7169,83.8954,0.7033,62,62,214.3030,257.0084,89.1915,0.6951,20,33,6
3203106,320310,Jerônimo Monteiro - ES,11575,46,46,397.4082,306.2776,51.4055,0.8948,48,48,414.6868,319.7920,54.4473,0.8816,16,20,10
3203130,320313,João Neiva - ES,14079,46,46,326.7278,239.9903,64.2631,0.7158,48,48,340.9333,250.0843,68.0452,0.7054,15,27,4
3203163,320316,Laranja da Terra - ES,11094,12,12,108.1666,72.7009,52.4990,0.2286,14,14,126.1943,86.0991,55.5785,0.2519,5,4,3
3203205,320320,Linhares - ES,166786,445,445,266.8090,320.1424,489.8673,0.9084,465,465,278.8004,333.1851,520.8348,0.8928,171,223,51
3203304,320330,Mantenópolis - ES,12770,47,47,368.0501,297.6919,53.7724,0.8741,51,51,399.3735,325.3261,56.9600,0.8954,17,25,5
3203320,320332,Marataízes - ES,41929,201,201,479.3818,447.7484,155.6968,1.2910,210,210,500.8467,468.4816,165.1071,1.2719,73,114,14
3203346,320334,Marechal Floriano - ES,17641,56,56,317.4423,309.4129,62.6109,0.8944,57,57,323.1109,315.0584,66.4336,0.8580,22,25,9
3203353,320335,Marilândia - ES,12387,35,35,282.5543,224.1460,53.9167,0.6491,36,36,290.6273,229.7345,57.1198,0.6303,15,16,4
3203403,320340,Mimoso do Sul - ES,24475,65,65,265.5771,210.7083,105.2434,0.6176,70,70,286.0061,226.8807,111.4882,0.6279,15,37,13
3203502,320350,Montanha - ES,18900,60,60,317.4603,278.4910,73.6002,0.8152,66,66,349.2063,308.7099,78.0265,0.8459,18,36,6
3203601,320360,Mucurici - ES,5466,13,13,237.8339,193.3759,23.5935,0.5510,13,13,237.8339,193.3759,24.9924,0.5202,2,8,3
3203700,320370,Muniz Freire - ES,18153,50,50,275.4366,241.6700,71.6250,0.6981,52,52,286.4540,251.0369,75.9264,0.6849,11,34,5
3203809,320380,Muqui - ES,13745,48,48,349.2179,276.4164,59.6728,0.8044,51,51,371.0440,297.0434,63.2110,0.8068,13,31,4
3203908,320390,Nova Venécia - ES,49065,143,143,291.4501,274.2300,180.5212,0.7922,156,156,317.9456,299.2975,191.4966,0.8146,37,88,18
3204005,320400,Pancas - ES,18893,31,31,164.0819,137.1709,77.8446,0.3982,33,33,174.6679,147.3450,82.4833,0.4001,11,20,0
3204054,320405,Pedro Canário - ES,21522,62,62,288.0773,304.9185,70.7273,0.8766,64,64,297.3701,314.2533,75.0826,0.8524,23,34,5
3204104,320410,Pinheiros - ES,23915,88,88,367.9699,365.6518,83.5795,1.0529,90,90,376.3328,374.1515,88.6803,1.0149,25,48,15
3204203,320420,Piúma - ES,22300,93,93,417.0404,399.2178,80.7843,1.1512,95,95,426.0090,407.2738,85.6941,1.1086,40,42,11
3204252,320425,Ponto Belo - ES,6497,14,14,215.4841,165.4440,29.0164,0.4825,14,14,215.4841,165.4440,30.7225,0.4557,5,7,2
3204302,320430,Presidente Kennedy - ES,13696,52,52,379.6729,387.0364,46.8225,1.1106,57,57,416.1799,426.6508,49.6952,1.1470,19,30,3
3204351,320435,Rio Bananal - ES,19274,33,33,171.2151,170.0100,67.6151,0.4881,35,35,181.5918,179.9405,71.7550,0.4878,13,17,3
3204401,320440,Rio Novo do Sul - ES,11069,35,35,316.1984,260.2782,46.8457,0.7471,36,36,325.2326,267.8867,49.6336,0.7253,13,18,4
3204500,320450,Santa Leopoldina - ES,13106,21,21,160.2320,131.3621,54.8462,0.3829,22,22,167.8620,139.1747,58.1053,0.3786,10,11,0
3204559,320455,Santa Maria de Jetibá - ES,41636,72,72,172.9273,202.5516,123.9756,0.5808,73,73,175.3290,204.7106,131.8211,0.5538,21,39,12
3204609,320460,Santa Teresa - ES,22808,65,65,284.9877,214.6665,102.0132,0.6372,66,66,289.3722,218.3183,108.0496,0.6108,17,41,7
3204658,320465,São Domingos do Norte - ES,8589,25,25,291.0700,267.7783,32.4229,0.7711,25,25,291.0700,267.7783,34.3873,0.7270,9,14,2
3204708,320470,São Gabriel da Palha - ES,32252,78,78,241.8455,228.2703,118.6808,0.6572,85,85,263.5495,248.5942,125.9024,0.6751,34,38,6
3204807,320480,São José do Calçado - ES,10878,60,60,551.5720,394.8627,50.7567,1.1821,66,66,606.7292,447.2067,53.7331,1.2283,16,38,6
3204906,320490,São Mateus - ES,123752,307,307,248.0768,275.5852,387.7284,0.7918,335,335,270.7027,300.3482,411.8862,0.8133,111,145,51
3204955,320495,São Roque do Canaã - ES,10886,19,19,174.5361,123.8974,51.5420,0.3686,19,19,174.5361,123.8974,54.5646,0.3482,10,8,1
3205002,320500,Serra - ES,520653,1535,1535,294.8221,377.9453,1463.6545,1.0487,1606,1606,308.4588,394.6112,1556.8963,1.0315,648,751,136
3205010,320501,Sooretama - ES,26502,61,61,230.1713,308.9428,69.9052,0.8726,65,65,245.2645,327.4853,74.3910,0.8738,25,32,4
3205036,320503,Vargem Alta - ES,19563,43,43,219.8027,201.5367,73.4842,0.5852,45,45,230.0261,210.2019,77.9314,0.5774,16,22,5
3205069,320506,Venda Nova do Imigrante - ES,23831,49,49,205.6145,199.1794,85.2000,0.5751,51,51,214.0070,207.2874,90.4213,0.5640,16,29,4
3205101,320510,Viana - ES,73423,244,244,332.3209,391.5687,212.6209,1.1476,251,251,341.8547,403.3916,226.0874,1.1102,94,129,21
3205150,320515,Vila Pavão - ES,8911,15,15,168.3313,161.1965,32.7390,0.4582,16,16,179.5534,170.7555,34.7264,0.4607,3,10,2
3205176,320517,Vila Valério - ES,13728,27,27,196.6783,200.8124,47.3488,0.5702,29,29,211.2471,215.6136,50.2577,0.5770,10,15,2
3205200,320520,Vila Velha - ES,467722,1856,1856,396.8169,370.7188,1734.6909,1.0699,1916,1916,409.6450,382.8989,1840.2413,1.0412,750,921,185
3205309,320530,Vitória - ES,322869,1200,1200,371.6678,298.5357,1364.0434,0.8797,1234,1234,382.1984,308.1014,1445.4452,0.8537,582,498,120
3300100,330010,Angra dos Reis - RJ,167434,619,619,369.6979,410.3491,531.7491,1.1641,649,649,387.6154,429.9996,564.7448,1.1492,287,288,44
3300159,330015,Aperibé - RJ,11034,41,41,371.5788,296.7623,47.3312,0.8662,44,44,398.7674,317.4453,50.1413,0.8775,11,22,8
3300209,330020,Araruama - RJ,129671,496,496,382.5065,314.4700,555.9927,0.8921,527,527,406.4132,335.2056,588.8843,0.8949,154,311,31
3300225,330022,Areal - RJ,11828,59,59,498.8164,454.0610,46.0235,1.2820,65,65,549.5435,501.3820,48.7936,1.3321,19,37,3
3300233,330023,Armação dos Búzios - RJ,40006,117,117,292.4561,331.5174,124.5376,0.9395,127,127,317.4524,358.9050,132.2951,0.9600,25,84,8
3300258,330025,Arraial do Cabo - RJ,30986,125,125,403.4080,337.0888,125.1953,0.9984,139,139,448.5897,375.3949,132.6690,1.0477,36,74,15
3300308,330030,Barra do Piraí - RJ,92883,428,428,460.7948,375.5527,391.1822,1.0941,470,470,506.0129,414.6405,414.4166,1.1341,122,263,43
3300407,330040,Barra Mansa - RJ,169894,840,840,494.4259,417.6567,694.8102,1.2090,849,849,499.7234,422.1672,736.2903,1.1531,281,505,54
3300456,330045,Belford Roxo - RJ,483087,1524,1524,315.4711,347.7579,1509.0149,1.0099,1643,1643,340.1044,374.4731,1602.8963,1.0250,589,860,75
3300506,330050,Bom Jardim - RJ,28102,77,77,274.0019,242.1093,110.0094,0.6999,81,81,288.2357,255.5616,116.6210,0.6946,16,49,12
3300605,330060,Bom Jesus do Itabapoana - RJ,35173,165,165,469.1098,366.2471,155.6313,1.0602,176,176,500.3838,392.5430,164.8337,1.0677,40,114,11
3300704,330070,Cabo Frio - RJ,222161,732,731,329.4908,304.4088,831.2551,0.8794,858,857,386.2064,357.6345,881.4230,0.9723,219,455,58
3300803,330080,Cachoeiras de Macacu - RJ,56943,171,171,300.3003,271.3543,221.0426,0.7736,191,191,335.4231,303.5523,234.3282,0.8151,66,83,22
3300902,330090,Cambuci - RJ,14616,34,34,232.6218,181.2302,70.8508,0.4799,40,40,273.6727,213.8685,74.9879,0.5334,9,19,6
3300936,330093,Carapebus - RJ,13847,30,30,216.6534,202.6311,51.0906,0.5872,32,32,231.0970,217.8308,54.1755,0.5907,13,14,3
3300951,330095,Comendador Levy Gasparian - RJ,8741,40,40,457.6135,402.6506,34.6142,1.1556,41,41,469.0539,412.2900,36.6871,1.1176,11,25,4
3301009,330100,Campos dos Goytacazes - RJ,483540,2221,2221,459.3208,438.5723,1749.2798,1.2697,2300,2300,475.6587,454.3638,1855.7099,1.2394,659,1359,203
3301108,330110,Cantagalo - RJ,19390,68,68,350.6962,282.7206,85.4010,0.7962,70,70,361.0108,293.5463,90.4445,0.7740,10,53,5
3301157,330115,Cardoso Moreira - RJ,12958,46,46,354.9931,256.0683,59.3600,0.7749,51,51,393.5793,286.1040,62.8483,0.8115,21,17,8
3301207,330120,Carmo - RJ,17198,64,64,372.1363,296.1303,74.2248,0.8622,70,70,407.0241,328.5528,78.6186,0.8904,10,47,7
3301306,330130,Casimiro de Abreu - RJ,46110,149,149,323.1403,316.6110,162.6241,0.9162,165,165,357.8399,350.1031,172.5209,0.9564,43,92,14
3301405,330140,Conceição de Macabu - RJ,21104,82,82,388.5519,341.1016,83.0816,0.9870,87,87,412.2441,361.8444,88.0641,0.9879,19,57,6
3301504,330150,Cordeiro - RJ,20783,82,82,394.5532,318.0174,89.4086,0.9171,85,85,408.9881,330.8163,94.7133,0.8974,16,59,7
3301603,330160,Duas Barras - RJ,10980,27,27,245.9016,216.5642,43.3671,0.6226,29,29,264.1166,231.3434,45.9657,0.6309,4,18,5
3301702,330170,Duque de Caxias - RJ,808161,3827,3827,473.5443,486.8278,2710.1242,1.4121,4072,4072,503.8600,518.0769,2876.6897,1.4155,1652,1971,204
3301801,330180,Engenheiro Paulo de Frontin - RJ,12242,63,63,514.6218,389.2592,56.0616,1.1238,70,70,571.8020,433.4214,59.3614,1.1792,8,48,7
3301850,330185,Guapimirim - RJ,51696,196,196,379.1396,383.9927,176.5876,1.1099,226,226,437.1712,442.6650,187.4113,1.2059,88,96,12
3301876,330187,Iguaba Grande - RJ,27920,150,150,537.2493,393.2572,131.7445,1.1386,159,159,569.4842,419.9769,139.4414,1.1403,44,98,8
3301900,330190,Itaboraí - RJ,224267,909,908,405.3204,398.9191,783.1977,1.1593,1002,1001,446.7889,439.1757,831.0177,1.2045,309,509,91
3302007,330200,Itaguaí - RJ,116841,476,476,407.3912,429.9401,379.6977,1.2536,522,522,446.7610,472.8048,403.1409,1.2948,181,268,27
3302056,330205,Italva - RJ,14073,68,68,483.1948,343.8791,69.6043,0.9770,68,68,483.1948,343.8791,73.6646,0.9231,20,38,10
3302106,330210,Itaocara - RJ,22919,107,107,466.8616,333.4042,112.5748,0.9505,109,109,475.5879,339.3586,119.1416,0.9149,38,56,13
3302205,330220,Itaperuna - RJ,101041,381,381,377.0747,306.9793,427.8734,0.8905,409,409,404.7862,330.0998,453.3451,0.9022,135,219,27
3302254,330225,Itatiaia - RJ,30908,108,108,349.4241,337.5073,111.9678,0.9646,119,119,385.0136,371.4257,118.7694,1.0019,29,67,12
3302270,330227,Japeri - RJ,96289,228,228,236.7872,300.6364,263.7434,0.8645,254,254,263.7892,333.5328,280.5914,0.9052,80,136,12
3302304,330230,Laje do Muriaé - RJ,7336,35,35,477.0992,373.9841,31.6753,1.1050,40,40,545.2563,428.0229,33.5511,1.1922,15,19,1
3302403,330240,Macaé - RJ,246391,862,862,349.8504,418.5932,722.2866,1.1934,886,886,359.5911,429.1936,767.9396,1.1537,267,520,75
3302452,330245,Macuco - RJ,5415,35,35,646.3527,573.5980,21.3388,1.6402,39,39,720.2216,656.6500,22.6129,1.7247,9,23,3
3302502,330250,Magé - RJ,228127,895,895,392.3253,396.0569,780.4808,1.1467,1054,1054,462.0233,466.0897,828.2635,1.2725,364,482,49
3302601,330260,Mangaratiba - RJ,41220,215,215,521.5915,454.1549,164.7491,1.3050,226,226,548.2775,478.4724,174.5966,1.2944,84,127,4
3302700,330270,Maricá - RJ,197277,792,792,401.4660,354.7729,773.9136,1.0234,862,862,436.9491,385.8094,820.2564,1.0509,253,483,56
3302809,330280,Mendes - RJ,17502,78,78,445.6634,343.9093,81.5751,0.9562,84,84,479.9451,375.4218,86.3573,0.9727,16,55,7
3302858,330285,Mesquita - RJ,167127,738,738,441.5804,416.8985,609.3328,1.2112,793,793,474.4895,447.9440,646.3203,1.2269,296,407,35
3302908,330290,Miguel Pereira - RJ,26582,88,88,331.0511,239.1691,134.1394,0.6560,94,94,353.6228,252.3688,141.9359,0.6623,31,51,6
3303005,330300,Miracema - RJ,26881,138,138,513.3738,415.5113,114.3864,1.2064,142,142,528.2542,428.9330,121.1822,1.1718,29,95,14
3303104,330310,Natividade - RJ,15074,55,55,364.8667,285.9674,70.0980,0.7846,59,59,391.4024,306.5210,74.2129,0.7950,19,29,7
3303203,330320,Nilópolis - RJ,146774,814,814,554.5941,464.5249,606.4632,1.3422,871,871,593.4294,498.1263,642.6575,1.3553,343,426,45
3303302,330330,Niterói - RJ,481749,3002,3002,623.1461,418.9416,2412.2378,1.2445,3089,3089,641.2053,433.4406,2553.1114,1.2099,1227,1508,267
3303401,330340,Nova Friburgo - RJ,189939,853,853,449.0916,353.1837,842.4307,1.0125,945,945,497.5282,391.9556,892.2422,1.0591,195,572,86
3303500,330350,Nova Iguaçu - RJ,785867,3133,3133,398.6680,400.8091,2697.2020,1.1616,3370,3370,428.8257,431.4566,2862.4484,1.1773,1237,1728,168
3303609,330360,Paracambi - RJ,41375,222,222,536.5559,464.0413,164.1355,1.3525,237,237,572.8097,495.5965,173.9960,1.3621,65,145,12
3303708,330370,Paraíba do Sul - RJ,42063,171,171,406.5331,339.3425,173.1098,0.9878,191,191,454.0808,379.6414,183.4197,1.0413,46,113,12
3303807,330380,Paraty - RJ,45243,130,130,287.3373,347.2282,137.0264,0.9487,143,143,316.0710,379.0635,145.6047,0.9821,55,70,5
3303856,330385,Paty do Alferes - RJ,29619,115,115,388.2643,344.3342,115.3266,0.9972,120,120,405.1453,359.0738,122.2606,0.9815,20,89,6
3303906,330390,Petrópolis - RJ,278881,1714,1714,614.5991,475.4792,1258.0655,1.3624,1782,1782,638.9822,495.0870,1332.2985,1.3375,428,1125,161
3303955,330395,Pinheiral - RJ,24298,62,62,255.1650,240.7589,89.9156,0.6895,64,64,263.3962,248.1028,95.3535,0.6712,8,51,3
3304003,330400,Piraí - RJ,27474,126,126,458.6154,404.4216,107.8139,1.1687,134,134,487.7339,431.1560,114.2844,1.1725,36,76,14
3304102,330410,Porciúncula - RJ,17288,79,79,456.9644,363.2633,71.7619,1.1009,96,96,555.2985,445.7121,76.0386,1.2625,35,39,5
3304110,330411,Porto Real - RJ,20373,75,75,368.1343,416.6633,63.3406,1.1841,81,81,397.5850,451.4225,67.2880,1.2038,34,32,9
3304128,330412,Quatis - RJ,13682,31,31,226.5751,206.3598,51.2613,0.6047,33,33,241.1928,221.3431,54.3586,0.6071,10,17,4
3304144,330414,Queimados - RJ,140523,463,463,329.4834,359.0893,440.9259,1.0501,537,537,382.1438,416.6459,468.3210,1.1466,179,260,24
3304151,330415,Quissamã - RJ,22393,143,143,638.5924,599.2200,82.3908,1.7356,154,154,687.7149,645.6509,87.3741,1.7625,45,89,9
3304201,330420,Resende - RJ,129612,587,587,452.8902,428.3122,473.3729,1.2400,616,616,475.2646,449.6912,502.1719,1.2267,186,343,58
3304300,330430,Rio Bonito - RJ,56276,249,249,442.4622,384.9455,223.0348,1.1164,280,280,497.5478,432.3512,236.4091,1.1844,91,135,23
3304409,330440,Rio Claro - RJ,17401,81,81,465.4905,388.4681,71.7401,1.1291,86,86,494.2245,413.5778,76.0089,1.1314,22,52,7
3304508,330450,Rio das Flores - RJ,8954,29,29,323.8776,276.3981,35.5123,0.8166,31,31,346.2140,295.0330,37.6402,0.8236,7,21,1
3304524,330452,Rio das Ostras - RJ,156491,522,522,333.5655,360.1611,499.9007,1.0442,566,566,361.6821,390.2473,530.8794,1.0662,146,336,40
3304557,330455,Rio de Janeiro - RJ,6211223,35072,35071,564.6553,452.8130,26636.4073,1.3167,35923,35921,578.3563,464.9223,28221.3730,1.2728,16585,16271,2216
3304607,330460,Santa Maria Madalena - RJ,10232,35,35,342.0641,252.3480,49.0181,0.7140,36,36,351.8374,263.0899,51.8791,0.6939,7,24,4
3304706,330470,Santo Antônio de Pádua - RJ,41325,196,196,474.2892,380.6345,179.6818,1.0908,201,201,486.3884,391.9086,190.3367,1.0560,45,132,19
3304755,330475,São Francisco de Itabapoana - RJ,45059,204,204,452.7397,421.7459,168.2375,1.2126,216,216,479.3715,447.2829,178.3920,1.2108,41,148,15
3304805,330480,São Fidélis - RJ,38961,185,185,474.8338,366.6997,172.3502,1.0734,236,236,605.7339,469.0510,182.5325,1.2929,70,87,28
3304904,330490,São Gonçalo - RJ,896744,4522,4522,504.2688,438.0148,3562.5170,1.2693,4711,4711,525.3450,457.1278,3776.4216,1.2475,1724,2454,344
3305000,330500,São João da Barra - RJ,36573,197,197,538.6487,467.0805,144.9798,1.3588,212,212,579.6626,502.7718,153.6674,1.3796,57,121,19
3305109,330510,São João de Meriti - RJ,440962,1823,1823,413.4143,402.4522,1561.5807,1.1674,1925,1925,436.5456,425.0185,1656.7827,1.1619,803,934,86
3305133,330513,São José de Ubá - RJ,7070,17,17,240.4526,186.7127,32.3564,0.5254,18,18,254.5969,195.8943,34.2610,0.5254,12,5,0
3305158,330515,São José do Vale do Rio Preto - RJ,22080,87,87,394.0217,402.3329,75.7602,1.1484,92,92,416.6667,425.2463,80.4101,1.1441,30,52,5
3305208,330520,São Pedro da Aldeia - RJ,104029,426,426,409.5012,401.8393,366.1631,1.1634,456,456,438.3393,430.0521,388.4882,1.1738,140,271,15
3305307,330530,São Sebastião do Alto - RJ,7750,34,34,438.7097,325.0811,35.9157,0.9467,40,40,516.1290,379.9454,38.0223,1.0520,11,19,4
3305406,330540,Sapucaia - RJ,17729,102,102,575.3286,476.2627,73.9702,1.3789,121,121,682.4976,564.2089,78.3689,1.5440,33,61,8
3305505,330550,Saquarema - RJ,89559,358,358,399.7365,319.7213,386.1836,0.9270,397,397,443.2832,359.9956,409.0200,0.9706,105,216,37
3305554,330555,Seropédica - RJ,80596,321,321,398.2828,404.2511,270.1046,1.1884,332,332,411.9311,418.7537,286.7072,1.1580,103,199,19
3305604,330560,Silva Jardim - RJ,21352,75,75,351.2552,329.4791,78.7651,0.9522,79,79,369.9888,346.2811,83.5276,0.9458,21,45,9
3305703,330570,Sumidouro - RJ,15206,65,65,427.4628,446.1834,52.3079,1.2426,67,67,440.6155,460.8644,55.5177,1.2068,18,43,4
3305752,330575,Tanguá - RJ,31086,140,140,450.3635,445.7309,108.8317,1.2864,165,165,530.7856,526.7179,115.4677,1.4290,51,71,18
3305802,330580,Teresópolis - RJ,165123,982,982,594.7082,499.9789,674.2356,1.4565,1058,1058,640.7345,539.1197,714.5307,1.4807,313,586,83
3305901,330590,Trajano de Moraes - RJ,10302,25,25,242.6713,196.0232,45.6384,0.5478,28,28,271.7919,217.4085,48.3307,0.5793,3,17,5
3306008,330600,Três Rios - RJ,78346,333,333,425.0377,373.1960,310.1201,1.0738,368,368,469.7113,413.6307,328.7203,1.1195,118,186,29
3306107,330610,Valença - RJ,68088,279,279,409.7638,315.6592,311.9713,0.8943,282,282,414.1699,320.1296,330.3135,0.8537,64,186,29
3306156,330615,Varre-Sai - RJ,10207,28,28,274.3215,273.5254,34.8451,0.8036,29,29,284.1187,282.0306,36.9775,0.7843,10,13,5
3306206,330620,Vassouras - RJ,33976,185,185,544.5020,456.4654,141.5913,1.3066,192,192,565.1048,475.8061,150.0240,1.2798,37,134,14
3306305,330630,Volta Redonda - RJ,261563,1546,1546,591.0622,481.9939,1107.8547,1.3955,1580,1580,604.0610,493.6190,1173.7103,1.3462,447,958,141
3500105,350010,Adamantina - SP,34687,190,190,547.7556,400.2477,169.2047,1.1229,192,192,553.5215,403.6615,179.1210,1.0719,17,132,41
3500204,350020,Adolfo - SP,4351,24,24,551.5973,473.5879,19.0918,1.2571,26,26,597.5638,507.6097,20.2207,1.2858,4,16,4
3500303,350030,Aguaí - SP,32072,146,146,455.2257,436.8350,116.5824,1.2523,153,153,477.0516,458.2859,123.6709,1.2372,14,111,21
3500402,350040,Águas da Prata - SP,7369,46,46,624.2367,348.5088,41.9880,1.0956,47,47,637.8070,356.0267,44.3982,1.0586,5,25,16
3500501,350050,Águas de Lindóia - SP,17930,57,57,317.9030,244.3984,85.6141,0.6658,69,69,384.8299,292.6794,90.6264,0.7614,7,42,8
3500550,350055,Águas de Santa Bárbara - SP,7177,25,25,348.3350,275.7120,32.1701,0.7771,25,25,348.3350,275.7120,34.0599,0.7340,1,19,5
3500600,350060,Águas de São Pedro - SP,2780,15,15,539.5683,260.2310,18.9100,0.7932,16,16,575.5396,279.6626,19.9766,0.8009,1,10,4
3500709,350070,Agudos - SP,37680,122,122,323.7792,308.7650,137.6408,0.8864,127,127,337.0488,321.5758,146.0059,0.8698,19,91,12
3500758,350075,Alambari - SP,6141,26,26,423.3838,416.8675,21.8945,1.1875,27,27,439.6678,433.9140,23.2268,1.1625,5,20,1
3500808,350080,Alfredo Marcondes - SP,4445,21,21,472.4409,280.7290,22.5722,0.9303,21,21,472.4409,280.7290,23.8855,0.8792,3,12,6
3500907,350090,Altair - SP,3451,19,19,550.5651,512.3748,13.1457,1.4453,19,19,550.5651,512.3748,13.9392,1.3631,3,14,2
3501004,350100,Altinópolis - SP,16818,73,73,434.0587,348.1736,70.4201,1.0366,73,73,434.0587,348.1736,74.6215,0.9783,8,47,18
3501103,350110,Alto Alegre - SP,3841,25,25,650.8722,513.4122,21.2272,1.1777,26,26,676.9071,527.0187,22.4488,1.1582,2,17,6
3501152,350115,Alumínio - SP,17301,61,61,352.5808,370.0656,56.6644,1.0765,65,65,375.7008,395.1048,60.1650,1.0804,12,46,3
3501202,350120,Álvares Florence - SP,3915,19,19,485.3129,325.5415,22.2126,0.8554,23,23,587.4840,398.4014,23.4843,0.9794,6,11,2
3501301,350130,Álvares Machado - SP,27255,91,91,333.8837,302.0089,104.6219,0.8698,100,100,366.9052,332.1747,110.9369,0.9014,14,66,11
3501400,350140,Álvaro de Carvalho - SP,4808,8,8,166.3894,189.8832,14.6517,0.5460,9,9,187.1880,218.6549,15.5933,0.5772,4,4,0
3501509,350150,Alvinlândia - SP,2885,10,10,346.6205,294.5676,11.2743,0.8870,10,10,346.6205,294.5676,11.9498,0.8368,0,9,1
3501608,350160,Americana - SP,237240,941,941,396.6447,341.7704,954.9861,0.9854,1036,1036,436.6886,376.5636,1012.3956,1.0233,207,606,128
3501707,350170,Américo Brasiliense - SP,33019,123,123,372.5128,421.9127,102.2978,1.2024,130,130,393.7127,448.4361,108.6860,1.1961,17,95,11
3501806,350180,Américo de Campos - SP,5870,39,39,664.3952,481.7906,28.8815,1.3503,42,42,715.5026,520.7319,30.5657,1.3741,12,24,3
3501905,350190,Amparo - SP,68008,315,315,463.1808,371.1335,295.0909,1.0675,326,326,479.3554,384.7802,312.6403,1.0427,42,227,46
3502002,350200,Analândia - SP,4589,11,11,239.7036,208.1361,18.5566,0.5928,12,12,261.4949,224.2696,19.6674,0.6101,1,8,2
3502101,350210,Andradina - SP,59783,278,278,465.0151,387.9776,253.9541,1.0947,335,335,560.3600,466.7872,269.0857,1.2450,60,185,33
3502200,350220,Angatuba - SP,24022,100,100,416.2851,395.1834,87.1503,1.1474,102,102,424.6108,403.3026,92.4430,1.1034,14,71,15
3502309,350230,Anhembi - SP,5674,15,15,264.3638,258.1937,20.8273,0.7202,15,15,264.3638,258.1937,22.0829,0.6793,1,10,4
3502408,350240,Anhumas - SP,4023,10,10,248.5707,204.0721,17.3218,0.5773,12,12,298.2849,243.5343,18.3502,0.6539,0,5,5
3502507,350250,Aparecida - SP,32569,124,124,380.7301,332.4644,129.8189,0.9552,136,136,417.5750,365.4104,137.6094,0.9883,20,99,5
3502606,350260,Aparecida d'Oeste - SP,4086,27,27,660.7930,387.6541,21.7596,1.2408,27,27,660.7930,387.6541,23.0133,1.1732,11,15,1
3502705,350270,Apiaí - SP,24585,108,108,439.2923,429.2364,86.0938,1.2544,115,115,467.7649,457.1352,91.3453,1.2590,11,86,11
3502754,350275,Araçariguama - SP,21522,71,71,329.8950,402.1062,60.8187,1.1674,78,78,362.4198,439.0878,64.6824,1.2059,13,56,2
3502804,350280,Araçatuba - SP,200124,984,984,491.6951,414.1490,833.1081,1.1811,996,996,497.6914,419.4735,882.8730,1.1281,204,702,78
3502903,350290,Araçoiaba da Serra - SP,32443,131,131,403.7851,346.4634,136.8026,0.9576,136,136,419.1967,359.6401,144.9057,0.9385,26,89,16
3503000,350300,Aramina - SP,5420,29,29,535.0554,458.0439,24.0456,1.2060,29,29,535.0554,458.0439,25.4677,1.1387,9,17,3
3503109,350310,Arandu - SP,6885,20,20,290.4866,280.9144,25.4670,0.7853,20,20,290.4866,280.9144,27.0095,0.7405,4,15,1
3503158,350315,Arapeí - SP,2330,11,11,472.1030,383.0126,10.3288,1.0650,11,11,472.1030,383.0126,10.9361,1.0058,4,5,2
3503208,350320,Araraquara - SP,242228,740,740,305.4973,266.2887,970.0002,0.7629,764,764,315.4053,275.1452,1028.3418,0.7429,89,517,134
3503307,350330,Araras - SP,130866,455,455,347.6839,306.2252,516.3019,0.8813,472,472,360.6743,317.8092,547.4070,0.8622,89,306,60
3503356,350335,Arco-Íris - SP,2044,10,10,489.2368,353.2817,9.1953,1.0875,10,10,489.2368,353.2817,9.7370,1.0270,2,6,2
3503406,350340,Arealva - SP,8130,29,29,356.7036,234.2716,41.2340,0.7033,33,33,405.9041,267.2257,43.6269,0.7564,4,18,7
3503505,350350,Areias - SP,3577,11,11,307.5203,255.4325,14.5726,0.7548,12,12,335.4767,278.5362,15.4424,0.7771,0,9,2
3503604,350360,Areiópolis - SP,10130,31,31,306.0217,345.3472,31.4360,0.9861,32,32,315.8934,357.2190,33.3986,0.9581,4,22,5
3503703,350370,Ariranha - SP,7602,38,38,499.8685,408.4185,33.0391,1.1502,38,38,499.8685,408.4185,34.9962,1.0858,10,21,7
3503802,350380,Artur Nogueira - SP,51456,167,167,324.5491,341.4731,167.6863,0.9959,174,174,338.1530,356.0651,178.0824,0.9771,37,114,16
3503901,350390,Arujá - SP,86678,363,363,418.7914,460.7289,271.8620,1.3352,370,370,426.8673,468.9753,288.7708,1.2813,119,222,22
3503950,350395,Aspásia - SP,1842,11,11,597.1770,431.9600,9.1361,1.2040,11,11,597.1770,431.9600,9.6670,1.1379,2,7,2
3504008,350400,Assis - SP,101409,456,456,449.6642,388.7617,412.1677,1.1063,478,478,471.3586,407.6562,436.8543,1.0942,38,367,51
3504107,350410,Atibaia - SP,158647,550,550,346.6816,307.2117,617.7059,0.8904,584,584,368.1129,326.1963,654.9163,0.8917,78,382,90
3504206,350420,Auriflama - SP,13692,82,82,598.8899,465.6768,62.8125,1.3055,83,83,606.1934,470.6519,66.5108,1.2479,11,61,10
3504305,350430,Avaí - SP,4483,14,14,312.2909,287.8708,17.0689,0.8202,15,15,334.5974,306.8500,18.0981,0.8288,2,11,1
3504404,350440,Avanhandava - SP,11263,48,48,426.1742,458.1512,36.3617,1.3201,53,53,470.5673,506.4327,38.6315,1.3719,10,33,5
3504503,350450,Avaré - SP,92805,318,318,342.6540,320.0619,348.0025,0.9138,326,326,351.2742,328.2456,369.0924,0.8832,21,251,46
3504602,350460,Bady Bassitt - SP,27260,91,91,333.8225,368.2365,85.7112,1.0617,96,96,352.1643,389.8310,91.0926,1.0539,24,55,12
3504701,350470,Balbinos - SP,3887,2,2,51.4536,82.5623,9.5516,0.2094,4,4,102.9071,161.8668,10.2147,0.3916,1,1,0
3504800,350480,Bálsamo - SP,9596,80,80,833.6807,661.7125,41.5808,1.9240,80,80,833.6807,661.7125,44.0490,1.8162,29,41,10
3504909,350490,Bananal - SP,9969,28,28,280.8707,224.6442,42.2707,0.6624,28,28,280.8707,224.6442,44.7829,0.6252,6,17,5
3505005,350500,Barão de Antonina - SP,3531,12,12,339.8471,308.0099,14.7701,0.8124,12,12,339.8471,308.0099,15.6467,0.7669,1,10,1
3505104,350510,Barbosa - SP,5640,25,25,443.2624,404.5206,22.6875,1.1019,25,25,443.2624,404.5206,24.0446,1.0397,2,19,4
3505203,350520,Bariri - SP,31595,154,154,487.4189,404.8884,135.2531,1.1386,171,171,541.2249,448.2828,143.2936,1.1934,22,114,18
3505302,350530,Barra Bonita - SP,34346,151,151,439.6436,345.6609,155.3173,0.9722,153,153,445.4667,349.8986,164.4876,0.9302,27,110,14
3505351,350535,Barra do Chapéu - SP,5179,20,20,386.1749,397.1693,17.5880,1.1371,20,20,386.1749,397.1693,18.6668,1.0714,0,15,5
3505401,350540,Barra do Turvo - SP,6876,28,28,407.2135,333.9907,28.4901,0.9828,30,30,436.3002,362.5672,30.1797,0.9940,5,19,4
3505500,350550,Barretos - SP,122485,671,671,547.8222,495.2815,470.3623,1.4266,695,695,567.4164,512.8095,498.8307,1.3933,158,442,71
3505609,350560,Barrinha - SP,32092,132,132,411.3175,521.4545,88.2968,1.4950,138,138,430.0137,549.8297,93.9424,1.4690,39,78,15
3505708,350570,Barueri - SP,316473,1189,1189,375.7035,479.4044,861.5473,1.3801,1322,1322,417.7292,532.7431,916.6822,1.4422,435,671,83
3505807,350580,Bastos - SP,21503,97,97,451.0998,393.5217,87.5331,1.1082,99,99,460.4009,401.2237,92.7604,1.0673,7,82,8
3505906,350590,Batatais - SP,58402,208,208,356.1522,293.0508,247.6984,0.8397,212,212,363.0013,298.6809,262.4617,0.8077,38,137,33
3506003,350600,Bauru - SP,379146,1372,1372,361.8659,323.7426,1470.3417,0.9331,1500,1500,395.6260,354.1561,1559.1795,0.9620,269,913,190
3506102,350610,Bebedouro - SP,76373,454,454,594.4509,504.0934,321.1959,1.4135,463,463,606.2352,513.8284,340.3567,1.3603,58,346,50
3506201,350620,Bento de Abreu - SP,2606,5,5,191.8649,172.2601,10.1071,0.4947,6,6,230.2379,207.7439,10.7159,0.5599,1,4,0
3506300,350630,Bernardino de Campos - SP,11607,45,45,387.6971,294.7439,50.9694,0.8829,49,49,422.1590,322.4151,54.0094,0.9072,6,26,13
3506359,350635,Bertioga - SP,64188,190,190,296.0055,356.1412,183.1160,1.0376,196,196,305.3530,365.9728,194.7005,1.0067,53,126,11
3506409,350640,Bilac - SP,7319,33,33,450.8813,352.2806,34.5802,0.9543,34,34,464.5443,360.9346,36.6072,0.9288,5,25,3
3506508,350650,Birigui - SP,118979,615,615,516.8979,460.1803,466.4354,1.3185,633,633,532.0267,474.0360,494.4995,1.2801,116,469,30
3506607,350660,Biritiba Mirim - SP,29683,120,120,404.2718,380.4569,107.6729,1.1145,122,122,411.0097,386.7307,114.2084,1.0682,34,74,12
3506706,350670,Boa Esperança do Sul - SP,12978,33,33,254.2765,247.7187,45.0919,0.7318,39,39,300.5086,294.5481,47.8494,0.8151,7,20,6
3506805,350680,Bocaina - SP,11259,34,34,301.9806,276.1163,43.4962,0.7817,40,40,355.2713,321.9974,46.1171,0.8674,4,27,3
3506904,350690,Bofete - SP,10460,30,30,286.8069,241.2674,46.2609,0.6485,32,32,305.9273,254.8694,48.9830,0.6533,4,21,5
3507001,350700,Boituva - SP,61081,216,216,353.6288,352.3143,209.9192,1.0290,224,224,366.7262,365.3153,222.8203,1.0053,28,171,17
3507100,350710,Bom Jesus dos Perdões - SP,22006,82,82,372.6256,383.0648,73.9049,1.1095,85,85,386.2583,397.2930,78.4654,1.0833,7,65,10
3507159,350715,Bom Sucesso de Itararé - SP,3555,6,6,168.7764,252.1218,9.5536,0.6280,6,6,168.7764,252.1218,10.1639,0.5903,2,4,0
3507209,350720,Borá - SP,907,1,1,110.2536,103.3955,3.6378,0.2749,1,1,110.2536,103.3955,3.8552,0.2594,0,1,0
3507308,350730,Boracéia - SP,4715,23,23,487.8049,476.3300,16.6548,1.3810,26,26,551.4316,539.2131,17.6730,1.4712,3,19,1
3507407,350740,Borborema - SP,14226,60,60,421.7630,337.2692,65.6580,0.9138,62,62,435.8217,349.8964,69.5148,0.8919,9,45,6
3507456,350745,Borebi - SP,2713,4,4,147.4383,162.7405,8.8326,0.4529,4,4,147.4383,162.7405,9.3771,0.4266,2,2,0
3507506,350750,Botucatu - SP,145155,384,384,264.5448,233.3416,568.1393,0.6759,413,413,284.5234,250.9844,602.3870,0.6856,59,267,58
3507605,350760,Bragança Paulista - SP,176811,647,647,365.9275,337.4052,663.4252,0.9752,661,661,373.8455,344.7066,703.6938,0.9393,106,490,51
3507704,350770,Braúna - SP,5356,27,27,504.1075,403.6857,24.7600,1.0905,27,27,504.1075,403.6857,26.2175,1.0298,7,18,2
3507753,350775,Brejo Alegre - SP,2565,17,17,662.7680,541.1728,10.5833,1.6063,18,18,701.7544,580.7988,11.2123,1.6054,7,9,1
3507803,350780,Brodowski - SP,25201,116,116,460.2992,423.0198,95.5554,1.2140,124,124,492.0440,452.7830,101.3425,1.2236,27,81,8
3507902,350790,Brotas - SP,23898,78,78,326.3871,288.0390,97.1129,0.8032,91,91,380.7850,330.3943,102.9242,0.8841,6,63,9
3508009,350800,Buri - SP,20250,111,111,548.1481,621.3782,61.2674,1.8117,115,115,567.9012,643.8071,65.0951,1.7666,12,79,20
3508108,350810,Buritama - SP,17210,90,90,522.9518,418.8722,75.4367,1.1931,94,94,546.1941,439.1211,79.8897,1.1766,23,55,12
3508207,350820,Buritizal - SP,4356,13,13,298.4389,227.1768,19.6288,0.6623,13,13,298.4389,227.1768,20.7873,0.6254,5,7,1
3508306,350830,Cabrália Paulista - SP,4299,9,9,209.3510,188.2676,16.2554,0.5537,11,11,255.8735,231.0481,17.2375,0.6381,0,9,0
3508405,350840,Cabreúva - SP,47011,171,171,363.7447,433.3127,136.4208,1.2535,177,177,376.5076,448.3531,145.0532,1.2202,51,107,13
3508504,350850,Caçapava - SP,96202,331,331,344.0677,321.4280,355.0463,0.9323,340,340,353.4230,330.1215,376.5922,0.9028,71,221,39
3508603,350860,Cachoeira Paulista - SP,31564,112,112,354.8346,317.5572,123.6883,0.9055,116,116,367.5073,330.0875,131.1102,0.8848,21,74,17
3508702,350870,Caconde - SP,17101,41,41,239.7521,180.3246,78.1552,0.5246,42,42,245.5997,184.3992,82.7535,0.5075,2,32,7
3508801,350880,Cafelândia - SP,16654,64,64,384.2921,318.2410,70.0299,0.9139,73,73,438.3331,360.7282,74.1950,0.9839,12,43,9
3508900,350890,Caiabu - SP,3712,11,11,296.3362,203.9502,17.5216,0.6278,12,12,323.2759,221.1920,18.5498,0.6469,2,9,0
3509007,350900,Caieiras - SP,95032,371,371,390.3948,428.3010,299.1459,1.2402,385,385,405.1267,444.5852,317.7434,1.2117,115,232,24
3509106,350910,Caiuá - SP,5466,10,10,182.9491,160.2905,20.8218,0.4803,11,11,201.2441,177.0215,22.0914,0.4979,1,7,2
3509205,350920,Cajamar - SP,92689,272,272,293.4545,411.2781,231.7850,1.1735,282,282,304.2432,423.2878,246.9324,1.1420,83,170,19
3509254,350925,Cajati - SP,28515,120,120,420.8311,432.6561,95.6099,1.2551,127,127,445.3796,458.1672,101.4800,1.2515,46,67,7
3509304,350930,Cajobi - SP,9133,42,42,459.8708,359.8752,40.7944,1.0296,44,44,481.7694,378.5442,43.2059,1.0184,8,23,11
3509403,350940,Cajuru - SP,23830,77,77,323.1221,288.4901,90.7731,0.8483,80,80,335.7113,300.1439,96.2563,0.8311,16,46,15
3509452,350945,Campina do Monte Alegre - SP,5954,33,33,554.2492,501.5554,22.8654,1.4432,36,36,604.6355,550.5447,24.2429,1.4850,2,29,2
3509502,350950,Campinas - SP,1139047,5368,5368,471.2712,411.7884,4503.0955,1.1921,5513,5513,484.0011,423.1437,4774.5591,1.1547,1527,3165,676
3509601,350960,Campo Limpo Paulista - SP,77632,322,322,414.7774,421.4430,263.4551,1.2222,331,331,426.3706,433.4135,279.6241,1.1837,82,208,32
3509700,350970,Campos do Jordão - SP,46974,160,160,340.6140,353.4705,155.8113,1.0269,166,166,353.3870,366.6309,165.4207,1.0035,45,100,15
3509809,350980,Campos Novos Paulista - SP,4888,16,16,327.3322,300.7777,18.9980,0.8422,16,16,327.3322,300.7777,20.1395,0.7945,2,10,4
3509908,350990,Cananéia - SP,12289,38,38,309.2196,257.1960,49.6646,0.7651,39,39,317.3570,263.7429,52.6263,0.7411,14,18,6
3509957,350995,Canas - SP,4931,14,14,283.9181,391.6538,14.4269,0.9704,14,14,283.9181,391.6538,15.3349,0.9129,3,9,2
3510005,351000,Cândido Mota - SP,29449,184,184,624.8090,516.2733,125.7377,1.4634,188,188,638.3918,527.2291,133.2085,1.4113,7,155,22
3510104,351010,Cândido Rodrigues - SP,2889,6,6,207.6843,164.5723,15.2713,0.3929,6,6,207.6843,164.5723,16.1583,0.3713,1,5,0
3510153,351015,Canitar - SP,6283,30,30,477.4789,616.1995,16.8512,1.7803,30,30,477.4789,616.1995,17.9342,1.6728,1,26,3
3510203,351020,Capão Bonito - SP,46337,217,217,468.3083,461.4428,163.2733,1.3291,225,225,485.5731,478.0813,173.2377,1.2988,49,145,23
3510302,351030,Capela do Alto - SP,22866,78,78,341.1178,384.7060,70.9250,1.0998,83,83,362.9843,410.4214,75.3801,1.1011,10,54,14
3510401,351040,Capivari - SP,50068,181,181,361.5083,351.2441,178.2305,1.0155,197,197,393.4649,382.6425,189.1153,1.0417,41,123,17
3510500,351050,Caraguatatuba - SP,134873,505,505,374.4263,367.6069,474.6798,1.0639,529,529,392.2208,385.0192,503.6389,1.0504,139,299,67
3510609,351060,Carapicuíba - SP,386984,1289,1289,333.0887,381.4610,1158.3956,1.1127,1356,1356,350.4021,400.8051,1231.1143,1.1014,464,723,102
3510708,351070,Cardoso - SP,11345,64,64,564.1252,400.3387,57.5114,1.1128,68,68,599.3830,422.8665,60.8482,1.1175,10,49,5
3510807,351080,Casa Branca - SP,28083,121,121,430.8656,374.4395,112.9623,1.0712,125,125,445.1091,387.1439,119.7463,1.0439,13,87,21
3510906,351090,Cássia dos Coqueiros - SP,2799,7,7,250.0893,152.6218,14.1632,0.4942,8,8,285.8164,177.2258,14.9865,0.5338,1,5,1
3511003,351100,Castilho - SP,19977,88,88,440.5066,387.8995,79.7919,1.1029,96,96,480.5526,423.7907,84.5567,1.1353,8,71,9
3511102,351110,Catanduva - SP,115791,725,725,626.1281,504.3573,503.4865,1.4400,746,746,644.2642,519.1556,533.4004,1.3986,181,444,100
3511201,351120,Catiguá - SP,7003,42,42,599.7430,524.1160,27.2264,1.5426,43,43,614.0226,534.6063,28.8631,1.4898,8,31,3
3511300,351130,Cedral - SP,12618,42,42,332.8578,283.0656,49.3872,0.8504,42,42,332.8578,283.0656,52.3696,0.8020,11,21,10
3511409,351140,Cerqueira César - SP,21469,60,60,279.4727,271.6819,77.4113,0.7751,63,63,293.4464,285.0450,82.1424,0.7670,9,46,5
3511508,351150,Cerquilho - SP,44695,181,181,404.9670,372.9711,168.9517,1.0713,185,185,413.9165,381.3167,179.1796,1.0325,25,140,16
3511607,351160,Cesário Lange - SP,19048,82,82,430.4914,429.0903,66.1942,1.2388,82,82,430.4914,429.0903,70.2605,1.1671,9,64,9
3511706,351170,Charqueada - SP,15535,51,51,328.2910,312.7746,55.7746,0.9144,53,53,341.1651,324.8709,59.1765,0.8956,7,41,3
3511904,351190,Clementina - SP,6982,22,22,315.0960,304.7820,25.3373,0.8683,23,23,329.4185,317.4980,26.8798,0.8557,2,18,2
3512001,351200,Colina - SP,18486,87,87,470.6264,428.3282,71.8697,1.2105,90,90,486.8549,442.8034,76.1997,1.1811,18,59,10
3512100,351210,Colômbia - SP,6629,30,30,452.5569,432.2115,23.5769,1.2724,36,36,543.0683,522.5746,25.0084,1.4395,5,23,2
3512209,351220,Conchal - SP,28101,90,90,320.2733,337.1526,91.9787,0.9785,97,97,345.1834,363.0586,97.6878,0.9930,20,59,11
3512308,351230,Conchas - SP,15232,83,83,544.9055,438.2738,67.2335,1.2345,86,86,564.6008,452.8011,71.2023,1.2078,14,57,12
3512407,351240,Cordeirópolis - SP,24514,124,124,505.8334,517.8982,82.6187,1.5009,127,127,518.0713,530.4230,87.7206,1.4478,23,86,15
3512506,351250,Coroados - SP,5400,25,25,462.9630,403.3254,22.1213,1.1301,28,28,518.5185,447.7261,23.4402,1.1945,7,14,4
3512605,351260,Coronel Macedo - SP,4280,29,29,677.5701,522.5025,18.7478,1.5469,30,30,700.9346,537.6586,19.8549,1.5110,2,23,4
3512704,351270,Corumbataí - SP,4195,9,9,214.5411,202.1776,14.9760,0.6010,9,9,214.5411,202.1776,15.8909,0.5664,2,5,2
3512803,351280,Cosmópolis - SP,59773,227,227,379.7701,381.3189,201.8149,1.1248,230,230,384.7891,386.3950,214.2528,1.0735,54,155,18
3512902,351290,Cosmorama - SP,8719,54,54,619.3371,487.6202,39.6461,1.3620,55,55,630.8063,500.8767,41.9853,1.3100,23,27,4
3513009,351300,Cotia - SP,274413,863,863,314.4895,376.2904,788.9612,1.0938,892,892,325.0575,388.8315,838.8724,1.0633,238,527,98
3513108,351310,Cravinhos - SP,33281,147,147,441.6935,410.2596,124.1676,1.1839,155,155,465.7312,432.9098,131.6942,1.1770,38,90,19
3513207,351320,Cristais Paulista - SP,9272,26,26,280.4142,265.8431,34.1484,0.7614,27,27,291.1993,276.2520,36.2209,0.7454,2,23,1
3513306,351330,Cruzália - SP,2108,7,7,332.0683,221.2921,10.6977,0.6543,10,10,474.3833,315.5395,11.3190,0.8835,1,5,1
3513405,351340,Cruzeiro - SP,74961,332,332,442.8970,381.3889,302.1579,1.0988,344,344,458.9053,395.7538,320.2282,1.0742,42,249,41
3513504,351350,Cubatão - SP,112476,546,546,485.4369,540.6134,347.3891,1.5717,564,564,501.4403,558.0921,369.0681,1.5282,259,254,33
3513603,351360,Cunha - SP,22110,59,59,266.8476,215.8977,93.8755,0.6285,59,59,266.8476,215.8977,99.4536,0.5932,7,36,16
3513702,351370,Descalvado - SP,31756,91,91,286.5600,232.9778,136.2031,0.6681,104,104,327.4972,266.0813,144.3054,0.7207,9,68,14
3513801,351380,Diadema - SP,393237,1538,1538,391.1127,444.3500,1211.5053,1.2695,1633,1633,415.2712,471.4653,1287.3524,1.2685,571,873,94
3513850,351385,Dirce Reis - SP,1620,6,6,370.3704,252.0749,8.5159,0.7046,6,6,370.3704,252.0749,9.0083,0.6661,1,4,1
3513900,351390,Divinolândia - SP,11158,54,54,483.9577,393.2247,50.3543,1.0724,56,56,501.8821,408.5538,53.3269,1.0501,7,36,11
3514007,351400,Dobrada - SP,8759,10,10,114.1683,133.7575,26.2587,0.3808,13,13,148.4188,172.6999,27.9147,0.4657,2,7,1
3514106,351410,Dois Córregos - SP,24510,66,66,269.2778,240.9865,97.6777,0.6757,70,70,285.5977,255.4703,103.5340,0.6761,8,51,7
3514205,351420,Dolcinópolis - SP,2207,9,9,407.7934,301.6933,10.7324,0.8386,9,9,407.7934,301.6933,11.3592,0.7923,6,3,0
3514304,351430,Dourado - SP,8096,25,25,308.7945,242.9991,36.5332,0.6843,28,28,345.8498,270.7967,38.6896,0.7237,5,13,7
3514403,351440,Dracena - SP,45474,302,302,664.1158,519.5229,210.0173,1.4380,313,313,688.3054,539.4718,222.4017,1.4074,34,239,29
3514502,351450,Duartina - SP,12328,27,27,219.0136,172.1195,59.3998,0.4545,37,37,300.1298,227.5200,62.8758,0.5885,4,19,4
3514601,351460,Dumont - SP,9471,29,29,306.1979,326.8260,30.9111,0.9382,29,29,306.1979,326.8260,32.8342,0.8832,6,18,5
3514700,351470,Echaporã - SP,6205,34,34,547.9452,457.9312,26.5425,1.2810,34,34,547.9452,457.9312,28.1193,1.2091,2,27,5
3514809,351480,Eldorado - SP,13069,40,40,306.0678,271.8667,49.7135,0.8046,41,41,313.7195,277.8739,52.7023,0.7780,9,24,7
3514908,351490,Elias Fausto - SP,17699,57,57,322.0521,328.8961,58.7864,0.9696,62,62,350.3023,356.7370,62.4119,0.9934,21,31,5
3514924,351492,Elisiário - SP,3138,11,11,350.5417,287.9173,13.1096,0.8391,13,13,414.2766,343.7860,13.8907,0.9359,3,4,4
3514957,351495,Embaúba - SP,2323,12,12,516.5734,399.6294,10.8772,1.1032,12,12,516.5734,399.6294,11.5149,1.0421,1,10,1
3515004,351500,Embu das Artes - SP,250691,821,821,327.4948,404.0455,692.7528,1.1851,861,861,343.4507,421.9814,736.8904,1.1684,275,504,42
3515103,351510,Embu-Guaçu - SP,66970,204,204,304.6140,324.3646,215.5266,0.9465,218,218,325.5189,346.8509,228.8518,0.9526,55,129,20
3515129,351512,Emilianópolis - SP,3014,11,11,364.9635,237.1490,15.3730,0.7155,11,11,364.9635,237.1490,16.2649,0.6763,3,7,1
3515152,351515,Engenheiro Coelho - SP,19566,70,70,357.7635,445.8912,54.1026,1.2938,74,74,378.2071,467.9081,57.5810,1.2851,26,39,5
3515186,351518,Espírito Santo do Pinhal - SP,39816,136,136,341.5712,270.1979,175.4725,0.7751,141,141,354.1290,281.5399,185.8649,0.7586,23,84,29
3515194,351519,Espírito Santo do Turvo - SP,4157,13,13,312.7255,420.8066,12.5968,1.0320,15,15,360.8371,488.5822,13.3860,1.1206,1,9,3
3515202,351520,Estrela d'Oeste - SP,9417,40,40,424.7637,337.1234,40.5201,0.9872,40,40,424.7637,337.1234,42.9272,0.9318,15,18,7
3515301,351530,Estrela do Norte - SP,2703,10,10,369.9593,310.4791,11.1675,0.8955,11,11,406.9552,341.6536,11.8329,0.9296,2,5,3
3515350,351535,Euclides da Cunha Paulista - SP,7924,21,21,265.0177,241.2872,32.5901,0.6444,22,22,277.6376,253.3577,34.5268,0.6372,4,14,3
3515400,351540,Fartura - SP,16641,66,66,396.6108,322.4131,70.7854,0.9324,70,70,420.6478,343.2735,74.9928,0.9334,3,47,16
3515509,351550,Fernandópolis - SP,71186,407,407,571.7416,450.4377,318.3507,1.2785,413,413,580.1703,458.0897,337.1921,1.2248,71,286,50
3515608,351560,Fernando Prestes - SP,5942,18,18,302.9283,215.7192,29.0727,0.6191,18,18,302.9283,215.7192,30.7725,0.5849,4,11,3
3515657,351565,Fernão - SP,1656,5,5,301.9324,207.3101,7.2115,0.6933,5,5,301.9324,207.3101,7.6383,0.6546,0,1,4
3515707,351570,Ferraz de Vasconcelos - SP,179198,552,552,308.0392,366.8958,501.9810,1.0996,571,571,318.6419,379.7966,533.9011,1.0695,199,333,20
3515806,351580,Flora Rica - SP,1487,13,13,874.2434,465.8350,8.4909,1.5311,14,14,941.4929,500.0575,8.9771,1.5595,3,7,3
3515905,351590,Floreal - SP,2733,11,11,402.4881,246.6212,17.0853,0.6438,11,11,402.4881,246.6212,18.0555,0.6092,2,7,2
3516002,351600,Flórida Paulista - SP,12958,43,43,331.8413,285.5492,52.8649,0.8134,44,44,339.5586,291.6538,56.0501,0.7850,2,34,7
3516101,351610,Florínea - SP,3851,17,17,441.4438,454.8694,13.1898,1.2889,19,19,493.3783,497.8199,14.0126,1.3559,0,12,5
3516200,351620,Franca - SP,352536,1208,1208,342.6600,323.1584,1296.1612,0.9320,1240,1240,351.7371,331.7660,1374.9915,0.9018,224,818,166
3516309,351630,Francisco Morato - SP,165139,497,497,300.9586,395.3929,427.4759,1.1626,518,518,313.6751,411.0747,455.0842,1.1383,161,304,32
3516408,351640,Franco da Rocha - SP,144849,451,451,311.3587,381.9265,402.2121,1.1213,462,462,318.9528,390.2073,427.8886,1.0797,154,266,31
3516507,351650,Gabriel Monteiro - SP,2763,19,19,687.6583,524.6032,13.8431,1.3725,19,19,687.6583,524.6032,14.6477,1.2971,4,13,2
3516606,351660,Gália - SP,6380,24,24,376.1755,273.8493,31.0168,0.7738,25,25,391.8495,283.7558,32.8263,0.7616,5,14,5
3516705,351670,Garça - SP,42110,170,170,403.7046,330.8192,181.2494,0.9379,177,177,420.3277,345.5122,192.0072,0.9218,25,124,21
3516804,351680,Gastão Vidigal - SP,3252,19,19,584.2558,426.9810,15.2104,1.2491,21,21,645.7565,480.4043,16.1003,1.3043,12,5,2
3516853,351685,Gavião Peixoto - SP,4702,23,23,489.1536,500.7235,16.0624,1.4319,24,24,510.4211,523.6189,17.0503,1.4076,1,20,2
3516903,351690,General Salgado - SP,10312,49,49,475.1746,332.9344,49.0034,0.9999,51,51,494.5694,346.0659,51.8705,0.9832,4,34,11
3517000,351700,Getulina - SP,10232,35,35,342.0641,295.4379,41.6635,0.8401,40,40,390.9304,336.5760,44.1719,0.9056,4,27,4
3517109,351710,Glicério - SP,4138,18,18,434.9928,339.3458,18.9157,0.9516,19,19,459.1590,354.6754,20.0251,0.9488,5,12,1
3517208,351720,Guaiçara - SP,11239,31,31,275.8253,274.0111,39.6203,0.7824,33,33,293.6204,292.8340,42.0381,0.7850,9,17,5
3517307,351730,Guaimbê - SP,5512,11,11,199.5646,170.8690,23.0607,0.4770,11,11,199.5646,170.8690,24.4318,0.4502,2,8,1
3517406,351740,Guaíra - SP,39279,240,240,611.0135,559.7232,147.8625,1.6231,241,241,613.5594,562.3223,156.8106,1.5369,54,166,20
3517505,351750,Guapiaçu - SP,21711,91,91,419.1424,405.9142,77.5151,1.1740,96,96,442.1722,428.1033,82.2551,1.1671,32,44,15
3517604,351760,Guapiara - SP,17071,91,91,533.0678,486.2261,65.0984,1.3979,93,93,544.7836,496.4945,69.0149,1.3475,13,70,8
3517703,351770,Guará - SP,18606,113,113,607.3310,583.3539,67.8436,1.6656,113,113,607.3310,583.3539,71.9593,1.5703,23,78,12
3517802,351780,Guaraçaí - SP,7441,37,37,497.2450,358.8176,40.1180,0.9223,38,38,510.6840,365.5801,42.4320,0.8956,3,25,9
3517901,351790,Guaraci - SP,10350,53,53,512.0773,436.4630,42.2317,1.2550,55,55,531.4010,453.2103,44.7551,1.2289,9,38,6
3518008,351800,Guarani d'Oeste - SP,1968,9,9,457.3171,319.1767,9.7920,0.9191,9,9,457.3171,319.1767,10.3615,0.8686,0,6,3
3518107,351810,Guarantã - SP,6427,24,24,373.4246,345.3542,24.3438,0.9859,25,25,388.9840,359.8330,25.8101,0.9686,2,17,5
3518206,351820,Guararapes - SP,31043,132,132,425.2166,344.9416,137.6251,0.9591,134,134,431.6593,351.9372,145.7659,0.9193,14,97,21
3518305,351830,Guararema - SP,31236,124,124,396.9778,373.4863,116.5692,1.0637,132,132,422.5893,396.6986,123.6129,1.0679,47,67,10
3518404,351840,Guaratinguetá - SP,118044,400,400,338.8567,292.3423,476.4829,0.8395,404,404,342.2453,295.4398,505.0244,0.8000,70,267,63
3518503,351850,Guareí - SP,15013,48,48,319.7229,322.6522,51.0227,0.9408,51,51,339.7056,343.4660,54.2005,0.9410,13,31,4
3518602,351860,Guariba - SP,37498,137,137,365.3528,398.7539,120.0479,1.1412,137,137,365.3528,398.7539,127.5162,1.0744,40,84,13
3518701,351870,Guarujá - SP,287634,1525,1525,530.1877,570.2124,928.4258,1.6426,1572,1572,546.5279,587.9504,985.9082,1.5945,562,788,175
3518800,351880,Guarulhos - SP,1291771,5483,5483,424.4560,481.4838,3929.2748,1.3954,5581,5581,432.0425,489.7809,4175.5305,1.3366,1832,3208,443
3518859,351885,Guatapará - SP,7320,36,36,491.8033,456.2902,27.6299,1.3029,38,38,519.1257,485.6238,29.2934,1.2972,4,28,4
3518909,351890,Guzolândia - SP,4246,32,32,753.6505,642.6404,17.5687,1.8214,32,32,753.6505,642.6404,18.6154,1.7190,7,22,3
3519006,351900,Herculândia - SP,9125,38,38,416.4384,367.6353,35.7057,1.0643,38,38,416.4384,367.6353,37.8532,1.0039,6,24,8
3519055,351905,Holambra - SP,15094,27,27,178.8790,183.5437,51.5010,0.5243,28,28,185.5042,190.4242,54.6645,0.5122,7,15,5
3519071,351907,Hortolândia - SP,236641,884,884,373.5616,452.8728,669.2083,1.3210,933,933,394.2681,477.9695,711.9038,1.3106,191,596,97
3519105,351910,Iacanga - SP,10437,26,26,249.1137,217.6228,41.0805,0.6329,29,29,277.8576,241.2977,43.5490,0.6659,2,19,5
3519204,351920,Iacri - SP,6131,24,24,391.4533,306.0384,28.1189,0.8535,25,25,407.7638,318.7261,29.7723,0.8397,0,16,8
3519253,351925,Iaras - SP,8010,24,24,299.6255,333.6755,26.2288,0.9150,24,24,299.6255,333.6755,27.8524,0.8617,3,17,4
3519303,351930,Ibaté - SP,32178,107,107,332.5253,371.3991,98.9128,1.0818,113,113,351.1716,393.4859,105.1105,1.0751,6,92,9
3519402,351940,Ibirá - SP,11690,46,46,393.4987,306.7539,53.0731,0.8667,49,49,419.1617,325.3455,56.2069,0.8718,12,29,5
3519501,351950,Ibirarema - SP,6385,37,37,579.4832,446.6637,28.0717,1.3181,38,38,595.1449,459.2672,29.7307,1.2781,6,27,4
3519600,351960,Ibitinga - SP,60033,336,336,559.6922,524.2342,223.0186,1.5066,351,351,584.6784,547.6357,236.5721,1.4837,56,249,31
3519709,351970,Ibiúna - SP,75605,260,260,343.8926,328.9080,271.4638,0.9578,272,272,359.7646,344.6173,287.9579,0.9446,51,181,28
3519808,351980,Icém - SP,7819,36,36,460.4169,440.1178,29.2640,1.2302,37,37,473.2063,452.7361,31.0449,1.1918,3,27,6
3519907,351990,Iepê - SP,7619,32,32,420.0026,341.1314,34.2517,0.9343,37,37,485.6280,391.8307,36.2698,1.0201,2,20,10
3520004,352000,Igaraçu do Tietê - SP,23106,113,113,489.0505,464.7819,81.2969,1.3900,116,116,502.0341,479.4053,86.2632,1.3447,17,89,7
3520103,352010,Igarapava - SP,26212,132,132,503.5861,413.4239,111.6111,1.1827,134,134,511.2162,419.5233,118.2551,1.1331,33,78,21
3520202,352020,Igaratá - SP,10605,44,44,414.8986,376.6367,40.2119,1.0942,45,45,424.3281,386.3662,42.6383,1.0554,9,30,5
3520301,352030,Iguape - SP,29115,134,134,460.2439,370.8775,128.9439,1.0392,138,138,473.9825,381.9338,136.5248,1.0108,18,100,16
3520400,352040,Ilhabela - SP,34934,48,48,137.4020,173.5747,104.5823,0.4590,54,54,154.5772,192.8588,111.1643,0.4858,17,21,10
3520426,352042,Ilha Comprida - SP,13419,65,65,484.3878,347.2894,66.3543,0.9796,66,66,491.8399,354.8616,70.1894,0.9403,11,39,15
3520442,352044,Ilha Solteira - SP,25549,105,105,410.9750,321.6228,116.3481,0.9025,123,123,481.4278,374.0688,123.1947,0.9984,16,80,9
3520509,352050,Indaiatuba - SP,255748,980,980,383.1897,377.5463,900.0977,1.0888,1036,1036,405.0863,399.4511,955.2869,1.0845,373,535,72
3520608,352060,Indiana - SP,5090,15,15,294.6955,240.2572,21.4237,0.7002,20,20,392.9273,325.2409,22.6991,0.8811,5,9,1
3520707,352070,Indiaporã - SP,4035,13,13,322.1809,240.0852,21.1273,0.6153,13,13,322.1809,240.0852,22.3488,0.5817,0,11,2
3520806,352080,Inúbia Paulista - SP,3615,21,21,580.9129,460.1330,16.2756,1.2903,22,22,608.5754,495.5712,17.2349,1.2765,2,15,4
3520905,352090,Ipaussu - SP,13712,34,34,247.9580,220.6894,52.6859,0.6453,61,61,444.8658,399.6391,55.8595,1.0920,4,24,6
3521002,352100,Iperó - SP,36459,88,88,241.3670,286.2283,106.3487,0.8275,91,91,249.5954,294.9311,113.0904,0.8047,4,67,17
3521101,352110,Ipeúna - SP,6831,25,25,365.9786,350.1805,24.4802,1.0212,25,25,365.9786,350.1805,25.9728,0.9625,1,20,4
3521150,352115,Ipiguá - SP,6761,30,30,443.7213,403.4267,26.1383,1.1477,31,31,458.5121,415.8613,27.7097,1.1187,7,18,5
3521200,352120,Iporanga - SP,4046,9,9,222.4419,206.1553,14.6493,0.6144,9,9,222.4419,206.1553,15.5361,0.5793,2,5,2
3521309,352130,Ipuã - SP,14454,77,77,532.7245,562.3714,47.2339,1.6302,77,77,532.7245,562.3714,50.1595,1.5351,24,44,9
3521408,352140,Iracemápolis - SP,21967,112,112,509.8557,510.1238,75.7713,1.4781,115,115,523.5125,524.0644,80.4330,1.4298,19,82,11
3521507,352150,Irapuã - SP,6867,34,34,495.1216,432.3553,28.1349,1.2085,35,35,509.6840,446.6496,29.8132,1.1740,4,25,5
3521606,352160,Irapuru - SP,7085,47,47,663.3733,556.4545,33.0383,1.4226,48,48,677.4876,568.5752,34.9972,1.3715,4,36,7
3521705,352170,Itaberá - SP,17983,77,77,428.1822,400.5302,66.9532,1.1501,77,77,428.1822,400.5302,71.0107,1.0843,6,60,11
3521804,352180,Itaí - SP,25180,91,91,361.3979,362.1359,85.9735,1.0585,94,94,373.3122,373.6698,91.2444,1.0302,3,72,16
3521903,352190,Itajobi - SP,16989,68,68,400.2590,330.4095,73.9763,0.9192,74,74,435.5760,358.7952,78.3697,0.9442,12,42,14
3522000,352200,Itaju - SP,3618,12,12,331.6750,285.2746,14.9093,0.8049,14,14,386.9541,331.6846,15.7983,0.8862,1,7,4
3522109,352210,Itanhaém - SP,112476,407,407,361.8550,303.1593,472.2276,0.8619,431,431,383.1929,322.3196,500.1532,0.8617,109,243,55
3522158,352215,Itaoca - SP,3422,10,10,292.2268,261.7230,14.0637,0.7111,11,11,321.4494,284.7708,14.8993,0.7383,1,8,1
3522208,352220,Itapecerica da Serra - SP,158522,515,515,324.8760,392.4730,456.6939,1.1277,546,546,344.4317,416.0031,485.5048,1.1246,197,290,28
3522307,352230,Itapetininga - SP,157790,601,601,380.8860,378.0830,548.0046,1.0967,635,635,402.4336,399.7446,581.6268,1.0918,110,440,51
3522406,352240,Itapeva - SP,89728,459,459,511.5460,519.3130,300.9298,1.5253,468,468,521.5763,529.4526,319.4607,1.4650,63,362,34
3522505,352250,Itapevi - SP,232297,715,715,307.7956,440.8046,578.9325,1.2350,757,757,325.8759,466.2054,616.6531,1.2276,245,419,51
3522604,352260,Itapira - SP,72022,367,367,509.5665,431.8807,300.9457,1.2195,400,400,555.3859,471.1615,318.9280,1.2542,56,260,51
3522653,352265,Itapirapuã Paulista - SP,4306,7,7,162.5639,218.4668,12.8937,0.5429,7,7,162.5639,218.4668,13.7047,0.5108,3,1,3
3522703,352270,Itápolis - SP,39493,178,178,450.7128,376.1950,170.8333,1.0420,197,197,498.8226,414.8750,180.9871,1.0885,15,142,21
3522802,352280,Itaporanga - SP,14085,60,60,425.9851,364.8415,57.9222,1.0359,62,62,440.1846,377.8086,61.3659,1.0103,7,44,9
3522901,352290,Itapuí - SP,13659,49,49,358.7378,356.9284,46.9338,1.0440,50,50,366.0590,364.5547,49.8134,1.0037,6,35,8
3523008,352300,Itapura - SP,3979,19,19,477.5069,409.7700,16.5565,1.1476,22,22,552.9027,474.2600,17.5389,1.2544,1,13,5
3523107,352310,Itaquaquecetuba - SP,369275,1052,1052,284.8825,384.2940,946.8417,1.1111,1102,1102,298.4226,402.4728,1008.0181,1.0932,343,637,72
3523206,352320,Itararé - SP,44438,260,260,585.0848,552.1117,165.1926,1.5739,278,278,625.5907,591.1520,175.1936,1.5868,27,209,24
3523305,352330,Itariri - SP,15528,51,51,328.4389,307.2437,58.0483,0.8786,55,55,354.1989,331.1332,61.5457,0.8936,11,31,9
3523404,352340,Itatiba - SP,121590,395,395,324.8622,308.5754,442.0345,0.8936,407,407,334.7315,317.9285,468.9872,0.8678,53,299,43
3523503,352350,Itatinga - SP,19070,64,64,335.6057,373.3426,58.6451,1.0913,67,67,351.3372,391.1131,62.3247,1.0750,7,48,9
3523602,352360,Itirapina - SP,16148,48,48,297.2504,316.4756,52.5719,0.9130,50,50,309.6359,330.1232,55.8759,0.8948,9,32,7
3523701,352370,Itirapuã - SP,5779,12,12,207.6484,190.8408,23.0361,0.5209,13,13,224.9524,204.8699,24.4153,0.5325,1,11,0
3523800,352380,Itobi - SP,8046,27,27,335.5705,304.7465,31.1262,0.8674,28,28,347.9990,317.4241,33.0066,0.8483,8,17,2
3523909,352390,Itu - SP,168240,641,641,381.0033,377.6729,586.2998,1.0933,671,671,398.8350,395.6565,622.2035,1.0784,137,432,72
3524006,352400,Itupeva - SP,70616,157,157,222.3292,270.1781,195.0382,0.8050,168,168,237.9064,287.9005,207.5125,0.8096,44,98,15
3524105,352410,Ituverava - SP,37571,178,178,473.7697,398.5056,161.7182,1.1007,180,180,479.0929,402.4133,171.3226,1.0506,37,126,15
3524204,352420,Jaborandi - SP,6221,31,31,498.3122,435.7470,25.0676,1.2367,33,33,530.4613,464.4073,26.5681,1.2421,5,25,1
3524303,352430,Jaboticabal - SP,71821,308,308,428.8439,353.2068,304.7893,1.0105,316,316,439.9827,362.4057,322.9472,0.9785,63,197,48
3524402,352440,Jacareí - SP,240275,968,968,402.8717,386.6967,868.7893,1.1142,990,990,412.0279,395.6704,921.6506,1.0742,192,618,158
3524501,352450,Jaci - SP,7613,36,36,472.8753,516.7079,24.3886,1.4761,36,36,472.8753,516.7079,25.9061,1.3896,9,22,5
3524600,352460,Jacupiranga - SP,16097,76,76,472.1377,418.7501,62.3383,1.2192,79,79,490.7747,435.2861,66.0788,1.1955,26,35,15
3524709,352470,Jaguariúna - SP,59347,232,232,390.9212,405.2346,198.8469,1.1667,248,248,417.8813,432.5951,211.1578,1.1745,39,160,33
3524808,352480,Jales - SP,48776,296,296,606.8558,462.2164,226.5360,1.3066,302,302,619.1570,472.4971,239.8639,1.2590,80,190,26
3524907,352490,Jambeiro - SP,6397,21,21,328.2789,291.4025,25.0030,0.8399,21,21,328.2789,291.4025,26.5023,0.7924,7,8,6
3525003,352500,Jandira - SP,118045,341,341,288.8729,350.1585,329.9729,1.0334,356,356,301.5799,364.2184,350.9943,1.0143,111,211,19
3525102,352510,Jardinópolis - SP,45282,186,186,410.7592,422.5992,152.6556,1.2184,191,191,421.8012,433.7798,162.0716,1.1785,60,95,31
3525201,352520,Jarinu - SP,37535,124,124,330.3583,353.9411,120.3380,1.0304,128,128,341.0151,366.2717,127.8139,1.0015,32,74,18
3525300,352530,Jaú - SP,133497,607,607,454.6919,393.2686,542.1415,1.1196,616,616,461.4336,399.7961,574.6068,1.0720,99,449,59
3525409,352540,Jeriquara - SP,3863,5,5,129.4331,150.1853,11.8845,0.4207,5,5,129.4331,150.1853,12.6272,0.3960,1,4,0
3525508,352550,Joanópolis - SP,12815,29,29,226.2973,181.1064,53.8261,0.5388,33,33,257.5107,208.6251,57.0294,0.5786,7,17,5
3525607,352560,João Ramalho - SP,4371,14,14,320.2928,315.5777,15.3944,0.9094,19,19,434.6831,432.9545,16.3324,1.1633,5,9,0
3525706,352570,José Bonifácio - SP,36633,154,154,420.3860,387.6560,137.2384,1.1221,165,165,450.4136,414.5233,145.5674,1.1335,23,114,17
3525805,352580,Júlio Mesquita - SP,4254,15,15,352.6093,316.9284,16.8726,0.8890,16,16,376.1166,336.7160,17.8851,0.8946,2,11,2
3525854,352585,Jumirim - SP,3056,8,8,261.7801,243.9899,11.3256,0.7064,8,8,261.7801,243.9899,12.0136,0.6659,1,7,0
3525904,352590,Jundiaí - SP,443221,1799,1799,405.8923,355.5105,1758.7577,1.0229,1884,1884,425.0701,372.3094,1864.7481,1.0103,490,1111,198
3526001,352600,Junqueirópolis - SP,20448,105,105,513.4977,418.7078,87.8988,1.1946,112,112,547.7308,448.9118,93.1326,1.2026,11,84,10
3526100,352610,Juquiá - SP,17154,68,68,396.4090,328.7082,72.3856,0.9394,71,71,413.8976,347.2343,76.6702,0.9260,17,45,6
3526209,352620,Juquitiba - SP,27404,76,76,277.3318,271.3962,95.8453,0.7929,84,84,306.5246,300.3644,101.6796,0.8261,17,51,8
3526308,352630,Lagoinha - SP,5083,26,26,511.5090,334.9931,25.9284,1.0028,26,26,511.5090,334.9931,27.4333,0.9478,1,22,3
3526407,352640,Laranjal Paulista - SP,26261,134,134,510.2624,443.2695,106.6694,1.2562,142,142,540.7258,470.5600,113.0647,1.2559,10,106,18
3526506,352650,Lavínia - SP,9689,24,24,247.7036,316.1464,28.3560,0.8464,25,25,258.0246,328.5568,30.2284,0.8270,4,19,1
3526605,352660,Lavrinhas - SP,7171,32,32,446.2418,502.8485,21.9781,1.4560,33,33,460.1869,518.1268,23.3506,1.4132,4,22,6
3526704,352670,Leme - SP,98161,431,431,439.0746,431.2676,344.0345,1.2528,483,483,492.0488,483.2149,365.1318,1.3228,76,316,39
3526803,352680,Lençóis Paulista - SP,66505,185,185,278.1746,274.9898,233.5720,0.7920,200,200,300.7293,297.5874,247.8771,0.8069,49,117,19
3526902,352690,Limeira - SP,291869,1319,1319,451.9151,413.0506,1104.4714,1.1942,1370,1370,469.3887,429.5354,1171.3741,1.1696,305,896,118
3527009,352700,Lindóia - SP,7014,23,23,327.9156,268.7571,29.7490,0.7731,30,30,427.7160,352.5968,31.5173,0.9519,4,15,4
3527108,352710,Lins - SP,74779,339,339,453.3358,385.7206,313.7223,1.0806,349,349,466.7086,397.3110,332.4357,1.0498,57,242,40
3527207,352720,Lorena - SP,84855,303,303,357.0797,313.6055,333.1763,0.9094,314,314,370.0430,324.9397,353.2235,0.8890,42,205,56
3527256,352725,Lourdes - SP,1950,9,9,461.5385,344.6865,10.0333,0.8970,9,9,461.5385,344.6865,10.6140,0.8479,3,6,0
3527306,352730,Louveira - SP,51847,123,123,237.2365,291.8725,144.3155,0.8523,133,133,256.5240,315.8730,153.5720,0.8660,31,77,15
3527405,352740,Lucélia - SP,20061,80,80,398.7837,315.5220,87.4536,0.9148,82,82,408.7533,323.4094,92.6490,0.8851,7,52,21
3527504,352750,Lucianópolis - SP,2372,8,8,337.2681,289.6941,10.4457,0.7659,8,8,337.2681,289.6941,11.0633,0.7231,1,7,0
3527603,352760,Luís Antônio - SP,12265,43,43,350.5911,402.6031,37.7151,1.1401,43,43,350.5911,402.6031,40.0746,1.0730,11,24,8
3527702,352770,Luiziânia - SP,4701,17,17,361.6252,300.3510,18.8589,0.9014,18,18,382.8973,318.3940,19.9896,0.9005,4,10,3
3527801,352780,Lupércio - SP,3981,10,10,251.1932,205.3213,16.7135,0.5983,10,10,251.1932,205.3213,17.7053,0.5648,0,9,1
3527900,352790,Lutécia - SP,2661,11,11,413.3784,304.5430,11.6085,0.9476,11,11,413.3784,304.5430,12.2954,0.8946,0,9,2
3528007,352800,Macatuba - SP,16829,65,65,386.2380,366.4107,62.1154,1.0464,68,68,404.0644,384.1476,65.8898,1.0320,14,46,5
3528106,352810,Macaubal - SP,7481,26,26,347.5471,242.6278,39.8993,0.6516,26,26,347.5471,242.6278,42.2082,0.6160,4,16,6
3528205,352820,Macedônia - SP,3963,31,31,782.2357,567.3349,19.5668,1.5843,32,32,807.4691,603.0979,20.7052,1.5455,5,22,4
3528304,352830,Magda - SP,3165,12,12,379.1469,266.0818,16.8085,0.7139,12,12,379.1469,266.0818,17.7793,0.6749,2,8,2
3528403,352840,Mairinque - SP,50027,134,134,267.8554,267.9893,170.1950,0.7873,143,143,285.8456,286.2706,180.6585,0.7915,22,93,19
3528502,352850,Mairiporã - SP,93853,277,277,295.1424,290.8617,325.6779,0.8505,282,282,300.4699,296.1766,345.5803,0.8160,89,161,27
3528601,352860,Manduri - SP,9871,31,31,314.0513,272.2093,41.8733,0.7403,33,33,334.3126,291.2451,44.3655,0.7438,1,23,7
3528700,352870,Marabá Paulista - SP,4573,7,7,153.0724,156.8303,15.5231,0.4509,7,7,153.0724,156.8303,16.4892,0.4245,2,3,2
3528809,352880,Maracaí - SP,12673,51,51,402.4304,354.9147,50.2016,1.0159,58,58,457.6659,405.0686,53.2130,1.0900,1,40,10
3528858,352885,Marapoama - SP,3292,13,13,394.8967,341.9879,13.0882,0.9933,13,13,394.8967,341.9879,13.8761,0.9369,3,10,0
3528908,352890,Mariápolis - SP,3513,14,14,398.5198,331.0083,16.1727,0.8657,14,14,398.5198,331.0083,17.1240,0.8176,0,10,4
3529005,352900,Marília - SP,237627,1131,1131,475.9560,410.8911,959.3794,1.1789,1156,1156,486.4767,420.9921,1016.9228,1.1368,106,867,158
3529104,352910,Marinópolis - SP,1860,8,8,430.1075,322.0026,8.6068,0.9295,8,8,430.1075,322.0026,9.1114,0.8780,2,5,1
3529203,352920,Martinópolis - SP,24881,93,93,373.7792,322.0760,101.6131,0.9152,103,103,413.9705,357.1858,107.7015,0.9563,15,72,6
3529302,352930,Matão - SP,79033,232,232,293.5483,261.3761,306.7839,0.7562,250,250,316.3236,281.6372,325.2845,0.7686,29,182,21
3529401,352940,Mauá - SP,418261,1677,1677,400.9458,440.3931,1314.7639,1.2755,1721,1721,411.4656,451.4717,1396.8978,1.2320,514,1045,118
3529500,352950,Mendonça - SP,6159,31,31,503.3285,418.6987,25.7150,1.2055,35,35,568.2741,477.4363,27.2527,1.2843,10,18,3
3529609,352960,Meridiano - SP,4572,38,38,831.1461,674.3715,19.8610,1.9133,39,39,853.0184,693.8801,21.0362,1.8539,5,27,6
3529658,352965,Mesópolis - SP,1952,6,6,307.3770,328.6076,8.2245,0.7295,6,6,307.3770,328.6076,8.7128,0.6886,1,4,1
3529708,352970,Miguelópolis - SP,19441,133,133,684.1212,663.5898,69.0991,1.9248,135,135,694.4087,674.4040,73.3113,1.8415,37,84,12
3529807,352980,Mineiros do Tietê - SP,11230,46,46,409.6171,369.3150,44.0088,1.0452,51,51,454.1407,408.3377,46.6522,1.0932,12,26,8
3529906,352990,Miracatu - SP,18553,79,79,425.8071,393.6252,71.5908,1.1035,86,86,463.5369,431.0376,75.8805,1.1334,20,52,7
3530003,353000,Mira Estrela - SP,3126,15,15,479.8464,336.2095,15.2230,0.9854,15,15,479.8464,336.2095,16.1080,0.9312,1,13,1
3530102,353010,Mirandópolis - SP,27983,138,138,493.1566,385.6716,125.1415,1.1028,139,139,496.7302,388.7100,132.5845,1.0484,17,110,11
3530201,353020,Mirante do Paranapanema - SP,15917,52,52,326.6947,261.4915,73.1526,0.7108,58,58,364.3903,291.3694,77.4382,0.7490,8,38,6
3530300,353030,Mirassol - SP,63337,319,319,503.6551,445.9949,247.5132,1.2888,324,324,511.5493,453.3026,262.4281,1.2346,67,220,32
3530409,353040,Mirassolândia - SP,4669,28,28,599.7001,506.4945,20.0487,1.3966,28,28,599.7001,506.4945,21.2395,1.3183,6,18,4
3530508,353050,Mococa - SP,67681,297,297,438.8233,362.0953,288.9832,1.0277,304,304,449.1659,371.6278,306.1523,0.9930,39,211,47
3530607,353060,Mogi das Cruzes - SP,451505,1838,1838,407.0830,414.0962,1528.9970,1.2021,1915,1915,424.1371,431.3795,1623.0096,1.1799,546,1143,149
3530706,353070,Mogi Guaçu - SP,153658,689,689,448.3984,419.3949,569.5723,1.2097,702,702,456.8587,427.5898,604.1953,1.1619,111,491,87
3530805,353080,Mogi Mirim - SP,92558,403,403,435.4027,372.2189,376.7233,1.0698,414,414,447.2871,382.7356,399.2753,1.0369,72,283,48
3530904,353090,Mombuca - SP,3722,16,16,429.8764,440.7601,12.2800,1.3029,18,18,483.6110,504.3839,13.0374,1.3806,1,14,1
3531001,353100,Monções - SP,1937,8,8,413.0098,241.2466,10.7466,0.7444,9,9,464.6360,299.8034,11.3627,0.7921,3,2,3
3531100,353110,Mongaguá - SP,61951,188,188,303.4656,253.8537,258.8089,0.7264,201,201,324.4500,272.3482,274.1243,0.7332,56,103,29
3531209,353120,Monte Alegre do Sul - SP,8627,30,30,347.7455,254.8308,40.7194,0.7367,30,30,347.7455,254.8308,43.1086,0.6959,2,25,3
3531308,353130,Monte Alto - SP,47574,222,222,466.6414,366.0116,210.8282,1.0530,223,223,468.7434,367.5468,223.3241,0.9985,46,150,26
3531407,353140,Monte Aprazível - SP,22280,109,109,489.2280,389.6380,100.4561,1.0851,118,118,529.6230,419.8586,106.3899,1.1091,23,72,14
3531506,353150,Monte Azul Paulista - SP,18151,75,75,413.2004,323.7801,80.5396,0.9312,75,75,413.2004,323.7801,85.3141,0.8791,7,59,9
3531605,353160,Monte Castelo - SP,4222,25,25,592.1364,447.4029,19.6134,1.2746,26,26,615.8219,465.1013,20.7652,1.2521,6,11,8
3531704,353170,Monteiro Lobato - SP,4138,13,13,314.1614,227.7826,17.8088,0.7300,13,13,314.1614,227.7826,18.8597,0.6893,3,6,4
3531803,353180,Monte Mor - SP,64662,242,242,374.2538,443.8126,187.9929,1.2873,252,252,389.7188,460.8039,199.8735,1.2608,52,163,27
3531902,353190,Morro Agudo - SP,27933,135,135,483.2993,491.1023,94.0321,1.4357,143,143,511.9393,520.6381,99.8215,1.4326,29,98,8
3532009,353200,Morungaba - SP,13720,58,58,422.7405,409.7001,48.1484,1.2046,65,65,473.7609,459.2906,51.0947,1.2721,8,47,3
3532058,353205,Motuca - SP,4034,11,11,272.6822,251.0471,15.6351,0.7035,15,15,371.8394,345.4331,16.5745,0.9050,3,7,1
3532108,353210,Murutinga do Sul - SP,3737,24,24,642.2264,542.1594,20.4390,1.1742,24,24,642.2264,542.1594,21.6144,1.1104,3,19,2
3532157,353215,Nantes - SP,2660,2,2,75.1880,65.8606,9.2809,0.2155,2,2,75.1880,65.8606,9.8481,0.2031,1,1,0
3532207,353220,Narandiba - SP,5713,20,20,350.0788,385.3907,17.9811,1.1123,22,22,385.0866,425.4450,19.0986,1.1519,4,13,3
3532306,353230,Natividade da Serra - SP,6999,21,21,300.0429,229.6883,33.6006,0.6250,22,22,314.3306,239.6384,35.5584,0.6187,2,18,1
3532405,353240,Nazaré Paulista - SP,18217,67,67,367.7883,316.1152,73.1003,0.9165,69,69,378.7671,325.5635,77.4833,0.8905,13,48,6
3532504,353250,Neves Paulista - SP,9699,63,63,649.5515,428.1217,49.2704,1.2787,66,66,680.4825,448.0241,52.1405,1.2658,9,41,13
3532603,353260,Nhandeara - SP,9852,55,55,558.2623,345.9044,54.0352,1.0179,59,59,598.8632,382.2311,57.1460,1.0324,11,35,9
3532702,353270,Nipoã - SP,4750,17,17,357.8947,350.3116,16.6647,1.0201,19,19,400.0000,392.5149,17.6865,1.0743,3,12,2
3532801,353280,Nova Aliança - SP,6693,33,33,493.0524,404.1613,27.9874,1.1791,34,34,507.9934,421.0032,29.6552,1.1465,6,17,10
3532827,353282,Nova Campina - SP,8497,44,44,517.8298,644.0702,23.7607,1.8518,44,44,517.8298,644.0702,25.2719,1.7411,5,36,3
3532843,353284,Nova Canaã Paulista - SP,2032,10,10,492.1260,310.4067,12.2585,0.8158,10,10,492.1260,310.4067,12.9550,0.7719,2,5,3
3532868,353286,Nova Castilho - SP,1062,4,4,376.6478,317.6217,4.4093,0.9072,4,4,376.6478,317.6217,4.6718,0.8562,2,1,1
3532900,353290,Nova Europa - SP,9311,36,36,386.6395,377.0010,33.4649,1.0758,37,37,397.3794,387.4538,35.5024,1.0422,5,29,2
3533007,353300,Nova Granada - SP,19419,90,90,463.4636,388.4153,79.8131,1.1276,92,92,473.7628,398.0890,84.5839,1.0877,24,54,12
3533106,353310,Nova Guataporanga - SP,2156,6,6,278.2931,194.3949,10.9129,0.5498,6,6,278.2931,194.3949,11.5467,0.5196,1,5,0
3533205,353320,Nova Independência - SP,4609,9,9,195.2701,230.3218,13.7241,0.6558,12,12,260.3602,297.6560,14.5968,0.8221,2,6,1
3533254,353325,Novais - SP,4412,20,20,453.3092,488.4322,14.3429,1.3944,20,20,453.3092,488.4322,15.2349,1.3128,8,8,4
3533304,353330,Nova Luzitânia - SP,2837,16,16,563.9760,435.6420,12.3167,1.2991,16,16,563.9760,435.6420,13.0448,1.2265,2,12,2
3533403,353340,Nova Odessa - SP,62019,276,276,445.0249,432.6633,220.8569,1.2497,294,294,474.0483,461.1926,234.3451,1.2546,70,177,29
3533502,353350,Novo Horizonte - SP,38324,223,223,581.8808,501.3932,159.0854,1.4018,241,241,628.8488,542.5764,168.5768,1.4296,23,181,19
3533601,353360,Nuporanga - SP,7391,20,20,270.5994,244.9642,28.7771,0.6950,21,21,284.1293,255.8585,30.5112,0.6883,2,14,4
3533700,353370,Ocauçu - SP,4331,10,10,230.8936,170.9528,19.1415,0.5224,10,10,230.8936,170.9528,20.2714,0.4933,1,4,5
3533809,353380,Óleo - SP,2512,10,10,398.0892,303.5008,11.9666,0.8357,10,10,398.0892,303.5008,12.6653,0.7896,0,8,2
3533908,353390,Olímpia - SP,55074,329,329,597.3781,513.2606,222.3734,1.4795,348,348,631.8771,543.3756,235.7290,1.4763,80,204,45
3534005,353400,Onda Verde - SP,4771,27,27,565.9191,562.9905,16.5519,1.6312,27,27,565.9191,562.9905,17.5647,1.5372,4,22,1
3534104,353410,Oriente - SP,6085,27,27,443.7141,336.9112,28.2903,0.9544,27,27,443.7141,336.9112,29.9536,0.9014,5,17,5
3534203,353420,Orindiúva - SP,6024,20,20,332.0053,348.1700,19.8066,1.0098,21,21,348.6056,368.5411,21.0330,0.9984,5,14,1
3534302,353430,Orlândia - SP,38319,138,138,360.1347,311.5822,153.3359,0.9000,140,140,365.3540,315.9685,162.5371,0.8613,39,86,13
3534401,353440,Osasco - SP,728615,2796,2796,383.7418,397.4948,2423.9026,1.1535,2951,2951,405.0150,419.6389,2573.7327,1.1466,992,1617,187
3534500,353450,Oscar Bressane - SP,2470,8,8,323.8866,206.6080,14.0748,0.5684,8,8,323.8866,206.6080,14.8805,0.5376,0,6,2
3534609,353460,Osvaldo Cruz - SP,31272,140,140,447.6848,338.0934,150.6861,0.9291,143,143,457.2781,344.8304,159.5142,0.8965,12,109,19
3534708,353470,Ourinhos - SP,103970,600,600,577.0895,502.4595,419.8653,1.4290,615,615,591.5168,515.1268,444.9848,1.3821,64,477,59
3534757,353475,Ouroeste - SP,10294,54,54,524.5774,466.0243,41.2353,1.3096,55,55,534.2918,474.4209,43.7066,1.2584,8,41,5
3534807,353480,Ouro Verde - SP,7779,40,40,514.2049,458.7387,30.4831,1.3122,40,40,514.2049,458.7387,32.3149,1.2378,0,31,9
3534906,353490,Pacaembu - SP,14877,55,55,369.6982,322.9855,57.7403,0.9525,56,56,376.4200,328.8566,61.2982,0.9136,13,28,14
3535002,353500,Palestina - SP,11476,55,55,479.2611,383.2134,50.8416,1.0818,58,58,505.4026,400.8136,53.8527,1.0770,7,36,12
3535101,353510,Palmares Paulista - SP,9650,42,42,435.2332,486.5268,29.8874,1.4053,50,50,518.1347,583.7949,31.7589,1.5744,14,24,4
3535200,353520,Palmeira d'Oeste - SP,8903,43,43,482.9833,323.8158,48.5678,0.8854,46,46,516.6798,342.9402,51.3651,0.8956,6,32,5
3535309,353530,Palmital - SP,19594,78,78,398.0810,313.6839,93.8442,0.8312,87,87,444.0135,349.8844,99.3351,0.8758,8,59,11
3535408,353540,Panorama - SP,14964,78,78,521.2510,497.5493,54.7289,1.4252,83,83,554.6645,530.9627,58.0417,1.4300,7,56,15
3535507,353550,Paraguaçu Paulista - SP,41120,164,164,398.8327,355.4076,163.4106,1.0036,181,181,440.1751,392.8820,173.2237,1.0449,26,125,13
3535606,353560,Paraibuna - SP,17667,55,55,311.3149,253.3565,74.3472,0.7398,61,61,345.2765,279.9459,78.7700,0.7744,9,35,11
3535705,353570,Paraíso - SP,6099,31,31,508.2800,407.6547,26.4224,1.1732,33,33,541.0723,435.4700,27.9908,1.1790,5,19,7
3535804,353580,Paranapanema - SP,19395,89,89,458.8812,499.4520,62.4119,1.4260,94,94,484.6610,529.2095,66.2812,1.4182,11,66,12
3535903,353590,Paranapuã - SP,4031,29,29,719.4245,560.7428,17.3181,1.6746,29,29,719.4245,560.7428,18.3446,1.5808,7,16,6
3536000,353600,Parapuã - SP,10580,54,54,510.3970,360.3877,52.3332,1.0318,56,56,529.3006,371.0924,55.3847,1.0111,5,37,12
3536109,353610,Pardinho - SP,7153,19,19,265.6228,253.4385,25.5963,0.7423,19,19,265.6228,253.4385,27.1520,0.6998,4,11,4
3536208,353620,Pariquera-Açu - SP,19233,75,75,389.9548,345.8636,75.1305,0.9983,78,78,405.5530,360.0335,79.6399,0.9794,19,50,6
3536257,353625,Parisi - SP,2892,17,17,587.8285,483.9938,13.1725,1.2906,18,18,622.4066,509.9557,13.9477,1.2905,7,7,3
3536307,353630,Patrocínio Paulista - SP,14512,53,53,365.2150,358.2834,51.3365,1.0324,54,54,372.1058,365.2742,54.4663,0.9914,13,33,7
3536406,353640,Paulicéia - SP,7955,27,27,339.4092,354.2169,27.8433,0.9697,30,30,377.1213,392.3338,29.5385,1.0156,1,19,7
3536505,353650,Paulínia - SP,110537,355,355,321.1594,360.1869,349.7963,1.0149,369,369,333.8249,375.0435,371.5546,0.9931,94,218,43
3536570,353657,Paulistânia - SP,2090,7,7,334.9282,262.1192,8.4312,0.8302,7,7,334.9282,262.1192,8.9371,0.7832,0,5,2
3536604,353660,Paulo de Faria - SP,7400,38,38,513.5135,412.1466,33.5000,1.1343,41,41,554.0541,439.9147,35.4770,1.1557,4,29,5
3536703,353670,Pederneiras - SP,44827,155,155,345.7738,326.9334,163.5326,0.9478,164,164,365.8509,345.9020,173.4701,0.9454,25,114,16
3536802,353680,Pedra Bela - SP,6557,19,19,289.7667,230.0272,28.6222,0.6638,19,19,289.7667,230.0272,30.3191,0.6267,3,13,3
3536901,353690,Pedranópolis - SP,2787,11,11,394.6896,257.3578,14.7113,0.7477,11,11,394.6896,257.3578,15.5588,0.7070,3,7,1
3537008,353700,Pedregulho - SP,15525,36,36,231.8841,211.4031,59.5567,0.6045,41,41,264.0902,239.4675,63.1479,0.6493,5,25,6
3537107,353710,Pedreira - SP,43112,160,160,371.1264,331.7323,166.3550,0.9618,172,172,398.9608,356.6426,176.4115,0.9750,19,122,19
3537156,353715,Pedrinhas Paulista - SP,2804,10,10,356.6334,244.4384,13.1328,0.7615,11,11,392.2967,266.9921,13.9040,0.7911,1,5,4
3537206,353720,Pedro de Toledo - SP,11281,21,21,186.1537,167.9603,45.0548,0.4661,22,22,195.0182,174.2869,47.7413,0.4608,7,10,4
3537305,353730,Penápolis - SP,61679,315,315,510.7087,420.7635,266.8948,1.1802,324,324,525.3003,432.8173,282.7188,1.1460,54,197,64
3537404,353740,Pereira Barreto - SP,24095,117,117,485.5779,397.5117,107.6233,1.0871,130,130,539.5310,439.7072,113.9731,1.1406,6,94,17
3537503,353750,Pereiras - SP,8737,25,25,286.1394,260.2573,34.0660,0.7339,26,26,297.5850,269.1517,36.1124,0.7200,2,22,1
3537602,353760,Peruíbe - SP,68352,299,299,437.4415,353.5552,297.9041,1.0037,307,307,449.1456,364.7635,315.4606,0.9732,64,181,54
3537701,353770,Piacatu - SP,5519,24,24,434.8614,342.0329,24.5732,0.9767,25,25,452.9806,354.4968,26.0262,0.9606,2,21,1
3537800,353780,Piedade - SP,52970,204,204,385.1237,340.0748,207.0766,0.9851,229,229,432.3202,381.2587,219.5308,1.0431,51,138,15
3537909,353790,Pilar do Sul - SP,27619,88,88,318.6212,292.9062,103.6257,0.8492,90,90,325.8626,300.2088,109.8867,0.8190,14,66,8
3538006,353800,Pindamonhangaba - SP,165428,570,570,344.5608,344.8041,575.4669,0.9905,582,582,351.8147,352.1693,610.6907,0.9530,73,407,90
3538105,353810,Pindorama - SP,14542,69,69,474.4877,355.1043,66.8760,1.0318,72,72,495.1176,370.5339,70.8127,1.0168,18,37,14
3538204,353820,Pinhalzinho - SP,15224,58,58,380.9774,300.5589,68.5552,0.8460,61,61,400.6831,315.8203,72.5900,0.8403,6,38,14
3538303,353830,Piquerobi - SP,3264,11,11,337.0098,247.9589,14.8009,0.7432,11,11,337.0098,247.9589,15.6730,0.7018,0,10,1
3538501,353850,Piquete - SP,12490,54,54,432.3459,337.2415,57.5708,0.9380,59,59,472.3779,368.6988,60.9474,0.9680,11,35,8
3538600,353860,Piracaia - SP,26029,121,121,464.8661,372.5885,110.9752,1.0903,124,124,476.3917,381.8433,117.5724,1.0547,20,83,18
3538709,353870,Piracicaba - SP,423323,1640,1640,387.4110,354.5572,1597.7401,1.0264,1657,1657,391.4269,358.4486,1694.7136,0.9777,419,981,240
3538808,353880,Piraju - SP,29436,113,113,383.8837,308.3852,127.3335,0.8874,118,118,400.8697,322.8007,134.8773,0.8749,12,75,26
3538907,353890,Pirajuí - SP,22431,77,77,343.2749,299.8640,89.3047,0.8622,86,86,383.3980,334.6616,94.7098,0.9080,13,48,16
3539004,353900,Pirangi - SP,10885,65,65,597.1520,467.2695,49.2959,1.3186,68,68,624.7129,487.9861,52.2082,1.3025,15,45,5
3539103,353910,Pirapora do Bom Jesus - SP,18370,37,37,201.4154,276.4638,48.1232,0.7689,38,38,206.8590,282.9081,51.2196,0.7419,15,19,3
3539202,353920,Pirapozinho - SP,25348,86,86,339.2773,291.0892,101.5599,0.8468,95,95,374.7830,322.5666,107.6497,0.8825,23,51,12
3539301,353930,Pirassununga - SP,73545,305,305,414.7121,340.3357,315.8744,0.9656,312,312,424.2301,347.8176,334.6486,0.9323,39,227,39
3539400,353940,Piratininga - SP,15108,44,44,291.2364,256.4878,60.2820,0.7299,50,50,330.9505,291.9583,63.8883,0.7826,8,30,6
3539509,353950,Pitangueiras - SP,33674,188,188,558.2942,585.1470,111.3646,1.6881,194,194,576.1121,602.9896,118.2537,1.6405,37,132,19
3539608,353960,Planalto - SP,4389,11,11,250.6266,225.6602,16.9982,0.6471,11,11,250.6266,225.6602,18.0191,0.6105,4,7,0
3539707,353970,Platina - SP,3025,11,11,363.6364,296.5721,12.4208,0.8856,12,12,396.6942,323.1449,13.1600,0.9119,1,9,1
3539806,353980,Poá - SP,103765,469,469,451.9828,467.0216,343.5330,1.3652,487,487,469.3297,485.4245,364.6880,1.3354,159,281,29
3539905,353990,Poloni - SP,5592,26,26,464.9499,353.5027,27.9597,0.9299,28,28,500.7153,375.5513,29.5923,0.9462,4,18,4
3540002,354000,Pompéia - SP,20196,68,68,336.7003,282.0910,84.3352,0.8063,68,68,336.7003,282.0910,89.3565,0.7610,6,51,11
3540101,354010,Pongaí - SP,3395,18,18,530.1915,364.2493,16.6538,1.0808,18,18,530.1915,364.2493,17.6244,1.0213,8,9,1
3540200,354020,Pontal - SP,37607,198,198,526.4977,632.6055,107.0142,1.8502,204,204,542.4522,650.5725,113.8209,1.7923,57,122,19
3540259,354025,Pontalinda - SP,4127,20,20,484.6135,447.7285,15.5226,1.2884,20,20,484.6135,447.7285,16.4610,1.2150,5,10,5
3540309,354030,Pontes Gestal - SP,2387,11,11,460.8295,279.0553,11.5812,0.9498,13,13,544.6167,332.8335,12.2591,1.0604,5,3,3
3540408,354040,Populina - SP,4127,22,22,533.0749,437.9471,20.2110,1.0885,22,22,533.0749,437.9471,21.3873,1.0286,3,17,2
3540507,354050,Porangaba - SP,10451,25,25,239.2116,175.0019,51.3129,0.4872,29,29,277.4854,199.4164,54.2965,0.5341,1,20,4
3540606,354060,Porto Feliz - SP,56497,179,179,316.8310,300.6626,205.8239,0.8697,198,198,350.4611,333.0802,218.3623,0.9068,23,129,27
3540705,354070,Porto Ferreira - SP,52649,224,224,425.4592,372.8290,210.4841,1.0642,233,233,442.5535,387.9277,223.1190,1.0443,41,154,29
3540754,354075,Potim - SP,20392,41,41,201.0592,254.5263,53.3951,0.7679,44,44,215.7709,273.2719,56.8712,0.7737,9,28,4
3540804,354080,Potirendaba - SP,18496,81,81,437.9325,366.7912,76.6800,1.0563,87,87,470.3720,393.2272,81.2602,1.0706,12,59,10
3540853,354085,Pracinha - SP,2578,6,6,232.7386,291.6213,6.7848,0.8843,6,6,232.7386,291.6213,7.2412,0.8286,0,3,3
3540903,354090,Pradópolis - SP,17078,55,55,322.0518,324.3126,59.3412,0.9268,57,57,333.7627,335.5693,62.9782,0.9051,25,26,4
3541000,354100,Praia Grande - SP,349935,1427,1427,407.7900,384.8716,1284.5961,1.1109,1464,1464,418.3634,394.7707,1362.4328,1.0745,459,856,112
3541059,354105,Pratânia - SP,5126,20,20,390.1678,468.8222,14.6499,1.3652,21,21,409.6762,490.6490,15.5787,1.3480,2,13,5
3541109,354110,Presidente Alves - SP,3804,12,12,315.4574,219.0546,17.4644,0.6871,12,12,315.4574,219.0546,18.4891,0.6490,2,6,4
3541208,354120,Presidente Bernardes - SP,14490,51,51,351.9669,268.4528,67.4241,0.7564,58,58,400.2761,302.1375,71.4190,0.8121,12,32,7
3541307,354130,Presidente Epitácio - SP,39505,154,154,389.8241,335.9596,161.4219,0.9540,161,161,407.5433,351.2944,171.0426,0.9413,24,111,19
3541406,354140,Presidente Prudente - SP,225668,1040,1040,460.8540,384.1577,943.5063,1.1023,1125,1125,498.5199,416.5309,999.8318,1.1252,187,721,132
3541505,354150,Presidente Venceslau - SP,35201,137,137,389.1935,282.2419,168.8204,0.8115,145,145,411.9201,302.7113,178.6961,0.8114,36,76,25
3541604,354160,Promissão - SP,35131,104,104,296.0348,256.8898,140.5070,0.7402,129,129,367.1971,321.6802,148.9210,0.8662,21,69,14
3541653,354165,Quadra - SP,3405,14,14,411.1601,354.4826,13.6815,1.0233,14,14,411.1601,354.4826,14.4973,0.9657,2,10,2
3541703,354170,Quatá - SP,13163,41,41,311.4791,292.6492,48.7775,0.8406,41,41,311.4791,292.6492,51.7302,0.7926,6,29,6
3541802,354180,Queiroz - SP,3265,3,3,91.8836,97.5237,10.6974,0.2804,3,3,91.8836,97.5237,11.3588,0.2641,2,1,0
3541901,354190,Queluz - SP,9159,31,31,338.4649,319.7858,33.3504,0.9295,32,32,349.3831,330.7249,35.3755,0.9046,4,25,2
3542008,354200,Quintana - SP,7038,38,38,539.9261,516.4819,26.9968,1.4076,40,40,568.3433,540.7392,28.6289,1.3972,1,34,3
3542107,354210,Rafard - SP,8965,31,31,345.7892,318.2512,34.3402,0.9027,35,35,390.4071,361.1552,36.4172,0.9611,5,22,4
3542206,354220,Rancharia - SP,28588,115,115,402.2667,344.5520,119.7612,0.9602,124,124,433.7484,371.4730,126.8879,0.9772,16,86,13
3542305,354230,Redenção da Serra - SP,4494,13,13,289.2746,216.4290,20.9201,0.6214,14,14,311.5265,245.4974,22.1403,0.6323,2,10,1
3542404,354240,Regente Feijó - SP,20145,73,73,362.3728,307.5631,83.6182,0.8730,81,81,402.0849,344.3811,88.6063,0.9142,11,49,13
3542503,354250,Reginópolis - SP,7662,26,26,339.3370,338.9659,26.4695,0.9823,26,26,339.3370,338.9659,28.1171,0.9247,3,20,3
3542602,354260,Registro - SP,59947,252,252,420.3713,390.1127,222.9949,1.1301,256,256,427.0439,396.8345,236.4850,1.0825,59,156,37
3542701,354270,Restinga - SP,6404,11,11,171.7676,183.2956,21.0924,0.5215,13,13,202.9981,213.9724,22.3904,0.5806,2,9,0
3542800,354280,Ribeira - SP,3132,14,14,446.9987,383.4991,13.4823,1.0384,14,14,446.9987,383.4991,14.2796,0.9804,5,9,0
3542909,354290,Ribeirão Bonito - SP,10989,32,32,291.2003,240.6143,44.8407,0.7136,34,34,309.4003,257.7678,47.5211,0.7155,7,21,4
3543006,354300,Ribeirão Branco - SP,18627,69,69,370.4300,433.9928,54.1631,1.2739,69,69,370.4300,433.9928,57.5787,1.1984,8,50,11
3543105,354310,Ribeirão Corrente - SP,4608,9,9,195.3125,199.9734,15.9020,0.5660,9,9,195.3125,199.9734,16.8748,0.5333,1,8,0
3543204,354320,Ribeirão do Sul - SP,4677,28,28,598.6744,458.9140,21.7612,1.2867,28,28,598.6744,458.9140,23.0380,1.2154,1,25,2
3543238,354323,Ribeirão dos Índios - SP,2025,7,7,345.6790,242.1059,10.8898,0.6428,9,9,444.4444,299.5627,11.5188,0.7813,3,1,3
3543253,354325,Ribeirão Grande - SP,7450,34,34,456.3758,412.8829,29.3607,1.1580,37,37,496.6443,450.6762,31.1206,1.1889,6,23,5
3543303,354330,Ribeirão Pires - SP,115559,451,451,390.2768,351.1121,444.5831,1.0144,466,466,403.2572,363.1613,471.3728,0.9886,131,279,41
3543402,354340,Ribeirão Preto - SP,698642,3451,3451,493.9583,451.9840,2634.1245,1.3101,3495,3495,500.2562,457.8469,2794.4006,1.2507,964,2051,436
3543501,354350,Riversul - SP,5599,34,34,607.2513,540.3777,23.1787,1.4669,35,35,625.1116,554.6732,24.5563,1.4253,2,28,4
3543600,354360,Rifaina - SP,4049,15,15,370.4618,310.8393,16.8985,0.8877,19,19,469.2517,402.3351,17.9048,1.0612,3,12,0
3543709,354370,Rincão - SP,9098,51,51,560.5628,486.4909,36.2719,1.4060,53,53,582.5456,508.3832,38.4436,1.3786,8,36,7
3543808,354380,Rinópolis - SP,9259,26,26,280.8079,183.6539,46.7010,0.5567,26,26,280.8079,183.6539,49.4224,0.5261,0,20,6
3543907,354390,Rio Claro - SP,201418,677,677,336.1169,296.0644,796.2430,0.8502,686,686,340.5853,300.2452,844.1961,0.8126,166,415,96
3544004,354400,Rio das Pedras - SP,31328,124,124,395.8121,443.1498,99.0709,1.2516,126,126,402.1961,449.9067,105.2403,1.1973,38,69,17
3544103,354410,Rio Grande da Serra - SP,44170,126,126,285.2615,327.7607,134.0511,0.9399,131,131,296.5814,338.9877,142.4385,0.9197,43,70,13
3544202,354420,Riolândia - SP,10309,31,31,300.7081,335.7632,32.2536,0.9611,32,32,310.4084,346.6208,34.2977,0.9330,3,26,2
3544251,354425,Rosana - SP,17440,56,56,321.1009,274.7538,71.5040,0.7832,59,59,338.3028,289.2634,75.7516,0.7789,10,35,11
3544301,354430,Roseira - SP,10832,35,35,323.1167,352.8224,35.4121,0.9884,38,38,350.8124,380.0794,37.5976,1.0107,5,28,2
3544400,354440,Rubiácea - SP,2700,10,10,370.3704,357.1460,9.6824,1.0328,11,11,407.4074,399.9411,10.2700,1.0711,0,9,1
3544509,354450,Rubinéia - SP,3833,18,18,469.6061,314.8574,21.0833,0.8538,20,20,521.7845,346.4407,22.2917,0.8972,2,10,6
3544608,354460,Sabino - SP,5112,38,38,743.3490,549.4228,26.2148,1.4496,39,39,762.9108,573.7025,27.7324,1.4063,9,26,3
3544707,354470,Sagres - SP,2474,4,4,161.6815,130.9723,10.9485,0.3653,4,4,161.6815,130.9723,11.5945,0.3450,0,4,0
3544806,354480,Sales - SP,6437,45,45,699.0834,540.2868,29.0019,1.5516,45,45,699.0834,540.2868,30.7063,1.4655,5,30,10
3544905,354490,Sales Oliveira - SP,11411,30,30,262.9042,230.3945,46.5577,0.6444,31,31,271.6677,237.6247,49.3473,0.6282,5,22,3
3545001,354500,Salesópolis - SP,15202,65,65,427.5753,393.0310,58.5179,1.1108,68,68,447.3096,411.9452,62.0360,1.0961,24,34,7
3545100,354510,Salmourão - SP,4808,25,25,519.9667,427.1159,20.7285,1.2061,25,25,519.9667,427.1159,21.9577,1.1386,1,20,4
3545159,354515,Saltinho - SP,8161,28,28,343.0952,285.3909,34.8399,0.8037,30,30,367.6020,303.6716,36.9115,0.8128,3,20,5
3545209,354520,Salto - SP,134319,502,502,373.7371,379.8716,453.4432,1.1071,516,516,384.1601,390.4212,481.4430,1.0718,96,351,55
3545308,354530,Salto de Pirapora - SP,43748,180,180,411.4474,389.5431,157.2285,1.1448,190,190,434.3056,410.6094,166.8051,1.1391,34,136,10
3545407,354540,Salto Grande - SP,9050,20,20,220.9945,182.2910,39.5486,0.5057,22,22,243.0939,198.5406,41.8862,0.5252,1,18,1
3545506,354550,Sandovalina - SP,3645,13,13,356.6529,371.9913,13.0306,0.9977,16,16,438.9575,460.6335,13.8204,1.1577,3,8,2
3545605,354560,Santa Adélia - SP,14018,64,64,456.5559,374.8029,59.0387,1.0840,67,67,477.9569,392.7870,62.5553,1.0711,5,50,9
3545704,354570,Santa Albertina - SP,6393,30,30,469.2633,323.6526,30.6525,0.9787,31,31,484.9054,333.5717,32.4472,0.9554,4,22,4
3545803,354580,Santa Bárbara d'Oeste - SP,183347,893,893,487.0546,443.6996,692.6568,1.2892,941,941,513.2345,467.6681,734.6122,1.2809,226,587,80
3546009,354600,Santa Branca - SP,13975,41,41,293.3810,238.7058,59.4037,0.6902,43,43,307.6923,254.6734,62.9298,0.6833,8,30,3
3546108,354610,Santa Clara d'Oeste - SP,2598,23,23,885.2964,759.3947,11.2327,2.0476,24,24,923.7875,800.5795,11.8992,2.0169,5,16,2
3546207,354620,Santa Cruz da Conceição - SP,4277,18,18,420.8557,322.4585,22.0791,0.8153,21,21,490.9984,366.0358,23.3565,0.8991,2,11,5
3546256,354625,Santa Cruz da Esperança - SP,2116,10,10,472.5898,403.5239,9.6352,1.0379,10,10,472.5898,403.5239,10.2019,0.9802,2,5,3
3546306,354630,Santa Cruz das Palmeiras - SP,28864,134,134,464.2461,436.3368,106.6293,1.2567,140,140,485.0333,455.6749,113.1098,1.2377,27,90,17
3546405,354640,Santa Cruz do Rio Pardo - SP,46442,217,217,467.2495,398.1266,193.3864,1.1221,226,226,486.6285,414.5968,204.9184,1.1029,12,170,35
3546504,354650,Santa Ernestina - SP,6118,23,23,375.9398,390.1627,19.9509,1.1528,28,28,457.6659,484.2790,21.1925,1.3212,3,17,3
3546603,354660,Santa Fé do Sul - SP,34794,155,155,445.4791,361.2886,153.2908,1.0112,165,165,474.2197,383.5657,162.3758,1.0162,45,91,19
3546702,354670,Santa Gertrudes - SP,23611,92,92,389.6489,465.8924,68.7070,1.3390,95,95,402.3548,479.6341,73.0648,1.3002,25,56,11
3546801,354680,Santa Isabel - SP,53174,298,298,560.4243,544.3903,189.2805,1.5744,311,311,584.8723,567.7664,200.8073,1.5487,94,180,24
3546900,354690,Santa Lúcia - SP,7149,26,26,363.6872,346.9070,26.4258,0.9839,31,31,433.6271,410.3372,28.0312,1.1059,2,19,5
3547007,354700,Santa Maria da Serra - SP,5243,7,7,133.5113,120.4603,19.0794,0.3669,8,8,152.5844,137.8348,20.2403,0.3953,0,4,3
3547106,354710,Santa Mercedes - SP,2956,15,15,507.4425,419.6049,12.5994,1.1905,16,16,541.2720,448.7656,13.3474,1.1987,1,10,4
3547205,354720,Santana da Ponte Pensa - SP,1670,6,6,359.2814,240.0411,10.3560,0.5794,6,6,359.2814,240.0411,10.9439,0.5483,0,4,2
3547304,354730,Santana de Parnaíba - SP,154105,376,376,243.9895,281.8063,464.3259,0.8098,403,403,261.5100,302.9620,493.3495,0.8169,118,219,39
3547403,354740,Santa Rita d'Oeste - SP,2733,15,15,548.8474,351.8575,15.6126,0.9608,15,15,548.8474,351.8575,16.5087,0.9086,3,12,0
3547502,354750,Santa Rita do Passa Quatro - SP,24833,75,75,302.0175,201.8496,132.1137,0.5677,79,79,318.1251,211.7721,139.7526,0.5653,21,44,10
3547601,354760,Santa Rosa de Viterbo - SP,23411,65,65,277.6473,219.5208,102.3420,0.6351,72,72,307.5477,242.0707,108.4048,0.6642,4,44,17
3547650,354765,Santa Salete - SP,1645,8,8,486.3222,353.3130,8.6793,0.9217,8,8,486.3222,353.3130,9.1801,0.8715,3,5,0
3547700,354770,Santo Anastácio - SP,17963,76,76,423.0919,317.1059,87.9591,0.8640,82,82,456.4939,345.2795,93.0961,0.8808,17,50,9
3547809,354780,Santo André - SP,748919,3529,3529,471.2125,393.2118,3111.2314,1.1343,3627,3626,484.2980,404.4064,3297.3535,1.0997,1080,2144,305
3547908,354790,Santo Antônio da Alegria - SP,6775,26,26,383.7638,320.6178,28.9472,0.8982,28,28,413.2841,348.3269,30.6663,0.9131,4,18,4
3548005,354800,Santo Antônio de Posse - SP,23244,81,81,348.4770,355.1355,78.5292,1.0315,89,89,382.8945,390.6048,83.3712,1.0675,18,58,5
3548054,354805,Santo Antônio do Aracanguá - SP,8379,36,36,429.6455,381.2509,33.3062,1.0809,38,38,453.5147,400.1064,35.2964,1.0766,8,23,5
3548104,354810,Santo Antônio do Jardim - SP,6126,23,23,375.4489,302.0792,26.9285,0.8541,24,24,391.7728,318.2411,28.5186,0.8416,4,16,3
3548203,354820,Santo Antônio do Pinhal - SP,7133,15,15,210.2902,180.6067,28.3848,0.5285,15,15,210.2902,180.6067,30.0843,0.4986,5,9,1
3548302,354830,Santo Expedito - SP,3000,9,9,300.0000,197.3514,14.8645,0.6055,10,10,333.3333,215.5678,15.7297,0.6357,2,4,3
3548401,354840,Santópolis do Aguapeí - SP,3899,22,22,564.2472,525.7209,14.7990,1.4866,22,22,564.2472,525.7209,15.6933,1.4019,5,16,1
3548500,354850,Santos - SP,418608,2643,2643,631.3783,398.0177,2258.0916,1.1705,2922,2922,698.0277,442.0911,2388.6767,1.2233,979,1315,349
3548609,354860,São Bento do Sapucaí - SP,11674,32,32,274.1134,209.1258,52.6677,0.6076,33,33,282.6795,215.1650,55.7693,0.5917,4,21,7
3548708,354870,São Bernardo do Campo - SP,810729,3737,3737,460.9432,434.2759,2981.7823,1.2533,3811,3811,470.0708,443.0133,3162.9821,1.2049,1274,2090,373
3548807,354880,São Caetano do Sul - SP,165655,1150,1150,694.2139,442.0165,864.8948,1.3296,1227,1227,740.6960,471.8536,915.0510,1.3409,335,619,196
3548906,354890,São Carlos - SP,254857,668,668,262.1078,232.7609,991.0352,0.6740,723,723,283.6885,252.1638,1050.8768,0.6880,66,502,100
3549003,354900,São Francisco - SP,2602,21,21,807.0715,450.1433,14.8575,1.4134,21,21,807.0715,450.1433,15.7093,1.3368,4,11,6
3549102,354910,São João da Boa Vista - SP,92547,384,384,414.9243,337.7497,398.3630,0.9639,399,399,431.1323,352.1328,422.0407,0.9454,35,272,77
3549201,354920,São João das Duas Pontes - SP,2580,10,10,387.5969,303.4054,11.7794,0.8489,10,10,387.5969,303.4054,12.4721,0.8018,4,6,0
3549250,354925,São João de Iracema - SP,1846,10,10,541.7118,426.3591,8.1788,1.2227,11,11,595.8830,481.9615,8.6615,1.2700,3,4,3
3549300,354930,São João do Pau d'Alho - SP,2242,6,6,267.6182,179.1403,13.0322,0.4604,6,6,267.6182,179.1403,13.7783,0.4355,0,2,4
3549409,354940,São Joaquim da Barra - SP,48558,184,184,378.9283,340.5892,189.1288,0.9729,195,195,401.5816,360.5181,200.5220,0.9725,31,139,14
3549508,354950,São José da Bela Vista - SP,7626,24,24,314.7128,317.7168,26.3021,0.9125,25,25,327.8259,330.5194,27.9109,0.8957,7,13,4
3549607,354960,São José do Barreiro - SP,3853,10,10,259.5380,200.0905,16.4444,0.6081,11,11,285.4918,222.9860,17.4186,0.6315,3,6,1
3549706,354970,São José do Rio Pardo - SP,52205,192,192,367.7809,291.9779,231.8056,0.8283,199,199,381.1895,302.2155,245.5304,0.8105,30,134,28
3549805,354980,São José do Rio Preto - SP,480393,3076,3075,640.3091,557.1429,1919.4611,1.6020,3144,3143,654.4642,569.6848,2035.0642,1.5444,907,1853,316
3549904,354990,São José dos Campos - SP,697054,2258,2258,323.9347,315.7221,2483.0396,0.9094,2363,2363,338.9981,330.4986,2634.6732,0.8969,565,1387,306
3549953,354995,São Lourenço da Serra - SP,16067,46,46,286.3011,277.0390,57.4904,0.8001,47,47,292.5251,282.8846,60.9856,0.7707,14,29,3
3550001,355000,São Luiz do Paraitinga - SP,10337,40,40,386.9595,286.5018,49.9108,0.8014,45,45,435.3294,324.7113,52.8272,0.8518,6,25,9
3550100,355010,São Manuel - SP,37289,169,169,453.2168,413.4085,142.7515,1.1839,175,175,469.3073,428.4815,151.3677,1.1561,14,138,17
3550209,355020,São Miguel Arcanjo - SP,32039,115,115,358.9375,342.9031,116.8887,0.9838,125,125,390.1495,372.0985,123.9797,1.0082,15,89,11
3550308,355030,São Paulo - SP,11451999,41951,41946,366.3203,329.2296,44059.2945,0.9520,43817,43810,382.6144,344.0019,46724.5371,0.9376,14297,24087,3567
3550407,355040,São Pedro - SP,38256,123,123,321.5182,245.8827,173.2934,0.7098,133,132,347.6579,264.4855,183.5002,0.7193,16,97,10
3550506,355050,São Pedro do Turvo - SP,7217,27,27,374.1167,339.6169,27.9125,0.9673,27,27,374.1167,339.6169,29.5900,0.9125,6,16,5
3550605,355060,São Roque - SP,79484,242,242,304.4638,268.9038,314.4877,0.7695,257,257,323.3355,285.7586,333.3549,0.7710,43,171,28
3550704,355070,São Sebastião - SP,81595,196,196,240.2108,285.9780,246.0881,0.7965,211,211,258.5943,306.1146,261.5062,0.8069,55,110,31
3550803,355080,São Sebastião da Grama - SP,10441,39,39,373.5274,296.8425,45.5105,0.8569,42,42,402.2603,321.2018,48.2102,0.8712,6,27,6
3550902,355090,São Simão - SP,13442,46,46,342.2110,259.6908,60.7819,0.7568,50,50,371.9685,288.4580,64.3639,0.7768,6,33,7
3551009,355100,São Vicente - SP,329911,1515,1515,459.2148,438.3985,1191.5235,1.2715,1568,1568,475.2797,453.7536,1264.0213,1.2405,587,817,111
3551108,355110,Sarapuí - SP,10369,21,21,202.5268,182.6554,39.5754,0.5306,22,22,212.1709,193.1937,41.9580,0.5243,2,16,3
3551207,355120,Sarutaiá - SP,3704,24,24,647.9482,553.5906,15.3428,1.5643,24,24,647.9482,553.5906,16.2583,1.4762,3,20,1
3551306,355130,Sebastianópolis do Sul - SP,3130,12,12,383.3866,287.7608,14.4034,0.8331,12,12,383.3866,287.7608,15.2509,0.7868,1,7,4
3551405,355140,Serra Azul - SP,12746,23,23,180.4488,232.4252,37.4839,0.6136,23,23,180.4488,232.4252,39.8862,0.5766,10,11,2
3551504,355150,Serrana - SP,43909,147,147,334.7833,413.9245,127.5226,1.1527,154,154,350.7254,432.2757,135.5932,1.1358,52,68,27
3551603,355160,Serra Negra - SP,29894,111,111,371.3120,271.8081,144.3485,0.7690,112,112,374.6571,274.7799,152.7919,0.7330,4,89,18
3551702,355170,Sertãozinho - SP,126887,571,571,450.0067,464.5125,421.9008,1.3534,583,583,459.4639,474.1071,448.0016,1.3013,130,391,50
3551801,355180,Sete Barras - SP,12730,45,45,353.4957,307.3998,50.0892,0.8984,47,47,369.2066,321.4088,53.0811,0.8854,10,30,5
3551900,355190,Severínia - SP,14576,97,97,665.4775,666.9895,50.4125,1.9241,102,102,699.7805,702.3434,53.5060,1.9063,22,66,9
3552007,355200,Silveiras - SP,6186,24,24,387.9728,331.3348,24.7858,0.9683,24,24,387.9728,331.3348,26.2683,0.9136,2,18,4
3552106,355210,Socorro - SP,40122,119,119,296.5954,213.4100,194.1063,0.6131,121,121,301.5802,217.5778,205.4634,0.5889,16,82,21
3552205,355220,Sorocaba - SP,723682,3158,3158,436.3795,435.5623,2491.0257,1.2678,3201,3201,442.3214,441.5133,2644.4269,1.2105,561,2246,351
3552304,355230,Sud Mennucci - SP,7355,20,20,271.9239,230.5128,29.6108,0.6754,21,21,285.5201,241.4402,31.3808,0.6692,3,15,2
3552403,355240,Sumaré - SP,279545,1057,1057,378.1144,433.7688,839.3209,1.2594,1101,1101,393.8543,450.9806,892.1331,1.2341,271,695,91
3552502,355250,Suzano - SP,307429,1057,1057,343.8192,396.6462,920.3982,1.1484,1097,1097,356.8304,411.2320,978.2103,1.1214,307,687,63
3552551,355255,Suzanápolis - SP,3408,17,17,498.8263,414.2165,14.2114,1.1962,17,17,498.8263,414.2165,15.0564,1.1291,4,13,0
3552601,355260,Tabapuã - SP,11323,72,72,635.8739,465.3488,52.1872,1.3796,75,75,662.3686,488.0542,55.2597,1.3572,15,47,10
3552700,355270,Tabatinga - SP,14769,65,65,440.1110,407.3384,55.7851,1.1652,68,68,460.4239,426.7344,59.1615,1.1494,13,51,1
3552809,355280,Taboão da Serra - SP,273542,993,993,363.0156,408.9258,825.0358,1.2036,1037,1037,379.1008,427.4411,876.8465,1.1826,353,577,63
3552908,355290,Taciba - SP,6260,30,30,479.2332,438.3668,23.4743,1.2780,33,33,527.1565,485.3782,24.8941,1.3256,2,25,3
3553005,355300,Taguaí - SP,12669,44,44,347.3044,388.7932,40.0939,1.0974,46,46,363.0910,407.4179,42.5957,1.0799,7,28,9
3553104,355310,Taiaçu - SP,5677,30,30,528.4481,437.2967,24.6122,1.2189,32,32,563.6780,464.2347,26.0746,1.2272,4,21,5
3553203,355320,Taiúva - SP,6548,28,28,427.6115,355.3007,27.6638,1.0122,29,29,442.8833,368.4478,29.3272,0.9888,9,16,3
3553302,355330,Tambaú - SP,21435,59,59,275.2508,230.6702,89.4968,0.6592,61,61,284.5813,238.0542,94.8320,0.6432,11,38,10
3553401,355340,Tanabi - SP,25265,128,128,506.6297,402.8735,113.6979,1.1258,134,134,530.3780,421.5355,120.4106,1.1129,31,82,15
3553500,355350,Tapiraí - SP,7996,20,20,250.1251,221.8337,29.9344,0.6681,20,20,250.1251,221.8337,31.7391,0.6301,4,16,0
3553609,355360,Tapiratiba - SP,11816,40,40,338.5240,288.7557,52.3370,0.7643,42,42,355.4502,305.6834,55.4313,0.7577,3,31,6
3553658,355365,Taquaral - SP,2619,23,23,878.1978,730.4609,11.0055,2.0899,23,23,878.1978,730.4609,11.6593,1.9727,5,16,2
3553708,355370,Taquaritinga - SP,52260,241,241,461.1558,389.5573,219.6227,1.0973,266,266,508.9935,429.4774,232.7038,1.1431,50,158,33
3553807,355380,Taquarituba - SP,24350,116,116,476.3860,464.8171,86.1955,1.3458,120,120,492.8131,480.9572,91.4814,1.3117,8,101,7
3553856,355385,Taquarivaí - SP,6876,24,24,349.0401,400.3275,19.5326,1.2287,24,24,349.0401,400.3275,20.7708,1.1555,2,21,1
3553906,355390,Tarabai - SP,6536,37,37,566.0955,528.0902,24.0262,1.5400,42,42,642.5949,599.7986,25.4842,1.6481,7,25,5
3553955,355395,Tarumã - SP,14882,62,62,416.6107,443.2475,47.8503,1.2957,70,70,470.3669,505.9386,50.8119,1.3776,6,54,2
3554003,355400,Tatuí - SP,123942,526,526,424.3921,416.1239,437.0932,1.2034,539,539,434.8808,426.4256,463.8298,1.1621,100,366,60
3554102,355410,Taubaté - SP,310739,1208,1208,388.7507,359.1430,1166.2340,1.0358,1248,1248,401.6232,371.0865,1236.9157,1.0090,223,836,149
3554201,355420,Tejupá - SP,4127,12,12,290.7681,289.0495,15.6378,0.7674,12,12,290.7681,289.0495,16.5791,0.7238,0,8,4
3554300,355430,Teodoro Sampaio - SP,22173,62,62,279.6194,278.3887,76.7339,0.8080,67,67,302.1693,300.3978,81.4264,0.8228,9,45,8
3554409,355440,Terra Roxa - SP,7904,49,49,619.9393,532.0819,32.4322,1.5108,50,50,632.5911,542.2561,34.3719,1.4547,8,34,7
3554508,355450,Tietê - SP,37663,133,133,353.1317,314.8059,150.4582,0.8840,134,134,355.7868,316.9529,159.5038,0.8401,27,95,11
3554607,355460,Timburi - SP,2464,12,12,487.0130,340.0506,12.2342,0.9809,13,13,527.5974,359.4119,12.9450,1.0043,2,6,4
3554656,355465,Torre de Pedra - SP,2046,13,13,635.3861,445.1381,9.8370,1.3215,13,13,635.3861,445.1381,10.4108,1.2487,3,8,2
3554706,355470,Torrinha - SP,9335,26,26,278.5217,208.4552,43.3083,0.6003,27,27,289.2341,219.5754,45.8582,0.5888,7,15,4
3554755,355475,Trabiju - SP,1682,3,3,178.3591,167.2063,6.2095,0.4831,3,3,178.3591,167.2063,6.5856,0.4555,0,1,2
3554805,355480,Tremembé - SP,51173,120,120,234.4987,244.5549,170.9678,0.7019,126,126,246.2236,256.9623,181.5752,0.6939,18,84,18
3554904,355490,Três Fronteiras - SP,6804,39,39,573.1922,457.5809,30.5073,1.2784,40,40,587.8895,470.3540,32.3095,1.2380,14,23,2
3554953,355495,Tuiuti - SP,6778,26,26,383.5940,279.8841,33.3492,0.7796,26,26,383.5940,279.8841,35.2927,0.7367,5,16,5
3555000,355500,Tupã - SP,63928,338,338,528.7198,391.8948,305.1709,1.1076,346,346,541.2339,401.5221,323.0645,1.0710,57,229,52
3555109,355510,Tupi Paulista - SP,15854,63,63,397.3761,298.0510,78.3995,0.8036,66,66,416.2987,308.9983,83.0005,0.7952,4,53,6
3555208,355520,Turiúba - SP,1818,7,7,385.0385,216.5396,10.2994,0.6797,7,7,385.0385,216.5396,10.8893,0.6428,5,1,1
3555307,355530,Turmalina - SP,1669,7,7,419.4128,183.9286,10.7084,0.6537,7,7,419.4128,183.9286,11.3155,0.6186,0,5,2
3555356,355535,Ubarana - SP,5365,24,24,447.3439,459.1052,18.3264,1.3096,26,26,484.6226,492.2642,19.4508,1.3367,5,14,5
3555406,355540,Ubatuba - SP,92981,152,152,163.4743,175.9393,300.5819,0.5057,191,191,205.4183,222.4788,319.2263,0.5983,39,86,27
3555505,355550,Ubirajara - SP,5132,13,13,253.3125,260.8224,17.7203,0.7336,13,13,253.3125,260.8224,18.8037,0.6914,1,10,2
3555604,355560,Uchoa - SP,10394,41,41,394.4583,289.1515,48.3551,0.8479,42,42,404.0793,296.1648,51.1977,0.8203,10,21,10
3555703,355570,União Paulista - SP,1603,7,7,436.6812,426.0468,5.7191,1.2240,10,10,623.8303,623.2173,6.0673,1.6482,2,5,0
3555802,355580,Urânia - SP,8833,45,45,509.4532,371.6198,43.6662,1.0305,46,46,520.7744,380.8380,46.2112,0.9954,17,23,5
3555901,355590,Uru - SP,1387,3,3,216.2942,174.0936,6.6157,0.4535,3,3,216.2942,174.0936,7.0016,0.4285,2,1,0
3556008,355600,Urupês - SP,13744,63,63,458.3818,338.2127,65.4597,0.9624,66,66,480.2095,355.0839,69.3039,0.9523,14,40,9
3556107,355610,Valentim Gentil - SP,14098,71,71,503.6175,472.3947,51.5876,1.3763,77,77,546.1768,513.4640,54.7323,1.4068,15,50,6
3556206,355620,Valinhos - SP,126373,530,530,419.3934,363.8814,503.1391,1.0534,555,555,439.1761,381.2901,533.3709,1.0406,144,301,85
3556305,355630,Valparaíso - SP,24241,92,92,379.5223,384.6913,81.3873,1.1304,98,98,404.2738,410.7093,86.4387,1.1338,23,60,9
3556354,355635,Vargem - SP,10512,31,31,294.9011,269.3256,39.5436,0.7839,33,33,313.9269,284.2524,41.9381,0.7869,5,23,3
3556404,355640,Vargem Grande do Sul - SP,40133,130,130,323.9230,291.6347,158.0509,0.8225,138,138,343.8567,310.6153,167.5531,0.8236,26,87,17
3556453,355645,Vargem Grande Paulista - SP,50415,163,162,323.3165,333.2849,166.3506,0.9738,166,165,329.2671,339.9150,176.6021,0.9343,32,117,14
3556503,355650,Várzea Paulista - SP,115771,325,325,280.7266,313.6842,349.3774,0.9302,346,346,298.8659,333.0686,371.3549,0.9317,88,208,29
3556602,355660,Vera Cruz - SP,10176,48,48,471.6981,350.8383,49.7378,0.9651,50,50,491.3522,363.3373,52.6417,0.9498,8,31,9
3556701,355670,Vinhedo - SP,76540,249,249,325.3201,292.4634,295.5717,0.8424,259,259,338.3852,304.0730,313.3938,0.8264,49,172,28
3556800,355680,Viradouro - SP,17414,136,136,780.9808,724.4567,65.5956,2.0733,140,140,803.9508,745.7824,69.5732,2.0123,20,98,18
3556909,355690,Vista Alegre do Alto - SP,8109,32,32,394.6233,427.1241,26.1639,1.2231,32,32,394.6233,427.1241,27.7931,1.1514,5,23,4
3556958,355695,Vitória Brasil - SP,1794,11,11,613.1550,479.0818,7.6701,1.4341,11,11,613.1550,479.0818,8.1241,1.3540,0,9,2
3557006,355700,Votorantim - SP,127923,567,567,443.2354,473.1554,408.1831,1.3891,573,573,447.9257,477.8776,433.6004,1.3215,114,411,42
3557105,355710,Votuporanga - SP,96634,503,503,520.5207,432.8840,407.2959,1.2350,519,519,537.0780,447.0410,431.6321,1.2024,125,330,48
3557154,355715,Zacarias - SP,2692,12,12,445.7652,328.0945,12.1763,0.9855,13,13,482.9123,367.1444,12.8918,1.0084,1,8,3
3557204,355720,Chavantes - SP,12211,62,62,507.7389,434.5806,48.7039,1.2730,62,62,507.7389,434.5806,51.6157,1.2012,2,48,12
3557303,355730,Estiva Gerbi - SP,11295,37,37,327.5786,337.4624,38.7549,0.9547,38,38,336.4320,345.3860,41.1370,0.9237,7,26,4
4100103,410010,Abatiá - PR,7241,26,26,359.0664,281.0821,31.8881,0.8154,28,28,386.6869,312.1790,33.7697,0.8291,2,20,4
4100202,410020,Adrianópolis - PR,6256,31,31,495.5243,440.1063,25.1983,1.2302,34,34,543.4783,479.7024,26.6996,1.2734,7,23,1
4100301,410030,Agudos do Sul - PR,10233,37,37,361.5753,357.6241,35.4718,1.0431,39,39,381.1199,375.2281,37.6352,1.0363,1,32,4
4100400,410040,Almirante Tamandaré - PR,119825,526,526,438.9735,615.0164,303.4483,1.7334,550,550,459.0027,641.5995,323.0981,1.7023,102,389,35
4100459,410045,Altamira do Paraná - PR,3590,15,15,417.8273,361.9864,14.4008,1.0416,16,16,445.6825,392.1932,15.2610,1.0484,3,8,4
4100509,410050,Altônia - PR,18742,51,51,272.1161,210.8818,88.2227,0.5781,65,65,346.8146,269.5071,93.3904,0.6960,6,43,2
4100608,410060,Alto Paraná - PR,13909,30,30,215.6877,199.8715,55.1981,0.5435,31,31,222.8773,207.8748,58.5065,0.5299,2,24,4
4100707,410070,Alto Piquiri - PR,9727,28,28,287.8585,250.4069,39.8940,0.7019,36,36,370.1038,320.4448,42.2722,0.8516,5,19,4
4100806,410080,Alvorada do Sul - PR,10326,52,52,503.5832,375.6469,48.3057,1.0765,53,53,513.2675,381.5828,51.1328,1.0365,10,34,8
4100905,410090,Amaporã - PR,4762,10,10,209.9958,202.5028,16.4093,0.6094,10,10,209.9958,202.5028,17.4122,0.5743,0,9,1
4101002,410100,Ampére - PR,19620,64,64,326.1978,326.2321,68.8474,0.9296,71,71,361.8756,362.2229,73.0635,0.9718,6,48,10
4101051,410105,Anahy - PR,2918,16,16,548.3208,421.2015,12.8614,1.2440,16,16,548.3208,421.2015,13.6203,1.1747,1,12,3
4101101,410110,Andirá - PR,19878,102,102,513.1301,395.8428,89.2680,1.1426,108,108,543.3142,423.4201,94.5262,1.1425,6,92,4
4101150,410115,Ângulo - PR,3235,11,11,340.0309,309.6052,13.0618,0.8422,11,11,340.0309,309.6052,13.8432,0.7946,2,6,3
4101200,410120,Antonina - PR,18091,80,80,442.2088,366.1508,76.9842,1.0392,82,82,453.2641,375.1853,81.5358,1.0057,34,43,3
4101309,410130,Antônio Olinto - PR,7018,14,14,199.4870,163.9964,29.8662,0.4688,16,16,227.9852,184.5334,31.6338,0.5058,1,12,1
4101408,410140,Apucarana - PR,130134,578,578,444.1576,409.6137,493.9436,1.1702,586,586,450.3051,415.7208,523.7962,1.1188,97,416,65
4101507,410150,Arapongas - PR,119138,638,638,535.5134,510.2507,432.7044,1.4744,652,652,547.2645,521.8394,459.0534,1.4203,141,434,63
4101606,410160,Arapoti - PR,25777,83,83,321.9925,350.4478,82.3426,1.0080,91,91,353.0279,384.2344,87.4483,1.0406,12,61,10
4101655,410165,Arapuã - PR,3527,8,8,226.8217,162.0938,17.2359,0.4641,8,8,226.8217,162.0938,18.2409,0.4386,1,7,0
4101705,410170,Araruna - PR,14485,41,41,283.0514,253.2570,57.1873,0.7169,44,44,303.7625,272.3026,60.6178,0.7259,9,25,7
4101804,410180,Araucária - PR,151666,555,555,365.9357,460.1816,405.9916,1.3670,589,589,388.3534,487.8243,432.0892,1.3631,112,418,25
4101853,410185,Ariranha do Ivaí - PR,2329,6,6,257.6213,188.3601,11.4362,0.5246,6,6,257.6213,188.3601,12.1018,0.4958,1,4,1
4101903,410190,Assaí - PR,13797,83,83,601.5801,422.8209,66.9585,1.2396,86,86,623.3239,437.0669,70.8623,1.2136,19,49,15
4102000,410200,Assis Chateaubriand - PR,36808,145,145,393.9361,329.0379,156.0784,0.9290,151,151,410.2369,342.8760,165.3574,0.9132,16,118,11
4102109,410210,Astorga - PR,25475,112,112,439.6467,357.1359,112.2352,0.9979,115,115,451.4230,365.9863,118.8687,0.9675,16,87,9
4102208,410220,Atalaia - PR,3980,27,27,678.3920,483.1050,19.0296,1.4188,28,28,703.5176,501.1900,20.1443,1.3900,3,20,4
4102307,410230,Balsa Nova - PR,13395,47,47,350.8772,350.6048,45.6377,1.0299,49,49,365.8081,367.1711,48.4358,1.0116,11,35,1
4102406,410240,Bandeirantes - PR,31273,163,163,521.2164,428.1353,134.3117,1.2136,172,172,549.9952,452.0156,142.2750,1.2089,40,104,19
4102505,410250,Barbosa Ferraz - PR,10795,60,60,555.8129,427.4118,52.4168,1.1447,64,64,592.8671,454.7790,55.4723,1.1537,6,40,14
4102604,410260,Barracão - PR,9759,35,35,358.6433,334.0026,35.5364,0.9849,38,38,389.3842,362.6425,37.6940,1.0081,4,29,2
4102703,410270,Barra do Jacaré - PR,2814,7,7,248.7562,176.6388,13.9616,0.5014,7,7,248.7562,176.6388,14.7755,0.4738,0,6,1
4102752,410275,Bela Vista da Caroba - PR,4031,9,9,223.2697,204.5487,17.7041,0.5084,10,10,248.0774,222.9120,18.7476,0.5334,1,6,2
4102802,410280,Bela Vista do Paraíso - PR,14833,102,102,687.6559,518.6513,68.4240,1.4907,109,109,734.8480,555.4305,72.4453,1.5046,16,79,7
4102901,410290,Bituruna - PR,15533,37,37,238.2025,247.4709,48.6812,0.7600,43,43,276.8300,289.1528,51.7020,0.8317,2,29,6
4103008,410300,Boa Esperança - PR,4558,19,19,416.8495,332.5930,20.4786,0.9278,20,20,438.7889,351.9542,21.6860,0.9223,2,16,1
4103024,410302,Boa Esperança do Iguaçu - PR,2455,1,1,40.7332,31.3569,9.5921,0.1043,1,1,40.7332,31.3569,10.1659,0.0984,0,1,0
4103040,410304,Boa Ventura de São Roque - PR,6378,13,13,203.8257,226.8754,20.6056,0.6309,13,13,203.8257,226.8754,21.8804,0.5941,0,8,5
4103057,410305,Boa Vista da Aparecida - PR,7924,42,42,530.0353,452.0348,31.6259,1.3280,42,42,530.0353,452.0348,33.5132,1.2532,7,28,7
4103107,410310,Bocaiúva do Sul - PR,13299,44,44,330.8519,348.1240,42.6766,1.0310,45,45,338.3713,355.7020,45.3130,0.9931,4,37,3
4103156,410315,Bom Jesus do Sul - PR,3980,11,11,276.3819,219.3208,17.3464,0.6341,12,12,301.5075,236.3313,18.3709,0.6532,2,8,1
4103206,410320,Bom Sucesso - PR,6581,26,26,395.0767,348.3085,25.7831,1.0084,26,26,395.0767,348.3085,27.3304,0.9513,2,18,6
4103222,410322,Bom Sucesso do Sul - PR,3202,9,9,281.0743,224.0906,14.0156,0.6421,10,10,312.3048,242.3070,14.8451,0.6736,2,6,1
4103305,410330,Borrazópolis - PR,7735,40,40,517.1299,385.7854,37.5227,1.0660,41,41,530.0582,393.2441,39.7122,1.0324,7,29,4
4103354,410335,Braganey - PR,4854,15,15,309.0235,229.6026,21.7039,0.6911,15,15,309.0235,229.6026,22.9824,0.6527,2,9,4
4103370,410337,Brasilândia do Sul - PR,3708,14,14,377.5620,323.9898,14.6655,0.9546,16,16,431.4995,373.0334,15.5456,1.0292,1,12,1
4103404,410340,Cafeara - PR,2627,16,16,609.0598,519.0241,10.8168,1.4792,16,16,609.0598,519.0241,11.4628,1.3958,2,14,0
4103453,410345,Cafelândia - PR,18997,50,50,263.1995,306.4594,54.7808,0.9127,50,50,263.1995,306.4594,58.2653,0.8581,6,38,6
4103479,410347,Cafezal do Sul - PR,4473,18,18,402.4145,329.3001,21.1085,0.8527,21,21,469.4836,383.0181,22.3446,0.9398,2,13,3
4103503,410350,Califórnia - PR,8710,44,44,505.1665,450.7529,34.5660,1.2729,44,44,505.1665,450.7529,36.6380,1.2009,8,33,3
4103602,410360,Cambará - PR,23212,86,86,370.4980,304.9864,99.5789,0.8636,91,91,392.0386,322.7547,105.4894,0.8626,10,66,10
4103701,410370,Cambé - PR,107208,469,469,437.4674,407.3824,398.9151,1.1757,516,516,481.3074,448.4807,423.1115,1.2195,60,365,44
4103800,410380,Cambira - PR,9460,33,33,348.8372,303.7017,37.2931,0.8849,35,35,369.9789,321.1411,39.5380,0.8852,7,23,3
4103909,410390,Campina da Lagoa - PR,15723,62,62,394.3268,338.5433,63.3162,0.9792,64,64,407.0470,349.0535,67.0956,0.9539,8,52,2
4103958,410395,Campina do Simão - PR,3936,17,17,431.9106,426.2493,13.1724,1.2906,18,18,457.3171,457.3068,13.9800,1.2876,1,15,1
4104006,410400,Campina Grande do Sul - PR,47825,214,214,447.4647,519.5409,134.3405,1.5930,226,226,472.5562,547.4816,142.8747,1.5818,50,156,8
4104055,410405,Campo Bonito - PR,4027,17,17,422.1505,397.7248,15.4445,1.1007,17,17,422.1505,397.7248,16.3715,1.0384,0,14,3
4104105,410410,Campo do Tenente - PR,7508,38,38,506.1268,567.3258,22.4369,1.6936,40,40,532.7651,597.7530,23.8392,1.6779,7,30,1
4104204,410420,Campo Largo - PR,136327,525,525,385.1035,417.9426,435.3660,1.2059,551,551,404.1753,439.1294,462.4105,1.1916,126,375,24
4104253,410425,Campo Magro - PR,30160,106,106,351.4589,452.3530,86.0992,1.2311,113,113,374.6684,488.3143,91.5562,1.2342,27,72,7
4104303,410430,Campo Mourão - PR,99432,400,400,402.2850,399.5655,346.0180,1.1560,413,413,415.3592,412.1397,367.2534,1.1246,64,288,48
4104402,410440,Cândido de Abreu - PR,15244,22,22,144.3191,127.0480,58.1778,0.3782,24,24,157.4390,140.9476,61.6724,0.3892,0,20,2
4104428,410442,Candói - PR,14973,38,38,253.7902,262.8422,47.6424,0.7976,39,39,260.4688,269.7603,50.5874,0.7709,3,33,2
4104451,410445,Cantagalo - PR,10933,38,38,347.5716,350.4025,38.7211,0.9814,39,39,356.7182,358.7588,41.0697,0.9496,1,32,5
4104501,410450,Capanema - PR,20481,32,32,156.2424,134.0859,85.0049,0.3764,33,33,161.1249,139.0501,90.0764,0.3664,5,23,4
4104600,410460,Capitão Leônidas Marques - PR,14648,32,32,218.4599,191.4870,58.6312,0.5458,32,32,218.4599,191.4870,62.1386,0.5150,4,27,1
4104659,410465,Carambeí - PR,23283,82,82,352.1883,459.8516,61.0213,1.3438,82,82,352.1883,459.8516,64.9420,1.2627,12,63,7
4104709,410470,Carlópolis - PR,16905,54,54,319.4321,291.3197,64.2690,0.8402,57,57,337.1783,307.4124,68.1427,0.8365,4,38,12
4104808,410480,Cascavel - PR,348051,1267,1267,364.0271,416.1147,1069.8851,1.1842,1286,1286,369.4861,421.5868,1137.1406,1.1309,232,901,134
4104907,410490,Castro - PR,73075,287,287,392.7472,449.2476,218.6683,1.3125,303,303,414.6425,474.1216,232.3629,1.3040,43,219,25
4105003,410500,Catanduvas - PR,10446,24,24,229.7530,222.1669,37.1195,0.6466,24,24,229.7530,222.1669,39.3874,0.6093,3,18,3
4105102,410510,Centenário do Sul - PR,10832,37,37,341.5805,281.7469,46.0161,0.8041,39,39,360.0443,297.5508,48.7488,0.8000,3,31,3
4105201,410520,Cerro Azul - PR,16134,59,59,365.6874,364.9475,55.2590,1.0677,62,62,384.2816,382.9212,58.6353,1.0574,12,41,6
4105300,410530,Céu Azul - PR,11087,36,36,324.7046,289.7149,45.5265,0.7907,36,36,324.7046,289.7149,48.2423,0.7462,3,32,1
4105409,410540,Chopinzinho - PR,21085,61,61,289.3052,269.5587,78.1494,0.7806,63,63,298.7906,278.3262,82.8861,0.7601,12,43,6
4105508,410550,Cianorte - PR,79527,207,207,260.2890,238.4876,300.3846,0.6891,229,229,287.9525,264.5731,318.5808,0.7188,38,142,27
4105607,410560,Cidade Gaúcha - PR,11467,38,38,331.3857,321.2143,40.8313,0.9307,40,40,348.8271,337.9334,43.3219,0.9233,2,34,2
4105706,410570,Clevelândia - PR,15070,92,92,610.4844,581.1392,55.8632,1.6469,98,98,650.2986,615.6662,59.2391,1.6543,20,65,7
4105805,410580,Colombo - PR,232212,1036,1036,446.1440,552.4567,644.9138,1.6064,1102,1102,474.5663,586.9499,686.0354,1.6063,265,706,65
4105904,410590,Colorado - PR,22896,105,105,458.5954,375.6463,97.7089,1.0746,107,107,467.3305,384.0146,103.5232,1.0336,13,86,6
4106001,410600,Congonhinhas - PR,8320,32,32,384.6154,320.1101,35.1371,0.9107,36,36,432.6923,363.3829,37.2193,0.9672,4,24,4
4106100,410610,Conselheiro Mairinck - PR,3461,18,18,520.0809,444.5931,14.4770,1.2433,20,20,577.8677,497.8134,15.3383,1.3039,2,16,0
4106209,410620,Contenda - PR,19128,82,82,428.6909,440.8895,63.3031,1.2954,84,84,439.1468,453.3482,67.2016,1.2500,10,66,6
4106308,410630,Corbélia - PR,17470,58,58,331.9977,299.1241,67.3967,0.8606,58,58,331.9977,299.1241,71.4631,0.8116,12,38,8
4106407,410640,Cornélio Procópio - PR,45206,185,185,409.2377,316.5591,207.5000,0.8916,204,204,451.2675,348.0810,219.7168,0.9285,31,135,19
4106456,410645,Coronel Domingos Soares - PR,5649,22,22,389.4495,431.8874,16.8880,1.3027,22,22,389.4495,431.8874,17.9453,1.2259,0,18,4
4106506,410650,Coronel Vivida - PR,23331,89,89,381.4667,338.9340,93.8673,0.9481,91,91,390.0390,347.5274,99.4897,0.9147,4,80,5
4106555,410655,Corumbataí do Sul - PR,3760,8,8,212.7660,150.8560,17.6238,0.4539,10,10,265.9574,191.4965,18.6567,0.5360,2,5,1
4106571,410657,Cruzeiro do Iguaçu - PR,4133,13,13,314.5415,307.1759,16.4037,0.7925,13,13,314.5415,307.1759,17.3847,0.7478,5,8,0
4106605,410660,Cruzeiro do Oeste - PR,23831,87,87,365.0707,324.8396,92.0308,0.9453,97,97,407.0329,363.7731,97.5947,0.9939,11,71,5
4106704,410670,Cruzeiro do Sul - PR,4494,12,12,267.0227,256.7653,19.1202,0.6276,12,12,267.0227,256.7653,20.2557,0.5924,0,12,0
4106803,410680,Cruz Machado - PR,15978,37,37,231.5684,220.6858,59.8489,0.6182,42,42,262.8614,249.5092,63.4623,0.6618,2,31,4
4106852,410685,Cruzmaltina - PR,2892,10,10,345.7815,258.5810,13.2632,0.7540,10,10,345.7815,258.5810,14.0407,0.7122,3,5,2
4106902,410690,Curitiba - PR,1773718,9160,9159,516.4293,459.5842,6910.2658,1.3254,9264,9263,522.2927,465.0623,7327.4934,1.2641,2358,5960,842
4107009,410700,Curiúva - PR,13647,49,49,359.0533,330.2661,51.5529,0.9505,54,54,395.6914,364.1134,54.6651,0.9878,8,34,7
4107108,410710,Diamante do Norte - PR,5142,18,18,350.0583,257.4019,25.3973,0.7087,19,19,369.5060,269.8658,26.8759,0.7070,3,13,2
4107124,410712,Diamante do Sul - PR,3171,19,19,599.1801,565.8291,12.3797,1.5348,19,19,599.1801,565.8291,13.1204,1.4481,2,15,2
4107157,410715,Diamante D'Oeste - PR,4557,20,20,438.8852,394.1615,17.9700,1.1130,22,22,482.7738,431.3927,19.0438,1.1552,2,17,1
4107207,410720,Dois Vizinhos - PR,44869,110,110,245.1581,265.9215,143.6367,0.7658,111,111,247.3868,268.2610,152.5917,0.7274,33,66,11
4107256,410725,Douradina - PR,9161,16,16,174.6534,158.0883,35.6082,0.4493,20,20,218.3168,199.4148,37.7554,0.5297,1,12,3
4107306,410730,Doutor Camargo - PR,6327,22,22,347.7161,234.6537,31.7989,0.6918,22,22,347.7161,234.6537,33.6501,0.6538,8,10,4
4107405,410740,Enéas Marques - PR,5999,18,18,300.0500,248.4128,24.9294,0.7220,18,18,300.0500,248.4128,26.4098,0.6816,12,5,1
4107504,410750,Engenheiro Beltrão - PR,12454,35,35,281.0342,224.5950,56.6234,0.6181,37,37,297.0933,240.0732,59.9507,0.6172,5,25,5
4107520,410752,Esperança Nova - PR,1849,9,9,486.7496,302.5305,9.9705,0.9027,9,9,486.7496,302.5305,10.5444,0.8535,3,5,1
4107538,410753,Entre Rios do Oeste - PR,4575,6,6,131.1475,113.3324,17.5383,0.3421,6,6,131.1475,113.3324,18.5972,0.3226,1,5,0
4107546,410754,Espigão Alto do Iguaçu - PR,4797,9,9,187.6173,178.1864,17.9278,0.5020,9,9,187.6173,178.1864,19.0070,0.4735,2,5,2
4107553,410755,Farol - PR,3039,10,10,329.0556,271.9594,13.1293,0.7617,10,10,329.0556,271.9594,13.9039,0.7192,3,6,1
4107603,410760,Faxinal - PR,16389,87,87,530.8439,484.3135,62.4320,1.3935,90,90,549.1488,502.4950,66.1899,1.3597,9,68,10
4107652,410765,Fazenda Rio Grande - PR,148873,558,558,374.8161,605.4212,313.0495,1.7825,582,582,390.9372,629.8568,334.3227,1.7408,138,393,27
4107702,410770,Fênix - PR,4492,15,15,333.9270,230.1318,21.7674,0.6891,15,15,333.9270,230.1318,23.0390,0.6511,1,9,5
4107736,410773,Fernandes Pinheiro - PR,6255,18,18,287.7698,296.3031,21.0077,0.8568,20,20,319.7442,329.9671,22.2947,0.8971,2,13,3
4107751,410775,Figueira - PR,8062,30,30,372.1161,319.8113,34.5742,0.8677,30,30,372.1161,319.8113,36.6228,0.8192,3,26,1
4107801,410780,Floraí - PR,4792,15,15,313.0217,208.9318,25.9250,0.5786,16,16,333.8898,219.8180,27.4206,0.5835,3,10,2
4107850,410785,Flor da Serra do Sul - PR,4364,27,27,618.6984,531.4971,17.9084,1.5077,27,27,618.6984,531.4971,18.9730,1.4231,2,25,0
4107900,410790,Floresta - PR,10458,26,26,248.6135,261.6608,34.3710,0.7565,26,26,248.6135,261.6608,36.5040,0.7123,4,17,5
4108007,410800,Florestópolis - PR,11446,50,50,436.8338,408.6729,42.2472,1.1835,52,52,454.3072,423.9374,44.8055,1.1606,10,33,7
4108106,410810,Flórida - PR,2652,14,14,527.9035,438.9713,11.0389,1.2682,14,14,527.9035,438.9713,11.6961,1.1970,0,12,2
4108205,410820,Formosa do Oeste - PR,7635,26,26,340.5370,245.6103,39.1709,0.6638,26,26,340.5370,245.6103,41.4460,0.6273,5,17,4
4108304,410830,Foz do Iguaçu - PR,285415,1231,1231,431.3018,522.6736,829.1664,1.4846,1325,1325,464.2363,560.8612,881.6354,1.5029,278,852,101
4108320,410832,Francisco Alves - PR,8116,20,20,246.4268,215.1035,31.7315,0.6303,28,28,344.9975,307.2663,33.6381,0.8324,3,14,3
4108403,410840,Francisco Beltrão - PR,96666,316,316,326.8988,346.6607,315.3119,1.0022,323,323,334.1402,354.7163,334.9215,0.9644,55,233,28
4108452,410845,Foz do Jordão - PR,4926,16,16,324.8071,344.5923,16.5387,0.9674,16,16,324.8071,344.5923,17.5504,0.9117,5,11,0
4108502,410850,General Carneiro - PR,11062,40,40,361.5983,380.3190,35.3689,1.1309,45,45,406.7980,430.0859,37.5544,1.1983,4,32,4
4108551,410855,Godoy Moreira - PR,2977,6,6,201.5452,134.5166,15.8462,0.3786,6,6,201.5452,134.5166,16.7562,0.3581,0,5,1
4108601,410860,Goioerê - PR,28437,91,91,320.0056,269.7684,117.2856,0.7759,98,98,344.6214,290.1482,124.2838,0.7885,14,58,19
4108650,410865,Goioxim - PR,6566,9,9,137.0698,144.3455,21.4529,0.4195,10,10,152.2997,157.8771,22.7723,0.4391,1,6,2
4108700,410870,Grandes Rios - PR,5641,20,20,354.5471,286.5489,24.8952,0.8034,20,20,354.5471,286.5489,26.3643,0.7586,2,17,1
4108809,410880,Guaíra - PR,32097,122,122,380.0978,369.3073,115.2712,1.0584,125,125,389.4445,378.5044,122.2814,1.0222,9,95,18
4108908,410890,Guairaçá - PR,6587,21,21,318.8098,301.2126,24.8170,0.8462,21,21,318.8098,301.2126,26.3197,0.7979,1,16,4
4108957,410895,Guamiranga - PR,7856,22,22,280.0407,278.2663,27.1176,0.8113,24,24,305.4990,308.1169,28.7757,0.8340,0,19,3
4109005,410900,Guapirama - PR,4626,18,18,389.1051,359.7834,16.3130,1.1034,19,19,410.7220,381.1809,17.3080,1.0978,3,15,0
4109104,410910,Guaporema - PR,2191,6,6,273.8476,228.4334,9.7306,0.6166,6,6,273.8476,228.4334,10.3054,0.5822,4,1,1
4109203,410920,Guaraci - PR,4748,16,16,336.9840,255.8116,21.5084,0.7439,17,17,358.0455,273.2817,22.7755,0.7464,7,4,5
4109302,410930,Guaraniaçu - PR,13735,38,38,276.6655,224.0694,59.2989,0.6408,39,39,283.9461,232.8984,62.8121,0.6209,3,30,5
4109401,410940,Guarapuava - PR,182093,683,683,375.0831,407.3269,563.7248,1.2116,702,702,385.5173,418.1719,598.9155,1.1721,63,552,68
4109500,410950,Guaraqueçaba - PR,7430,19,19,255.7201,243.8785,26.8296,0.7082,20,20,269.1790,258.2650,28.4540,0.7029,5,13,1
4109609,410960,Guaratuba - PR,42062,185,185,439.8269,399.1057,158.4019,1.1679,201,201,477.8660,434.3909,167.9090,1.1971,31,133,21
4109658,410965,Honório Serpa - PR,4941,11,11,222.6270,201.7458,18.3215,0.6004,11,11,222.6270,201.7458,19.4260,0.5663,1,9,1
4109708,410970,Ibaiti - PR,28830,175,175,607.0066,555.3469,109.7046,1.5952,189,189,655.5671,599.5318,116.3218,1.6248,19,135,21
4109757,410975,Ibema - PR,6218,32,32,514.6349,474.5979,23.0462,1.3885,32,32,514.6349,474.5979,24.4378,1.3094,5,22,5
4109807,410980,Ibiporã - PR,51603,231,231,447.6484,400.9310,198.9613,1.1610,239,239,463.1514,415.0844,210.9409,1.1330,37,169,25
4109906,410990,Icaraíma - PR,8991,17,17,189.0780,159.2685,39.3583,0.4319,23,23,255.8114,210.7289,41.6856,0.5517,2,15,0
4110003,411000,Iguaraçu - PR,5338,29,29,543.2746,532.9130,18.9798,1.5279,29,29,543.2746,532.9130,20.1391,1.4400,2,24,3
4110052,411005,Iguatu - PR,2144,12,12,559.7015,385.2340,10.1179,1.1860,13,13,606.3433,448.7134,10.7104,1.2138,0,11,1
4110078,411007,Imbaú - PR,14249,63,63,442.1363,514.8922,42.1684,1.4940,65,65,456.1724,532.3286,44.8121,1.4505,8,53,2
4110102,411010,Imbituva - PR,29924,120,120,401.0159,461.7557,88.3269,1.3586,124,124,414.3831,475.4812,93.8858,1.3208,22,89,9
4110201,411020,Inácio Martins - PR,9670,20,20,206.8252,224.1291,31.0361,0.6444,21,21,217.1665,235.8086,32.9495,0.6373,1,16,3
4110300,411030,Inajá - PR,2536,11,11,433.7539,343.2627,11.3785,0.9667,11,11,433.7539,343.2627,12.0472,0.9131,1,9,1
4110409,411040,Indianópolis - PR,4448,11,11,247.3022,189.3959,19.7245,0.5577,14,14,314.7482,255.1757,20.8887,0.6702,0,10,1
4110508,411050,Ipiranga - PR,14142,42,42,296.9877,332.1523,44.0445,0.9536,44,44,311.1300,347.1657,46.7881,0.9404,6,29,7
4110607,411060,Iporã - PR,15746,45,45,285.7869,228.5011,68.9354,0.6528,54,54,342.9442,273.2437,73.0126,0.7396,2,36,7
4110656,411065,Iracema do Oeste - PR,2343,6,6,256.0819,221.4425,10.4490,0.5742,6,6,256.0819,221.4425,11.0658,0.5422,1,4,1
4110706,411070,Irati - PR,59250,220,220,371.3080,355.2185,213.6719,1.0296,231,231,389.8734,373.8242,226.6748,1.0191,22,168,30
4110805,411080,Iretama - PR,10684,25,25,233.9948,206.0698,43.2588,0.5779,28,28,262.0741,232.7561,45.8366,0.6109,3,17,5
4110904,411090,Itaguajé - PR,4481,15,15,334.7467,292.1296,18.0394,0.8315,17,17,379.3796,335.7702,19.1157,0.8893,6,7,2
4110953,411095,Itaipulândia - PR,11485,31,31,269.9173,286.8378,37.5461,0.8257,32,32,278.6243,298.3032,39.8666,0.8027,8,20,3
4111001,411100,Itambaracá - PR,5908,21,21,355.4502,269.9356,26.9973,0.7779,24,24,406.2288,307.6006,28.5794,0.8398,5,13,3
4111100,411110,Itambé - PR,6111,38,38,621.8295,503.8427,26.3856,1.4402,38,38,621.8295,503.8427,27.9496,1.3596,12,23,3
4111209,411120,Itapejara d'Oeste - PR,12344,44,44,356.4485,329.4785,46.5835,0.9445,46,46,372.6507,345.8321,49.4020,0.9311,8,36,0
4111258,411125,Itaperuçu - PR,31217,137,137,438.8634,640.3140,73.7312,1.8581,140,140,448.4736,655.6193,78.5799,1.7816,31,100,6
4111308,411130,Itaúna do Sul - PR,3572,6,6,167.9731,140.5624,16.1807,0.3708,7,7,195.9686,163.5114,17.1326,0.4086,2,3,1
4111407,411140,Ivaí - PR,13229,30,30,226.7745,243.8589,43.6242,0.6877,36,36,272.1294,290.9995,46.3122,0.7773,5,18,7
4111506,411150,Ivaiporã - PR,32720,108,108,330.0733,265.7471,143.6439,0.7519,117,117,357.5795,289.1161,152.1468,0.7690,24,75,9
4111555,411155,Ivaté - PR,6831,10,10,146.3915,114.8990,29.2791,0.3415,11,11,161.0306,126.1091,31.0119,0.3547,2,6,2
4111605,411160,Ivatuba - PR,2708,12,12,443.1315,300.8947,13.1607,0.9118,13,13,480.0591,340.9134,13.9292,0.9333,3,9,0
4111704,411170,Jaboti - PR,5427,15,15,276.3958,243.2132,22.2604,0.6738,16,16,294.8222,258.7614,23.5823,0.6785,2,9,4
4111803,411180,Jacarezinho - PR,40375,131,131,324.4582,302.6361,150.7115,0.8692,144,144,356.6563,331.9688,159.8337,0.9009,20,95,16
4111902,411190,Jaguapitã - PR,15122,75,75,495.9661,503.5365,51.9392,1.4440,79,79,522.4177,530.4178,55.1321,1.4329,14,56,5
4112009,411200,Jaguariaíva - PR,35141,176,176,500.8395,576.5575,103.1845,1.7057,181,181,515.0679,591.0703,109.6777,1.6503,17,142,17
4112108,411210,Jandaia do Sul - PR,21408,104,104,485.7997,379.8018,95.2358,1.0920,107,107,499.8132,393.0396,100.8738,1.0607,15,75,14
4112207,411220,Janiópolis - PR,5870,22,22,374.7871,266.1451,28.3431,0.7762,24,24,408.8586,289.4000,29.9961,0.8001,5,15,2
4112306,411230,Japira - PR,4972,17,17,341.9147,281.0970,20.4557,0.8311,17,17,341.9147,281.0970,21.6725,0.7844,1,14,2
4112405,411240,Japurá - PR,9144,21,21,229.6588,174.6022,43.2984,0.4850,21,21,229.6588,174.6022,45.8361,0.4582,2,15,4
4112504,411250,Jardim Alegre - PR,12004,38,38,316.5611,232.4828,55.0305,0.6905,40,40,333.2223,251.3548,58.2639,0.6865,6,26,6
4112603,411260,Jardim Olinda - PR,1343,2,2,148.9203,176.7865,4.8731,0.4104,2,2,148.9203,176.7865,5.1679,0.3870,0,2,0
4112702,411270,Jataizinho - PR,11813,64,64,541.7760,504.7251,43.9370,1.4566,71,71,601.0328,562.9531,46.5943,1.5238,15,38,11
4112751,411275,Jesuítas - PR,10506,24,24,228.4409,173.5913,48.7667,0.4921,24,24,228.4409,173.5913,51.6277,0.4649,7,14,3
4112801,411280,Joaquim Távora - PR,11945,70,70,586.0193,562.8334,43.8554,1.5962,72,72,602.7627,579.2333,46.5205,1.5477,7,55,8
4112900,411290,Jundiaí do Sul - PR,3333,10,10,300.0300,217.9966,15.2693,0.6549,10,10,300.0300,217.9966,16.1653,0.6186,1,8,1
4112959,411295,Juranda - PR,7771,35,35,450.3925,406.1148,29.8038,1.1743,36,36,463.2608,421.8846,31.5984,1.1393,3,30,2
4113007,411300,Jussara - PR,6690,17,17,254.1106,215.0065,27.2147,0.6247,17,17,254.1106,215.0065,28.8409,0.5894,2,11,4
4113106,411310,Kaloré - PR,4582,31,31,676.5605,440.7543,23.6671,1.3098,32,32,698.3850,467.4782,25.0391,1.2780,3,25,3
4113205,411320,Lapa - PR,45003,177,177,393.3071,373.0954,162.2871,1.0907,182,182,404.4175,384.2053,172.1471,1.0572,25,131,21
4113254,411325,Laranjal - PR,5600,15,15,267.8571,285.2285,17.8094,0.8423,16,16,285.7143,307.1575,18.9121,0.8460,1,11,3
4113304,411330,Laranjeiras do Sul - PR,32227,118,118,366.1526,372.7797,110.8070,1.0649,120,120,372.3586,379.0973,117.6059,1.0204,5,99,14
4113403,411340,Leópolis - PR,3752,11,11,293.1770,220.5090,17.5073,0.6283,13,13,346.4819,276.1640,18.5325,0.7015,3,7,1
4113429,411342,Lidianópolis - PR,3938,13,13,330.1168,223.7282,19.5647,0.6645,14,14,355.5104,239.0934,20.7011,0.6763,3,9,1
4113452,411345,Lindoeste - PR,5175,13,13,251.2077,231.0305,21.1747,0.6139,13,13,251.2077,231.0305,22.4350,0.5795,4,6,3
4113502,411350,Loanda - PR,23225,73,73,314.3165,294.1745,86.2767,0.8461,75,75,322.9279,302.0904,91.5075,0.8196,15,48,10
4113601,411360,Lobato - PR,4601,16,16,347.7505,313.7762,18.7703,0.8524,16,16,347.7505,313.7762,19.8892,0.8045,1,14,1
4113700,411370,Londrina - PR,555965,2636,2636,474.1306,415.0690,2191.1356,1.2030,2805,2805,504.5282,442.3144,2323.1268,1.2074,445,1870,321
4113734,411373,Luiziana - PR,6690,18,18,269.0583,253.3524,24.7213,0.7281,18,18,269.0583,253.3524,26.2152,0.6866,1,14,3
4113759,411375,Lunardelli - PR,4872,9,9,184.7291,129.3659,24.1405,0.3728,10,10,205.2545,140.6427,25.5432,0.3915,1,5,3
4113809,411380,Lupionópolis - PR,4813,29,29,602.5348,482.2968,20.8944,1.3879,32,32,664.8660,528.6135,22.1318,1.4459,3,21,5
4113908,411390,Mallet - PR,13428,13,13,96.8126,93.4523,48.8879,0.2659,14,14,104.2598,101.9436,51.8637,0.2699,2,10,1
4114005,411400,Mamborê - PR,13452,37,37,275.0520,232.9995,54.3805,0.6804,40,40,297.3536,253.8699,57.6265,0.6941,6,23,8
4114104,411410,Mandaguaçu - PR,31457,101,101,321.0732,349.3369,98.6402,1.0239,103,103,327.4311,356.1527,104.8154,0.9827,8,80,13
4114203,411420,Mandaguari - PR,36716,136,136,370.4107,316.1538,148.7702,0.9142,143,143,389.4760,333.2498,157.6864,0.9069,19,103,14
4114302,411430,Mandirituba - PR,27439,123,123,448.2671,446.4718,94.6514,1.2995,127,127,462.8449,462.2986,100.4244,1.2646,16,91,16
4114351,411435,Manfrinópolis - PR,2770,9,9,324.9097,276.6851,11.1210,0.8093,9,9,324.9097,276.6851,11.7836,0.7638,1,5,3
4114401,411440,Mangueirinha - PR,16603,54,54,325.2424,333.1690,55.3655,0.9753,56,56,337.2884,344.8275,58.7700,0.9529,8,42,4
4114500,411450,Manoel Ribas - PR,14240,36,36,252.8090,253.1934,49.1096,0.7331,36,36,252.8090,253.1934,52.1144,0.6908,8,27,1
4114609,411460,Marechal Cândido Rondon - PR,55836,185,185,331.3275,313.2207,204.1866,0.9060,198,198,354.6099,335.2067,216.6292,0.9140,32,123,30
4114708,411470,Maria Helena - PR,5865,11,11,187.5533,133.9754,26.4940,0.4152,13,13,221.6539,160.9188,28.0556,0.4634,2,6,3
4114807,411480,Marialva - PR,41851,156,156,372.7509,348.5881,157.2092,0.9923,159,159,379.9192,355.0312,166.7347,0.9536,23,111,22
4114906,411490,Marilândia do Sul - PR,8677,45,45,518.6124,467.8611,34.6912,1.2972,47,47,541.6619,487.2491,36.7645,1.2784,5,37,3
4115002,411500,Marilena - PR,7253,20,20,275.7480,235.7741,29.9783,0.6671,20,20,275.7480,235.7741,31.7638,0.6296,4,15,1
4115101,411510,Mariluz - PR,9847,47,47,477.3027,421.4049,37.8943,1.2403,57,57,578.8565,513.4819,40.1778,1.4187,11,32,4
4115200,411520,Maringá - PR,409657,1814,1814,442.8095,392.1937,1608.1526,1.1280,1846,1846,450.6209,399.5969,1705.2834,1.0825,324,1291,199
4115309,411530,Mariópolis - PR,6371,24,24,376.7070,337.7596,26.0181,0.9224,26,26,408.0992,365.3749,27.5689,0.9431,2,21,1
4115358,411535,Maripá - PR,6555,27,27,411.8993,373.2333,26.1454,1.0327,27,27,411.8993,373.2333,27.7093,0.9744,4,19,4
4115408,411540,Marmeleiro - PR,15901,54,54,339.6013,307.7100,61.0347,0.8847,57,57,358.4680,325.0834,64.7201,0.8807,11,35,8
4115457,411545,Marquinho - PR,4504,8,8,177.6199,183.1228,17.1457,0.4666,8,8,177.6199,183.1228,18.1750,0.4402,2,6,0
4115507,411550,Marumbi - PR,4699,19,19,404.3413,337.1865,20.1118,0.9447,19,19,404.3413,337.1865,21.3082,0.8917,2,12,5
4115606,411560,Matelândia - PR,18450,64,64,346.8835,345.9650,63.5292,1.0074,74,74,401.0840,401.5017,67.4273,1.0975,9,52,3
4115705,411570,Matinhos - PR,39259,160,160,407.5499,361.2583,151.8496,1.0537,170,170,433.0217,386.8391,160.9420,1.0563,25,122,13
4115739,411573,Mato Rico - PR,3267,6,6,183.6547,169.5521,12.9790,0.4623,6,6,183.6547,169.5521,13.7553,0.4362,0,5,1
4115754,411575,Mauá da Serra - PR,9383,33,33,351.6999,413.1679,26.6359,1.2389,34,34,362.3575,425.3489,28.3232,1.2004,5,23,5
4115804,411580,Medianeira - PR,54369,156,156,286.9282,314.6643,172.1869,0.9060,173,173,318.1960,346.0658,182.9619,0.9456,27,117,12
4115853,411585,Mercedes - PR,5931,9,9,151.7451,132.5485,23.8011,0.3781,10,10,168.6056,147.6523,25.2252,0.3964,0,8,1
4115903,411590,Mirador - PR,2238,4,4,178.7310,180.1059,8.1400,0.4914,4,4,178.7310,180.1059,8.6331,0.4633,1,2,1
4116000,411600,Miraselva - PR,1966,10,10,508.6470,388.2226,9.2544,1.0806,10,10,508.6470,388.2226,9.7953,1.0209,1,9,0
4116059,411605,Missal - PR,11064,22,22,198.8431,154.6181,49.6849,0.4428,22,22,198.8431,154.6181,52.6117,0.4182,5,17,0
4116109,411610,Moreira Sales - PR,11175,47,47,420.5817,289.8788,54.5778,0.8612,51,51,456.3758,315.5218,57.7573,0.8830,2,35,10
4116208,411620,Morretes - PR,18309,61,61,333.1695,301.3160,70.2804,0.8680,66,66,360.4785,327.3051,74.5047,0.8858,14,43,4
4116307,411630,Munhoz de Melo - PR,3951,12,12,303.7206,237.5933,18.6652,0.6429,12,12,303.7206,237.5933,19.7608,0.6073,1,8,3
4116406,411640,Nossa Senhora das Graças - PR,3669,10,10,272.5538,238.0342,14.8451,0.6736,10,10,272.5538,238.0342,15.7309,0.6357,3,7,0
4116505,411650,Nova Aliança do Ivaí - PR,1323,2,2,151.1716,156.7164,5.1852,0.3857,2,2,151.1716,156.7164,5.4951,0.3640,0,2,0
4116604,411660,Nova América da Colina - PR,3280,9,9,274.3902,241.1459,13.9610,0.6447,9,9,274.3902,241.1459,14.7883,0.6086,1,8,0
4116703,411670,Nova Aurora - PR,13765,57,57,414.0937,351.2861,56.2085,1.0141,57,57,414.0937,351.2861,59.5686,0.9569,7,41,9
4116802,411680,Nova Cantu - PR,6790,19,19,279.8233,249.8306,27.8399,0.6825,20,20,294.5508,263.0224,29.4988,0.6780,0,18,1
4116901,411690,Nova Esperança - PR,26585,105,105,394.9596,332.9978,112.4378,0.9338,108,108,406.2441,345.1817,119.1232,0.9066,14,73,18
4116950,411695,Nova Esperança do Sudoeste - PR,5597,12,12,214.4006,209.5891,20.2968,0.5912,12,12,214.4006,209.5891,21.5264,0.5575,1,9,2
4117008,411700,Nova Fátima - PR,7225,19,19,262.9758,215.2688,31.7481,0.5985,24,24,332.1799,267.8129,33.6205,0.7138,2,12,5
4117057,411705,Nova Laranjeiras - PR,12074,14,14,115.9516,118.9524,39.8870,0.3510,15,15,124.2339,127.2870,42.3366,0.3543,1,12,1
4117107,411710,Nova Londrina - PR,12923,37,37,286.3112,262.5021,49.7648,0.7435,38,38,294.0494,269.4182,52.7643,0.7202,1,31,5
4117206,411720,Nova Olímpia - PR,5833,21,21,360.0206,297.8841,25.9159,0.8103,28,28,480.0274,393.5091,27.4456,1.0202,1,19,1
4117214,411721,Nova Santa Bárbara - PR,4184,19,19,454.1109,376.2511,17.9216,1.0602,20,20,478.0115,392.8591,18.9855,1.0534,0,19,0
4117222,411722,Nova Santa Rosa - PR,8322,17,17,204.2778,172.2967,33.5497,0.5067,19,19,228.3105,193.9460,35.5598,0.5343,0,15,2
4117255,411725,Nova Prata do Iguaçu - PR,12699,22,22,173.2420,164.5626,45.2688,0.4860,24,24,188.9913,180.8933,48.0236,0.4998,3,16,3
4117271,411727,Nova Tebas - PR,6848,18,18,262.8505,213.9036,30.1437,0.5971,18,18,262.8505,213.9036,31.9182,0.5639,5,12,1
4117297,411729,Novo Itacolomi - PR,3125,9,9,288.0000,209.4553,14.0175,0.6421,10,10,320.0000,246.6938,14.8451,0.6736,3,5,1
4117305,411730,Ortigueira - PR,24192,100,100,413.3598,421.2279,82.3109,1.2149,104,104,429.8942,438.6785,87.3458,1.1907,13,74,13
4117404,411740,Ourizona - PR,3187,15,15,470.6621,437.1543,15.5050,0.9674,15,15,470.6621,437.1543,16.4114,0.9140,1,11,3
4117453,411745,Ouro Verde do Oeste - PR,6785,35,35,515.8438,491.3258,24.3556,1.4370,36,36,530.5822,506.4757,25.8404,1.3932,7,26,2
4117503,411750,Paiçandu - PR,45962,158,158,343.7622,380.3540,144.2090,1.0956,162,162,352.4651,389.4456,153.2148,1.0573,30,109,19
4117602,411760,Palmas - PR,48247,177,177,366.8622,442.0948,130.3832,1.3575,180,180,373.0802,450.1093,138.7040,1.2977,14,152,11
4117701,411770,Palmeira - PR,33855,112,112,330.8226,333.2731,115.8789,0.9665,118,118,348.5453,351.0265,122.9939,0.9594,9,93,10
4117800,411780,Palmital - PR,13033,45,45,345.2774,345.5343,46.7265,0.9631,47,47,360.6230,359.4743,49.5596,0.9484,4,38,3
4117909,411790,Palotina - PR,35011,95,95,271.3433,265.0565,124.9072,0.7606,105,105,299.9057,292.3149,132.5483,0.7922,21,69,5
4118006,411800,Paraíso do Norte - PR,13245,48,48,362.4009,349.8028,47.4041,1.0126,48,48,362.4009,349.8028,50.3002,0.9543,8,37,3
4118105,411810,Paranacity - PR,9557,31,31,324.3696,296.0301,36.2396,0.8554,31,31,324.3696,296.0301,38.4238,0.8068,1,28,2
4118204,411820,Paranaguá - PR,145829,670,670,459.4422,518.2417,440.5942,1.5207,697,697,477.9571,538.0018,468.1869,1.4887,162,446,62
4118303,411830,Paranapoema - PR,2398,5,5,208.5071,194.2703,8.7149,0.5737,6,6,250.2085,228.0411,9.2431,0.6491,2,2,1
4118402,411840,Paranavaí - PR,92001,358,358,389.1262,350.1243,359.0756,0.9970,362,362,393.4740,354.1447,380.6875,0.9509,34,276,48
4118451,411845,Pato Bragado - PR,5733,14,14,244.2002,237.1251,22.3098,0.6275,15,15,261.6431,253.3092,23.6535,0.6342,1,11,2
4118501,411850,Pato Branco - PR,91836,329,329,358.2473,381.6214,295.9004,1.1119,334,334,363.6918,386.9106,314.3344,1.0626,36,268,25
4118600,411860,Paula Freitas - PR,5666,15,15,264.7370,247.6082,21.5997,0.6945,16,16,282.3862,267.4184,22.8998,0.6987,3,11,1
4118709,411870,Paulo Frontin - PR,6343,5,5,78.8271,71.8670,24.5551,0.2036,5,5,78.8271,71.8670,26.0318,0.1921,0,3,2
4118808,411880,Peabiru - PR,13346,44,44,329.6868,297.7723,52.4639,0.8387,48,48,359.6583,323.0074,55.6137,0.8631,7,30,7
4118857,411885,Perobal - PR,7189,10,10,139.1014,126.0771,28.3088,0.3532,12,12,166.9217,155.8936,30.0105,0.3999,2,5,3
4118907,411890,Pérola - PR,11878,38,38,319.9192,252.4472,52.6033,0.7224,43,43,362.0138,284.3551,55.7163,0.7718,12,24,2
4119004,411900,Pérola d'Oeste - PR,6221,11,11,176.8204,119.7190,29.4866,0.3731,12,12,192.8950,130.2046,31.2123,0.3845,3,4,4
4119103,411910,Piên - PR,13655,33,33,241.6697,278.1621,40.4661,0.8155,34,34,248.9930,285.7776,43.0110,0.7905,5,25,3
4119152,411915,Pinhais - PR,127019,587,587,462.1356,511.2814,396.6738,1.4798,610,610,480.2431,531.2409,421.4187,1.4475,148,408,31
4119202,411920,Pinhalão - PR,6566,23,23,350.2894,310.5684,27.1879,0.8460,26,26,395.9793,349.1227,28.8044,0.9026,1,18,4
4119251,411925,Pinhal de São Bento - PR,2761,1,1,36.2188,28.1423,10.6792,0.0936,2,2,72.4375,69.2093,11.3194,0.1767,0,1,0
4119301,411930,Pinhão - PR,29886,92,92,307.8364,354.2916,88.2016,1.0431,94,94,314.5285,361.6177,93.7245,1.0029,17,68,7
4119400,411940,Piraí do Sul - PR,23651,111,111,469.3248,472.2108,82.3105,1.3486,116,116,490.4655,492.8572,87.3350,1.3282,14,83,14
4119509,411950,Piraquara - PR,118730,431,431,363.0085,529.2465,281.1789,1.5328,446,446,375.6422,548.2772,299.7468,1.4879,125,277,29
4119608,411960,Pitanga - PR,33567,65,65,193.6426,189.8838,117.7568,0.5520,67,67,199.6008,195.4904,124.9462,0.5362,7,51,7
4119657,411965,Pitangueiras - PR,3046,12,12,393.9593,343.9667,11.8513,1.0125,16,16,525.2791,475.6067,12.5637,1.2735,3,9,0
4119707,411970,Planaltina do Paraná - PR,4070,5,5,122.8501,98.4031,17.2148,0.2904,6,6,147.4201,113.6645,18.2397,0.3290,2,3,0
4119806,411980,Planalto - PR,14374,24,24,166.9681,134.3959,62.2804,0.3854,24,24,166.9681,134.3959,65.9753,0.3638,1,18,5
4119905,411990,Ponta Grossa - PR,358371,1596,1596,445.3485,485.3485,1136.9503,1.4038,1659,1659,462.9281,504.3100,1207.6915,1.3737,207,1253,136
4119954,411995,Pontal do Paraná - PR,30425,133,133,437.1405,373.0314,124.0779,1.0719,141,141,463.4347,398.4791,131.4553,1.0726,25,94,14
4120002,412000,Porecatu - PR,11624,54,54,464.5561,342.8806,54.9720,0.9823,56,56,481.7619,355.3492,58.1907,0.9624,10,39,5
4120101,412010,Porto Amazonas - PR,4098,18,18,439.2387,408.6291,14.6352,1.2299,20,20,488.0429,452.2601,15.5249,1.2883,1,17,0
4120150,412015,Porto Barreiro - PR,3110,7,7,225.0804,206.9593,12.2725,0.5704,7,7,225.0804,206.9593,13.0070,0.5382,1,3,3
4120200,412020,Porto Rico - PR,3182,8,8,251.4142,292.2729,10.5904,0.7554,8,8,251.4142,292.2729,11.2441,0.7115,2,6,0
4120309,412030,Porto Vitória - PR,3562,9,9,252.6670,224.2012,14.0954,0.6385,11,11,308.8153,282.5235,14.9380,0.7364,1,6,2
4120333,412033,Prado Ferreira - PR,3709,27,27,727.9590,643.2461,14.5277,1.8585,29,29,781.8819,695.8699,15.4006,1.8830,4,17,6
4120358,412035,Pranchita - PR,5737,15,15,261.4607,221.9596,24.6043,0.6096,16,16,278.8914,244.6937,26.0649,0.6139,5,5,5
4120408,412040,Presidente Castelo Branco - PR,4336,17,17,392.0664,373.3803,15.7949,1.0763,18,18,415.1292,394.2393,16.7531,1.0744,2,13,2
4120507,412050,Primeiro de Maio - PR,10082,45,45,446.3400,322.8016,48.9303,0.9197,49,49,486.0147,349.5798,51.7867,0.9462,5,34,6
4120606,412060,Prudentópolis - PR,49393,138,138,279.3918,264.7968,178.8339,0.7717,146,146,295.5884,280.0269,189.6913,0.7697,9,119,10
4120655,412065,Quarto Centenário - PR,4201,9,9,214.2347,185.7895,17.1679,0.5242,9,9,214.2347,185.7895,18.1941,0.4947,1,5,3
4120705,412070,Quatiguá - PR,8099,48,48,592.6658,470.4339,34.4272,1.3942,50,50,617.3602,493.6999,36.4772,1.3707,5,33,10
4120804,412080,Quatro Barras - PR,24191,128,128,529.1224,597.4752,72.2296,1.7721,131,131,541.5237,614.4896,76.7610,1.7066,24,94,10
4120853,412085,Quatro Pontes - PR,4480,13,13,290.1786,205.7462,19.9105,0.6529,13,13,290.1786,205.7462,21.0890,0.6164,2,9,2
4120903,412090,Quedas do Iguaçu - PR,30738,97,97,315.5703,320.0736,104.6208,0.9272,97,97,315.5703,320.0736,111.0260,0.8737,21,61,15
4121000,412100,Querência do Norte - PR,10685,12,12,112.3070,106.9564,40.3186,0.2976,12,12,112.3070,106.9564,42.7451,0.2807,0,11,1
4121109,412110,Quinta do Sol - PR,5001,13,13,259.9480,208.0774,21.2023,0.6131,15,15,299.9400,237.0803,22.4612,0.6678,6,3,4
4121208,412120,Quitandinha - PR,18398,65,65,353.2993,337.6073,67.3796,0.9647,70,70,380.4761,362.7427,71.4641,0.9795,9,54,2
4121257,412125,Ramilândia - PR,4221,12,12,284.2928,282.4792,14.4998,0.8276,12,12,284.2928,282.4792,15.3874,0.7799,3,9,0
4121307,412130,Rancho Alegre - PR,3512,11,11,313.2118,214.3046,18.3724,0.5987,12,12,341.6856,248.5024,19.4349,0.6174,4,4,3
4121356,412135,Rancho Alegre D'Oeste - PR,2618,9,9,343.7739,286.7339,11.1623,0.8063,9,9,343.7739,286.7339,11.8243,0.7611,0,9,0
4121406,412140,Realeza - PR,19247,52,52,270.1720,248.0913,73.7430,0.7052,56,56,290.9544,266.5895,78.2022,0.7161,10,32,10
4121505,412150,Rebouças - PR,14514,51,51,351.3849,335.3702,52.1953,0.9771,55,55,378.9445,365.7933,55.3695,0.9933,5,40,6
4121604,412160,Renascença - PR,6845,26,26,379.8393,334.7292,26.8982,0.9666,26,26,379.8393,334.7292,28.5096,0.9120,3,19,4
4121703,412170,Reserva - PR,24573,86,86,349.9776,365.0326,82.3720,1.0440,93,93,378.4642,392.7315,87.4294,1.0637,7,72,7
4121752,412175,Reserva do Iguaçu - PR,6553,11,11,167.8620,193.0676,18.4036,0.5977,12,12,183.1222,211.0543,19.5630,0.6134,1,9,1
4121802,412180,Ribeirão Claro - PR,12364,30,30,242.6399,202.2132,52.6587,0.5697,31,31,250.7279,208.5224,55.7865,0.5557,10,19,1
4121901,412190,Ribeirão do Pinhal - PR,13060,59,59,451.7611,367.0090,53.9021,1.0946,62,62,474.7320,385.9380,57.1096,1.0856,11,42,6
4122008,412200,Rio Azul - PR,14025,29,29,206.7736,214.9574,47.5166,0.6103,29,29,206.7736,214.9574,50.4390,0.5750,1,25,3
4122107,412210,Rio Bom - PR,3197,13,13,406.6312,301.6443,16.4630,0.7897,14,14,437.9105,323.5560,17.4184,0.8037,4,9,0
4122156,412215,Rio Bonito do Iguaçu - PR,13929,16,16,114.8683,131.4310,43.2353,0.3701,17,17,122.0475,143.1950,45.9147,0.3703,1,15,0
4122172,412217,Rio Branco do Ivaí - PR,3808,13,13,341.3866,328.2471,13.5589,0.9588,15,15,393.9076,378.7256,14.3838,1.0428,0,11,2
4122206,412220,Rio Branco do Sul - PR,37558,162,162,431.3329,553.2400,105.7407,1.5320,164,164,436.6580,558.8641,112.4503,1.4584,49,106,7
4122305,412230,Rio Negro - PR,31324,95,95,303.2818,297.8485,110.3839,0.8606,101,101,322.4365,315.4419,117.1196,0.8624,18,72,5
4122404,412240,Rolândia - PR,71670,303,303,422.7710,411.6498,254.2094,1.1919,324,324,452.0720,440.1770,269.7696,1.2010,66,201,36
4122503,412250,Roncador - PR,11251,24,24,213.3144,189.4474,43.5628,0.5509,24,24,213.3144,189.4474,46.1804,0.5197,4,17,3
4122602,412260,Rondon - PR,9097,21,21,230.8453,199.2469,35.6583,0.5889,22,22,241.8380,207.8654,37.8004,0.5820,4,17,0
4122651,412265,Rosário do Ivaí - PR,5435,12,12,220.7912,166.3131,25.5501,0.4697,13,13,239.1904,177.7785,27.0447,0.4807,0,10,2
4122701,412270,Sabáudia - PR,8822,36,36,408.0707,403.5297,30.8042,1.1687,38,38,430.7413,426.2966,32.6886,1.1625,9,21,6
4122800,412280,Salgado Filho - PR,4075,12,12,294.4785,261.7376,16.4096,0.7313,12,12,294.4785,261.7376,17.3911,0.6900,0,10,2
4122909,412290,Salto do Itararé - PR,5192,43,43,828.1972,653.5716,22.5802,1.9043,46,46,885.9784,719.2163,23.9142,1.9235,3,37,3
4123006,412300,Salto do Lontra - PR,15223,31,31,203.6392,193.4111,56.5495,0.5482,34,34,223.3463,211.5494,59.9751,0.5669,9,19,3
4123105,412310,Santa Amélia - PR,3394,10,10,294.6376,236.2269,15.2959,0.6538,11,11,324.1014,256.5454,16.1938,0.6793,1,9,0
4123204,412320,Santa Cecília do Pavão - PR,3365,15,15,445.7652,360.3208,15.4672,0.9698,15,15,445.7652,360.3208,16.3758,0.9160,5,9,1
4123303,412330,Santa Cruz de Monte Castelo - PR,8613,23,23,267.0382,232.9774,35.3910,0.6499,26,26,301.8693,263.2058,37.5029,0.6933,3,18,2
4123402,412340,Santa Fé - PR,11378,58,58,509.7557,420.3131,49.4268,1.1735,60,60,527.3335,433.1209,52.3576,1.1460,13,43,2
4123501,412350,Santa Helena - PR,25492,87,87,341.2835,313.3479,98.1231,0.8866,93,93,364.8203,334.8432,104.0353,0.8939,14,64,9
4123600,412360,Santa Inês - PR,1748,4,4,228.8330,181.8209,7.8038,0.5126,4,4,228.8330,181.8209,8.2637,0.4840,0,3,1
4123709,412370,Santa Isabel do Ivaí - PR,8912,33,33,370.2873,295.7313,39.9758,0.8255,33,33,370.2873,295.7313,42.3337,0.7795,6,26,1
4123808,412380,Santa Izabel do Oeste - PR,14070,39,39,277.1855,248.7678,54.7025,0.7129,41,41,291.4001,262.6543,58.0004,0.7069,5,29,5
4123824,412382,Santa Lúcia - PR,3644,9,9,246.9813,183.3747,16.6639,0.5401,9,9,246.9813,183.3747,17.6419,0.5101,1,7,1
4123857,412385,Santa Maria do Oeste - PR,9934,26,26,261.7274,254.5447,36.2556,0.7171,29,29,291.9267,280.5507,38.4456,0.7543,3,21,2
4123907,412390,Santa Mariana - PR,11066,55,55,497.0179,356.0875,53.8168,1.0220,61,61,551.2380,405.2768,56.9559,1.0710,16,32,7
4123956,412395,Santa Mônica - PR,3356,10,10,297.9738,254.6563,13.5162,0.7399,11,11,327.7712,289.1248,14.3240,0.7679,1,9,0
4124004,412400,Santana do Itararé - PR,5514,36,36,652.8836,560.6742,22.2368,1.6189,40,40,725.4262,623.9182,23.5651,1.6974,3,29,4
4124020,412402,Santa Tereza do Oeste - PR,13174,37,37,280.8562,320.0991,40.5607,0.9122,37,37,280.8562,320.0991,43.0976,0.8585,4,30,3
4124053,412405,Santa Terezinha de Itaipu - PR,24262,112,112,461.6272,452.8386,85.8719,1.3043,124,124,511.0873,501.8436,91.1092,1.3610,21,79,12
4124103,412410,Santo Antônio da Platina - PR,44369,189,189,425.9731,394.8265,167.5203,1.1282,202,202,455.2728,421.3034,177.6439,1.1371,21,154,14
4124202,412420,Santo Antônio do Caiuá - PR,2493,11,11,441.2355,293.2577,11.6954,0.9405,12,12,481.3478,321.3208,12.3807,0.9692,2,5,4
4124301,412430,Santo Antônio do Paraíso - PR,2125,5,5,235.2941,174.4651,9.4909,0.5268,5,5,235.2941,174.4651,10.0493,0.4975,0,5,0
4124400,412440,Santo Antônio do Sudoeste - PR,23673,38,38,160.5204,152.7510,86.5992,0.4388,42,42,177.4173,170.4643,91.8577,0.4572,2,31,5
4124509,412450,Santo Inácio - PR,6181,24,24,388.2867,372.7136,22.9487,1.0458,24,24,388.2867,372.7136,24.3392,0.9861,2,19,3
4124608,412460,São Carlos do Ivaí - PR,6587,26,26,394.7169,368.4191,25.0383,1.0384,26,26,394.7169,368.4191,26.5531,0.9792,1,19,6
4124707,412470,São Jerônimo da Serra - PR,10830,33,33,304.7091,275.3506,42.5679,0.7752,37,37,341.6436,309.4956,45.1172,0.8201,4,26,3
4124806,412480,São João - PR,11886,26,26,218.7447,200.6729,48.6019,0.5350,26,26,218.7447,200.6729,51.5068,0.5048,5,20,1
4124905,412490,São João do Caiuá - PR,5586,16,16,286.4304,239.6367,23.5478,0.6795,16,16,286.4304,239.6367,24.9460,0.6414,1,12,3
4125001,412500,São João do Ivaí - PR,10667,26,26,243.7424,170.0995,52.8774,0.4917,28,28,262.4918,185.3159,55.9554,0.5004,4,18,4
4125100,412510,São João do Triunfo - PR,13726,17,17,123.8525,138.3173,43.5083,0.3907,20,20,145.7089,160.1396,46.2104,0.4328,2,12,3
4125209,412520,São Jorge d'Oeste - PR,9378,34,34,362.5507,317.1872,39.5758,0.8591,35,35,373.2139,324.9907,41.9294,0.8347,2,30,2
4125308,412530,São Jorge do Ivaí - PR,5168,14,14,270.8978,174.9262,26.6939,0.5245,17,17,328.9474,232.2105,28.2417,0.6019,3,9,2
4125357,412535,São Jorge do Patrocínio - PR,6504,19,19,292.1279,209.7383,30.3540,0.6259,25,25,384.3788,273.5887,32.1381,0.7779,0,14,5
4125407,412540,São José da Boa Vista - PR,6040,21,21,347.6821,282.4316,25.6384,0.8191,22,22,364.2384,296.5698,27.1574,0.8101,6,11,4
4125456,412545,São José das Palmeiras - PR,3957,14,14,353.8034,318.9473,16.1502,0.8669,14,14,353.8034,318.9473,17.1115,0.8182,4,9,1
4125506,412550,São José dos Pinhais - PR,329628,1250,1250,379.2154,476.7177,885.9819,1.4109,1323,1323,401.3615,504.8660,943.0126,1.4030,288,866,96
4125555,412555,São Manoel do Paraná - PR,2138,3,3,140.3181,96.6830,10.1391,0.2959,4,4,187.0907,128.2145,10.7322,0.3727,0,3,0
4125605,412560,São Mateus do Sul - PR,42366,94,94,221.8760,224.3607,143.6538,0.6544,104,104,245.4799,249.0073,152.4750,0.6821,14,71,9
4125704,412570,São Miguel do Iguaçu - PR,29122,94,94,322.7800,309.5140,104.9971,0.8953,95,95,326.2139,312.4286,111.3856,0.8529,23,59,12
4125753,412575,São Pedro do Iguaçu - PR,5784,19,19,328.4924,271.1434,25.6305,0.7413,22,22,380.3596,315.1481,27.1412,0.8106,1,17,1
4125803,412580,São Pedro do Ivaí - PR,8690,57,57,655.9264,515.9232,37.4358,1.5226,59,59,678.9413,535.7656,39.6547,1.4878,12,34,11
4125902,412590,São Pedro do Paraná - PR,2661,4,4,150.3194,126.5996,11.1407,0.3590,5,5,187.8993,161.5819,11.8025,0.4236,1,2,1
4126009,412600,São Sebastião da Amoreira - PR,8063,26,26,322.4606,266.9447,32.9488,0.7891,30,30,372.0699,313.2318,34.9145,0.8592,10,15,1
4126108,412610,São Tomé - PR,5232,6,6,114.6789,98.4985,20.7860,0.2887,7,7,133.7920,115.3543,22.0308,0.3177,1,5,0
4126207,412620,Sapopema - PR,6695,23,23,343.5400,309.9610,26.6601,0.8627,23,23,343.5400,309.9610,28.2582,0.8139,4,15,4
4126256,412625,Sarandi - PR,118455,373,373,314.8875,390.7495,331.4637,1.1253,383,383,323.3295,399.8111,352.6786,1.0860,46,284,43
4126272,412627,Saudade do Iguaçu - PR,6108,17,17,278.3235,283.5214,20.3391,0.8358,17,17,278.3235,283.5214,21.5900,0.7874,4,11,2
4126306,412630,Sengés - PR,17270,58,58,335.8425,352.8213,54.1877,1.0704,60,60,347.4233,366.3371,57.5483,1.0426,8,49,1
4126355,412635,Serranópolis do Iguaçu - PR,5007,14,14,279.6085,196.9667,23.8361,0.5873,14,14,279.6085,196.9667,25.2315,0.5549,0,14,0
4126405,412640,Sertaneja - PR,5616,17,17,302.7066,208.0962,27.5662,0.6167,23,23,409.5442,274.1595,29.1720,0.7884,5,11,1
4126504,412650,Sertanópolis - PR,15930,68,68,426.8675,352.7770,68.2780,0.9959,72,72,451.9774,373.6320,72.3353,0.9954,7,52,9
4126603,412660,Siqueira Campos - PR,22811,101,101,442.7688,427.1512,81.9479,1.2325,105,105,460.3042,443.3452,86.9483,1.2076,13,78,10
4126652,412665,Sulina - PR,3440,10,10,290.6977,220.8685,15.8268,0.6318,10,10,290.6977,220.8685,16.7566,0.5968,0,9,1
4126678,412667,Tamarana - PR,10707,43,43,401.6064,397.1580,37.5783,1.1443,46,46,429.6255,424.8868,39.8655,1.1539,11,28,4
4126702,412670,Tamboara - PR,4880,15,15,307.3770,257.7032,20.6103,0.7278,15,15,307.3770,257.7032,21.8347,0.6870,1,12,2
4126801,412680,Tapejara - PR,15869,37,37,233.1590,217.7960,58.0642,0.6372,38,38,239.4606,224.5015,61.5875,0.6170,7,29,1
4126900,412690,Tapira - PR,5745,16,16,278.5030,212.4281,28.4505,0.5624,19,19,330.7224,256.4339,30.1070,0.6311,3,8,5
4127007,412700,Teixeira Soares - PR,9547,19,19,199.0154,208.9005,32.5927,0.5830,20,20,209.4899,220.8402,34.5911,0.5782,2,14,3
4127106,412710,Telêmaco Borba - PR,75042,425,425,566.3495,616.8038,233.7809,1.8179,434,434,578.3428,629.3221,248.3606,1.7475,85,309,31
4127205,412720,Terra Boa - PR,17568,64,64,364.2987,316.7728,70.6618,0.9057,66,66,375.6831,328.0219,74.9002,0.8812,8,49,7
4127304,412730,Terra Rica - PR,14842,39,39,262.7678,218.3932,62.6614,0.6224,40,40,269.5055,225.7547,66.3801,0.6026,3,34,2
4127403,412740,Terra Roxa - PR,18119,52,52,286.9916,243.3331,73.6842,0.7057,55,55,303.5488,258.2807,78.0851,0.7044,7,38,7
4127502,412750,Tibagi - PR,19961,91,91,455.8890,477.7035,65.2333,1.3950,97,97,485.9476,511.1666,69.2516,1.4007,17,67,7
4127601,412760,Tijucas do Sul - PR,17621,88,88,499.4041,490.0339,61.3694,1.4339,93,93,527.7794,519.6003,65.1115,1.4283,17,64,7
4127700,412770,Toledo - PR,150470,494,494,328.3046,344.2180,493.1448,1.0017,523,523,347.5776,365.0196,523.7793,0.9985,94,363,37
4127809,412780,Tomazina - PR,8426,28,28,332.3048,267.1661,36.5697,0.7657,31,31,367.9089,294.8069,38.7334,0.8003,1,22,5
4127858,412785,Três Barras do Paraná - PR,11135,60,60,538.8415,483.5599,42.6737,1.4060,61,61,547.8222,490.9970,45.2394,1.3484,7,51,2
4127882,412788,Tunas do Paraná - PR,6219,28,28,450.2332,612.6758,15.3957,1.8187,30,30,482.3927,660.0021,16.3952,1.8298,7,20,1
4127908,412790,Tuneiras do Oeste - PR,8067,28,28,347.0931,301.7188,32.8040,0.8536,30,30,371.8855,327.1135,34.7598,0.8631,4,20,4
4127957,412795,Tupãssi - PR,8077,29,29,359.0442,278.1002,37.8772,0.7656,30,30,371.4250,284.7945,40.0958,0.7482,4,22,3
4127965,412796,Turvo - PR,14231,37,37,259.9958,279.5854,46.4002,0.7974,39,39,274.0496,293.9034,49.2693,0.7916,0,34,3
4128005,412800,Ubiratã - PR,24749,108,108,436.3813,390.6274,97.0865,1.1124,113,113,456.5841,409.4231,102.9207,1.0979,9,89,10
4128104,412810,Umuarama - PR,117095,354,354,302.3186,278.9357,441.3786,0.8020,429,429,366.3692,337.9151,468.1276,0.9164,67,253,34
4128203,412820,União da Vitória - PR,55033,168,168,305.2714,300.1311,193.2775,0.8692,187,187,339.7961,334.5002,205.0982,0.9118,13,139,16
4128302,412830,Uniflor - PR,2136,5,5,234.0824,162.1180,9.7615,0.5122,5,5,234.0824,162.1180,10.3358,0.4838,2,3,0
4128401,412840,Uraí - PR,10406,39,39,374.7838,266.8380,52.8342,0.7382,40,40,384.3936,272.5616,55.8991,0.7156,5,31,3
4128500,412850,Wenceslau Braz - PR,19188,95,95,495.1011,458.6665,73.1483,1.2987,100,100,521.1591,482.4420,77.5571,1.2894,9,73,13
4128534,412853,Ventania - PR,9681,57,57,588.7822,640.3949,30.1052,1.8934,58,58,599.1117,651.0764,31.9817,1.8135,13,42,2
4128559,412855,Vera Cruz do Oeste - PR,8215,53,53,645.1613,517.2206,35.9934,1.4725,53,53,645.1613,517.2206,38.1188,1.3904,2,44,7
4128609,412860,Verê - PR,7932,28,28,353.0005,283.5995,34.2799,0.8168,28,28,353.0005,283.5995,36.3089,0.7712,7,17,4
4128625,412862,Alto Paraíso - PR,3055,12,12,392.7987,346.7547,12.1116,0.9908,14,14,458.2651,400.3046,12.8355,1.0907,2,9,1
4128633,412863,Doutor Ulysses - PR,5697,12,12,210.6372,217.0151,19.2860,0.6222,12,12,210.6372,217.0151,20.4680,0.5863,2,9,1
4128658,412865,Virmond - PR,3811,8,8,209.9187,174.3908,14.6532,0.5460,8,8,209.9187,174.3908,15.5321,0.5151,2,6,0
4128708,412870,Vitorino - PR,9706,39,39,401.8133,427.3711,31.7255,1.2293,41,41,422.4191,450.0340,33.6906,1.2170,3,33,3
4128807,412880,Xambrê - PR,5798,18,18,310.4519,260.6970,28.3452,0.6350,24,24,413.9358,332.0896,29.9968,0.8001,1,14,3
4200051,420005,Abdon Batista - SC,2598,5,5,192.4557,145.9649,11.5135,0.4343,5,5,192.4557,145.9649,12.1889,0.4102,1,4,0
4200101,420010,Abelardo Luz - SC,17392,63,63,362.2355,388.7009,54.9098,1.1473,72,72,413.9834,451.3777,58.3204,1.2346,13,42,8
4200200,420020,Agrolândia - SC,10990,33,33,300.2730,310.6694,37.2479,0.8860,36,36,327.5705,339.6757,39.5459,0.9103,7,21,5
4200309,420030,Agronômica - SC,6055,16,16,264.2444,250.5324,20.3357,0.7868,18,18,297.2750,282.6559,21.5911,0.8337,6,8,2
4200408,420040,Água Doce - SC,6508,21,21,322.6798,277.5314,27.2945,0.7694,23,23,353.4112,302.5749,28.9185,0.7953,3,16,2
4200507,420050,Águas de Chapecó - SC,6036,16,16,265.0762,235.5543,25.0795,0.6380,17,17,281.6435,246.7959,26.5729,0.6397,1,10,5
4200556,420055,Águas Frias - SC,2839,4,4,140.8947,119.1733,11.8301,0.3381,4,4,140.8947,119.1733,12.5342,0.3191,0,4,0
4200606,420060,Águas Mornas - SC,6743,17,17,252.1133,220.3137,27.1015,0.6273,21,21,311.4341,273.1111,28.7308,0.7309,6,8,3
4200705,420070,Alfredo Wagner - SC,10481,11,11,104.9518,99.8384,38.0823,0.2888,12,12,114.4929,109.8652,40.3982,0.2970,0,8,3
4200754,420075,Alto Bela Vista - SC,1856,3,3,161.6379,124.3677,10.6774,0.2810,4,4,215.5172,153.0724,11.2877,0.3544,1,2,0
4200804,420080,Anchieta - SC,5943,11,11,185.0917,141.2659,27.6353,0.3980,12,12,201.9182,152.7314,29.2572,0.4102,3,7,1
4200903,420090,Angelina - SC,5358,7,7,130.6458,107.5172,25.1278,0.2786,8,8,149.3094,122.2357,26.6043,0.3007,2,3,2
4201000,420100,Anita Garibaldi - SC,8285,14,14,168.9801,137.1710,34.6300,0.4043,14,14,168.9801,137.1710,36.6903,0.3816,1,10,3
4201109,420110,Anitápolis - SC,3593,4,4,111.3276,87.2192,15.9676,0.2505,5,5,139.1595,105.2622,16.9092,0.2957,0,3,1
4201208,420120,Antônio Carlos - SC,11224,29,29,258.3749,242.7293,41.2396,0.7032,29,29,258.3749,242.7293,43.7462,0.6629,13,14,2
4201257,420125,Apiúna - SC,9811,19,19,193.6602,201.3718,33.7696,0.5626,20,20,203.8528,211.2930,35.8394,0.5580,6,9,4
4201273,420127,Arabutã - SC,4378,8,8,182.7318,134.3682,21.4369,0.3732,9,9,205.5733,150.6177,22.6881,0.3967,0,8,0
4201307,420130,Araquari - SC,45283,102,102,225.2501,373.7160,96.8717,1.0529,105,105,231.8751,384.7700,103.4251,1.0152,22,74,6
4201406,420140,Araranguá - SC,71922,267,267,371.2355,376.6623,245.4617,1.0877,289,289,401.8242,406.9067,260.5577,1.1092,79,169,19
4201505,420150,Armazém - SC,8834,34,34,384.8766,358.8801,32.6499,1.0413,37,37,418.8363,392.2994,34.6372,1.0682,6,27,1
4201604,420160,Arroio Trinta - SC,3556,15,15,421.8223,334.2834,17.0931,0.8775,15,15,421.8223,334.2834,18.0939,0.8290,2,12,1
4201653,420165,Arvoredo - SC,2510,6,6,239.0438,197.6770,11.1145,0.5398,6,6,239.0438,197.6770,11.7715,0.5097,1,5,0
4201703,420170,Ascurra - SC,8319,13,13,156.2688,142.1284,32.0489,0.4056,14,14,168.2895,152.3346,33.9867,0.4119,2,9,2
4201802,420180,Atalanta - SC,3227,12,12,371.8624,311.2377,12.8540,0.9336,14,14,433.8395,372.1310,13.6232,1.0277,0,11,1
4201901,420190,Aurora - SC,6780,24,24,353.9823,336.9260,24.2165,0.9911,24,24,353.9823,336.9260,25.6955,0.9340,4,15,5
4201950,420195,Balneário Arroio do Silva - SC,15820,65,65,410.8723,329.1121,68.4599,0.9495,71,71,448.7990,357.2028,72.4962,0.9794,14,44,7
4202008,420200,Balneário Camboriú - SC,139155,460,460,330.5666,294.5706,536.4703,0.8575,515,515,370.0909,329.5844,569.0909,0.9050,146,269,45
4202057,420205,Balneário Barra do Sul - SC,14912,60,60,402.3605,301.3370,72.6086,0.8263,62,62,415.7725,308.7394,76.8233,0.8070,11,39,10
4202073,420207,Balneário Gaivota - SC,15669,40,40,255.2811,220.4927,66.9688,0.5973,42,42,268.0452,232.7881,70.9263,0.5922,11,27,2
4202081,420208,Bandeirante - SC,3144,7,7,222.6463,201.9171,14.1059,0.4962,7,7,222.6463,201.9171,14.9364,0.4687,0,6,1
4202099,420209,Barra Bonita - SC,1668,3,3,179.8561,112.1394,8.8209,0.3401,3,3,179.8561,112.1394,9.3289,0.3216,0,3,0
4202107,420210,Barra Velha - SC,45369,142,142,312.9890,322.6602,151.0841,0.9399,150,150,330.6222,340.3191,160.3973,0.9352,33,96,13
4202131,420213,Bela Vista do Toldo - SC,5872,6,6,102.1798,114.4165,19.6371,0.3055,6,6,102.1798,114.4165,20.8425,0.2879,1,5,0
4202156,420215,Belmonte - SC,2658,4,4,150.4891,132.4092,11.7474,0.3405,4,4,150.4891,132.4092,12.4422,0.3215,0,4,0
4202206,420220,Benedito Novo - SC,10520,25,25,237.6426,213.6076,40.7124,0.6141,27,27,256.6540,230.2874,43.1672,0.6255,6,12,7
4202305,420230,Biguaçu - SC,76773,192,192,250.0879,293.1210,229.6888,0.8359,206,206,268.3235,313.2454,244.1876,0.8436,53,121,18
4202404,420240,Blumenau - SC,361261,819,819,226.7059,239.8775,1202.1410,0.6813,851,851,235.5638,249.2722,1276.8971,0.6665,255,443,121
4202438,420243,Bocaina do Sul - SC,3515,6,6,170.6970,161.2595,14.1619,0.4237,6,6,170.6970,161.2595,15.0065,0.3998,3,2,1
4202453,420245,Bombinhas - SC,25058,77,77,307.2871,373.4565,74.9798,1.0269,83,83,331.2315,400.4820,79.7010,1.0414,18,52,7
4202503,420250,Bom Jardim da Serra - SC,4026,10,10,248.3855,223.1916,14.9150,0.6705,11,11,273.2240,245.6100,15.8188,0.6954,3,7,0
4202537,420253,Bom Jesus - SC,2777,11,11,396.1109,407.9435,9.5626,1.1503,12,12,432.1210,440.7257,10.1476,1.1825,3,8,0
4202578,420257,Bom Jesus do Oeste - SC,2187,6,6,274.3484,186.7658,10.9116,0.5499,7,7,320.0732,221.2501,11.5470,0.6062,0,6,0
4202602,420260,Bom Retiro - SC,8418,23,23,273.2240,283.1431,29.3038,0.7849,23,23,273.2240,283.1431,31.0950,0.7397,6,15,2
4202701,420270,Botuverá - SC,5363,13,13,242.4016,223.7716,21.3485,0.6089,13,13,242.4016,223.7716,22.6359,0.5743,1,10,2
4202800,420280,Braço do Norte - SC,33773,120,120,355.3134,406.5161,100.9734,1.1884,125,125,370.1181,423.4363,107.3579,1.1643,35,79,6
4202859,420285,Braço do Trombudo - SC,4026,7,7,173.8698,149.3998,16.1512,0.4334,8,8,198.7084,169.8123,17.1182,0.4673,3,4,0
4202875,420287,Brunópolis - SC,2489,9,9,361.5910,313.6118,10.6453,0.8454,9,9,361.5910,313.6118,11.2756,0.7982,0,9,0
4202909,420290,Brusque - SC,141385,349,349,246.8437,288.6155,416.3503,0.8382,366,366,258.8676,301.9314,442.8270,0.8265,108,211,30
4203006,420300,Caçador - SC,73720,330,330,447.6397,504.3395,225.1074,1.4660,347,347,470.6999,530.4264,239.2100,1.4506,63,228,39
4203105,420310,Caibi - SC,6304,20,20,317.2589,261.7437,27.3352,0.7317,20,20,317.2589,261.7437,28.9543,0.6907,2,14,4
4203154,420315,Calmon - SC,3443,6,6,174.2666,226.8733,9.3972,0.6385,6,6,174.2666,226.8733,9.9931,0.6004,2,3,1
4203204,420320,Camboriú - SC,103074,215,215,208.5880,350.2776,235.4513,0.9131,234,234,227.0214,380.1597,251.2570,0.9313,79,111,25
4203253,420325,Capão Alto - SC,2625,2,2,76.1905,50.0435,11.5565,0.1731,2,2,76.1905,50.0435,12.2367,0.1634,2,0,0
4203303,420330,Campo Alegre - SC,12501,54,54,431.9654,398.8859,46.9882,1.1492,55,55,439.9648,405.6578,49.8229,1.1039,19,34,1
4203402,420340,Campo Belo do Sul - SC,7257,26,26,358.2748,329.4110,28.4038,0.9154,26,26,358.2748,329.4110,30.1044,0.8637,7,18,1
4203501,420350,Campo Erê - SC,9623,22,22,228.6189,228.6338,34.7042,0.6339,23,23,239.0107,240.8294,36.8120,0.6248,1,20,1
4203600,420360,Campos Novos - SC,36932,124,124,335.7522,353.1321,121.6697,1.0192,132,132,357.4136,375.6571,129.2040,1.0216,16,97,11
4203709,420370,Canelinha - SC,12821,21,21,163.7938,187.7980,40.8436,0.5142,21,21,163.7938,187.7980,43.3812,0.4841,12,9,0
4203808,420380,Canoinhas - SC,55016,173,173,314.4540,320.1814,186.6174,0.9270,177,177,321.7246,327.0729,198.0875,0.8935,22,134,17
4203907,420390,Capinzal - SC,23314,55,55,235.9098,246.0264,76.4774,0.7192,57,57,244.4883,255.6068,81.2270,0.7017,10,43,2
4203956,420395,Capivari de Baixo - SC,23975,112,112,467.1533,465.6955,81.8602,1.3682,114,114,475.4953,473.9228,86.8879,1.3120,35,62,15
4204004,420400,Catanduvas - SC,10566,36,36,340.7155,365.0514,34.5052,1.0433,37,37,350.1798,375.1824,36.6433,1.0097,6,28,2
4204103,420410,Caxambu do Sul - SC,4614,13,13,281.7512,214.9602,21.4456,0.6062,14,14,303.4244,243.1005,22.7018,0.6167,0,12,1
4204152,420415,Celso Ramos - SC,2805,10,10,356.5062,283.6186,11.8002,0.8474,11,11,392.1569,310.3300,12.5012,0.8799,3,5,2
4204178,420417,Cerro Negro - SC,3317,3,3,90.4432,72.2961,14.3030,0.2097,4,4,120.5909,100.6361,15.1490,0.2640,1,2,0
4204194,420419,Chapadão do Lageado - SC,2950,5,5,169.4915,150.9598,10.8314,0.4616,5,5,169.4915,150.9598,11.4863,0.4353,1,4,0
4204202,420420,Chapecó - SC,254785,851,851,334.0071,438.2757,688.5095,1.2360,867,867,340.2869,445.9846,733.1220,1.1826,126,659,66
4204251,420425,Cocal do Sul - SC,17240,65,65,377.0302,365.0053,60.5531,1.0734,66,66,382.8306,369.9146,64.2656,1.0270,24,38,3
4204301,420430,Concórdia - SC,81646,221,221,270.6807,251.5752,305.9530,0.7223,238,238,291.5023,270.7684,324.5420,0.7333,36,170,15
4204350,420435,Cordilheira Alta - SC,4781,10,10,209.1613,194.7831,17.9596,0.5568,10,10,209.1613,194.7831,19.0468,0.5250,3,5,2
4204400,420440,Coronel Freitas - SC,10388,35,35,336.9272,268.9068,44.8692,0.7800,36,36,346.5537,276.3123,47.5339,0.7574,3,30,2
4204459,420445,Coronel Martins - SC,2065,1,1,48.4262,36.4328,9.3099,0.1074,2,2,96.8523,90.4578,9.8587,0.2029,0,1,0
4204509,420450,Corupá - SC,15267,46,46,301.3035,289.5031,55.1530,0.8340,47,47,307.8535,296.1574,58.5160,0.8032,9,36,1
4204558,420455,Correia Pinto - SC,15727,66,66,419.6605,427.7822,52.4693,1.2579,73,73,464.1699,475.8427,55.6983,1.3106,19,41,6
4204608,420460,Criciúma - SC,214493,712,712,331.9456,351.1049,706.5908,1.0077,741,741,345.4658,364.8329,750.4767,0.9874,214,429,69
4204707,420470,Cunha Porã - SC,10953,33,33,301.2873,231.7880,48.1410,0.6855,35,35,319.5472,243.7031,50.9946,0.6863,5,23,5
4204756,420475,Cunhataí - SC,1968,6,6,304.8780,249.8225,8.6480,0.6938,7,7,355.6911,293.2587,9.1580,0.7644,0,3,3
4204806,420480,Curitibanos - SC,40045,212,212,529.4044,538.4888,135.1772,1.5683,220,220,549.3819,558.8748,143.4889,1.5332,30,172,10
4204905,420490,Descanso - SC,8530,21,21,246.1899,183.9541,42.3566,0.4958,21,21,246.1899,183.9541,44.8283,0.4685,3,16,2
4205001,420500,Dionísio Cerqueira - SC,15008,67,67,446.4286,430.7812,53.7612,1.2463,70,70,466.4179,448.4285,57.0348,1.2273,6,54,7
4205100,420510,Dona Emma - SC,4221,7,7,165.8375,163.4423,14.9556,0.4681,8,8,189.5285,184.2610,15.8693,0.5041,1,5,1
4205159,420515,Doutor Pedrinho - SC,3637,8,8,219.9615,189.0052,16.8753,0.4741,9,9,247.4567,222.8265,17.8700,0.5036,3,4,1
4205175,420517,Entre Rios - SC,3402,11,11,323.3392,349.5497,10.7151,1.0266,12,12,352.7337,383.0834,11.3796,1.0545,5,5,1
4205191,420519,Ermo - SC,2269,5,5,220.3614,190.9375,8.7404,0.5721,5,5,220.3614,190.9375,9.2673,0.5395,1,3,1
4205209,420520,Erval Velho - SC,4885,13,13,266.1208,216.3228,23.9132,0.5436,14,14,286.5916,228.7040,25.3125,0.5531,5,7,1
4205308,420530,Faxinal dos Guedes - SC,11192,45,45,402.0729,395.4463,39.5557,1.1376,49,49,437.8127,431.8172,41.9707,1.1675,5,35,5
4205357,420535,Flor do Sertão - SC,1783,2,2,112.1705,72.1798,8.3231,0.2403,2,2,112.1705,72.1798,8.8111,0.2270,0,2,0
4205407,420540,Florianópolis - SC,537211,1314,1314,244.5966,230.8653,1971.8417,0.6664,1406,1406,261.7221,247.2346,2092.6865,0.6719,339,780,195
4205431,420543,Formosa do Sul - SC,2682,10,10,372.8561,256.7198,12.5445,0.7972,10,10,372.8561,256.7198,13.2829,0.7528,3,4,3
4205456,420545,Forquilhinha - SC,31431,59,59,187.7128,238.2262,81.2083,0.7265,65,65,206.8022,261.5375,86.4943,0.7515,17,40,2
4205506,420550,Fraiburgo - SC,33481,139,139,415.1608,434.9564,109.7663,1.2663,144,144,430.0947,450.6945,116.5429,1.2356,16,111,12
4205555,420555,Frei Rogério - SC,2411,10,10,414.7657,354.7592,9.9109,1.0090,10,10,414.7657,354.7592,10.5000,0.9524,3,7,0
4205605,420560,Galvão - SC,3210,9,9,280.3738,234.6901,14.0452,0.6408,9,9,280.3738,234.6901,14.8742,0.6051,0,9,0
4205704,420570,Garopaba - SC,29959,55,55,183.5842,184.6704,105.7082,0.5203,63,63,210.2874,211.8205,112.1798,0.5616,10,38,7
4205803,420580,Garuva - SC,18545,47,47,253.4376,321.5323,52.1811,0.9007,48,48,258.8299,327.2681,55.4943,0.8650,15,23,9
4205902,420590,Gaspar - SC,72570,210,210,289.3758,330.9766,220.1113,0.9541,221,221,304.5336,346.8878,233.9789,0.9445,70,120,20
4206009,420600,Governador Celso Ramos - SC,16915,36,36,212.8289,193.2303,64.7551,0.5559,37,37,218.7408,199.7395,68.6589,0.5389,10,24,2
4206108,420610,Grão-Pará - SC,6277,17,17,270.8300,248.3887,23.6096,0.7200,20,20,318.6235,301.0212,25.0424,0.7986,3,12,2
4206207,420620,Gravatal - SC,12435,61,61,490.5509,432.2118,48.0014,1.2708,63,63,506.6345,447.6031,50.8984,1.2378,17,40,4
4206306,420630,Guabiruba - SC,24543,58,58,236.3199,286.7969,73.1089,0.7933,60,60,244.4689,300.0833,77.7331,0.7719,18,31,9
4206405,420640,Guaraciaba - SC,10796,34,34,314.9315,233.7604,49.9117,0.6812,39,39,361.2449,269.4919,52.8512,0.7379,1,29,4
4206504,420650,Guaramirim - SC,46711,112,112,239.7722,347.0405,118.6801,0.9437,114,114,244.0539,352.5912,126.4327,0.9017,29,74,9
4206603,420660,Guarujá do Sul - SC,4829,12,12,248.4987,187.8845,22.5308,0.5326,12,12,248.4987,187.8845,23.8567,0.5030,1,10,1
4206652,420665,Guatambú - SC,8425,20,20,237.3887,289.6750,25.0033,0.7999,20,20,237.3887,289.6750,26.5815,0.7524,1,19,0
4206702,420670,Herval d'Oeste - SC,21724,73,73,336.0339,304.6576,82.9830,0.8797,79,79,363.6531,329.0005,88.0064,0.8977,16,47,10
4206751,420675,Ibiam - SC,2008,4,4,199.2032,195.8691,8.6496,0.4625,4,4,199.2032,195.8691,9.1610,0.4366,0,4,0
4206801,420680,Ibicaré - SC,3269,10,10,305.9039,194.8908,16.7671,0.5964,11,11,336.4943,221.4025,17.7382,0.6201,1,9,0
4206900,420690,Ibirama - SC,19862,43,43,216.4938,221.6371,67.9738,0.6326,44,44,221.5285,226.3728,72.1602,0.6098,18,21,4
4207007,420700,Içara - SC,59035,153,153,259.1683,288.8215,181.0537,0.8451,157,157,265.9439,296.7896,192.4154,0.8159,30,109,14
4207106,420710,Ilhota - SC,17046,39,39,228.7927,267.7718,50.2208,0.7766,41,41,240.5256,282.5064,53.3882,0.7680,7,31,1
4207205,420720,Imaruí - SC,11881,32,32,269.3376,191.3262,58.3803,0.5481,35,35,294.5880,207.9591,61.7749,0.5666,9,17,6
4207304,420730,Imbituba - SC,52579,146,146,277.6774,250.9958,202.7954,0.7199,151,151,287.1869,259.1655,215.0336,0.7022,41,94,11
4207403,420740,Imbuia - SC,5982,11,11,183.8850,174.0663,20.1660,0.5455,11,11,183.8850,174.0663,21.4053,0.5139,3,7,1
4207502,420750,Indaial - SC,71549,161,161,225.0206,261.6828,209.5180,0.7684,166,166,232.0088,269.3578,222.8326,0.7450,37,107,17
4207577,420757,Iomerê - SC,2877,11,11,382.3427,227.8188,14.6945,0.7486,12,12,417.1011,257.0817,15.5487,0.7718,1,9,1
4207601,420760,Ipira - SC,4578,8,8,174.7488,146.2934,23.1452,0.3456,8,8,174.7488,146.2934,24.4920,0.3266,1,7,0
4207650,420765,Iporã do Oeste - SC,9335,14,14,149.9732,127.8711,41.3566,0.3385,15,15,160.6856,135.4252,43.8049,0.3424,4,10,0
4207684,420768,Ipuaçu - SC,7730,18,18,232.8590,270.5072,22.5666,0.7976,21,21,271.6688,316.5033,23.9832,0.8756,4,13,1
4207700,420770,Ipumirim - SC,7816,14,14,179.1198,164.2548,31.2093,0.4486,15,15,191.9140,174.4127,33.0835,0.4534,0,10,4
4207759,420775,Iraceminha - SC,3986,5,5,125.4390,89.9464,19.7162,0.2536,5,5,125.4390,89.9464,20.8619,0.2397,1,3,1
4207809,420780,Irani - SC,10195,23,23,225.6008,225.5760,35.5197,0.6475,23,23,225.6008,225.5760,37.6999,0.6101,1,22,0
4207858,420785,Irati - SC,2069,7,7,338.3277,266.5485,8.9774,0.7797,8,8,386.6602,301.2773,9.5088,0.8413,2,5,0
4207908,420790,Irineópolis - SC,10285,19,19,184.7351,184.9061,34.4807,0.5510,20,20,194.4579,194.1516,36.6004,0.5464,0,14,5
4208005,420800,Itá - SC,7067,28,28,396.2077,319.3781,30.2936,0.9243,31,31,438.6586,358.7022,32.0930,0.9659,1,22,5
4208104,420810,Itaiópolis - SC,22051,61,61,276.6314,292.4866,71.2667,0.8559,61,61,276.6314,292.4866,75.6806,0.8060,12,46,3
4208203,420820,Itajaí - SC,264054,849,849,321.5251,415.9809,719.6711,1.1797,908,908,343.8691,442.8506,766.1242,1.1852,268,502,79
4208302,420830,Itapema - SC,75940,285,285,375.2963,436.3566,229.4280,1.2422,301,301,396.3656,461.2684,243.8897,1.2342,100,167,18
4208401,420840,Itapiranga - SC,16638,24,24,144.2481,134.6351,60.6557,0.3957,25,25,150.2584,140.6534,64.3491,0.3885,4,19,1
4208450,420845,Itapoá - SC,30750,81,81,263.4146,233.0498,114.3219,0.7085,85,85,276.4228,243.0369,121.2217,0.7012,21,51,9
4208500,420850,Ituporanga - SC,26525,86,86,324.2224,335.6941,86.6268,0.9928,88,88,331.7625,342.7945,92.0080,0.9564,15,57,14
4208609,420860,Jaborá - SC,4310,12,12,278.4223,191.1862,20.2844,0.5916,13,13,301.6241,205.0148,21.4748,0.6054,3,9,0
4208708,420870,Jacinto Machado - SC,10624,42,42,395.3313,327.9674,45.0060,0.9332,45,45,423.5693,349.5939,47.6855,0.9437,11,24,7
4208807,420880,Jaguaruna - SC,20375,69,69,338.6503,287.6428,85.2088,0.8098,71,71,348.4663,294.1284,90.2749,0.7865,28,35,6
4208906,420890,Jaraguá do Sul - SC,182660,462,462,252.9289,302.9824,529.8734,0.8719,486,486,266.0681,317.7567,563.5763,0.8624,90,337,35
4208955,420895,Jardinópolis - SC,1776,6,6,337.8378,249.5229,7.5481,0.7949,6,6,337.8378,249.5229,7.9964,0.7503,2,4,0
4209003,420900,Joaçaba - SC,30146,77,77,255.4236,225.9859,117.5148,0.6552,84,84,278.6439,246.4249,124.6222,0.6740,12,55,10
4209102,420910,Joinville - SC,616317,2261,2261,366.8567,424.6390,1895.9112,1.1926,2361,2361,383.0821,442.0682,2015.0439,1.1717,488,1541,232
4209151,420915,José Boiteux - SC,5985,9,9,150.3759,159.6448,19.3055,0.4662,10,10,167.0844,178.0081,20.4977,0.4879,5,2,2
4209177,420917,Jupiá - SC,2555,6,6,234.8337,197.9126,10.5632,0.5680,6,6,234.8337,197.9126,11.1940,0.5360,1,4,1
4209201,420920,Lacerdópolis - SC,2248,3,3,133.4520,64.5338,11.9913,0.2502,4,4,177.9359,94.9980,12.6844,0.3153,1,2,0
4209300,420930,Lages - SC,164981,650,650,393.9848,387.1124,580.2312,1.1202,673,673,407.9258,401.0126,615.7617,1.0930,189,383,78
4209409,420940,Laguna - SC,42785,183,183,427.7200,330.4892,189.8704,0.9638,186,186,434.7318,335.6541,201.0788,0.9250,47,110,26
4209458,420945,Lajeado Grande - SC,1702,6,6,352.5264,292.6526,7.3171,0.8200,7,7,411.2808,350.6313,7.7524,0.9029,0,4,2
4209508,420950,Laurentino - SC,7932,12,12,151.2859,144.2021,28.2961,0.4241,12,12,151.2859,144.2021,30.0305,0.3996,0,11,1
4209607,420960,Lauro Müller - SC,14381,59,59,410.2635,381.8999,54.7142,1.0783,60,60,417.2172,389.9420,58.0211,1.0341,15,42,2
4209706,420970,Lebon Régis - SC,11472,70,70,610.1813,704.9405,34.5575,2.0256,71,71,618.8982,715.7818,36.7132,1.9339,6,53,11
4209805,420980,Leoberto Leal - SC,3330,2,2,60.0601,47.0559,13.8490,0.1444,2,2,60.0601,47.0559,14.6731,0.1363,0,2,0
4209854,420985,Lindóia do Sul - SC,4549,12,12,263.7942,196.8762,20.7522,0.5783,14,14,307.7599,227.5961,21.9720,0.6372,2,9,1
4209904,420990,Lontras - SC,12873,27,27,209.7413,219.4539,43.0187,0.6276,27,27,209.7413,219.4539,45.6759,0.5911,3,22,2
4210001,421000,Luiz Alves - SC,11684,20,20,171.1743,200.0464,35.3714,0.5654,22,22,188.2917,223.7502,37.5966,0.5852,4,12,4
4210035,421003,Luzerna - SC,5794,16,16,276.1477,208.2002,27.8265,0.5750,18,18,310.6662,234.7925,29.4598,0.6110,0,14,2
4210050,421005,Macieira - SC,1778,6,6,337.4578,283.2720,7.4779,0.8024,6,6,337.4578,283.2720,7.9205,0.7575,1,5,0
4210100,421010,Mafra - SC,55286,145,145,262.2725,254.8231,196.4593,0.7381,161,161,291.2130,282.3781,208.4512,0.7724,12,115,18
4210209,421020,Major Gercino - SC,3214,9,9,280.0249,213.6604,13.8608,0.6493,9,9,280.0249,213.6604,14.6793,0.6131,3,4,2
4210308,421030,Major Vieira - SC,7425,11,11,148.1481,141.7201,26.5613,0.4141,11,11,148.1481,141.7201,28.1788,0.3904,3,8,0
4210407,421040,Maracajá - SC,7815,27,27,345.4894,364.4640,25.4989,1.0589,31,31,396.6731,421.9874,27.0770,1.1449,10,15,2
4210506,421050,Maravilha - SC,28251,77,77,272.5567,265.6455,99.8531,0.7711,82,82,290.2552,283.0710,105.9859,0.7737,21,51,5
4210555,421055,Marema - SC,2184,13,13,595.2381,435.3306,11.3353,1.1469,13,13,595.2381,435.3306,11.9933,1.0839,1,12,0
4210605,421060,Massaranduba - SC,17162,24,24,139.8438,123.3979,66.1402,0.3629,26,26,151.4975,133.9993,70.1370,0.3707,6,18,0
4210704,421070,Matos Costa - SC,2761,5,5,181.0938,173.0235,9.6798,0.5165,5,5,181.0938,173.0235,10.2681,0.4869,1,3,1
4210803,421080,Meleiro - SC,7006,23,23,328.2900,261.8840,30.6737,0.7498,23,23,328.2900,261.8840,32.4935,0.7078,12,11,0
4210852,421085,Mirim Doce - SC,2511,9,9,358.4229,303.0124,10.5253,0.8551,10,10,398.2477,338.7552,11.1509,0.8968,2,4,3
4210902,421090,Modelo - SC,4080,16,16,392.1569,314.1901,16.9136,0.9460,17,17,416.6667,333.4951,17.9228,0.9485,2,14,0
4211009,421100,Mondaí - SC,10066,13,13,129.1476,114.0727,39.8925,0.3259,13,13,129.1476,114.0727,42.2924,0.3074,2,11,0
4211058,421105,Monte Carlo - SC,9117,44,44,482.6149,578.3014,26.3186,1.6718,44,44,482.6149,578.3014,27.9783,1.5726,7,34,3
4211108,421110,Monte Castelo - SC,7736,34,34,439.5036,457.4976,25.5152,1.3325,35,35,452.4302,471.8702,27.0863,1.2922,4,24,6
4211207,421120,Morro da Fumaça - SC,18537,47,47,253.5470,284.5058,56.0419,0.8387,52,52,280.5200,312.8516,59.5651,0.8730,19,26,2
4211256,421125,Morro Grande - SC,3010,8,8,265.7807,240.7532,12.2503,0.6530,10,10,332.2259,296.5194,12.9832,0.7702,0,7,1
4211306,421130,Navegantes - SC,86401,242,242,280.0894,342.1896,241.1443,1.0035,260,260,300.9224,365.6489,256.5477,1.0135,61,158,23
4211405,421140,Nova Erechim - SC,5155,13,13,252.1823,227.6572,19.6425,0.6618,15,15,290.9796,260.6052,20.8327,0.7200,4,8,1
4211454,421145,Nova Itaberaba - SC,4536,11,11,242.5044,205.5627,18.9521,0.5804,11,11,242.5044,205.5627,20.0813,0.5478,1,6,4
4211504,421150,Nova Trento - SC,13727,29,29,211.2625,179.7638,54.4623,0.5325,32,32,233.1172,200.4172,57.7460,0.5542,8,17,4
4211603,421160,Nova Veneza - SC,13664,38,38,278.1030,249.4244,53.3031,0.7129,39,39,285.4215,257.3944,56.5195,0.6900,11,25,2
4211652,421165,Novo Horizonte - SC,2643,3,3,113.5074,107.7233,11.7991,0.2543,3,3,113.5074,107.7233,12.4925,0.2401,0,1,2
4211702,421170,Orleans - SC,23661,93,93,393.0519,384.8633,83.5464,1.1132,102,102,431.0891,422.6577,88.6644,1.1504,25,62,6
4211751,421175,Otacílio Costa - SC,17312,71,71,410.1201,431.7063,55.4704,1.2800,71,71,410.1201,431.7063,58.9079,1.2053,12,51,8
4211801,421180,Ouro - SC,7032,26,26,369.7383,299.4598,31.7540,0.8188,28,28,398.1797,321.1003,33.6292,0.8326,5,19,2
4211850,421185,Ouro Verde - SC,2181,14,14,641.9074,597.3126,8.3588,1.6749,14,14,641.9074,597.3126,8.8619,1.5798,6,8,0
4211876,421187,Paial - SC,1927,4,4,207.5765,154.3391,8.5149,0.4698,4,4,207.5765,154.3391,9.0170,0.4436,0,4,0
4211892,421189,Painel - SC,2215,3,3,135.4402,139.6292,9.9832,0.3005,4,4,180.5869,173.3410,10.5697,0.3784,1,2,0
4211900,421190,Palhoça - SC,222598,416,416,186.8840,257.5695,591.4158,0.7034,454,454,203.9551,282.4397,629.7435,0.7209,104,262,50
4212007,421200,Palma Sola - SC,7605,17,17,223.5371,219.5337,27.6282,0.6153,18,18,236.6864,231.1650,29.3073,0.6142,4,12,1
4212056,421205,Palmeira - SC,2561,6,6,234.2835,211.8598,10.9854,0.5462,6,6,234.2835,211.8598,11.6322,0.5158,0,6,0
4212106,421210,Palmitos - SC,15626,78,78,499.1681,391.1775,71.4951,1.0910,78,78,499.1681,391.1775,75.7062,1.0303,11,55,12
4212205,421220,Papanduva - SC,19150,54,54,281.9843,301.6747,60.6088,0.8910,58,58,302.8721,324.4066,64.3821,0.9009,9,36,9
4212239,421223,Paraíso - SC,4267,9,9,210.9210,160.9247,18.9147,0.4758,11,11,257.7924,196.5434,20.0304,0.5492,1,7,1
4212254,421225,Passo de Torres - SC,12897,36,36,279.1347,279.5372,45.0167,0.7997,36,36,279.1347,279.5372,47.7662,0.7537,6,27,3
4212270,421227,Passos Maia - SC,4034,12,12,297.4715,303.9942,14.0971,0.8512,13,13,322.2608,328.2356,14.9551,0.8693,1,11,0
4212304,421230,Paulo Lopes - SC,9063,20,20,220.6775,204.2090,34.5908,0.5782,21,21,231.7114,212.9066,36.6756,0.5726,8,10,2
4212403,421240,Pedras Grandes - SC,4245,23,23,541.8139,416.2407,19.1620,1.2003,24,24,565.3710,433.6192,20.2932,1.1827,9,14,0
4212502,421250,Penha - SC,33663,115,115,341.6214,340.7588,116.9351,0.9835,121,121,359.4451,359.2114,124.0966,0.9750,32,70,13
4212601,421260,Peritiba - SC,2992,3,3,100.2674,76.3328,16.0550,0.1869,4,4,133.6898,95.1551,16.9833,0.2355,0,3,0
4212650,421265,Pescaria Brava - SC,10190,30,30,294.4063,267.0329,39.2870,0.7636,30,30,294.4063,267.0329,41.6560,0.7202,8,21,1
4212700,421270,Petrolândia - SC,6716,26,26,387.1352,317.9392,28.2843,0.9192,27,27,402.0250,329.4210,29.9666,0.9010,1,23,2
4212809,421280,Balneário Piçarras - SC,27127,67,67,246.9864,253.0390,92.2816,0.7260,73,73,269.1046,273.3026,97.9449,0.7453,13,49,5
4212908,421290,Pinhalzinho - SC,21972,38,38,172.9474,190.0082,69.6551,0.5455,39,39,177.4986,195.6803,74.0304,0.5268,3,34,1
4213005,421300,Pinheiro Preto - SC,3473,9,9,259.1420,257.7691,12.2992,0.7318,10,10,287.9355,284.8335,13.0534,0.7661,1,8,0
4213104,421310,Piratuba - SC,5769,10,10,173.3403,136.8851,24.8870,0.4018,12,12,208.0083,164.9468,26.3639,0.4552,1,8,1
4213153,421315,Planalto Alegre - SC,2946,16,16,543.1093,411.1132,12.8850,1.2418,16,16,543.1093,411.1132,13.6490,1.1723,1,14,1
4213203,421320,Pomerode - SC,34289,80,80,233.3110,236.4936,119.1187,0.6716,88,88,256.6421,260.1410,126.4371,0.6960,16,54,10
4213302,421330,Ponte Alta - SC,4437,17,17,383.1418,373.1379,16.5943,1.0245,17,17,383.1418,373.1379,17.5936,0.9663,5,12,0
4213351,421335,Ponte Alta do Norte - SC,3210,8,8,249.2212,286.9017,9.3607,0.8546,8,8,249.2212,286.9017,9.9509,0.8039,1,6,1
4213401,421340,Ponte Serrada - SC,10649,59,59,554.0426,567.8975,35.6504,1.6550,64,64,600.9954,618.0709,37.8422,1.6912,14,42,3
4213500,421350,Porto Belo - SC,27688,78,78,281.7105,331.8513,82.7692,0.9424,82,82,296.1572,345.4627,87.9922,0.9319,14,54,10
4213609,421360,Porto União - SC,32970,110,110,333.6366,295.1373,129.8165,0.8473,112,112,339.7028,300.2914,137.6081,0.8139,8,91,11
4213708,421370,Pouso Redondo - SC,17123,40,40,233.6039,247.9990,55.9610,0.7148,43,43,251.1242,265.9130,59.4276,0.7236,10,27,3
4213807,421380,Praia Grande - SC,8270,23,23,278.1137,239.4504,32.6178,0.7051,25,25,302.2975,263.4472,34.5770,0.7230,4,18,1
4213906,421390,Presidente Castello Branco - SC,1689,4,4,236.8265,140.8354,8.6778,0.4609,5,5,296.0332,172.9457,9.1818,0.5446,2,1,1
4214003,421400,Presidente Getúlio - SC,20010,44,44,219.8901,244.5379,63.7059,0.6907,44,44,219.8901,244.5379,67.6927,0.6500,17,24,3
4214102,421410,Presidente Nereu - SC,2301,3,3,130.3781,97.8452,10.1489,0.2956,3,3,130.3781,97.8452,10.7470,0.2791,2,1,0
4214151,421415,Princesa - SC,2964,12,12,404.8583,367.5934,11.9611,1.0033,13,13,438.5965,399.8781,12.6788,1.0253,0,11,1
4214201,421420,Quilombo - SC,11022,40,40,362.9105,313.6400,44.7342,0.8942,41,41,371.9833,321.1191,47.4245,0.8645,8,32,0
4214300,421430,Rancho Queimado - SC,3279,6,6,182.9826,144.4863,14.1711,0.4234,8,8,243.9768,197.6318,15.0122,0.5329,2,2,2
4214409,421440,Rio das Antas - SC,6253,21,21,335.8388,293.1729,24.4686,0.8582,22,22,351.8311,309.4224,25.9348,0.8483,2,12,7
4214508,421450,Rio do Campo - SC,6452,15,15,232.4861,230.3728,23.8609,0.6286,15,15,232.4861,230.3728,25.3041,0.5928,4,7,4
4214607,421460,Rio do Oeste - SC,7747,19,19,245.2562,197.5739,33.1619,0.5729,21,21,271.0727,217.3997,35.1353,0.5977,1,12,6
4214706,421470,Rio dos Cedros - SC,10865,31,31,285.3198,232.9457,46.1633,0.6715,37,37,340.5430,280.5477,48.9131,0.7564,6,21,4
4214805,421480,Rio do Sul - SC,72587,153,153,210.7815,218.3618,242.8591,0.6300,163,163,224.5581,232.7190,257.9187,0.6320,27,111,15
4214904,421490,Rio Fortuna - SC,4847,16,16,330.1011,277.7887,20.2688,0.7894,16,16,330.1011,277.7887,21.4802,0.7449,3,13,0
4215000,421500,Rio Negrinho - SC,39261,152,152,387.1526,398.2288,126.2751,1.2037,160,160,407.5291,418.7368,134.0955,1.1932,8,138,6
4215059,421505,Rio Rufino - SC,2397,8,8,333.7505,294.3585,9.2433,0.8655,8,8,333.7505,294.3585,9.7984,0.8165,3,4,1
4215075,421507,Riqueza - SC,4768,20,20,419.4631,341.6968,20.7625,0.9633,20,20,419.4631,341.6968,21.9929,0.9094,3,14,3
4215109,421510,Rodeio - SC,12757,34,34,266.5203,226.4191,53.9853,0.6298,37,37,290.0368,243.8843,57.2070,0.6468,3,28,3
4215208,421520,Romelândia - SC,4823,8,8,165.8719,113.5038,25.0523,0.3193,8,8,165.8719,113.5038,26.5008,0.3019,1,7,0
4215307,421530,Salete - SC,7489,6,6,80.1175,79.0389,27.6086,0.2173,8,8,106.8233,104.8755,29.2817,0.2732,1,5,0
4215356,421535,Saltinho - SC,3632,5,5,137.6652,118.5659,15.7589,0.3173,5,5,137.6652,118.5659,16.6894,0.2996,0,4,1
4215406,421540,Salto Veloso - SC,4390,8,8,182.2323,165.6982,16.8964,0.4735,8,8,182.2323,165.6982,17.9165,0.4465,3,5,0
4215455,421545,Sangão - SC,12882,19,19,147.4926,191.5641,32.7619,0.5799,19,19,147.4926,191.5641,34.8872,0.5446,6,12,1
4215505,421550,Santa Cecília - SC,15546,37,37,238.0033,281.2916,44.8681,0.8246,38,38,244.4359,288.0750,47.7022,0.7966,10,22,5
4215554,421555,Santa Helena - SC,2425,4,4,164.9485,119.8913,11.3947,0.3510,4,4,164.9485,119.8913,12.0633,0.3316,1,3,0
4215604,421560,Santa Rosa de Lima - SC,2088,7,7,335.2490,285.5375,9.0815,0.7708,7,7,335.2490,285.5375,9.6215,0.7275,4,3,0
4215653,421565,Santa Rosa do Sul - SC,9792,30,30,306.3725,283.0629,36.7602,0.8161,33,33,337.0098,310.3610,38.9840,0.8465,10,18,2
4215679,421567,Santa Terezinha - SC,8066,8,8,99.1818,94.0926,28.6600,0.2791,9,9,111.5795,104.9378,30.4090,0.2960,1,5,2
4215687,421568,Santa Terezinha do Progresso - SC,2576,6,6,232.9193,173.5616,12.4560,0.4817,6,6,232.9193,173.5616,13.1829,0.4551,1,5,0
4215695,421569,Santiago do Sul - SC,1651,2,2,121.1387,91.5819,7.4693,0.2678,2,2,121.1387,91.5819,7.9101,0.2528,2,0,0
4215703,421570,Santo Amaro da Imperatriz - SC,27272,100,100,366.6764,361.1831,97.3374,1.0274,130,130,476.6794,471.8613,103.2924,1.2586,33,56,11
4215752,421575,São Bernardino - SC,2684,3,3,111.7735,89.5005,11.2343,0.2670,3,3,111.7735,89.5005,11.9008,0.2521,0,3,0
4215802,421580,São Bento do Sul - SC,83277,219,219,262.9778,289.0317,260.0174,0.8423,247,247,296.6005,327.2918,276.2430,0.8941,30,171,18
4215901,421590,São Bonifácio - SC,2946,7,7,237.6103,171.6557,15.3196,0.4569,7,7,237.6103,171.6557,16.2073,0.4319,2,4,1
4216008,421600,São Carlos - SC,10282,29,29,282.0463,236.3930,43.3854,0.6684,29,29,282.0463,236.3930,45.9687,0.6309,4,23,2
4216057,421605,São Cristóvão do Sul - SC,6084,17,17,279.4214,372.5255,16.0269,1.0607,17,17,279.4214,372.5255,17.0769,0.9955,2,14,1
4216107,421610,São Domingos - SC,9226,24,24,260.1344,222.9794,38.2756,0.6270,26,26,281.8123,243.0566,40.5562,0.6411,1,23,0
4216206,421620,São Francisco do Sul - SC,52674,216,216,410.0695,374.5998,200.0526,1.0797,228,228,432.8511,395.0415,212.0871,1.0750,48,140,28
4216255,421625,São João do Oeste - SC,6295,9,9,142.9706,94.6596,30.5394,0.2947,9,9,142.9706,94.6596,32.3273,0.2784,5,4,0
4216305,421630,São João Batista - SC,32687,108,108,330.4066,414.2354,90.8891,1.1883,124,124,379.3557,481.5393,96.7157,1.2821,29,68,11
4216354,421635,São João do Itaperiú - SC,4463,17,17,380.9097,385.7921,15.1668,1.1209,17,17,380.9097,385.7921,16.0998,1.0559,4,13,0
4216404,421640,São João do Sul - SC,8668,19,19,219.1970,205.3729,33.7343,0.5632,21,21,242.2704,224.3660,35.7658,0.5872,5,10,4
4216503,421650,São Joaquim - SC,25939,94,94,362.3887,363.9461,90.1375,1.0429,102,102,393.2303,395.3174,95.6585,1.0663,16,72,6
4216602,421660,São José - SC,270299,661,661,244.5440,268.8262,863.7235,0.7653,723,723,267.4816,294.3648,917.8247,0.7877,182,416,63
4216701,421670,São José do Cedro - SC,14167,34,34,239.9944,194.3058,61.2409,0.5552,34,34,239.9944,194.3058,64.8828,0.5240,4,26,4
4216800,421680,São José do Cerrito - SC,8708,18,18,206.7065,151.0477,40.7192,0.4421,18,18,206.7065,151.0477,43.0977,0.4177,3,13,2
4216909,421690,São Lourenço do Oeste - SC,24791,60,60,242.0233,225.6067,92.3034,0.6500,64,64,258.1582,239.9252,97.9099,0.6537,5,46,9
4217006,421700,São Ludgero - SC,13509,42,42,310.9038,389.5904,36.6662,1.1455,44,44,325.7088,408.4669,39.0320,1.1273,8,31,3
4217105,421710,São Martinho - SC,3405,16,16,469.8972,381.4970,15.9064,1.0059,16,16,469.8972,381.4970,16.8418,0.9500,4,12,0
4217154,421715,São Miguel da Boa Vista - SC,1781,7,7,393.0376,251.4436,9.3339,0.7500,7,7,393.0376,251.4436,9.8737,0.7090,0,7,0
4217204,421720,São Miguel do Oeste - SC,44330,83,83,187.2321,178.9021,161.9488,0.5125,86,86,193.9995,185.6648,171.8598,0.5004,12,67,4
4217253,421725,São Pedro de Alcântara - SC,5776,15,15,259.6953,224.6037,23.9794,0.6255,16,16,277.0083,241.5081,25.4304,0.6292,5,7,3
4217303,421730,Saudades - SC,10265,21,21,204.5787,198.4369,37.2664,0.5635,21,21,204.5787,198.4369,39.5383,0.5311,0,18,3
4217402,421740,Schroeder - SC,20061,43,43,214.3462,253.9910,56.8460,0.7564,46,46,229.3006,270.4675,60.4686,0.7607,7,35,1
4217501,421750,Seara - SC,18620,38,38,204.0816,194.8579,68.4677,0.5550,41,41,220.1933,209.4979,72.6382,0.5644,5,32,1
4217550,421755,Serra Alta - SC,3303,5,5,151.3775,111.9438,15.1460,0.3301,5,5,151.3775,111.9438,16.0395,0.3117,1,4,0
4217600,421760,Siderópolis - SC,13714,45,45,328.1318,284.1841,54.3016,0.8287,50,50,364.5909,315.7891,57.5653,0.8686,19,26,0
4217709,421770,Sombrio - SC,29991,88,88,293.4214,313.5481,97.6330,0.9013,89,89,296.7557,317.2044,103.6733,0.8585,26,56,6
4217758,421775,Sul Brasil - SC,2832,8,8,282.4859,216.2035,12.4812,0.6410,8,8,282.4859,216.2035,13.2178,0.6052,1,7,0
4217808,421780,Taió - SC,18310,34,34,185.6909,167.8931,68.8059,0.4941,36,36,196.6139,178.5082,72.9774,0.4933,8,18,8
4217907,421790,Tangará - SC,8143,35,35,429.8170,345.5920,34.0954,1.0265,36,36,442.0975,354.6634,36.1284,0.9964,4,28,3
4217956,421795,Tigrinhos - SC,2329,2,2,85.8738,74.5312,9.4538,0.2116,2,2,85.8738,74.5312,10.0193,0.1996,0,2,0
4218004,421800,Tijucas - SC,51592,95,95,184.1371,248.0248,139.3397,0.6818,106,106,205.4582,273.6318,148.3442,0.7146,35,48,12
4218103,421810,Timbé do Sul - SC,5386,19,19,352.7664,288.3333,22.1301,0.8586,19,19,352.7664,288.3333,23.4533,0.8101,9,9,1
4218202,421820,Timbó - SC,46099,95,95,206.0782,206.2778,160.2304,0.5929,107,107,232.1092,232.1443,170.1036,0.6290,19,64,12
4218251,421825,Timbó Grande - SC,7342,19,19,258.7851,372.1193,18.2309,1.0422,20,20,272.4053,388.2576,19.4146,1.0302,3,13,3
4218301,421830,Três Barras - SC,19746,80,80,405.1453,478.5824,55.9012,1.4311,80,80,405.1453,478.5824,59.4366,1.3460,8,62,10
4218350,421835,Treviso - SC,3782,12,12,317.2924,262.2660,15.9371,0.7530,12,12,317.2924,262.2660,16.8883,0.7106,4,8,0
4218400,421840,Treze de Maio - SC,7362,23,23,312.4151,284.0458,28.3809,0.8104,23,23,312.4151,284.0458,30.0943,0.7643,5,15,3
4218509,421850,Treze Tílias - SC,8787,14,14,159.3263,177.1814,26.8931,0.5206,15,15,170.7067,189.8410,28.5903,0.5247,0,12,2
4218608,421860,Trombudo Central - SC,7274,28,28,384.9326,358.8457,27.6240,1.0136,28,28,384.9326,358.8457,29.2935,0.9558,5,22,1
4218707,421870,Tubarão - SC,110088,579,579,525.9429,480.5288,418.5342,1.3834,601,601,545.9269,499.0104,443.9239,1.3538,190,318,71
4218756,421875,Tunápolis - SC,4916,11,11,223.7592,181.3320,21.7789,0.5051,13,13,264.4426,209.8970,23.0657,0.5636,2,7,2
4218806,421880,Turvo - SC,13043,37,37,283.6771,257.1504,49.1568,0.7527,39,39,299.0110,270.0210,52.1420,0.7480,9,22,6
4218855,421885,União do Oeste - SC,2774,15,15,540.7354,391.2289,12.9695,1.1566,15,15,540.7354,391.2289,13.7307,1.0924,3,11,1
4218905,421890,Urubici - SC,10834,31,31,286.1362,255.5405,40.6878,0.7619,33,33,304.5966,273.1302,43.1459,0.7648,4,25,2
4218954,421895,Urupema - SC,2656,5,5,188.2530,170.8971,10.8242,0.4619,6,6,225.9036,196.1572,11.4686,0.5232,0,4,1
4219002,421900,Urussanga - SC,20919,76,76,363.3061,289.0786,90.5966,0.8389,80,80,382.4275,305.0452,95.9899,0.8334,27,41,8
4219101,421910,Vargeão - SC,3634,12,12,330.2146,297.8247,13.9973,0.8573,12,12,330.2146,297.8247,14.8408,0.8086,4,6,2
4219150,421915,Vargem - SC,2627,3,3,114.1987,116.0196,10.0328,0.2990,3,3,114.1987,116.0196,10.6359,0.2821,1,1,1
4219176,421917,Vargem Bonita - SC,4576,10,10,218.5315,202.1458,16.5884,0.6028,11,11,240.3846,225.9636,17.5981,0.6251,4,4,2
4219200,421920,Vidal Ramos - SC,6189,13,13,210.0501,208.6711,21.8331,0.5954,13,13,210.0501,208.6711,23.1687,0.5611,1,11,1
4219309,421930,Videira - SC,55466,137,137,246.9982,266.9419,176.7941,0.7749,142,142,256.0127,276.1311,187.8476,0.7559,25,99,13
4219358,421935,Vitor Meireles - SC,5370,15,15,279.3296,268.7800,19.5523,0.7672,16,16,297.9516,289.0934,20.7391,0.7715,1,11,3
4219408,421940,Witmarsum - SC,4255,6,6,141.0106,148.1637,14.4149,0.4162,6,6,141.0106,148.1637,15.3019,0.3921,1,5,0
4219507,421950,Xanxerê - SC,51607,197,197,381.7312,393.4599,171.5526,1.1483,208,208,403.0461,416.5882,182.1831,1.1417,42,145,10
4219606,421960,Xavantina - SC,3653,5,5,136.8738,102.1945,18.2656,0.2737,5,5,136.8738,102.1945,19.3280,0.2587,1,4,0
4219705,421970,Xaxim - SC,31918,124,124,388.4955,400.8538,107.8749,1.1495,131,131,410.4267,422.7712,114.5570,1.1435,32,84,8
4219853,421985,Zortéa - SC,3930,11,11,279.8982,304.2109,12.1673,0.9041,11,11,279.8982,304.2109,12.9292,0.8508,4,6,1
4220000,422000,Balneário Rincão - SC,15981,54,54,337.9013,284.0288,65.2511,0.8276,56,56,350.4161,292.5348,69.1357,0.8100,20,32,2
4300034,430003,Aceguá - RS,4170,7,7,167.8657,148.0109,16.4481,0.4256,8,8,191.8465,167.9000,17.4347,0.4589,0,7,0
4300059,430005,Água Santa - RS,3912,14,14,357.8732,304.9157,16.3498,0.8563,14,14,357.8732,304.9157,17.3219,0.8082,6,8,0
4300109,430010,Agudo - RS,16041,45,45,280.5311,204.0392,74.5576,0.6036,48,48,299.2332,217.6151,78.9426,0.6080,1,35,9
4300208,430020,Ajuricaba - RS,6720,39,39,580.3571,365.9732,35.2896,1.1051,39,39,580.3571,365.9732,37.3319,1.0447,4,28,7
4300307,430030,Alecrim - RS,6123,13,13,212.3142,121.1322,37.9877,0.3422,13,13,212.3142,121.1322,40.1408,0.3239,3,10,0
4300406,430040,Alegrete - RS,72409,318,318,439.1719,345.5070,328.3641,0.9684,324,324,447.4582,352.0093,347.7226,0.9318,37,254,27
4300455,430045,Alegria - RS,3651,6,6,164.3385,87.0505,21.7135,0.2763,6,6,164.3385,87.0505,22.9504,0.2614,2,3,1
4300471,430047,Almirante Tamandaré do Sul - RS,1969,6,6,304.7232,221.1464,9.9007,0.6060,8,8,406.2976,334.1225,10.4758,0.7637,0,6,0
4300505,430050,Alpestre - RS,7117,17,17,238.8647,162.1865,38.3466,0.4433,18,18,252.9156,170.8075,40.5537,0.4439,2,14,1
4300554,430055,Alto Alegre - RS,1800,3,3,166.6667,88.5022,10.0582,0.2983,3,3,166.6667,88.5022,10.6366,0.2820,0,2,1
4300570,430057,Alto Feliz - RS,3072,3,3,97.6562,82.1193,15.4090,0.1947,3,3,97.6562,82.1193,16.3078,0.1840,0,1,2
4300604,430060,Alvorada - RS,187315,910,910,485.8127,527.9887,590.0605,1.5422,952,952,508.2348,550.7774,626.7221,1.5190,247,573,90
4300638,430063,Amaral Ferrador - RS,5310,14,14,263.6535,233.1892,21.6791,0.6458,14,14,263.6535,233.1892,22.9685,0.6095,1,8,5
4300646,430064,Ametista do Sul - RS,7650,32,32,418.3007,395.2628,27.5497,1.1615,32,32,418.3007,395.2628,29.2292,1.0948,1,28,3
4300661,430066,André da Rocha - RS,1135,0,0,0.0000,0.0000,5.5461,0.0000,0,0,0.0000,0.0000,5.8696,0.0000,0,0,0
4300703,430070,Anta Gorda - RS,5957,10,10,167.8697,92.5284,33.5367,0.2982,10,10,167.8697,92.5284,35.4693,0.2819,0,9,1
4300802,430080,Antônio Prado - RS,13045,37,37,283.6336,188.5249,67.6605,0.5468,38,38,291.2993,192.8354,71.5931,0.5308,12,25,0
4300851,430085,Arambaré - RS,4112,8,8,194.5525,114.7516,22.9938,0.3479,11,11,267.5097,161.7690,24.3111,0.4525,0,7,1
4300877,430087,Araricá - RS,8525,25,25,293.2551,339.3354,26.5116,0.9430,27,27,316.7155,363.7823,28.1685,0.9585,9,13,3
4300901,430090,Aratiba - RS,6483,7,7,107.9747,62.7011,39.4508,0.1774,8,8,123.3997,70.9530,41.7005,0.1918,4,3,0
4301008,430100,Arroio do Meio - RS,21958,57,57,259.5865,217.6938,92.3370,0.6173,58,58,264.1406,221.1699,97.8572,0.5927,9,40,8
4301057,430105,Arroio do Sal - RS,11057,46,46,416.0260,302.6444,56.9855,0.8072,46,46,416.0260,302.6444,60.2768,0.7631,11,29,6
4301073,430107,Arroio do Padre - RS,2599,4,4,153.9053,109.4226,12.6414,0.3164,6,6,230.8580,168.0883,13.3828,0.4483,1,3,0
4301107,430110,Arroio dos Ratos - RS,14601,54,54,369.8377,295.8659,60.3948,0.8941,58,58,397.2331,323.8565,63.9978,0.9063,14,29,11
4301206,430120,Arroio do Tigre - RS,12058,26,26,215.6245,188.1131,50.4883,0.5150,26,26,215.6245,188.1131,53.4953,0.4860,3,20,3
4301305,430130,Arroio Grande - RS,17558,67,67,381.5924,289.8122,80.0457,0.8370,70,70,398.6787,301.4561,84.7558,0.8259,5,57,5
4301404,430140,Arvorezinha - RS,10322,41,41,397.2098,296.9035,47.9268,0.8555,42,42,406.8979,303.5560,50.7496,0.8276,11,23,7
4301503,430150,Augusto Pestana - RS,7149,17,17,237.7955,152.4883,40.9513,0.4151,17,17,237.7955,152.4883,43.3012,0.3926,2,12,3
4301552,430155,Áurea - RS,3396,7,7,206.1249,144.5543,18.4236,0.3799,8,8,235.5713,162.4803,19.4860,0.4106,1,5,1
4301602,430160,Bagé - RS,117938,348,348,295.0703,248.7354,490.9897,0.7088,370,370,313.7242,265.7151,520.2646,0.7112,55,234,59
4301636,430163,Balneário Pinhal - RS,14955,66,66,441.3240,291.0355,78.3120,0.8428,69,69,461.3842,308.7490,82.8135,0.8332,15,42,9
4301651,430165,Barão - RS,6461,15,15,232.1622,176.2542,27.8505,0.5386,15,15,232.1622,176.2542,29.5109,0.5083,2,11,2
4301701,430170,Barão de Cotegipe - RS,7144,12,12,167.9731,101.8071,37.2823,0.3219,12,12,167.9731,101.8071,39.4511,0.3042,5,7,0
4301750,430175,Barão do Triunfo - RS,5889,10,10,169.8081,142.6473,24.4062,0.4097,11,11,186.7889,155.6537,25.8545,0.4255,1,8,1
4301800,430180,Barracão - RS,4831,18,18,372.5937,230.6253,25.0788,0.7177,18,18,372.5937,230.6253,26.5325,0.6784,4,11,3
4301859,430185,Barra do Guarita - RS,3161,6,6,189.8134,161.5983,12.5812,0.4769,6,6,189.8134,161.5983,13.3346,0.4500,0,6,0
4301875,430187,Barra do Quaraí - RS,4241,7,7,165.0554,194.6766,12.4554,0.5620,7,7,165.0554,194.6766,13.2370,0.5288,1,6,0
4301909,430190,Barra do Ribeiro - RS,12225,54,54,441.7178,325.4524,56.4955,0.9558,55,55,449.8978,334.9078,59.8124,0.9195,21,28,5
4301925,430192,Barra do Rio Azul - RS,1696,2,2,117.9245,55.0899,11.0339,0.1813,2,2,117.9245,55.0899,11.6575,0.1716,1,1,0
4301958,430195,Barra Funda - RS,2498,15,15,600.4804,467.8298,12.1206,1.2376,15,15,600.4804,467.8298,12.8299,1.1691,3,11,1
4302006,430200,Barros Cassal - RS,9296,16,16,172.1170,138.9467,39.6933,0.4031,16,16,172.1170,138.9467,42.0407,0.3806,3,11,2
4302055,430205,Benjamin Constant do Sul - RS,2082,2,2,96.0615,88.9848,8.9493,0.2235,2,2,96.0615,88.9848,9.4806,0.2110,0,2,0
4302105,430210,Bento Gonçalves - RS,123151,478,478,388.1414,351.2377,472.2436,1.0122,486,486,394.6375,357.0553,500.9358,0.9702,144,261,73
4302154,430215,Boa Vista das Missões - RS,1933,7,7,362.1314,279.3107,8.7256,0.8022,7,7,362.1314,279.3107,9.2388,0.7577,0,7,0
4302204,430220,Boa Vista do Buricá - RS,6966,13,13,186.6207,126.0001,34.5967,0.3758,14,14,200.9762,135.2570,36.6196,0.3823,4,7,2
4302220,430222,Boa Vista do Cadeado - RS,2229,5,5,224.3158,165.8796,11.7162,0.4268,5,5,224.3158,165.8796,12.3948,0.4034,1,4,0
4302238,430223,Boa Vista do Incra - RS,2271,5,5,220.1673,196.1457,9.9551,0.5023,5,5,220.1673,196.1457,10.5425,0.4743,1,3,1
4302253,430225,Boa Vista do Sul - RS,2779,4,4,143.9367,84.7458,16.7811,0.2384,4,4,143.9367,84.7458,17.7372,0.2255,1,3,0
4302303,430230,Bom Jesus - RS,11202,32,32,285.6633,238.0533,45.3953,0.7049,33,33,294.5903,247.1765,48.1066,0.6860,10,15,7
4302352,430235,Bom Princípio - RS,13142,37,37,281.5401,255.7895,50.5698,0.7317,38,38,289.1493,262.4839,53.6306,0.7086,10,25,2
4302378,430237,Bom Progresso - RS,2096,3,3,143.1298,131.7621,9.9867,0.3004,3,3,143.1298,131.7621,10.5702,0.2838,0,3,0
4302402,430240,Bom Retiro do Sul - RS,12294,43,43,349.7641,315.4600,49.4395,0.8697,44,44,357.8982,322.1125,52.4027,0.8397,7,33,3
4302451,430245,Boqueirão do Leão - RS,6247,37,37,592.2843,539.7201,24.8859,1.4868,37,37,592.2843,539.7201,26.3751,1.4028,3,29,5
4302501,430250,Bossoroca - RS,5890,19,19,322.5806,227.0531,29.4130,0.6460,19,19,322.5806,227.0531,31.1200,0.6105,1,18,0
4302584,430258,Bozano - RS,2151,10,10,464.9000,249.2033,12.8862,0.7760,11,11,511.3901,268.8440,13.6216,0.8075,0,9,1
4302600,430260,Braga - RS,3268,13,13,397.7968,300.0630,15.2721,0.8512,13,13,397.7968,300.0630,16.1647,0.8042,0,11,2
4302659,430265,Brochier - RS,4966,7,7,140.9585,86.2255,26.4934,0.2642,7,7,140.9585,86.2255,28.0270,0.2498,0,5,2
4302709,430270,Butiá - RS,19084,78,78,408.7193,339.4756,77.1524,1.0110,80,80,419.1993,351.4056,81.7593,0.9785,26,44,8
4302808,430280,Caçapava do Sul - RS,32515,105,105,322.9279,236.7651,161.7239,0.6493,109,109,335.2299,247.7388,171.1467,0.6369,17,75,13
4302907,430290,Cacequi - RS,11157,18,18,161.3337,122.3527,54.9032,0.3278,19,19,170.2967,132.6385,58.0990,0.3270,2,12,4
4303004,430300,Cachoeira do Sul - RS,80070,248,248,309.7290,233.9066,382.9747,0.6476,251,251,313.4757,236.3106,405.3915,0.6192,26,191,31
4303103,430310,Cachoeirinha - RS,136258,569,569,417.5902,422.6942,464.3339,1.2254,591,591,433.7360,438.8220,492.9627,1.1989,153,369,47
4303202,430320,Cacique Doble - RS,4603,16,16,347.5994,233.2350,23.4284,0.6829,16,16,347.5994,233.2350,24.7885,0.6455,1,12,3
4303301,430330,Caibaté - RS,4704,7,7,148.8095,97.5821,24.6929,0.2835,8,8,170.0680,110.5708,26.1217,0.3063,3,4,0
4303400,430340,Caiçara - RS,4836,11,11,227.4607,152.0202,25.2105,0.4363,12,12,248.1390,164.6385,26.6705,0.4499,3,6,2
4303509,430350,Camaquã - RS,62200,182,182,292.6045,240.0294,259.5740,0.7011,196,196,315.1125,258.8302,275.0480,0.7126,29,122,31
4303558,430355,Camargo - RS,2981,8,8,268.3663,163.3801,14.9578,0.5348,8,8,268.3663,163.3801,15.8328,0.5053,1,7,0
4303608,430360,Cambará do Sul - RS,6361,19,19,298.6952,251.8004,23.8250,0.7975,20,20,314.4160,269.7265,25.2662,0.7916,2,15,2
4303673,430367,Campestre da Serra - RS,3242,5,5,154.2258,98.8423,17.4865,0.2859,5,5,154.2258,98.8423,18.4943,0.2704,0,2,3
4303707,430370,Campina das Missões - RS,5882,12,12,204.0122,132.5106,32.6347,0.3677,12,12,204.0122,132.5106,34.5098,0.3477,4,6,2
4303806,430380,Campinas do Sul - RS,5284,9,9,170.3255,118.4424,29.9027,0.3010,9,9,170.3255,118.4424,31.6225,0.2846,2,5,2
4303905,430390,Campo Bom - RS,62886,283,283,450.0207,438.3583,222.8710,1.2698,296,296,470.6930,458.7198,236.4990,1.2516,80,184,19
4304002,430400,Campo Novo - RS,4975,22,22,442.2111,386.6731,21.8962,1.0047,23,23,462.3116,410.2619,23.1897,0.9918,2,18,2
4304101,430410,Campos Borges - RS,3613,17,17,470.5231,360.4037,17.8645,0.9516,17,17,470.5231,360.4037,18.9049,0.8992,3,13,1
4304200,430420,Candelária - RS,28906,93,93,321.7325,245.3391,130.0829,0.7149,96,96,332.1110,253.2950,137.7596,0.6969,14,64,15
4304309,430430,Cândido Godói - RS,6294,4,4,63.5526,46.4353,33.6863,0.1187,4,4,63.5526,46.4353,35.6309,0.1123,0,4,0
4304358,430435,Candiota - RS,10710,17,17,158.7302,175.7819,31.8713,0.5334,18,18,168.0672,190.2606,33.8719,0.5314,1,15,1
4304408,430440,Canela - RS,48946,211,211,431.0873,489.0504,152.1597,1.3867,216,216,441.3027,499.2224,161.6773,1.3360,39,154,18
4304507,430450,Canguçu - RS,49680,121,121,243.5588,185.3621,234.6214,0.5157,139,139,279.7907,212.8691,248.3764,0.5596,20,82,19
4304606,430460,Canoas - RS,347657,1829,1829,526.0932,498.7953,1265.5163,1.4453,2009,2009,577.8684,548.0773,1342.6356,1.4963,460,1228,141
4304614,430461,Canudos do Vale - RS,1656,6,6,362.3188,270.5496,9.3379,0.6425,6,6,362.3188,270.5496,9.8730,0.6077,1,3,2
4304622,430462,Capão Bonito do Sul - RS,1733,4,4,230.8136,197.9191,8.2372,0.4856,4,4,230.8136,197.9191,8.7184,0.4588,1,3,0
4304630,430463,Capão da Canoa - RS,63594,244,244,383.6840,385.4540,221.5738,1.1012,252,252,396.2638,398.6293,235.1194,1.0718,62,147,35
4304655,430465,Capão do Cipó - RS,3119,10,10,320.6156,287.2629,12.9635,0.7714,10,10,320.6156,287.2629,13.7349,0.7281,0,7,3
4304663,430466,Capão do Leão - RS,26487,108,108,407.7472,412.4901,91.9840,1.1741,128,128,483.2559,487.7338,97.6032,1.3114,30,63,15
4304671,430467,Capivari do Sul - RS,3991,10,10,250.5638,226.7961,15.4281,0.6482,12,12,300.6765,275.1364,16.3573,0.7336,1,9,0
4304689,430468,Capela de Santana - RS,11159,28,28,250.9185,238.9593,40.9224,0.6842,28,28,250.9185,238.9593,43.4001,0.6452,2,21,5
4304697,430469,Capitão - RS,2921,3,3,102.7046,83.9550,13.7285,0.2185,3,3,102.7046,83.9550,14.5336,0.2064,2,1,0
4304705,430470,Carazinho - RS,61804,304,304,491.8775,421.2648,251.5925,1.2083,311,311,503.2037,430.7735,266.6510,1.1663,41,226,37
4304713,430471,Caraá - RS,7394,32,32,432.7833,289.4955,40.3484,0.7931,33,33,446.3078,305.7798,42.6684,0.7734,10,17,5
4304804,430480,Carlos Barbosa - RS,30420,60,60,197.2387,173.4812,119.0021,0.5042,64,64,210.3879,185.3559,126.1988,0.5071,19,35,6
4304853,430485,Carlos Gomes - RS,1368,1,1,73.0994,40.3087,7.2946,0.1371,1,1,73.0994,40.3087,7.7156,0.1296,0,1,0
4304903,430490,Casca - RS,9465,25,25,264.1310,192.8778,45.0777,0.5546,25,25,264.1310,192.8778,47.7278,0.5238,9,16,0
4304952,430495,Caseiros - RS,3000,15,15,500.0000,395.3478,13.9285,1.0769,15,15,500.0000,395.3478,14.7449,1.0173,3,10,2
4305009,430500,Catuípe - RS,8674,33,33,380.4473,231.8954,48.4218,0.6815,33,33,380.4473,231.8954,51.2022,0.6445,7,20,6
4305108,430510,Caxias do Sul - RS,463501,1641,1641,354.0445,325.5029,1745.1247,0.9403,1700,1700,366.7738,337.2859,1851.0521,0.9184,325,1118,198
4305116,430511,Centenário - RS,2721,4,4,147.0048,88.5822,15.8957,0.2516,4,4,147.0048,88.5822,16.8042,0.2380,0,4,0
4305124,430512,Cerrito - RS,5808,13,13,223.8292,140.8227,31.2746,0.4157,13,13,223.8292,140.8227,33.0752,0.3930,1,10,2
4305132,430513,Cerro Branco - RS,3802,5,5,131.5097,83.4794,22.3472,0.2237,5,5,131.5097,83.4794,23.6239,0.2116,0,4,1
4305157,430515,Cerro Grande - RS,2379,7,7,294.2413,210.3939,11.7755,0.5945,7,7,294.2413,210.3939,12.4606,0.5618,3,4,0
4305173,430517,Cerro Grande do Sul - RS,9178,22,22,239.7036,223.4679,34.1350,0.6445,24,24,261.4949,242.0541,36.1987,0.6630,4,16,2
4305207,430520,Cerro Largo - RS,13705,31,31,226.1948,184.4908,65.4404,0.4737,33,33,240.7880,194.4952,69.2828,0.4763,2,26,3
4305306,430530,Chapada - RS,9540,36,36,377.3585,254.8306,48.2609,0.7459,36,36,377.3585,254.8306,51.0721,0.7049,4,25,7
4305355,430535,Charqueadas - RS,35012,142,142,405.5752,380.7236,127.5811,1.1130,149,149,425.5684,400.6170,135.3843,1.1006,28,103,11
4305371,430537,Charrua - RS,2768,13,13,469.6532,369.8978,12.7909,1.0163,13,13,469.6532,369.8978,13.5406,0.9601,12,1,0
4305405,430540,Chiapetta - RS,3913,21,21,536.6726,407.8839,18.2049,1.1535,21,21,536.6726,407.8839,19.2707,1.0897,2,15,4
4305439,430543,Chuí - RS,6262,2,2,31.9387,33.0693,22.7780,0.0878,3,3,47.9080,53.3332,24.1562,0.1242,0,1,1
4305447,430544,Chuvisca - RS,4597,4,4,87.0133,86.5316,17.3316,0.2308,5,5,108.7666,103.5343,18.3770,0.2721,0,3,1
4305454,430545,Cidreira - RS,17071,82,82,480.3468,349.1245,89.3649,0.9176,84,84,492.0626,359.2573,94.5018,0.8889,22,48,12
4305504,430550,Ciríaco - RS,4149,30,30,723.0658,487.4889,22.3746,1.3408,30,30,723.0658,487.4889,23.6668,1.2676,5,21,4
4305587,430558,Colinas - RS,2423,4,4,165.0846,140.3392,14.9324,0.2679,5,5,206.3558,157.0702,15.7828,0.3168,0,3,1
4305603,430560,Colorado - RS,3258,16,16,491.0988,333.0232,19.3616,0.8264,16,16,491.0988,333.0232,20.4699,0.7816,4,11,1
4305702,430570,Condor - RS,6406,11,11,171.7140,147.6388,26.2298,0.4194,12,12,187.3244,160.8871,27.7960,0.4317,3,5,3
4305801,430580,Constantina - RS,10385,22,22,211.8440,175.7117,46.7750,0.4703,22,22,211.8440,175.7117,49.5415,0.4441,2,20,0
4305835,430583,Coqueiro Baixo - RS,1290,3,3,232.5581,113.3661,10.2242,0.2934,3,3,232.5581,113.3661,10.7943,0.2779,0,3,0
4305850,430585,Coqueiros do Sul - RS,2211,6,6,271.3704,140.0848,12.8951,0.4653,7,7,316.5988,195.9425,13.6322,0.5135,1,2,3
4305871,430587,Coronel Barros - RS,2822,9,9,318.9227,199.5169,15.1884,0.5926,10,10,354.3586,226.8731,16.0637,0.6225,0,5,4
4305900,430590,Coronel Bicaco - RS,6144,39,39,634.7656,513.1696,28.4225,1.3722,41,41,667.3177,544.1816,30.0854,1.3628,4,29,6
4305934,430593,Coronel Pilar - RS,1607,5,5,311.1388,196.8112,11.1815,0.4472,5,5,311.1388,196.8112,11.8112,0.4233,1,4,0
4305959,430595,Cotiporã - RS,3846,5,5,130.0052,68.2795,23.7554,0.2105,6,6,156.0062,82.6818,25.1132,0.2389,1,3,1
4305975,430597,Coxilha - RS,2667,14,14,524.9344,456.1222,10.7654,1.3005,14,14,524.9344,456.1222,11.4085,1.2272,6,6,2
4306007,430600,Crissiumal - RS,12886,26,26,201.7694,131.8156,68.1842,0.3813,27,27,209.5297,137.2412,72.1264,0.3743,5,19,2
4306056,430605,Cristal - RS,7299,30,30,411.0152,348.0396,31.0605,0.9659,32,32,438.4162,368.4586,32.9037,0.9725,5,19,6
4306072,430607,Cristal do Sul - RS,2692,2,2,74.2942,48.2603,12.8599,0.1555,2,2,74.2942,48.2603,13.6103,0.1469,0,2,0
4306106,430610,Cruz Alta - RS,58913,273,273,463.3952,398.6211,244.4115,1.1170,279,279,473.5797,408.0123,258.9916,1.0773,61,170,42
4306130,430613,Cruzaltense - RS,1635,7,7,428.1346,236.3457,10.0459,0.6968,7,7,428.1346,236.3457,10.6179,0.6593,2,4,1
4306205,430620,Cruzeiro do Sul - RS,11600,38,38,327.5862,232.5895,56.7039,0.6701,39,39,336.2069,238.3959,60.0156,0.6498,5,30,3
4306304,430630,David Canabarro - RS,4321,16,16,370.2847,245.5765,21.7326,0.7362,16,16,370.2847,245.5765,22.9955,0.6958,2,14,0
4306320,430632,Derrubadas - RS,2751,5,5,181.7521,130.4830,12.8429,0.3893,6,6,218.1025,167.1857,13.5932,0.4414,0,3,2
4306353,430635,Dezesseis de Novembro - RS,2507,5,5,199.4416,150.5779,14.7745,0.3384,5,5,199.4416,150.5779,15.6159,0.3202,1,2,2
4306379,430637,Dilermando de Aguiar - RS,2806,5,5,178.1896,101.9940,15.9658,0.3132,5,5,178.1896,101.9940,16.8784,0.2962,1,4,0
4306403,430640,Dois Irmãos - RS,30709,81,81,263.7663,258.8112,109.3606,0.7407,86,86,280.0482,274.5660,116.0507,0.7411,17,60,4
4306429,430642,Dois Irmãos das Missões - RS,2090,7,7,334.9282,275.1149,9.4262,0.7426,7,7,334.9282,275.1149,9.9815,0.7013,1,6,0
4306452,430645,Dois Lajeados - RS,3097,6,6,193.7359,102.9060,18.5239,0.3239,7,7,226.0252,117.8642,19.5828,0.3575,1,3,2
4306502,430650,Dom Feliciano - RS,13051,31,31,237.5297,203.3389,53.2832,0.5818,33,33,252.8542,219.2060,56.4595,0.5845,6,23,2
4306551,430655,Dom Pedro de Alcântara - RS,2562,8,8,312.2560,209.9685,12.7672,0.6266,8,8,312.2560,209.9685,13.5123,0.5921,3,5,0
4306601,430660,Dom Pedrito - RS,36981,127,127,343.4196,273.9760,164.6357,0.7714,128,128,346.1237,276.8112,174.3608,0.7341,5,97,25
4306700,430670,Dona Francisca - RS,3079,8,8,259.8246,164.1434,15.4521,0.5177,8,8,259.8246,164.1434,16.3509,0.4893,2,5,1
4306734,430673,Doutor Maurício Cardoso - RS,4470,17,17,380.3132,209.8422,26.0878,0.6516,17,17,380.3132,209.8422,27.5806,0.6164,6,10,1
4306759,430675,Doutor Ricardo - RS,1888,2,2,105.9322,50.7570,11.4850,0.1741,2,2,105.9322,50.7570,12.1403,0.1647,0,2,0
4306767,430676,Eldorado do Sul - RS,39559,151,151,381.7083,410.0987,127.9948,1.1797,161,161,406.9870,438.0960,135.8978,1.1847,34,96,21
4306809,430680,Encantado - RS,22962,61,61,265.6563,192.0431,106.5369,0.5726,65,65,283.0764,203.9860,112.8194,0.5761,18,34,9
4306908,430690,Encruzilhada do Sul - RS,23819,81,81,340.0647,277.3842,106.0113,0.7641,83,83,348.4613,285.6152,112.2623,0.7393,8,68,5
4306924,430692,Engenho Velho - RS,1296,4,4,308.6420,254.6871,6.1053,0.6552,4,4,308.6420,254.6871,6.4628,0.6189,0,3,1
4306932,430693,Entre-Ijuís - RS,9158,30,30,327.5824,241.0212,45.9642,0.6527,34,34,371.2601,274.9246,48.6396,0.6990,6,21,3
4306957,430695,Entre Rios do Sul - RS,2685,5,5,186.2197,113.8527,16.0362,0.3118,5,5,186.2197,113.8527,16.9506,0.2950,4,0,1
4306973,430697,Erebango - RS,3054,5,5,163.7197,142.0821,12.6919,0.3940,5,5,163.7197,142.0821,13.4500,0.3717,1,4,0
4307005,430700,Erechim - RS,105705,221,221,209.0724,181.6410,421.6532,0.5241,229,229,216.6407,188.1576,447.0628,0.5122,63,143,15
4307054,430705,Ernestina - RS,3034,13,13,428.4773,284.0941,15.3149,0.8488,13,13,428.4773,284.0941,16.2027,0.8023,0,11,2
4307104,430710,Herval - RS,6191,21,21,339.2021,255.7261,30.5619,0.6871,23,23,371.5070,281.4218,32.3422,0.7111,4,12,5
4307203,430720,Erval Grande - RS,4930,8,8,162.2718,102.4668,25.8180,0.3099,8,8,162.2718,102.4668,27.3139,0.2929,0,7,1
4307302,430730,Erval Seco - RS,6787,14,14,206.2767,153.5422,33.1131,0.4228,14,14,206.2767,153.5422,35.0420,0.3995,3,9,2
4307401,430740,Esmeralda - RS,3195,8,8,250.3912,217.0066,15.2939,0.5231,9,9,281.6901,241.3686,16.1880,0.5560,1,6,1
4307450,430745,Esperança do Sul - RS,3226,18,18,557.9665,386.0869,17.8736,1.0071,18,18,557.9665,386.0869,18.8983,0.9525,7,10,1
4307500,430750,Espumoso - RS,15173,57,57,375.6673,283.4100,70.5303,0.8082,57,57,375.6673,283.4100,74.6771,0.7633,11,40,6
4307559,430755,Estação - RS,5582,23,23,412.0387,277.5704,28.3982,0.8099,24,24,429.9534,288.4156,30.0494,0.7987,4,19,0
4307609,430760,Estância Velha - RS,47924,160,160,333.8619,334.2327,160.8808,0.9945,167,167,348.4684,349.0443,170.8073,0.9777,44,102,14
4307708,430770,Esteio - RS,76137,405,405,531.9359,455.4320,307.2468,1.3182,429,429,563.4580,484.6943,325.6432,1.3174,126,251,28
4307807,430780,Estrela - RS,32183,83,83,257.9001,209.5613,137.6171,0.6031,85,85,264.1146,214.1214,145.7995,0.5830,16,59,8
4307815,430781,Estrela Velha - RS,3070,9,9,293.1596,251.6572,12.9183,0.6967,9,9,293.1596,251.6572,13.6851,0.6577,0,6,3
4307831,430783,Eugênio de Castro - RS,2633,9,9,341.8154,184.2382,14.9582,0.6017,9,9,341.8154,184.2382,15.8154,0.5691,0,8,1
4307864,430786,Fagundes Varela - RS,2566,5,5,194.8558,120.6213,14.6047,0.3424,5,5,194.8558,120.6213,15.4424,0.3238,1,4,0
4307906,430790,Farroupilha - RS,70286,211,211,300.2020,276.2490,265.3843,0.7951,217,217,308.7386,283.9837,281.4914,0.7709,39,146,26
4308003,430800,Faxinal do Soturno - RS,6702,13,13,193.9719,127.8753,36.2597,0.3585,13,13,193.9719,127.8753,38.3590,0.3389,1,9,3
4308052,430805,Faxinalzinho - RS,2520,6,6,238.0952,183.7719,12.9384,0.4637,6,6,238.0952,183.7719,13.6904,0.4383,1,5,0
4308078,430807,Fazenda Vilanova - RS,4291,10,10,233.0459,221.0340,16.3633,0.6111,10,10,233.0459,221.0340,17.3471,0.5765,2,7,1
4308102,430810,Feliz - RS,13764,28,28,203.4292,158.2660,59.5474,0.4702,31,31,225.2252,182.0516,63.0944,0.4913,7,18,3
4308201,430820,Flores da Cunha - RS,30892,79,79,255.7296,215.0285,126.7613,0.6232,80,80,258.9667,217.5551,134.3563,0.5954,15,56,8
4308250,430825,Floriano Peixoto - RS,1668,3,3,179.8561,83.3796,11.0479,0.2715,3,3,179.8561,83.3796,11.6725,0.2570,2,1,0
4308300,430830,Fontoura Xavier - RS,9550,35,35,366.4921,296.0933,40.7882,0.8581,36,36,376.9634,308.7653,43.2021,0.8333,6,23,6
4308409,430840,Formigueiro - RS,6413,17,17,265.0865,129.8703,38.1851,0.4452,17,17,265.0865,129.8703,40.3650,0.4212,0,12,5
4308433,430843,Forquetinha - RS,2393,10,10,417.8855,228.3331,14.7998,0.6757,10,10,417.8855,228.3331,15.6410,0.6393,1,8,1
4308458,430845,Fortaleza dos Valos - RS,4477,12,12,268.0366,202.3195,19.9055,0.6028,12,12,268.0366,202.3195,21.0804,0.5692,4,7,1
4308508,430850,Frederico Westphalen - RS,32627,88,88,269.7153,239.5652,125.8670,0.6992,89,89,272.7802,242.4222,133.4977,0.6667,12,66,10
4308607,430860,Garibaldi - RS,34335,84,84,244.6483,196.7109,146.0870,0.5750,87,87,253.3858,203.5719,154.8212,0.5619,19,55,10
4308656,430865,Garruchos - RS,2688,5,5,186.0119,124.2754,13.0856,0.3821,6,6,223.2143,148.5623,13.8457,0.4333,1,3,1
4308706,430870,Gaurama - RS,5665,8,8,141.2180,79.4444,32.3945,0.2470,9,9,158.8703,97.1663,34.2563,0.2627,1,5,2
4308805,430880,General Câmara - RS,7612,23,23,302.1545,202.1657,39.4587,0.5829,25,25,328.4288,225.6765,41.7403,0.5989,7,15,1
4308854,430885,Gentil - RS,1744,5,5,286.6972,213.7562,7.5307,0.6639,5,5,286.6972,213.7562,7.9764,0.6268,1,4,0
4308904,430890,Getúlio Vargas - RS,16602,44,44,265.0283,201.3440,80.5470,0.5463,45,45,271.0517,207.8397,85.2705,0.5277,9,31,4
4309001,430900,Giruá - RS,16013,53,53,330.9811,231.3055,77.3180,0.6855,54,54,337.2260,235.3461,81.8336,0.6599,20,21,12
4309050,430905,Glorinha - RS,7658,33,33,430.9219,335.3868,33.8077,0.9761,34,34,443.9802,344.4697,35.8039,0.9496,9,20,4
4309100,430910,Gramado - RS,40134,157,157,391.1895,380.9218,143.5910,1.0934,162,162,403.6478,392.9804,152.3805,1.0631,41,102,14
4309126,430912,Gramado dos Loureiros - RS,2014,5,5,248.2622,174.4038,9.5729,0.5223,5,5,248.2622,174.4038,10.1323,0.4935,1,4,0
4309159,430915,Gramado Xavier - RS,3304,3,3,90.7990,86.5860,12.6672,0.2368,3,3,90.7990,86.5860,13.4287,0.2234,1,2,0
4309209,430920,Gravataí - RS,265074,1087,1087,410.0742,399.1749,943.2651,1.1524,1131,1131,426.6733,414.6674,1000.8152,1.1301,244,723,120
4309258,430925,Guabiju - RS,1417,2,2,141.1433,63.8470,9.3875,0.2131,2,2,141.1433,63.8470,9.9181,0.2017,0,1,1
4309308,430930,Guaíba - RS,92924,411,411,442.2969,403.9067,350.0515,1.1741,436,436,469.2006,429.1794,371.2030,1.1746,110,259,42
4309407,430940,Guaporé - RS,25268,74,74,292.8605,240.7213,106.6645,0.6938,79,79,312.6484,258.9648,113.0384,0.6989,16,51,7
4309506,430950,Guarani das Missões - RS,7415,17,17,229.2650,146.9377,40.4866,0.4199,19,19,256.2374,171.4971,42.8169,0.4438,4,12,1
4309555,430955,Harmonia - RS,5378,17,17,316.1026,281.1053,21.3701,0.7955,17,17,316.1026,281.1053,22.6570,0.7503,3,11,3
4309571,430957,Herveiras - RS,2565,3,3,116.9591,93.6106,10.3886,0.2888,3,3,116.9591,93.6106,11.0103,0.2725,1,2,0
4309605,430960,Horizontina - RS,18851,48,48,254.6284,201.0551,83.6934,0.5735,48,48,254.6284,201.0551,88.6496,0.5415,7,35,6
4309654,430965,Hulha Negra - RS,5976,9,9,150.6024,158.7526,21.9703,0.4096,9,9,150.6024,158.7526,23.2969,0.3863,2,6,1
4309704,430970,Humaitá - RS,4681,10,10,213.6296,166.4794,26.0713,0.3836,12,12,256.3555,190.8941,27.5675,0.4353,1,8,1
4309753,430975,Ibarama - RS,3732,7,7,187.5670,130.6024,17.3420,0.4036,7,7,187.5670,130.6024,18.3583,0.3813,0,7,0
4309803,430980,Ibiaçá - RS,4527,17,17,375.5246,224.3439,25.4539,0.6679,17,17,375.5246,224.3439,26.9178,0.6316,8,9,0
4309902,430990,Ibiraiaras - RS,6776,44,44,649.3506,440.2709,32.2236,1.3655,45,45,664.1086,457.7461,34.1125,1.3192,13,25,6
4309951,430995,Ibirapuitã - RS,3723,17,17,456.6210,319.9729,17.7905,0.9556,17,17,456.6210,319.9729,18.8335,0.9026,6,10,1
4310009,431000,Ibirubá - RS,21583,94,94,435.5280,353.9239,92.9234,1.0116,96,96,444.7945,360.6064,98.4629,0.9750,18,66,10
4310108,431010,Igrejinha - RS,32808,134,134,408.4370,418.3418,110.7358,1.2101,139,139,423.6772,434.6806,117.5577,1.1824,36,88,10
4310207,431020,Ijuí - RS,84780,301,301,355.0366,289.3175,360.2709,0.8355,315,315,371.5499,302.7747,381.7477,0.8252,59,197,45
4310306,431030,Ilópolis - RS,4157,8,8,192.4465,126.7365,22.8201,0.3506,8,8,192.4465,126.7365,24.1394,0.3314,0,7,1
4310330,431033,Imbé - RS,26824,150,150,559.2007,425.0400,123.5936,1.2137,155,155,577.8407,439.6547,130.8224,1.1848,29,110,11
4310363,431036,Imigrante - RS,3080,11,11,357.1429,195.5379,17.8104,0.6176,11,11,357.1429,195.5379,18.8335,0.5841,2,7,2
4310405,431040,Independência - RS,6427,13,13,202.2717,133.9012,33.5021,0.3880,13,13,202.2717,133.9012,35.4394,0.3668,2,9,2
4310413,431041,Inhacorá - RS,2014,5,5,248.2622,169.3205,9.7157,0.5146,5,5,248.2622,169.3205,10.2821,0.4863,1,3,1
4310439,431043,Ipê - RS,5399,17,17,314.8731,191.9985,30.3935,0.5593,17,17,314.8731,191.9985,32.1418,0.5289,5,6,6
4310462,431046,Ipiranga do Sul - RS,1720,4,4,232.5581,120.0435,10.7371,0.3725,4,4,232.5581,120.0435,11.3467,0.3525,0,4,0
4310504,431050,Iraí - RS,7482,17,17,227.2120,175.5668,37.3939,0.4546,17,17,227.2120,175.5668,39.5679,0.4296,1,15,1
4310538,431053,Itaara - RS,5572,21,21,376.8844,285.0127,25.3834,0.8273,21,21,376.8844,285.0127,26.8746,0.7814,7,12,2
4310553,431055,Itacurubi - RS,2995,7,7,233.7229,227.4547,14.9940,0.4669,8,8,267.1119,247.0794,15.8634,0.5043,3,4,0
4310579,431057,Itapuca - RS,1937,3,3,154.8787,106.5789,9.3999,0.3192,3,3,154.8787,106.5789,9.9488,0.3015,1,2,0
4310603,431060,Itaqui - RS,35768,78,78,218.0720,213.5797,128.6113,0.6065,79,79,220.8678,216.6197,136.4192,0.5791,11,54,13
4310652,431065,Itati - RS,2638,12,12,454.8901,338.1269,12.5834,0.9536,12,12,454.8901,338.1269,13.3190,0.9010,4,8,0
4310702,431070,Itatiba do Sul - RS,3208,4,4,124.6883,64.2340,19.1061,0.2094,4,4,124.6883,64.2340,20.1960,0.1981,1,2,1
4310751,431075,Ivorá - RS,1929,1,1,51.8403,20.6059,13.1224,0.0762,1,1,51.8403,20.6059,13.8621,0.0721,0,1,0
4310801,431080,Ivoti - RS,22983,75,75,326.3282,301.0911,86.0113,0.8720,76,76,330.6792,305.2732,91.2217,0.8331,16,56,3
4310850,431085,Jaboticaba - RS,3779,12,12,317.5443,266.2739,18.6159,0.6446,12,12,317.5443,266.2739,19.6988,0.6092,0,12,0
4310876,431087,Jacuizinho - RS,2040,3,3,147.0588,112.4295,9.1664,0.3273,3,3,147.0588,112.4295,9.7046,0.3091,0,2,1
4310900,431090,Jacutinga - RS,3338,4,4,119.8322,61.5092,20.4238,0.1958,4,4,119.8322,61.5092,21.5906,0.1853,1,3,0
4311007,431100,Jaguarão - RS,26603,66,66,248.0923,186.9155,125.1404,0.5274,70,70,263.1282,197.8578,132.4820,0.5284,4,53,9
4311106,431110,Jaguari - RS,10579,33,33,311.9387,175.6173,62.3284,0.5295,35,35,330.8441,184.2756,65.9015,0.5311,11,20,2
4311122,431112,Jaquirana - RS,3690,10,10,271.0027,229.6500,15.6686,0.6382,10,10,271.0027,229.6500,16.5926,0.6027,4,6,0
4311130,431113,Jari - RS,3349,5,5,149.2983,110.0763,16.7676,0.2982,6,6,179.1580,129.7171,17.7411,0.3382,1,4,0
4311155,431115,Jóia - RS,7184,24,24,334.0757,240.7983,35.3828,0.6783,24,24,334.0757,240.7983,37.4392,0.6410,1,19,4
4311205,431120,Júlio de Castilhos - RS,18226,53,53,290.7934,225.3171,82.2020,0.6448,57,57,312.7400,240.4046,87.0443,0.6548,5,35,13
4311239,431123,Lagoa Bonita do Sul - RS,2251,1,1,44.4247,25.9521,10.8333,0.0923,1,1,44.4247,25.9521,11.4661,0.0872,0,1,0
4311254,431125,Lagoão - RS,5341,16,16,299.5694,250.7232,22.2090,0.7204,16,16,299.5694,250.7232,23.5270,0.6801,1,13,2
4311270,431127,Lagoa dos Três Cantos - RS,1738,6,6,345.2244,211.0204,9.4950,0.6319,6,6,345.2244,211.0204,10.0428,0.5974,0,6,0
4311304,431130,Lagoa Vermelha - RS,27659,121,121,437.4706,371.7968,115.8210,1.0447,123,123,444.7015,378.6878,122.7229,1.0023,22,87,12
4311403,431140,Lajeado - RS,93646,236,236,252.0129,258.4994,318.2126,0.7416,243,243,259.4879,265.9020,337.9417,0.7191,59,155,22
4311429,431142,Lajeado do Bugre - RS,2601,16,16,615.1480,564.5549,9.8250,1.6285,16,16,615.1480,564.5549,10.4160,1.5361,3,13,0
4311502,431150,Lavras do Sul - RS,7157,14,14,195.6127,140.9228,33.0338,0.4238,16,16,223.5574,168.7685,34.9722,0.4575,1,9,4
4311601,431160,Liberato Salzano - RS,4781,11,11,230.0774,149.9783,23.8068,0.4621,11,11,230.0774,149.9783,25.1918,0.4366,2,9,0
4311627,431162,Lindolfo Collor - RS,6248,17,17,272.0871,318.5160,17.6453,0.9634,17,17,272.0871,318.5160,18.7665,0.9059,5,10,2
4311643,431164,Linha Nova - RS,1683,5,5,297.0885,146.3190,9.7162,0.5146,5,5,297.0885,146.3190,10.2734,0.4867,1,3,1
4311700,431170,Machadinho - RS,5735,13,13,226.6783,167.5324,26.8268,0.4846,13,13,226.6783,167.5324,28.3987,0.4578,4,8,1
4311718,431171,Maçambará - RS,4425,8,8,180.7910,169.8484,17.6809,0.4525,8,8,180.7910,169.8484,18.7366,0.4270,3,4,1
4311734,431173,Mampituba - RS,3131,3,3,95.8160,92.5909,12.7127,0.2360,4,4,127.7547,125.3548,13.4727,0.2969,0,2,1
4311759,431175,Manoel Viana - RS,6801,13,13,191.1484,157.5348,31.3431,0.4148,14,14,205.8521,174.3914,33.1845,0.4219,2,9,2
4311775,431177,Maquiné - RS,7418,24,24,323.5373,251.4965,35.8486,0.6695,25,25,337.0181,260.1079,37.9418,0.6589,5,16,3
4311791,431179,Maratá - RS,2470,4,4,161.9433,131.8194,13.0870,0.3056,4,4,161.9433,131.8194,13.8457,0.2889,0,4,0
4311809,431180,Marau - RS,45124,123,123,272.5822,271.9017,159.4846,0.7712,125,125,277.0144,276.3244,169.2819,0.7384,36,75,12
4311908,431190,Marcelino Ramos - RS,4320,15,15,347.2222,202.2650,26.2711,0.5710,18,18,416.6667,236.6041,27.7685,0.6482,7,7,1
4311981,431198,Mariana Pimentel - RS,3916,11,11,280.8989,163.0139,21.0710,0.5220,11,11,280.8989,163.0139,22.2854,0.4936,5,3,3
4312005,431200,Mariano Moro - RS,1858,5,5,269.1066,151.4290,10.9190,0.4579,5,5,269.1066,151.4290,11.5413,0.4332,2,2,1
4312054,431205,Marques de Souza - RS,3969,7,7,176.3668,100.8039,23.5608,0.2971,7,7,176.3668,100.8039,24.9063,0.2811,2,5,0
4312104,431210,Mata - RS,4698,16,16,340.5705,223.0941,25.9307,0.6170,17,17,361.8561,239.2323,27.4218,0.6199,0,14,2
4312138,431213,Mato Castelhano - RS,2553,17,17,665.8833,469.4322,11.3887,1.4927,17,17,665.8833,469.4322,12.0604,1.4096,2,13,2
4312153,431215,Mato Leitão - RS,4859,8,8,164.6429,134.3573,21.7316,0.3681,8,8,164.6429,134.3573,23.0145,0.3476,0,8,0
4312179,431217,Mato Queimado - RS,1795,5,5,278.5515,248.6660,9.8606,0.5071,5,5,278.5515,248.6660,10.4277,0.4795,2,3,0
4312203,431220,Maximiliano de Almeida - RS,4191,15,15,357.9098,201.3221,22.8188,0.6574,15,15,357.9098,201.3221,24.1335,0.6215,1,11,3
4312252,431225,Minas do Leão - RS,7505,14,14,186.5423,179.3258,28.6446,0.4887,14,14,186.5423,179.3258,30.3690,0.4610,2,10,2
4312302,431230,Miraguaí - RS,4427,17,17,384.0072,283.1575,20.9618,0.8110,19,19,429.1845,318.2714,22.1859,0.8564,5,11,1
4312351,431235,Montauri - RS,1499,9,9,600.4003,316.9033,9.0868,0.9905,9,9,600.4003,316.9033,9.6064,0.9369,4,3,2
4312377,431237,Monte Alegre dos Campos - RS,3180,9,9,283.0189,230.7751,14.0124,0.6423,9,9,283.0189,230.7751,14.8381,0.6065,2,6,1
4312385,431238,Monte Belo do Sul - RS,2557,7,7,273.7583,147.5930,17.4263,0.4017,9,9,351.9750,175.4534,18.4127,0.4888,1,4,2
4312401,431240,Montenegro - RS,64322,194,194,301.6075,286.0844,236.5647,0.8201,196,196,304.7169,289.1947,250.9642,0.7810,38,128,28
4312427,431242,Mormaço - RS,2756,7,7,253.9913,209.5118,14.0385,0.4986,7,7,253.9913,209.5118,14.8527,0.4713,3,3,1
4312443,431244,Morrinhos do Sul - RS,3071,7,7,227.9388,164.7670,15.4452,0.4532,8,8,260.5015,181.2410,16.3439,0.4895,2,3,2
4312450,431245,Morro Redondo - RS,6046,19,19,314.2574,202.8632,33.2088,0.5721,23,23,380.4168,251.1903,35.1159,0.6550,4,11,4
4312476,431247,Morro Reuter - RS,6029,20,20,331.7300,255.4612,27.4770,0.7279,20,20,331.7300,255.4612,29.0974,0.6873,3,16,1
4312500,431250,Mostardas - RS,12090,36,36,297.7667,224.2364,54.5807,0.6596,39,39,322.5806,247.0917,57.7932,0.6748,6,21,9
4312609,431260,Muçum - RS,4601,15,15,326.0161,179.1613,27.6289,0.5429,15,15,326.0161,179.1613,29.2065,0.5136,8,4,3
4312617,431261,Muitos Capões - RS,2879,5,5,173.6714,131.7219,12.0736,0.4141,5,5,173.6714,131.7219,12.7904,0.3909,2,3,0
4312625,431262,Muliterno - RS,1721,2,2,116.2115,92.9736,7.9015,0.2531,3,3,174.3173,160.9743,8.3653,0.3586,1,1,0
4312658,431265,Não-Me-Toque - RS,17898,71,71,396.6924,346.1328,70.7594,1.0034,73,73,407.8668,357.6196,75.0311,0.9729,12,50,9
4312674,431267,Nicolau Vergueiro - RS,1932,9,9,465.8385,336.1449,9.4982,0.9475,9,9,465.8385,336.1449,10.0508,0.8954,2,4,3
4312708,431270,Nonoai - RS,13719,50,50,364.4581,308.9777,56.6133,0.8832,50,50,364.4581,308.9777,59.9982,0.8334,6,42,2
4312757,431275,Nova Alvorada - RS,3163,8,8,252.9244,168.4513,14.1933,0.5636,8,8,252.9244,168.4513,15.0318,0.5322,2,6,0
4312807,431280,Nova Araçá - RS,4954,15,15,302.7856,262.0261,19.7393,0.7599,15,15,302.7856,262.0261,20.9337,0.7165,5,8,2
4312906,431290,Nova Bassano - RS,9649,16,16,165.8203,126.7968,45.0644,0.3550,17,17,176.1841,133.4439,47.7220,0.3562,6,9,1
4312955,431295,Nova Boa Vista - RS,2042,3,3,146.9148,87.7527,11.8082,0.2541,3,3,146.9148,87.7527,12.4857,0.2403,1,1,1
4313003,431300,Nova Bréscia - RS,3044,18,18,591.3272,279.3325,19.0001,0.9474,18,18,591.3272,279.3325,20.0823,0.8963,0,12,6
4313011,431301,Nova Candelária - RS,3061,6,6,196.0144,167.1985,14.5002,0.4138,6,6,196.0144,167.1985,15.3534,0.3908,0,5,1
4313037,431303,Nova Esperança do Sul - RS,4865,12,12,246.6598,193.8545,21.2178,0.5656,12,12,246.6598,193.8545,22.4764,0.5339,2,9,1
4313060,431306,Nova Hartz - RS,20088,75,75,373.3572,395.4926,63.3085,1.1847,79,79,393.2696,416.6914,67.2410,1.1749,17,55,3
4313086,431308,Nova Pádua - RS,2343,12,12,512.1639,250.5657,14.0766,0.8525,12,12,512.1639,250.5657,14.8827,0.8063,4,6,2
4313102,431310,Nova Palma - RS,5586,15,15,268.5285,203.5281,30.1497,0.4975,16,16,286.4304,214.8353,31.8961,0.5016,1,12,2
4313201,431320,Nova Petrópolis - RS,23300,102,102,437.7682,327.4817,106.2621,0.9599,104,104,446.3519,333.8889,112.5315,0.9242,11,72,19
4313300,431330,Nova Prata - RS,25692,60,60,233.5357,193.1449,106.6965,0.5623,62,62,241.3203,198.8685,113.0880,0.5482,10,45,5
4313334,431333,Nova Ramada - RS,2163,4,4,184.9283,146.6749,12.0172,0.3329,4,4,184.9283,146.6749,12.7068,0.3148,1,3,0
4313359,431335,Nova Roma do Sul - RS,3466,8,8,230.8136,134.0060,19.3850,0.4127,10,10,288.5170,160.4233,20.5015,0.4878,3,4,1
4313375,431337,Nova Santa Rita - RS,29024,103,103,354.8787,392.9894,90.1575,1.1424,111,111,382.4421,421.3941,95.7723,1.1590,20,72,11
4313391,431339,Novo Cabrais - RS,3568,5,5,140.1345,90.8402,18.5269,0.2699,6,6,168.1614,133.6262,19.6003,0.3061,0,4,1
4313409,431340,Novo Hamburgo - RS,227646,1054,1054,462.9996,410.6116,888.2079,1.1867,1103,1103,484.5242,430.1059,941.7212,1.1713,280,669,105
4313425,431342,Novo Machado - RS,3198,5,5,156.3477,80.5446,18.9988,0.2632,5,5,156.3477,80.5446,20.0819,0.2490,0,5,0
4313441,431344,Novo Tiradentes - RS,2146,0,0,0.0000,0.0000,10.8251,0.0000,0,0,0.0000,0.0000,11.4537,0.0000,0,0,0
4313466,431346,Novo Xingu - RS,1646,5,5,303.7667,211.5154,9.0287,0.5538,5,5,303.7667,211.5154,9.5491,0.5236,1,4,0
4313490,431349,Novo Barreiro - RS,4272,24,24,561.7978,422.3400,20.4704,1.1724,25,25,585.2060,436.9838,21.6662,1.1539,7,16,1
4313508,431350,Osório - RS,47396,201,201,424.0864,372.2213,188.6703,1.0654,207,207,436.7457,384.2758,200.0044,1.0350,52,131,18
4313607,431360,Paim Filho - RS,3629,2,2,55.1116,52.2910,21.6741,0.0923,2,2,55.1116,52.2910,22.9117,0.0873,1,0,1
4313656,431365,Palmares do Sul - RS,12844,37,37,288.0723,200.2095,66.3607,0.5576,37,37,288.0723,200.2095,70.1890,0.5271,13,24,0
4313706,431370,Palmeira das Missões - RS,33216,116,116,349.2293,309.6286,133.6800,0.8677,120,120,361.2717,320.2586,141.6878,0.8469,33,71,12
4313805,431380,Palmitinho - RS,7839,15,15,191.3509,157.5019,33.5578,0.4470,15,15,191.3509,157.5019,35.5502,0.4219,4,10,1
4313904,431390,Panambi - RS,43515,136,136,312.5359,299.2855,155.6250,0.8739,136,136,312.5359,299.2855,165.1448,0.8235,24,99,13
4313953,431395,Pantano Grande - RS,10212,33,33,323.1492,288.9304,41.7461,0.7905,34,34,332.9416,298.2175,44.2338,0.7686,3,28,2
4314001,431400,Paraí - RS,7194,26,26,361.4123,282.2296,33.4076,0.7783,26,26,361.4123,282.2296,35.3749,0.7350,6,19,1
4314027,431402,Paraíso do Sul - RS,6519,16,16,245.4364,180.3631,34.8904,0.4586,16,16,245.4364,180.3631,36.9039,0.4336,0,15,1
4314035,431403,Pareci Novo - RS,4319,8,8,185.2281,148.3763,18.5305,0.4317,8,8,185.2281,148.3763,19.6341,0.4075,1,6,1
4314050,431405,Parobé - RS,52058,263,263,505.2057,580.3166,160.1780,1.6419,273,273,524.4151,601.8805,170.1875,1.6041,59,176,28
4314068,431406,Passa Sete - RS,3983,7,7,175.7469,134.5864,17.6534,0.3965,7,7,175.7469,134.5864,18.6944,0.3744,1,5,1
4314076,431407,Passo do Sobrado - RS,6025,17,17,282.1577,190.9734,28.7126,0.5921,17,17,282.1577,190.9734,30.3943,0.5593,4,10,3
4314100,431410,Passo Fundo - RS,206215,807,807,391.3391,374.6702,748.0577,1.0788,828,828,401.5227,384.5123,793.7585,1.0431,224,491,92
4314134,431413,Paulo Bento - RS,2144,3,3,139.9254,102.2666,12.4613,0.2407,3,3,139.9254,102.2666,13.1757,0.2277,1,2,0
4314159,431415,Paverama - RS,7978,20,20,250.6894,186.1338,37.4879,0.5335,20,20,250.6894,186.1338,39.6833,0.5040,8,10,2
4314175,431417,Pedras Altas - RS,2061,4,4,194.0805,179.9799,8.4980,0.4707,4,4,194.0805,179.9799,9.0047,0.4442,0,3,1
4314209,431420,Pedro Osório - RS,7484,34,34,454.3025,354.7176,37.8614,0.8980,40,40,534.4735,413.1040,40.0557,0.9986,12,17,5
4314308,431430,Pejuçara - RS,3745,14,14,373.8318,259.5753,18.9285,0.7396,14,14,373.8318,259.5753,20.0327,0.6989,2,8,4
4314407,431440,Pelotas - RS,325685,1407,1407,432.0125,347.2572,1397.3711,1.0069,1701,1701,522.2838,420.5755,1480.4830,1.1489,288,929,190
4314423,431442,Picada Café - RS,5351,15,15,280.3214,227.1011,23.8962,0.6277,15,15,280.3214,227.1011,25.3086,0.5927,3,8,4
4314456,431445,Pinhal - RS,2959,6,6,202.7712,172.4459,12.4739,0.4810,6,6,202.7712,172.4459,13.2182,0.4539,0,5,1
4314464,431446,Pinhal da Serra - RS,2248,5,5,222.4199,160.2024,11.3066,0.4422,5,5,222.4199,160.2024,11.9644,0.4179,1,3,1
4314472,431447,Pinhal Grande - RS,3805,6,6,157.6873,93.4161,20.5658,0.2917,6,6,157.6873,93.4161,21.7508,0.2759,0,4,2
4314498,431449,Pinheirinho do Vale - RS,4540,8,8,176.2115,143.0167,18.3029,0.4371,8,8,176.2115,143.0167,19.3961,0.4125,3,4,1
4314506,431450,Pinheiro Machado - RS,11214,38,38,338.8621,245.0021,55.1585,0.6889,41,41,365.6144,263.7290,58.3758,0.7023,7,25,6
4314548,431454,Pinto Bandeira - RS,2723,6,6,220.3452,101.5399,16.2191,0.3699,6,6,220.3452,101.5399,17.1491,0.3499,2,3,1
4314555,431455,Pirapó - RS,2260,19,19,840.7080,512.9387,13.5952,1.3976,20,20,884.9558,535.1968,14.3696,1.3918,2,14,3
4314605,431460,Piratini - RS,17504,39,39,222.8062,158.3557,92.6159,0.4211,44,44,251.3711,176.5627,97.9640,0.4491,6,30,3
4314704,431470,Planalto - RS,10406,26,26,249.8559,181.2676,47.8855,0.5430,26,26,249.8559,181.2676,50.6997,0.5128,3,17,6
4314753,431475,Poço das Antas - RS,2171,2,2,92.1234,59.7327,11.8062,0.1694,2,2,92.1234,59.7327,12.4880,0.1602,0,2,0
4314779,431477,Pontão - RS,3296,12,12,364.0777,290.9259,14.6801,0.8174,12,12,364.0777,290.9259,15.5465,0.7719,1,9,2
4314787,431478,Ponte Preta - RS,1575,3,3,190.4762,95.2090,9.7205,0.3086,3,3,190.4762,95.2090,10.2734,0.2920,1,1,1
4314803,431480,Portão - RS,34071,146,146,428.5169,419.7317,118.1468,1.2358,148,148,434.3870,425.2547,125.3864,1.1804,32,105,9
4314902,431490,Porto Alegre - RS,1332845,6750,6750,506.4355,372.7499,6118.3424,1.1032,7021,7021,526.7679,390.0477,6479.4541,1.0836,1872,4038,840
4315008,431500,Porto Lucena - RS,4360,10,10,229.3578,113.5436,28.4475,0.3515,10,10,229.3578,113.5436,30.0539,0.3327,0,8,2
4315057,431505,Porto Mauá - RS,2142,7,7,326.7974,188.2361,13.9442,0.5020,7,7,326.7974,188.2361,14.7329,0.4751,1,5,1
4315073,431507,Porto Vera Cruz - RS,1560,2,2,128.2051,91.2313,9.2883,0.2153,3,3,192.3077,133.0588,9.8169,0.3056,0,2,0
4315107,431510,Porto Xavier - RS,9938,61,61,613.8056,492.1198,43.7247,1.3951,65,65,654.0551,523.0282,46.3020,1.4038,7,48,6
4315131,431513,Pouso Novo - RS,1739,3,3,172.5129,98.2037,9.9621,0.3011,3,3,172.5129,98.2037,10.5341,0.2848,2,1,0
4315149,431514,Presidente Lucena - RS,3077,5,5,162.4959,156.4651,11.6866,0.4278,5,5,162.4959,156.4651,12.3946,0.4034,1,4,0
4315156,431515,Progresso - RS,5340,13,13,243.4457,147.7188,27.7195,0.4690,13,13,243.4457,147.7188,29.3239,0.4433,2,10,1
4315172,431517,Protásio Alves - RS,2025,6,6,296.2963,163.5773,11.0814,0.5414,6,6,296.2963,163.5773,11.7189,0.5120,3,2,1
4315206,431520,Putinga - RS,3747,23,23,613.8244,412.6558,23.0364,0.9984,23,23,613.8244,412.6558,24.3514,0.9445,1,20,2
4315305,431530,Quaraí - RS,23500,74,74,314.8936,266.3944,101.5114,0.7290,76,76,323.4043,273.6478,107.5308,0.7068,7,58,9
4315313,431531,Quatro Irmãos - RS,1552,3,3,193.2990,171.4684,7.0667,0.4245,3,3,193.2990,171.4684,7.4823,0.4009,1,2,0
4315321,431532,Quevedos - RS,2507,2,2,79.7766,58.3975,11.6989,0.1710,2,2,79.7766,58.3975,12.3836,0.1615,1,0,1
4315354,431535,Quinze de Novembro - RS,3910,12,12,306.9054,236.5975,19.7956,0.6062,13,13,332.4808,252.6239,20.9469,0.6206,0,12,0
4315404,431540,Redentora - RS,9738,37,37,379.9548,456.0497,28.2986,1.3075,39,39,400.4929,483.5347,30.0724,1.2969,7,26,4
4315453,431545,Relvado - RS,1796,5,5,278.3964,215.9496,13.0536,0.3830,5,5,278.3964,215.9496,13.7869,0.3627,2,3,0
4315503,431550,Restinga Sêca - RS,14939,38,38,254.3678,176.4832,76.1038,0.4993,40,40,267.7555,188.8898,80.5241,0.4967,4,30,4
4315552,431555,Rio dos Índios - RS,2835,11,11,388.0071,276.6501,15.4652,0.7113,11,11,388.0071,276.6501,16.3541,0.6726,0,9,2
4315602,431560,Rio Grande - RS,191900,686,686,357.4779,307.5802,771.7738,0.8889,710,710,369.9844,318.7734,818.0174,0.8680,197,391,98
4315701,431570,Rio Pardo - RS,34654,114,114,328.9664,232.5387,163.7648,0.6961,115,115,331.8520,234.4958,173.3575,0.6634,16,87,11
4315750,431575,Riozinho - RS,4473,13,13,290.6327,237.0809,20.2299,0.6426,14,14,312.9890,252.2903,21.4215,0.6535,1,12,0
4315800,431580,Roca Sales - RS,10418,26,26,249.5681,183.3680,51.6001,0.5039,26,26,249.5681,183.3680,54.6115,0.4761,7,17,2
4315909,431590,Rodeio Bonito - RS,6654,12,12,180.3427,156.3524,27.9019,0.4301,12,12,180.3427,156.3524,29.5669,0.4059,2,7,3
4315958,431595,Rolador - RS,2291,4,4,174.5962,114.4231,14.1775,0.2821,4,4,174.5962,114.4231,14.9834,0.2670,0,4,0
4316006,431600,Rolante - RS,21253,68,68,319.9548,277.7919,84.1482,0.8081,74,74,348.1861,304.9885,89.2077,0.8295,14,45,9
4316105,431610,Ronda Alta - RS,9777,32,32,327.2988,256.2710,46.3014,0.6911,32,32,327.2988,256.2710,49.0152,0.6529,10,19,3
4316204,431620,Rondinha - RS,4991,19,19,380.6852,186.1109,31.3116,0.6068,19,19,380.6852,186.1109,33.0904,0.5742,1,14,4
4316303,431630,Roque Gonzales - RS,6576,12,12,182.4818,120.8487,35.0627,0.3422,13,13,197.6886,130.8217,37.0848,0.3505,1,8,3
4316402,431640,Rosário do Sul - RS,36630,158,158,431.3404,320.0199,169.4999,0.9322,165,165,450.4505,334.6727,179.4682,0.9194,44,73,41
4316428,431642,Sagrada Família - RS,2480,10,10,403.2258,314.7147,11.4230,0.8754,11,11,443.5484,343.7800,12.0926,0.9096,3,7,0
4316436,431643,Saldanha Marinho - RS,2575,14,14,543.6893,391.6429,14.1946,0.9863,14,14,543.6893,391.6429,15.0115,0.9326,4,8,2
4316451,431645,Salto do Jacuí - RS,10203,28,28,274.4291,233.7355,42.1433,0.6644,29,29,284.2301,244.9049,44.6492,0.6495,2,24,2
4316477,431647,Salvador das Missões - RS,2877,9,9,312.8259,202.8336,15.3662,0.5857,9,9,312.8259,202.8336,16.2553,0.5537,2,6,1
4316501,431650,Salvador do Sul - RS,6879,6,6,87.2220,69.3210,28.7884,0.2084,7,7,101.7590,80.8143,30.5110,0.2294,3,3,0
4316600,431660,Sananduva - RS,16399,42,42,256.1132,175.3404,83.2177,0.5047,43,43,262.2111,179.1956,88.0679,0.4883,8,30,4
4316709,431670,Santa Bárbara do Sul - RS,8122,48,48,590.9874,481.2651,36.1898,1.3263,48,48,590.9874,481.2651,38.3258,1.2524,14,30,4
4316733,431673,Santa Cecília do Sul - RS,1674,4,4,238.9486,150.4152,8.5321,0.4688,4,4,238.9486,150.4152,9.0270,0.4431,0,3,1
4316758,431675,Santa Clara do Sul - RS,6887,13,13,188.7614,138.3099,30.9755,0.4197,13,13,188.7614,138.3099,32.8056,0.3963,1,7,5
4316808,431680,Santa Cruz do Sul - RS,133230,389,389,291.9763,250.7798,539.0162,0.7217,402,402,301.7338,259.0476,571.4008,0.7035,25,312,52
4316907,431690,Santa Maria - RS,271735,941,941,346.2933,288.8467,1117.4697,0.8421,1000,1000,368.0056,307.5402,1184.4507,0.8443,144,673,124
4316956,431695,Santa Maria do Herval - RS,6340,15,15,236.5931,185.1221,29.1222,0.5151,17,17,268.1388,210.1775,30.8361,0.5513,5,10,0
4316972,431697,Santa Margarida do Sul - RS,2596,4,4,154.0832,145.9204,12.8034,0.3124,6,6,231.1248,199.1455,13.5463,0.4429,0,3,1
4317004,431700,Santana da Boa Vista - RS,7024,16,16,227.7904,141.9572,39.2034,0.4081,16,16,227.7904,141.9572,41.4525,0.3860,2,11,3
4317103,431710,Sant'Ana do Livramento - RS,84421,206,206,244.0151,195.1148,366.2975,0.5624,208,208,246.3842,197.6676,387.9893,0.5361,15,162,29
4317202,431720,Santa Rosa - RS,76963,235,235,305.3415,278.7126,293.3591,0.8011,247,247,320.9334,292.9869,311.1377,0.7939,57,145,33
4317251,431725,Santa Tereza - RS,1505,6,6,398.6711,151.9261,11.5937,0.5175,6,6,398.6711,151.9261,12.2421,0.4901,3,2,1
4317301,431730,Santa Vitória do Palmar - RS,30983,52,52,167.8340,136.1106,136.1290,0.3820,52,52,167.8340,136.1106,144.1773,0.3607,11,35,6
4317400,431740,Santiago - RS,48938,172,172,351.4651,265.5200,234.7247,0.7328,179,179,365.7689,275.3882,248.4865,0.7204,21,143,8
4317509,431750,Santo Ângelo - RS,76917,334,334,434.2343,366.2943,318.3443,1.0492,356,356,462.8366,390.3746,337.3576,1.0553,75,233,26
4317558,431755,Santo Antônio do Palma - RS,2091,5,5,239.1200,147.0994,10.4979,0.4763,6,6,286.9440,173.7826,11.1087,0.5401,0,4,1
4317608,431760,Santo Antônio da Patrulha - RS,42947,175,175,407.4790,314.2489,194.0182,0.9020,188,188,437.7489,337.3222,205.4690,0.9150,62,100,13
4317707,431770,Santo Antônio das Missões - RS,10300,43,43,417.4757,264.8670,53.4009,0.8052,45,45,436.8932,279.8126,56.4935,0.7966,9,28,6
4317756,431775,Santo Antônio do Planalto - RS,2089,7,7,335.0886,205.3735,10.2957,0.6799,8,8,382.9584,238.9130,10.8946,0.7343,1,1,5
4317806,431780,Santo Augusto - RS,13902,41,41,294.9216,227.9688,64.0267,0.6404,42,42,302.1148,232.6466,67.7861,0.6196,4,34,3
4317905,431790,Santo Cristo - RS,15320,34,34,221.9321,156.4877,74.3996,0.4570,34,34,221.9321,156.4877,78.7523,0.4317,6,26,2
4317954,431795,Santo Expedito do Sul - RS,2349,8,8,340.5705,206.9320,14.0681,0.5687,8,8,340.5705,206.9320,14.8711,0.5380,2,6,0
4318002,431800,São Borja - RS,59676,286,286,479.2546,395.7069,253.0804,1.1301,290,290,485.9575,402.5329,268.1387,1.0815,40,219,27
4318051,431805,São Domingos do Sul - RS,2754,12,12,435.7298,297.4120,15.1978,0.7896,12,12,435.7298,297.4120,16.0735,0.7466,3,5,4
4318101,431810,São Francisco de Assis - RS,17618,45,45,255.4206,183.1796,91.9044,0.4896,48,48,272.4486,194.0363,97.2262,0.4937,5,31,9
4318200,431820,São Francisco de Paula - RS,21893,68,68,310.6016,277.0481,85.6352,0.7941,72,72,328.8722,293.9950,90.7854,0.7931,9,50,9
4318309,431830,São Gabriel - RS,58487,334,334,571.0671,465.1194,254.4134,1.3128,349,349,596.7138,486.3861,269.4772,1.2951,48,232,54
4318408,431840,São Jerônimo - RS,21028,86,86,408.9785,333.7616,88.1327,0.9758,94,94,447.0230,368.7289,93.3692,1.0068,29,49,8
4318424,431842,São João da Urtiga - RS,4461,6,6,134.4990,77.1407,26.4038,0.2272,6,6,134.4990,77.1407,27.9148,0.2149,4,2,0
4318432,431843,São João do Polêsine - RS,2649,5,5,188.7505,131.7057,17.7459,0.2818,9,9,339.7508,270.5263,18.7525,0.4799,1,3,1
4318440,431844,São Jorge - RS,2912,12,12,412.0879,218.2059,16.6943,0.7188,12,12,412.0879,218.2059,17.6526,0.6798,4,7,1
4318457,431845,São José das Missões - RS,2362,3,3,127.0110,81.4021,12.2222,0.2455,3,3,127.0110,81.4021,12.9279,0.2321,1,2,0
4318465,431846,São José do Herval - RS,1902,4,4,210.3049,209.9457,9.7835,0.4089,4,4,210.3049,209.9457,10.3501,0.3865,1,3,0
4318481,431848,São José do Hortêncio - RS,4447,13,13,292.3319,221.2418,19.8956,0.6534,14,14,314.8190,235.9027,21.0714,0.6644,4,6,3
4318499,431849,São José do Inhacorá - RS,2406,2,2,83.1255,37.2484,13.8318,0.1446,2,2,83.1255,37.2484,14.6256,0.1367,2,0,0
4318507,431850,São José do Norte - RS,25443,61,61,239.7516,185.8239,110.9915,0.5496,65,65,255.4730,199.0133,117.5657,0.5529,22,33,6
4318606,431860,São José do Ouro - RS,6834,21,21,307.2871,195.7841,35.7037,0.5882,21,21,307.2871,195.7841,37.7734,0.5559,4,14,3
4318614,431861,São José do Sul - RS,2380,6,6,252.1008,181.3069,12.9354,0.4638,6,6,252.1008,181.3069,13.6828,0.4385,1,5,0
4318622,431862,São José dos Ausentes - RS,4172,13,13,311.6012,351.2466,12.8454,1.0120,13,13,311.6012,351.2466,13.6486,0.9525,6,6,1
4318705,431870,São Leopoldo - RS,217409,937,937,430.9849,421.1854,764.5825,1.2255,1000,1000,459.9626,450.3335,811.3588,1.2325,248,623,66
4318804,431880,São Lourenço do Sul - RS,41989,107,107,254.8286,178.4961,203.5247,0.5257,112,112,266.7365,186.7419,215.4299,0.5199,24,64,19
4318903,431890,São Luiz Gonzaga - RS,34752,120,120,345.3039,285.9400,148.5822,0.8076,123,123,353.9365,293.0988,157.4275,0.7813,15,95,10
4319000,431900,São Marcos - RS,21084,70,70,332.0053,261.1637,91.7580,0.7629,74,74,350.9770,275.8555,97.2077,0.7613,12,52,6
4319109,431910,São Martinho - RS,5481,12,12,218.9381,121.0616,29.8349,0.4022,12,12,218.9381,121.0616,31.5541,0.3803,6,6,0
4319125,431912,São Martinho da Serra - RS,2860,8,8,279.7203,171.7790,16.4132,0.4874,9,9,314.6853,190.3908,17.3511,0.5187,0,6,2
4319158,431915,São Miguel das Missões - RS,7056,22,22,311.7914,240.3818,31.9907,0.6877,22,22,311.7914,240.3818,33.8736,0.6495,2,17,3
4319208,431920,São Nicolau - RS,5118,15,15,293.0832,196.5619,26.0823,0.5751,16,16,312.6221,207.9694,27.5916,0.5799,1,7,7
4319307,431930,São Paulo das Missões - RS,5846,17,17,290.7971,215.8711,31.5819,0.5383,17,17,290.7971,215.8711,33.4005,0.5090,2,8,7
4319356,431935,São Pedro da Serra - RS,3548,3,3,84.5547,82.9897,13.3869,0.2241,3,3,84.5547,82.9897,14.2000,0.2113,0,2,1
4319364,431936,São Pedro das Missões - RS,1757,10,10,569.1520,414.1011,8.9560,1.1166,10,10,569.1520,414.1011,9.4751,1.0554,0,9,1
4319372,431937,São Pedro do Butiá - RS,3070,6,6,195.4397,112.7912,16.1413,0.3717,6,6,195.4397,112.7912,17.0768,0.3514,1,5,0
4319406,431940,São Pedro do Sul - RS,15577,38,38,243.9494,178.9542,85.1205,0.4464,40,40,256.7889,185.6062,90.0274,0.4443,6,29,3
4319505,431950,São Sebastião do Caí - RS,24428,68,68,278.3691,243.0322,97.6211,0.6966,72,72,294.7437,257.2281,103.4716,0.6958,19,41,8
4319604,431960,São Sepé - RS,21219,80,80,377.0206,253.1421,111.5413,0.7172,82,82,386.4461,261.3014,117.9980,0.6949,11,53,16
4319703,431970,São Valentim - RS,3264,4,4,122.5490,76.9253,20.4413,0.1957,5,5,153.1863,89.1344,21.6027,0.2315,1,2,1
4319711,431971,São Valentim do Sul - RS,2207,4,4,181.2415,82.3796,13.7044,0.2919,4,4,181.2415,82.3796,14.4836,0.2762,1,3,0
4319737,431973,São Valério do Sul - RS,2543,5,5,196.6182,219.4410,8.7351,0.5724,5,5,196.6182,219.4410,9.2680,0.5395,0,4,1
4319752,431975,São Vendelino - RS,2251,7,7,310.9729,266.7315,9.5031,0.7366,7,7,310.9729,266.7315,10.0711,0.6951,2,5,0
4319802,431980,São Vicente do Sul - RS,8097,26,26,321.1066,244.2034,36.8214,0.7061,27,27,333.4568,253.7092,38.9883,0.6925,3,19,4
4319901,431990,Sapiranga - RS,75648,326,326,430.9433,444.1033,251.0136,1.2987,340,340,449.4501,464.3855,266.5013,1.2758,90,225,11
4320008,432000,Sapucaia do Sul - RS,132107,602,602,455.6912,446.7349,461.1792,1.3053,630,630,476.8862,467.7972,489.3926,1.2873,141,393,68
4320107,432010,Sarandi - RS,22851,75,75,328.2132,287.8517,91.6286,0.8185,75,75,328.2132,287.8517,97.1454,0.7720,21,47,7
4320206,432020,Seberi - RS,11950,47,47,393.3054,315.7856,51.8162,0.9071,48,48,401.6736,321.7159,54.8900,0.8745,3,38,6
4320230,432023,Sede Nova - RS,2704,7,7,258.8757,191.0863,13.1614,0.5319,7,7,258.8757,191.0863,13.9265,0.5026,1,6,0
4320263,432026,Segredo - RS,6009,7,7,116.4919,91.6826,26.6512,0.2627,7,7,116.4919,91.6826,28.2229,0.2480,0,6,1
4320305,432030,Selbach - RS,5107,30,30,587.4290,424.9338,25.6052,1.1716,30,30,587.4290,424.9338,27.0996,1.1070,6,18,6
4320321,432032,Senador Salgado Filho - RS,2673,4,4,149.6446,94.7066,13.2808,0.3012,4,4,149.6446,94.7066,14.0532,0.2846,0,3,1
4320354,432035,Sentinela do Sul - RS,5306,21,21,395.7784,280.6713,25.9074,0.8106,22,22,414.6250,293.1503,27.4191,0.8024,1,15,5
4320404,432040,Serafina Corrêa - RS,16961,38,38,224.0434,192.3813,67.6733,0.5615,39,39,229.9393,196.8495,71.7548,0.5435,3,34,1
4320453,432045,Sério - RS,1941,7,7,360.6388,191.9052,11.6799,0.5993,7,7,360.6388,191.9052,12.3474,0.5669,2,5,0
4320503,432050,Sertão - RS,5541,20,20,360.9457,249.4242,29.6143,0.6753,20,20,360.9457,249.4242,31.3246,0.6385,2,15,3
4320552,432055,Sertão Santana - RS,5863,12,12,204.6734,140.2022,30.0002,0.4000,13,13,221.7295,158.7225,31.7447,0.4095,2,9,1
4320578,432057,Sete de Setembro - RS,1830,6,6,327.8689,241.9957,10.9811,0.5464,6,6,327.8689,241.9957,11.6063,0.5170,2,3,1
4320602,432060,Severiano de Almeida - RS,3406,5,5,146.7998,100.1794,19.6111,0.2550,5,5,146.7998,100.1794,20.7329,0.2412,1,3,1
4320651,432065,Silveira Martins - RS,2028,10,10,493.0966,232.1090,13.2576,0.7543,11,11,542.4063,249.4835,14.0089,0.7852,0,8,2
4320677,432067,Sinimbu - RS,8578,26,26,303.1010,196.4953,43.7723,0.5940,28,28,326.4164,218.9803,46.3139,0.6046,0,22,4
4320701,432070,Sobradinho - RS,14226,35,35,246.0284,201.0821,59.9078,0.5842,35,35,246.0284,201.0821,63.4834,0.5513,1,31,3
4320800,432080,Soledade - RS,29991,109,109,363.4424,324.1635,119.1150,0.9151,109,109,363.4424,324.1635,126.2719,0.8632,16,77,16
4320859,432085,Tabaí - RS,4461,9,9,201.7485,160.1834,19.1523,0.4699,9,9,201.7485,160.1834,20.2874,0.4436,2,5,2
4320909,432090,Tapejara - RS,24557,64,64,260.6182,252.0508,88.2651,0.7251,64,64,260.6182,252.0508,93.6893,0.6831,16,42,6
4321006,432100,Tapera - RS,10592,51,51,481.4955,379.5812,46.6707,1.0928,51,51,481.4955,379.5812,49.4320,1.0317,12,34,5
4321105,432110,Tapes - RS,14695,71,71,483.1575,350.9861,70.8402,1.0023,74,74,503.5726,364.2727,74.9719,0.9870,12,55,4
4321204,432120,Taquara - RS,53242,210,210,394.4255,337.4412,219.0489,0.9587,215,215,403.8165,345.2683,232.1099,0.9263,46,148,16
4321303,432130,Taquari - RS,25198,86,86,341.2969,275.6802,109.5666,0.7849,89,89,353.2026,285.2027,116.0453,0.7669,27,48,11
4321329,432132,Taquaruçu do Sul - RS,3119,8,8,256.4925,205.8959,15.3809,0.5201,8,8,256.4925,205.8959,16.2777,0.4915,0,7,1
4321352,432135,Tavares - RS,5212,18,18,345.3569,211.4190,28.1666,0.6391,18,18,345.3569,211.4190,29.7916,0.6042,4,8,6
4321402,432140,Tenente Portela - RS,14497,44,44,303.5111,268.2078,59.5473,0.7389,48,48,331.1030,298.2614,63.1017,0.7607,12,26,6
4321436,432143,Terra de Areia - RS,10334,54,54,522.5469,450.5426,42.5428,1.2693,57,57,551.5773,475.3840,45.0755,1.2645,6,40,8
4321451,432145,Teutônia - RS,32797,90,90,274.4153,247.8328,125.5408,0.7169,92,92,280.5135,253.4396,133.1342,0.6910,13,69,8
4321469,432146,Tio Hugo - RS,3267,12,12,367.3095,304.1991,13.5254,0.8872,12,12,367.3095,304.1991,14.3335,0.8372,2,7,3
4321477,432147,Tiradentes do Sul - RS,5129,8,8,155.9758,88.6953,28.5568,0.2801,8,8,155.9758,88.6953,30.1923,0.2650,1,6,1
4321493,432149,Toropi - RS,2554,13,13,509.0055,256.7775,14.9992,0.8667,14,14,548.1597,274.4832,15.8545,0.8830,2,10,1
4321501,432150,Torres - RS,41751,128,128,306.5795,249.6307,178.8701,0.7156,135,135,323.3455,264.4683,189.4786,0.7125,27,91,10
4321600,432160,Tramandaí - RS,54387,261,261,479.8941,407.2850,222.5533,1.1728,269,269,494.6035,422.1867,235.8017,1.1408,65,167,29
4321626,432162,Travesseiro - RS,2152,9,9,418.2156,224.0713,13.9181,0.6466,9,9,418.2156,224.0713,14.7053,0.6120,2,6,1
4321634,432163,Três Arroios - RS,2591,3,3,115.7854,84.9165,18.2519,0.1644,4,4,154.3805,106.9527,19.2788,0.2075,0,2,1
4321667,432166,Três Cachoeiras - RS,10962,33,33,301.0400,252.0622,46.8092,0.7050,33,33,301.0400,252.0622,49.5920,0.6654,13,17,3
4321709,432170,Três Coroas - RS,24425,80,80,327.5333,315.3944,87.5906,0.9133,83,83,339.8158,326.7818,92.9285,0.8932,28,48,4
4321808,432180,Três de Maio - RS,24916,50,50,200.6743,157.4093,116.7030,0.4284,51,51,204.6878,160.6758,123.5730,0.4127,8,37,5
4321832,432183,Três Forquilhas - RS,2760,6,6,217.3913,136.7694,13.6199,0.4405,7,7,253.6232,158.9134,14.4121,0.4857,5,1,0
4321857,432185,Três Palmeiras - RS,4716,21,21,445.2926,351.0373,20.1178,1.0438,21,21,445.2926,351.0373,21.3114,0.9854,3,17,1
4321907,432190,Três Passos - RS,25436,69,69,271.2691,208.6352,115.8740,0.5955,73,73,286.9948,220.9837,122.7070,0.5949,21,47,1
4321956,432195,Trindade do Sul - RS,7556,20,20,264.6903,230.7568,29.4467,0.6792,20,20,264.6903,230.7568,31.2164,0.6407,2,18,0
4322004,432200,Triunfo - RS,27498,111,111,403.6657,365.3190,107.0945,1.0365,114,114,414.5756,374.6872,113.5330,1.0041,23,77,11
4322103,432210,Tucunduva - RS,5542,24,24,433.0567,263.1206,33.8942,0.7081,24,24,433.0567,263.1206,35.8279,0.6699,4,16,4
4322152,432215,Tunas - RS,3681,16,16,434.6645,371.0474,15.0983,1.0597,16,16,434.6645,371.0474,15.9982,1.0001,4,10,2
4322186,432218,Tupanci do Sul - RS,1374,3,3,218.3406,164.6076,7.5549,0.3971,3,3,218.3406,164.6076,7.9899,0.3755,0,3,0
4322202,432220,Tupanciretã - RS,20005,56,56,279.9300,243.3450,84.4394,0.6632,57,57,284.9288,247.0625,89.4491,0.6372,5,45,6
4322251,432225,Tupandi - RS,5029,17,17,338.0394,328.9532,17.5279,0.9699,17,17,338.0394,328.9532,18.6056,0.9137,2,12,3
4322301,432230,Tuparendi - RS,8363,21,21,251.1061,149.7521,48.6301,0.4318,21,21,251.1061,149.7521,51.4199,0.4084,2,14,5
4322327,432232,Turuçu - RS,3419,10,10,292.4832,225.1689,14.8939,0.6714,11,11,321.7315,245.9179,15.7741,0.6973,1,6,3
4322343,432234,Ubiretama - RS,1994,3,3,150.4514,83.7811,10.6604,0.2814,3,3,150.4514,83.7811,11.2743,0.2661,0,3,0
4322350,432235,União da Serra - RS,1170,2,2,170.9402,74.0223,8.3813,0.2386,2,2,170.9402,74.0223,8.8508,0.2260,0,1,1
4322376,432237,Unistalda - RS,1995,4,4,200.5013,110.9500,11.1458,0.3589,5,5,250.6266,136.9119,11.7855,0.4243,1,3,0
4322400,432240,Uruguaiana - RS,117210,484,484,412.9340,399.3958,421.8889,1.1472,505,505,430.8506,416.2308,447.4921,1.1285,65,387,32
4322509,432250,Vacaria - RS,64197,256,256,398.7725,367.6703,241.4704,1.0602,264,264,411.2342,379.5010,256.0736,1.0310,53,188,15
4322525,432252,Vale Verde - RS,3150,9,9,285.7143,185.6095,15.4680,0.5818,9,9,285.7143,185.6095,16.3674,0.5499,2,4,3
4322533,432253,Vale do Sol - RS,9897,20,20,202.0814,163.8869,46.4271,0.4308,20,20,202.0814,163.8869,49.1554,0.4069,3,17,0
4322541,432254,Vale Real - RS,6058,16,16,264.1136,268.1039,21.5087,0.7439,18,18,297.1278,296.7448,22.8260,0.7886,0,13,3
4322558,432255,Vanini - RS,2004,3,3,149.7006,131.3520,10.9082,0.2750,3,3,149.7006,131.3520,11.5370,0.2600,0,3,0
4322608,432260,Venâncio Aires - RS,68763,151,151,219.5948,182.2963,294.3807,0.5129,158,158,229.7747,191.3673,311.9080,0.5066,35,105,11
4322707,432270,Vera Cruz - RS,26710,52,52,194.6836,167.6320,106.6187,0.4877,52,52,194.6836,167.6320,113.0330,0.4600,6,43,3
4322806,432280,Veranópolis - RS,24021,78,78,324.7159,228.2590,114.1002,0.6836,79,79,328.8789,231.2540,120.8090,0.6539,6,61,11
4322855,432285,Vespasiano Corrêa - RS,1818,11,11,605.0605,278.4900,12.2612,0.8971,11,11,605.0605,278.4900,12.9547,0.8491,4,6,1
4322905,432290,Viadutos - RS,4769,12,12,251.6251,177.1469,29.5009,0.4068,13,13,272.5938,190.3814,31.1821,0.4169,2,9,1
4323002,432300,Viamão - RS,224112,949,948,423.4490,389.0888,842.7056,1.1249,1022,1021,456.0220,420.3160,893.4941,1.1427,259,601,89
4323101,432310,Vicente Dutra - RS,4665,5,5,107.1811,104.6836,20.6126,0.2426,5,5,107.1811,104.6836,21.8255,0.2291,1,4,0
4323200,432320,Victor Graeff - RS,2780,8,8,287.7698,182.1385,14.0768,0.5683,8,8,287.7698,182.1385,14.8940,0.5371,5,3,0
4323309,432330,Vila Flores - RS,3646,18,18,493.6917,373.7019,18.5630,0.9697,18,18,493.6917,373.7019,19.6441,0.9163,3,13,2
4323358,432335,Vila Lângaro - RS,2079,3,3,144.3001,98.6751,11.2088,0.2676,3,3,144.3001,98.6751,11.8564,0.2530,2,1,0
4323408,432340,Vila Maria - RS,4413,15,15,339.9048,249.3947,22.1654,0.6767,15,15,339.9048,249.3947,23.4598,0.6394,3,8,4
4323457,432345,Vila Nova do Sul - RS,3863,12,12,310.6394,224.3099,21.1469,0.5675,12,12,310.6394,224.3099,22.3610,0.5366,1,11,0
4323507,432350,Vista Alegre - RS,2660,7,7,263.1579,209.6057,13.2751,0.5273,7,7,263.1579,209.6057,14.0478,0.4983,0,6,1
4323606,432360,Vista Alegre do Prata - RS,1590,8,8,503.1447,282.2776,9.2656,0.8634,8,8,503.1447,282.2776,9.7945,0.8168,0,6,2
4323705,432370,Vista Gaúcha - RS,2783,15,15,538.9867,345.5670,13.6964,1.0952,16,16,574.9192,390.4587,14.4947,1.1038,2,12,1
4323754,432375,Vitória das Missões - RS,3260,10,10,306.7485,197.5075,18.4732,0.5413,10,10,306.7485,197.5075,19.5296,0.5120,0,10,0
4323770,432377,Westfália - RS,3098,8,8,258.2311,221.6285,14.0544,0.5692,9,9,290.5100,248.3868,14.8839,0.6047,0,5,3
4323804,432380,Xangri-lá - RS,16463,60,60,364.4536,329.5170,62.6920,0.9571,61,61,370.5279,335.6567,66.4668,0.9178,18,39,3
5000203,500020,Água Clara - MS,16741,59,59,352.4282,526.0882,35.7666,1.6496,61,61,364.3749,538.1443,38.1777,1.5978,3,51,5
5000252,500025,Alcinópolis - MS,4537,13,13,286.5330,296.7374,15.2123,0.8546,14,14,308.5739,323.4487,16.1475,0.8670,2,7,4
5000609,500060,Amambai - MS,39325,98,98,249.2053,296.7943,115.4770,0.8487,105,105,267.0057,317.4793,122.7246,0.8556,20,65,13
5000708,500070,Anastácio - MS,24114,97,97,402.2560,400.9093,84.1441,1.1528,101,101,418.8438,416.8202,89.2707,1.1314,27,65,5
5000807,500080,Anaurilândia - MS,7653,17,17,222.1351,220.3608,28.0774,0.6055,17,17,222.1351,220.3608,29.7753,0.5709,2,13,2
5000856,500085,Angélica - MS,10729,21,21,195.7312,206.1367,35.4559,0.5923,23,23,214.3723,224.0079,37.6450,0.6110,5,14,2
5000906,500090,Antônio João - MS,9303,23,23,247.2321,283.7248,27.9019,0.8243,24,24,257.9813,296.2762,29.6496,0.8095,5,14,4
5001003,500100,Aparecida do Taboado - MS,27674,74,74,267.3990,290.4020,87.6186,0.8446,75,75,271.0125,294.0475,93.0759,0.8058,23,42,9
5001102,500110,Aquidauana - MS,46803,181,181,386.7273,377.7691,166.6463,1.0861,192,192,410.2301,399.7348,176.7608,1.0862,71,99,11
5001243,500124,Aral Moreira - MS,10748,18,18,167.4730,226.9612,27.0005,0.6667,21,21,195.3852,259.2732,28.7448,0.7306,4,11,3
5001508,500150,Bandeirantes - MS,7940,9,9,113.3501,116.1310,27.3031,0.3296,12,12,151.1335,155.4415,28.9766,0.4141,2,6,1
5001904,500190,Bataguassu - MS,23031,74,74,321.3061,367.2823,68.0643,1.0872,76,76,329.9900,379.3725,72.3421,1.0506,12,56,6
5002001,500200,Batayporã - MS,10712,31,31,289.3951,286.4826,37.2597,0.8320,31,31,289.3951,286.4826,39.5366,0.7841,5,21,5
5002100,500210,Bela Vista - MS,21613,43,43,198.9543,198.9389,74.3430,0.5784,47,47,217.4617,217.9477,78.8874,0.5958,6,26,11
5002159,500215,Bodoquena - MS,8567,21,21,245.1266,262.4739,27.7405,0.7570,23,23,268.4720,286.0013,29.4561,0.7808,2,13,6
5002209,500220,Bonito - MS,23659,72,72,304.3239,357.3242,68.6597,1.0487,76,76,321.2308,379.9350,72.9913,1.0412,14,56,2
5002308,500230,Brasilândia - MS,11579,26,26,224.5444,250.6931,35.5915,0.7305,27,27,233.1808,259.2840,37.8149,0.7140,5,19,2
5002407,500240,Caarapó - MS,30612,60,60,196.0016,233.7681,88.0480,0.6814,65,65,212.3350,253.2173,93.6110,0.6944,14,40,6
5002605,500260,Camapuã - MS,13583,36,36,265.0372,231.2007,54.1715,0.6646,38,38,279.7615,244.3571,57.4120,0.6619,6,23,7
5002704,500270,Campo Grande - MS,898100,4036,4036,449.3932,474.0585,2947.2718,1.3694,4221,4221,469.9922,495.4741,3129.7508,1.3487,977,2706,353
5002803,500280,Caracol - MS,5036,14,14,277.9984,267.0037,17.9487,0.7800,15,15,297.8554,290.1541,19.0374,0.7879,0,10,4
5002902,500290,Cassilândia - MS,20988,105,105,500.2859,428.0300,86.6011,1.2125,109,109,519.3444,444.0471,91.7673,1.1878,31,67,7
5002951,500295,Chapadão do Sul - MS,30993,70,70,225.8575,387.7519,62.5156,1.1197,70,70,225.8575,387.7519,66.8301,1.0474,15,55,0
5003108,500310,Corguinho - MS,4783,8,8,167.2590,136.9408,20.2762,0.3946,8,8,167.2590,136.9408,21.4734,0.3726,1,6,1
5003157,500315,Coronel Sapucaia - MS,14289,42,42,293.9324,427.9801,33.8422,1.2411,47,47,328.9243,474.1627,36.0487,1.3038,4,30,8
5003207,500320,Corumbá - MS,96268,518,518,538.0812,617.9604,288.9151,1.7929,529,529,549.5076,630.1438,307.0042,1.7231,199,285,34
5003256,500325,Costa Rica - MS,26037,85,85,326.4585,399.5132,70.4069,1.2073,88,88,337.9806,413.8605,74.9304,1.1744,14,65,6
5003306,500330,Coxim - MS,32151,119,119,370.1285,374.4232,109.4198,1.0876,128,128,398.1214,402.5393,116.1359,1.1022,23,81,15
5003454,500345,Deodápolis - MS,13663,45,45,329.3567,320.4348,48.4008,0.9297,48,48,351.3138,342.3161,51.3569,0.9346,3,36,6
5003488,500348,Dois Irmãos do Buriti - MS,11100,28,28,252.2523,280.6009,35.0826,0.7981,28,28,252.2523,280.6009,37.2613,0.7515,8,17,3
5003504,500350,Douradina - MS,5578,13,13,233.0584,233.5043,19.6439,0.6618,14,14,250.9860,251.8790,20.8380,0.6718,3,9,1
5003702,500370,Dourados - MS,243367,738,738,303.2457,356.3430,714.3177,1.0332,765,765,314.3401,368.6768,759.4747,1.0073,158,515,65
5003751,500375,Eldorado - MS,11386,51,51,447.9185,470.7302,37.8866,1.3461,51,51,447.9185,470.7302,40.2216,1.2680,1,46,4
5003801,500380,Fátima do Sul - MS,20609,79,79,383.3277,320.4011,87.2451,0.9055,83,83,402.7367,336.0586,92.4357,0.8979,22,47,10
5003900,500390,Figueirão - MS,3539,8,8,226.0526,239.1623,11.8677,0.6741,8,8,226.0526,239.1623,12.5962,0.6351,0,7,1
5004007,500400,Glória de Dourados - MS,10444,27,27,258.5216,209.1506,43.6878,0.6180,28,28,268.0965,217.1419,46.2897,0.6049,6,21,0
5004106,500410,Guia Lopes da Laguna - MS,9940,34,34,342.0523,302.1975,38.7832,0.8767,38,38,382.2938,341.1090,41.1097,0.9244,8,22,4
5004304,500430,Iguatemi - MS,13808,20,20,144.8436,150.7043,46.3862,0.4312,20,20,144.8436,150.7043,49.2345,0.4062,5,12,3
5004403,500440,Inocência - MS,8404,20,20,237.9819,253.0659,27.3574,0.7311,21,21,249.8810,265.0093,29.0520,0.7228,3,15,2
5004502,500450,Itaporã - MS,24137,53,53,219.5799,245.0582,74.9241,0.7074,55,55,227.8659,254.6248,79.5768,0.6912,12,36,5
5004601,500460,Itaquiraí - MS,19423,49,49,252.2782,283.4911,58.2442,0.8413,56,56,288.3180,321.8649,61.8866,0.9049,10,34,5
5004700,500470,Ivinhema - MS,27821,76,76,273.1749,277.3338,95.0008,0.8000,80,80,287.5526,291.5333,100.8512,0.7932,12,56,8
5004809,500480,Japorã - MS,8148,8,8,98.1836,144.9731,18.9402,0.4224,10,10,122.7295,175.8498,20.1705,0.4958,2,4,2
5004908,500490,Jaraguari - MS,7139,11,11,154.0832,138.6352,30.7746,0.3574,11,11,154.0832,138.6352,32.5858,0.3376,2,9,0
5005004,500500,Jardim - MS,23981,80,80,333.5974,319.0052,86.4285,0.9256,84,84,350.2773,334.5474,91.6770,0.9163,16,47,17
5005103,500510,Jateí - MS,3586,6,6,167.3173,163.0038,12.7697,0.4699,6,6,167.3173,163.0038,13.5470,0.4429,0,6,0
5005152,500515,Juti - MS,6729,15,15,222.9157,238.4623,21.7991,0.6881,15,15,222.9157,238.4623,23.1432,0.6481,2,11,2
5005202,500520,Ladário - MS,21522,70,70,325.2486,459.9599,54.1083,1.2937,72,72,334.5414,471.5995,57.6110,1.2498,32,31,7
5005251,500525,Laguna Carapã - MS,6799,10,10,147.0805,175.7262,20.1310,0.4967,13,13,191.2046,225.3705,21.3933,0.6077,1,8,1
5005400,500540,Maracaju - MS,45047,93,93,206.4510,291.4831,111.9583,0.8307,105,105,233.0899,327.6878,119.3210,0.8800,17,68,8
5005608,500560,Miranda - MS,25536,105,105,411.1842,484.3722,73.9743,1.4194,108,108,422.9323,497.3759,78.6152,1.3738,39,58,8
5005681,500568,Mundo Novo - MS,19193,49,49,255.3014,249.9335,68.0395,0.7202,50,50,260.5116,255.0079,72.1868,0.6926,7,36,6
5005707,500570,Naviraí - MS,50457,270,270,535.1091,617.5260,149.2528,1.8090,280,280,554.9280,639.9592,158.6505,1.7649,45,204,21
5005806,500580,Nioaque - MS,13220,26,26,196.6717,206.6412,44.3662,0.5860,29,29,219.3646,231.1956,47.0830,0.6159,6,16,4
5006002,500600,Nova Alvorada do Sul - MS,21822,50,49,229.1266,329.7524,52.0313,0.9417,52,51,238.2916,347.5184,55.4472,0.9198,6,36,8
5006200,500620,Nova Andradina - MS,48563,130,130,267.6935,291.4584,153.6646,0.8460,135,135,277.9894,303.2869,163.2008,0.8272,21,87,22
5006259,500625,Novo Horizonte do Sul - MS,4721,13,13,275.3654,277.9569,16.3040,0.7973,13,13,275.3654,277.9569,17.3023,0.7513,0,10,3
5006275,500627,Paraíso das Águas - MS,5510,15,15,272.2323,308.2886,15.3105,0.9797,18,18,326.6788,371.4871,16.2852,1.1053,4,11,0
5006309,500630,Paranaíba - MS,40957,178,178,434.6021,395.3883,156.8554,1.1348,183,183,446.8101,405.6174,166.3184,1.1003,26,135,17
5006358,500635,Paranhos - MS,12921,19,19,147.0474,242.8397,28.2981,0.6714,22,22,170.2655,284.1929,30.1654,0.7293,2,11,6
5006408,500640,Pedro Gomes - MS,6941,17,17,244.9215,217.9499,27.9691,0.6078,18,18,259.3286,229.6088,29.6422,0.6072,2,12,3
5006606,500660,Ponta Porã - MS,92017,397,397,431.4420,546.5107,250.8047,1.5829,417,417,453.1771,572.9720,266.8457,1.5627,59,283,55
5006903,500690,Porto Murtinho - MS,12859,37,37,287.7362,366.6430,34.7755,1.0640,40,40,311.0662,400.0551,36.9904,1.0814,13,21,3
5007109,500710,Ribas do Rio Pardo - MS,23150,62,62,267.8186,396.8912,55.8484,1.1101,68,68,293.7365,428.3138,59.5088,1.1427,3,52,7
5007208,500720,Rio Brilhante - MS,37601,92,92,244.6743,319.8013,96.0081,0.9583,100,100,265.9504,350.8744,102.2255,0.9782,21,62,9
5007307,500730,Rio Negro - MS,4841,12,12,247.8827,206.8285,20.6090,0.5823,12,12,247.8827,206.8285,21.8266,0.5498,5,6,1
5007406,500740,Rio Verde de Mato Grosso - MS,19818,73,73,368.3520,347.5941,71.8529,1.0160,77,77,388.5357,367.3937,76.2049,1.0104,19,44,10
5007505,500750,Rochedo - MS,5199,8,8,153.8757,155.6510,17.9436,0.4458,9,9,173.1102,177.8818,19.0403,0.4727,0,7,1
5007554,500755,Santa Rita do Pardo - MS,7027,11,11,156.5391,186.5074,21.5020,0.5116,11,11,156.5391,186.5074,22.8425,0.4816,0,7,4
5007695,500769,São Gabriel do Oeste - MS,29579,89,89,300.8891,365.0853,79.0373,1.1261,94,94,317.7930,382.6752,84.1196,1.1175,23,63,3
5007703,500770,Sete Quedas - MS,10994,31,31,281.9720,284.0218,37.4558,0.8276,31,31,281.9720,284.0218,39.7546,0.7798,5,21,5
5007802,500780,Selvíria - MS,8142,18,18,221.0759,231.3933,27.7177,0.6494,19,19,233.3579,244.5024,29.4168,0.6459,1,13,4
5007901,500790,Sidrolândia - MS,47118,162,162,343.8176,392.7000,139.4893,1.1614,165,165,350.1846,399.1223,148.2427,1.1130,34,113,15
5007935,500793,Sonora - MS,14516,34,34,234.2243,308.3024,35.3113,0.9629,35,35,241.1133,318.2982,37.6207,0.9303,4,24,6
5007950,500795,Tacuru - MS,10808,20,20,185.0481,226.7057,29.4664,0.6787,21,21,194.3005,242.6440,31.3398,0.6701,2,16,2
5007976,500797,Taquarussu - MS,3625,7,7,193.1034,164.5409,14.4595,0.4841,7,7,193.1034,164.5409,15.3219,0.4569,2,4,1
5008008,500800,Terenos - MS,17652,63,63,356.9001,326.0172,66.1900,0.9518,66,66,373.8953,340.7763,70.1714,0.9406,11,47,5
5008305,500830,Três Lagoas - MS,132152,543,543,410.8905,482.9749,382.3666,1.4201,559,559,422.9978,496.3810,406.6111,1.3748,61,440,42
5008404,500840,Vicentina - MS,6336,34,34,536.6162,401.4714,29.0705,1.1696,35,35,552.3990,411.2918,30.7782,1.1372,8,24,2
5100102,510010,Acorizal - MT,5014,19,19,378.9390,312.4475,21.6586,0.8773,20,20,398.8831,333.1777,22.9383,0.8719,7,12,0
5100201,510020,Água Boa - MT,29219,103,103,352.5104,466.9406,70.8221,1.4543,107,107,366.2001,483.7441,75.4954,1.4173,22,78,3
5100250,510025,Alta Floresta - MT,58613,192,192,327.5724,402.4383,166.3701,1.1541,196,196,334.3968,411.5372,176.9619,1.1076,29,129,34
5100300,510030,Alto Araguaia - MT,17193,32,32,186.1223,190.5090,58.7150,0.5450,37,37,215.2039,220.1650,62.3142,0.5938,6,25,1
5100359,510035,Alto Boa Vista - MT,5715,11,11,192.4759,269.8599,13.8663,0.7933,13,13,227.4716,294.2977,14.7676,0.8803,0,11,0
5100409,510040,Alto Garças - MT,13052,39,39,298.8048,351.6645,37.3915,1.0430,44,44,337.1131,397.8068,39.7743,1.1062,11,24,4
5100508,510050,Alto Paraguai - MT,8009,31,31,387.0646,364.7740,30.3184,1.0225,31,31,387.0646,364.7740,32.1376,0.9646,8,19,4
5100607,510060,Alto Taquari - MT,10904,28,28,256.7865,412.6247,23.1314,1.2105,31,31,284.2993,455.0277,24.7023,1.2549,7,20,1
5100805,510080,Apiacás - MT,8590,22,22,256.1118,377.9137,20.7935,1.0580,25,25,291.0361,436.9030,22.1450,1.1289,1,20,1
5101001,510100,Araguaiana - MT,3795,7,7,184.4532,168.8214,13.0323,0.5371,7,7,184.4532,168.8214,13.8307,0.5061,1,6,0
5101209,510120,Araguainha - MT,1010,2,2,198.0198,115.8300,4.8461,0.4127,2,2,198.0198,115.8300,5.1275,0.3901,0,1,1
5101258,510125,Araputanga - MT,14786,59,59,399.0261,433.1212,47.0224,1.2547,62,62,419.3156,452.9883,49.9407,1.2415,8,47,4
5101308,510130,Arenápolis - MT,10576,42,42,397.1256,407.0789,35.4758,1.1839,43,43,406.5809,416.5295,37.6561,1.1419,7,29,6
5101407,510140,Aripuanã - MT,24626,53,53,215.2197,389.5374,48.4608,1.0937,55,55,223.3412,400.0596,51.7974,1.0618,15,26,12
5101605,510160,Barão de Melgaço - MT,7253,20,20,275.7480,239.3858,29.3907,0.6805,21,21,289.5354,250.4647,31.1383,0.6744,10,8,2
5101704,510170,Barra do Bugres - MT,29403,104,104,353.7054,419.8373,85.3810,1.2181,106,106,360.5074,428.3705,90.7617,1.1679,26,61,17
5101803,510180,Barra do Garças - MT,69210,415,415,599.6243,660.3171,214.2383,1.9371,425,425,614.0731,676.0656,227.6254,1.8671,138,252,25
5101852,510185,Bom Jesus do Araguaia - MT,7280,18,18,247.2527,321.3835,17.3566,1.0371,19,19,260.9890,331.6730,18.4951,1.0273,1,17,0
5101902,510190,Brasnorte - MT,17004,42,42,247.0007,377.6244,39.7345,1.0570,46,46,270.5246,423.3831,42.3534,1.0861,4,35,3
5102504,510250,Cáceres - MT,89681,487,487,543.0359,594.9669,281.2385,1.7316,498,498,555.3016,608.4856,298.7088,1.6672,136,298,53
5102603,510260,Campinápolis - MT,15347,54,54,351.8603,531.9948,33.2224,1.6254,54,54,351.8603,531.9948,35.4181,1.5246,20,28,6
5102637,510263,Campo Novo do Parecis - MT,45899,101,101,220.0484,454.9076,75.0831,1.3452,102,102,222.2271,456.9192,80.5822,1.2658,33,59,9
5102678,510267,Campo Verde - MT,44585,130,130,291.5779,452.6493,99.5804,1.3055,154,154,345.4076,535.9457,106.2434,1.4495,45,78,7
5102686,510268,Campos de Júlio - MT,8822,13,13,147.3589,338.0413,15.0860,0.8617,13,13,147.3589,338.0413,16.1703,0.8039,4,5,4
5102694,510269,Canabrava do Norte - MT,4485,10,10,222.9654,249.4526,13.4786,0.7419,13,13,289.8551,333.4495,14.3216,0.9077,1,7,2
5102702,510270,Canarana - MT,25858,71,71,274.5765,403.6638,61.1714,1.1607,75,75,290.0456,419.3754,65.2152,1.1500,13,53,5
5102793,510279,Carlinda - MT,10332,39,39,377.4681,342.5842,39.5696,0.9856,39,39,377.4681,342.5842,41.9477,0.9297,8,25,6
5102850,510285,Castanheira - MT,7506,27,27,359.7122,365.6833,24.9052,1.0841,30,30,399.6803,408.7135,26.4354,1.1348,3,23,1
5103007,510300,Chapada dos Guimarães - MT,18990,94,94,494.9974,460.9938,71.0393,1.3232,99,99,521.3270,486.5536,75.3204,1.3144,18,69,7
5103056,510305,Cláudia - MT,9593,45,45,469.0920,519.7111,29.9869,1.5007,48,48,500.3648,557.3880,31.8443,1.5073,7,30,8
5103106,510310,Cocalinho - MT,6220,15,15,241.1576,254.2266,18.9167,0.7929,15,15,241.1576,254.2266,20.0974,0.7464,3,11,1
5103205,510320,Colíder - MT,31370,147,147,468.6006,486.0024,104.3968,1.4081,156,156,497.2904,516.1191,110.8470,1.4073,35,98,14
5103254,510325,Colniza - MT,25766,85,85,329.8921,519.0788,56.7840,1.4969,91,91,353.1786,554.1409,60.5680,1.5024,8,66,11
5103304,510330,Comodoro - MT,18238,38,38,208.3562,268.5296,47.6029,0.7983,41,41,224.8054,285.3953,50.6625,0.8093,3,33,2
5103353,510335,Confresa - MT,35075,108,108,307.9116,480.3791,74.2370,1.4548,112,112,319.3158,498.0559,79.2752,1.4128,24,77,7
5103361,510336,Conquista D'Oeste - MT,3760,16,16,425.5319,520.3575,10.9771,1.4576,17,17,452.1277,546.7157,11.6681,1.4570,1,14,1
5103379,510337,Cotriguaçu - MT,11011,38,38,345.1094,450.1348,27.4878,1.3824,42,42,381.4367,508.4049,29.2685,1.4350,3,34,1
5103403,510340,Cuiabá - MT,650877,3773,3773,579.6794,682.8793,1899.4546,1.9864,3851,3851,591.6632,695.4552,2019.6885,1.9067,1175,2383,215
5103437,510343,Curvelândia - MT,4903,22,22,448.7049,410.4140,19.0201,1.1567,23,23,469.1006,426.5475,20.1601,1.1409,5,16,1
5103452,510345,Denise - MT,7014,18,18,256.6296,291.2758,19.8477,0.9069,18,18,256.6296,291.2758,21.0998,0.8531,4,11,3
5103502,510350,Diamantino - MT,21941,67,67,305.3644,386.3053,60.0638,1.1155,69,69,314.4797,394.9726,63.9025,1.0798,19,38,10
5103601,510360,Dom Aquino - MT,7872,28,28,355.6911,287.7077,33.6330,0.8325,29,29,368.3943,297.1189,35.6204,0.8141,11,14,3
5103700,510370,Feliz Natal - MT,10521,34,34,323.1632,563.1009,20.8750,1.6287,36,36,342.1728,585.9852,22.2981,1.6145,7,23,4
5103809,510380,Figueirópolis D'Oeste - MT,3187,8,8,251.0198,224.0672,12.5353,0.6382,8,8,251.0198,224.0672,13.2865,0.6021,1,7,0
5103858,510385,Gaúcha do Norte - MT,8642,25,25,289.2849,526.6168,17.5434,1.4250,29,29,335.5705,610.8921,18.7359,1.5478,14,10,1
5103908,510390,General Carneiro - MT,6037,20,20,331.2904,392.4696,17.9608,1.1135,21,21,347.8549,412.4564,19.0785,1.1007,10,9,1
5103957,510395,Glória D'Oeste - MT,2905,14,14,481.9277,400.2467,12.4513,1.1244,14,14,481.9277,400.2467,13.1878,1.0616,0,13,1
5104104,510410,Guarantã do Norte - MT,31024,133,133,428.7004,515.0062,88.3725,1.5050,150,150,483.4966,583.5674,93.9741,1.5962,22,90,21
5104203,510420,Guiratinga - MT,10966,39,39,355.6447,291.5805,52.1410,0.7480,43,43,392.1211,320.2258,55.1876,0.7792,6,30,3
5104500,510450,Indiavaí - MT,2213,14,14,632.6254,603.1739,8.5434,1.6387,14,14,632.6254,603.1739,9.0551,1.5461,4,9,1
5104526,510452,Ipiranga do Norte - MT,7815,23,23,294.3058,550.2672,15.0007,1.5333,24,24,307.1017,600.4602,16.0456,1.4957,3,17,3
5104542,510454,Itanhangá - MT,7539,15,15,198.9654,316.7099,17.5334,0.8555,15,15,198.9654,316.7099,18.6908,0.8025,1,11,3
5104559,510455,Itaúba - MT,5020,28,28,557.7689,699.2981,14.0401,1.9943,29,29,577.6892,729.8208,14.9341,1.9419,7,18,3
5104609,510460,Itiquira - MT,12236,17,17,138.9343,173.6357,33.4693,0.5079,20,20,163.4521,205.5649,35.5955,0.5619,3,12,2
5104807,510480,Jaciara - MT,28569,113,113,395.5336,439.7348,89.2264,1.2664,128,128,448.0381,497.1563,94.7807,1.3505,45,64,4
5104906,510490,Jangada - MT,7426,24,24,323.1888,293.7791,28.6188,0.8386,26,26,350.1212,322.6746,30.3407,0.8569,11,10,3
5105002,510500,Jauru - MT,8367,31,31,370.5032,331.5709,33.4534,0.9267,34,34,406.3583,359.3729,35.4501,0.9591,6,22,3
5105101,510510,Juara - MT,34906,109,109,312.2672,406.5523,96.2897,1.1320,118,118,338.0508,438.5651,102.4374,1.1519,14,78,17
5105150,510515,Juína - MT,45869,155,155,337.9189,409.8358,131.2699,1.1808,163,163,355.3598,430.9019,139.5896,1.1677,42,97,16
5105176,510517,Juruena - MT,10213,34,34,332.9090,446.7508,25.9522,1.3101,37,37,362.2834,487.6785,27.6318,1.3390,4,28,2
5105200,510520,Juscimeira - MT,11480,51,51,444.2509,380.8913,46.5134,1.0965,56,56,487.8049,417.0493,49.2800,1.1364,18,27,6
5105234,510523,Lambari D'Oeste - MT,4790,17,17,354.9061,403.5679,14.5987,1.1645,17,17,354.9061,403.5679,15.5122,1.0959,2,13,2
5105259,510525,Lucas do Rio Verde - MT,83798,208,208,248.2159,496.0880,141.7683,1.4672,221,221,263.7294,530.7635,152.1081,1.4529,55,141,12
5105309,510530,Luciara - MT,2509,5,5,199.2826,218.9393,7.6701,0.6519,5,5,199.2826,218.9393,8.1483,0.6136,0,5,0
5105507,510550,Vila Bela da Santíssima Trindade - MT,16774,60,60,357.6964,489.1451,41.2365,1.4550,61,61,363.6580,497.7637,43.9139,1.3891,26,31,3
5105580,510558,Marcelândia - MT,11396,48,48,421.2004,521.5422,30.3760,1.5802,49,49,429.9754,531.0686,32.3160,1.5163,7,36,5
5105606,510560,Matupá - MT,20091,63,63,313.5732,411.8584,49.1522,1.2817,65,65,323.5279,423.8761,52.3751,1.2410,10,45,8
5105622,510562,Mirassol d'Oeste - MT,26785,156,156,582.4155,630.8070,83.6903,1.8640,160,160,597.3493,646.4489,88.9048,1.7997,34,105,17
5105903,510590,Nobres - MT,15492,76,76,490.5758,546.9618,47.6791,1.5940,76,76,490.5758,546.9618,50.6553,1.5003,24,48,4
5106000,510600,Nortelândia - MT,5956,32,32,537.2733,509.1268,21.7239,1.4730,32,32,537.2733,509.1268,23.0425,1.3887,9,21,2
5106109,510610,Nossa Senhora do Livramento - MT,12940,52,52,401.8547,337.3393,55.5255,0.9365,52,52,401.8547,337.3393,58.8015,0.8843,14,32,6
5106158,510615,Nova Bandeirantes - MT,13635,33,33,242.0242,273.1786,37.3065,0.8846,35,35,256.6923,293.9669,39.6890,0.8819,4,23,6
5106174,510617,Nova Nazaré - MT,4200,8,8,190.4762,308.5876,9.7247,0.8226,8,8,190.4762,308.5876,10.3602,0.7722,2,6,0
5106182,510618,Nova Lacerda - MT,6670,13,13,194.9025,290.1579,17.4718,0.7441,14,14,209.8951,305.9547,18.5894,0.7531,4,5,4
5106190,510619,Nova Santa Helena - MT,4239,16,16,377.4475,421.2715,12.4250,1.2877,17,17,401.0380,448.0298,13.2071,1.2872,3,10,3
5106208,510620,Nova Brasilândia - MT,3932,10,10,254.3235,236.0330,14.7592,0.6775,11,11,279.7558,267.8455,15.6452,0.7031,4,6,0
5106216,510621,Nova Canaã do Norte - MT,11707,42,42,358.7597,390.3865,38.0006,1.1052,45,45,384.3854,419.4990,40.3504,1.1152,6,27,9
5106224,510622,Nova Mutum - MT,55839,156,156,279.3746,583.8666,96.0441,1.6243,162,162,290.1198,606.9680,103.0001,1.5728,41,96,19
5106232,510623,Nova Olímpia - MT,16352,66,66,403.6204,563.7067,42.1525,1.5657,70,70,428.0822,592.0100,44.8621,1.5603,16,46,4
5106240,510624,Nova Ubiratã - MT,11530,29,29,251.5178,547.4588,21.9758,1.3196,31,31,268.8638,596.9822,23.5016,1.3191,8,17,4
5106257,510625,Nova Xavantina - MT,24345,75,75,308.0715,328.3571,77.5580,0.9670,79,79,324.5020,345.2490,82.3911,0.9588,16,51,8
5106265,510626,Novo Mundo - MT,6520,21,21,322.0859,484.7726,17.9896,1.1673,24,24,368.0982,530.3353,19.1323,1.2544,8,9,4
5106273,510627,Novo Horizonte do Norte - MT,3349,9,9,268.7369,211.8661,14.5795,0.6173,9,9,268.7369,211.8661,15.4410,0.5829,0,8,1
5106281,510628,Novo São Joaquim - MT,6919,21,21,303.5121,345.9847,21.3203,0.9850,21,21,303.5121,345.9847,22.6500,0.9272,5,13,3
5106299,510629,Paranaíta - MT,11671,41,41,351.2981,396.4185,37.1960,1.1023,41,41,351.2981,396.4185,39.4989,1.0380,8,28,5
5106307,510630,Paranatinga - MT,26423,85,85,321.6894,441.1154,66.8265,1.2720,94,94,355.7507,487.0525,71.1678,1.3208,34,39,12
5106315,510631,Novo Santo Antônio - MT,2015,8,8,397.0223,419.6872,6.3359,1.2627,8,8,397.0223,419.6872,6.7291,1.1889,0,8,0
5106372,510637,Pedra Preta - MT,18066,74,74,409.6092,446.9837,56.7984,1.3029,78,78,431.7502,470.7776,60.3235,1.2930,30,37,7
5106422,510642,Peixoto de Azevedo - MT,32714,133,133,406.5538,568.3568,80.8826,1.6444,141,141,431.0081,601.9232,86.1477,1.6367,41,77,15
5106455,510645,Planalto da Serra - MT,3166,9,9,284.2704,297.0135,9.9551,0.9041,9,9,284.2704,297.0135,10.5705,0.8514,0,7,2
5106505,510650,Poconé - MT,31217,108,108,345.9653,355.9532,105.5063,1.0236,110,110,352.3721,362.3763,111.9801,0.9823,32,63,13
5106653,510665,Pontal do Araguaia - MT,6932,27,27,389.4980,446.2205,21.8585,1.2352,28,28,403.9238,463.4433,23.2161,1.2061,7,17,3
5106703,510670,Ponte Branca - MT,2008,8,8,398.4064,308.1692,9.1472,0.8746,8,8,398.4064,308.1692,9.6840,0.8261,4,4,0
5106752,510675,Pontes e Lacerda - MT,52018,265,265,509.4390,710.0507,129.3229,2.0491,273,273,524.8183,728.5842,137.7827,1.9814,59,183,23
5106778,510677,Porto Alegre do Norte - MT,12127,20,20,164.9213,202.6795,34.1246,0.5861,21,21,173.1673,211.3956,36.2848,0.5788,2,15,3
5106802,510680,Porto dos Gaúchos - MT,5593,8,8,143.0359,161.8063,17.0374,0.4696,9,9,160.9154,178.8228,18.1041,0.4971,0,6,2
5106828,510682,Porto Esperidião - MT,10204,59,59,578.2046,681.6331,30.5885,1.9288,61,61,597.8048,706.0862,32.4998,1.8769,27,25,7
5106851,510685,Porto Estrela - MT,3224,12,12,372.2084,332.7635,13.6317,0.8803,13,13,403.2258,382.8788,14.4368,0.9005,2,8,2
5107008,510700,Poxoréu - MT,23283,65,65,279.1736,272.6615,83.8579,0.7751,70,70,300.6485,292.7391,88.9321,0.7871,18,42,5
5107040,510704,Primavera do Leste - MT,85146,329,329,386.3951,675.6663,170.7917,1.9263,364,364,427.5010,744.0904,182.6103,1.9933,100,211,18
5107065,510706,Querência - MT,26769,70,70,261.4965,536.5690,44.9755,1.5564,75,75,280.1748,584.4271,48.2456,1.5545,17,49,4
5107107,510710,São José dos Quatro Marcos - MT,17849,110,110,616.2810,557.6728,69.2426,1.5886,112,112,627.4861,567.3454,73.4026,1.5258,27,65,18
5107156,510715,Reserva do Cabaçal - MT,2122,9,9,424.1282,412.9890,7.6172,1.1815,9,9,424.1282,412.9890,8.0789,1.1140,2,6,1
5107180,510718,Ribeirão Cascalheira - MT,10089,45,45,446.0303,532.9185,28.6082,1.5730,46,46,455.9421,546.9476,30.4175,1.5123,14,28,3
5107198,510719,Ribeirãozinho - MT,2593,11,11,424.2191,414.5001,8.9545,1.2284,12,12,462.7844,457.0868,9.5003,1.2631,1,9,1
5107206,510720,Rio Branco - MT,4535,22,22,485.1158,451.2106,17.3736,1.2663,22,22,485.1158,451.2106,18.4214,1.1943,1,20,1
5107248,510724,Santa Carmem - MT,5374,13,13,241.9055,345.2710,13.5702,0.9580,15,15,279.1217,383.1193,14.4509,1.0380,2,10,1
5107263,510726,Santo Afonso - MT,2519,12,12,476.3795,431.6927,9.1309,1.3142,12,12,476.3795,431.6927,9.6850,1.2390,5,6,1
5107297,510729,São José do Povo - MT,2875,9,9,313.0435,194.2691,15.6799,0.5740,9,9,313.0435,194.2691,16.5781,0.5429,5,3,1
5107305,510730,São José do Rio Claro - MT,14911,46,46,308.4971,383.8529,41.4856,1.1088,46,46,308.4971,383.8529,44.1177,1.0427,7,32,7
5107354,510735,São José do Xingu - MT,5964,18,18,301.8109,623.4936,11.4407,1.5733,19,19,318.5781,653.9083,12.2315,1.5534,3,13,2
5107404,510740,São Pedro da Cipa - MT,4191,24,24,572.6557,632.0392,13.1110,1.8305,26,26,620.3770,685.3038,13.9206,1.8677,12,11,1
5107578,510757,Rondolândia - MT,3505,7,7,199.7147,309.3686,8.5165,0.8219,7,7,199.7147,309.3686,9.0711,0.7717,0,6,1
5107602,510760,Rondonópolis - MT,244911,978,978,399.3287,511.9461,669.4198,1.4610,1046,1046,427.0939,545.5938,712.3165,1.4684,456,473,49
5107701,510770,Rosário Oeste - MT,15453,58,58,375.3317,330.8379,63.8240,0.9087,62,62,401.2166,360.2649,67.6182,0.9169,17,35,6
5107743,510774,Santa Cruz do Xingu - MT,2661,3,3,112.7396,125.6171,5.5493,0.5406,5,5,187.8993,206.8759,5.9242,0.8440,0,3,0
5107750,510775,Salto do Céu - MT,3679,13,13,353.3569,329.2041,14.3915,0.9033,13,13,353.3569,329.2041,15.2551,0.8522,2,9,2
5107768,510776,Santa Rita do Trivelato - MT,3276,3,3,91.5751,162.5086,6.9381,0.4324,4,4,122.1001,223.6218,7.4089,0.5399,0,3,0
5107776,510777,Santa Terezinha - MT,7596,18,18,236.9668,303.9206,20.3080,0.8863,19,19,250.1316,319.4341,21.5987,0.8797,5,9,4
5107792,510779,Santo Antônio do Leste - MT,4099,6,6,146.3772,273.7618,7.7747,0.7717,6,6,146.3772,273.7618,8.3111,0.7219,5,1,0
5107800,510780,Santo Antônio de Leverger - MT,15246,67,67,439.4595,448.9028,52.9657,1.2650,70,70,459.1368,468.5350,56.1884,1.2458,17,42,8
5107859,510785,São Félix do Araguaia - MT,13621,38,38,278.9810,341.9675,37.5332,1.0124,39,39,286.3226,349.1897,39.9300,0.9767,7,28,3
5107875,510787,Sapezal - MT,28944,56,56,193.4771,485.6517,41.4918,1.3497,56,56,193.4771,485.6517,44.6802,1.2534,18,35,3
5107883,510788,Serra Nova Dourada - MT,1800,6,6,333.3333,348.9687,5.5875,1.0738,6,6,333.3333,348.9687,5.9340,1.0111,1,5,0
5107909,510790,Sinop - MT,196312,494,494,251.6402,423.8672,419.5980,1.1773,550,550,280.1663,469.7830,448.1758,1.2272,150,293,51
5107925,510792,Sorriso - MT,110635,247,247,223.2567,434.4019,212.7317,1.1611,265,265,239.5264,460.0109,227.6057,1.1643,115,123,9
5107941,510794,Tabaporã - MT,9818,26,25,264.8197,353.4306,23.5290,1.0625,30,29,305.5612,417.2088,25.0733,1.1566,7,19,0
5107958,510795,Tangará da Serra - MT,106434,400,400,375.8198,490.6219,283.0287,1.4133,421,421,395.5503,516.0719,301.2904,1.3973,103,263,34
5108006,510800,Tapurah - MT,14370,32,32,222.6862,379.0649,30.1563,1.0611,36,36,250.5219,413.5417,32.2151,1.1175,8,19,5
5108055,510805,Terra Nova do Norte - MT,10616,44,44,414.4687,391.8014,38.2745,1.1496,46,46,433.3082,409.4315,40.6003,1.1330,10,32,2
5108105,510810,Tesouro - MT,3025,11,11,363.6364,276.4856,12.9681,0.8482,11,11,363.6364,276.4856,13.7338,0.8009,2,9,0
5108204,510820,Torixoréu - MT,4164,23,23,552.3535,423.0462,19.0984,1.2043,23,23,552.3535,423.0462,20.2204,1.1375,2,16,5
5108303,510830,União do Sul - MT,3838,12,12,312.6628,480.7242,9.4316,1.2723,13,13,338.7181,507.4835,10.0431,1.2944,2,9,1
5108352,510835,Vale de São Domingos - MT,2904,12,12,413.2231,361.6873,11.3028,1.0617,12,12,413.2231,361.6873,11.9796,1.0017,3,8,1
5108402,510840,Várzea Grande - MT,300078,1694,1694,564.5199,738.3203,778.0323,2.1773,1734,1734,577.8498,753.5764,828.3375,2.0933,569,1011,114
5108501,510850,Vera - MT,12800,31,31,242.1875,350.2668,31.8192,0.9743,35,35,273.4375,396.1748,33.8888,1.0328,4,22,5
5108600,510860,Vila Rica - MT,19888,43,43,216.2108,314.6522,49.3786,0.8708,47,47,236.3234,347.1673,52.5901,0.8937,11,24,8
5108808,510880,Nova Guarita - MT,4590,11,11,239.6514,247.1089,15.1907,0.7241,12,12,261.4379,272.6384,16.1267,0.7441,4,5,2
5108857,510885,Nova Marilândia - MT,3529,8,8,226.6931,281.1541,9.6207,0.8315,8,8,226.6931,281.1541,10.2352,0.7816,5,3,0
5108907,510890,Nova Maringá - MT,5846,11,11,188.1628,345.6399,12.6074,0.8725,11,11,188.1628,345.6399,13.4541,0.8176,1,9,1
5108956,510895,Nova Monte Verde - MT,8313,23,23,276.6751,332.0662,23.5241,0.9777,23,23,276.6751,332.0662,25.0199,0.9193,1,21,1
5200050,520005,Abadia de Goiás - GO,19128,44,44,230.0293,317.1439,45.5147,0.9667,48,48,250.9410,342.4947,48.5089,0.9895,10,28,6
5200100,520010,Abadiânia - GO,17232,65,65,377.2052,369.9615,60.3543,1.0770,68,68,394.6147,388.8282,64.0316,1.0620,15,41,9
5200134,520013,Acreúna - GO,21568,86,86,398.7389,435.2213,69.6588,1.2346,90,90,417.2849,454.3857,73.9672,1.2168,25,47,14
5200159,520015,Adelândia - GO,2297,11,11,478.8855,360.5251,11.2766,0.9755,12,12,522.4205,423.4665,11.9332,1.0056,4,6,1
5200175,520017,Água Fria de Goiás - GO,4954,12,12,242.2285,244.4395,16.4039,0.7315,12,12,242.2285,244.4395,17.4144,0.6891,2,10,0
5200209,520020,Água Limpa - GO,1858,7,7,376.7492,274.5332,9.1251,0.7671,7,7,376.7492,274.5332,9.6557,0.7250,0,6,1
5200258,520025,Águas Lindas de Goiás - GO,225693,388,388,171.9149,329.9676,412.9866,0.9395,449,449,198.9428,383.9929,441.9179,1.0160,130,229,29
5200308,520030,Alexânia - GO,27008,121,121,448.0154,484.9008,86.4005,1.4005,127,127,470.2310,508.4821,91.7450,1.3843,23,81,17
5200506,520050,Aloândia - GO,1973,12,12,608.2108,475.2342,10.7463,1.1167,13,13,658.8951,543.8756,11.3653,1.1438,6,6,0
5200555,520055,Alto Horizonte - GO,6072,18,18,296.4427,402.0346,15.6608,1.1494,19,19,312.9117,425.0241,16.6750,1.1394,3,12,3
5200605,520060,Alto Paraíso de Goiás - GO,10306,16,16,155.2494,192.2266,25.7086,0.6224,17,17,164.9525,204.1111,27.3937,0.6206,0,13,3
5200803,520080,Alvorada do Norte - GO,8446,27,27,319.6780,363.8915,24.7225,1.0921,34,34,402.5574,472.9356,26.2767,1.2939,2,22,3
5200829,520082,Amaralina - GO,3268,5,5,152.9988,131.5687,13.3402,0.3748,6,6,183.5985,154.5176,14.1322,0.4246,1,3,1
5200852,520085,Americano do Brasil - GO,5259,21,21,399.3155,319.5070,22.4795,0.9342,25,25,475.3755,379.4312,23.8112,1.0499,2,17,2
5200902,520090,Amorinópolis - GO,3007,14,14,465.5803,292.9705,16.8617,0.8303,15,15,498.8360,310.3513,17.8279,0.8414,2,9,3
5201108,520110,Anápolis - GO,398869,1905,1905,477.6004,527.0616,1250.3248,1.5236,2014,2014,504.9277,557.0018,1328.3917,1.5161,424,1330,151
5201207,520120,Anhanguera - GO,924,7,7,757.5758,585.5290,4.3233,1.6191,7,7,757.5758,585.5290,4.5757,1.5298,2,5,0
5201306,520130,Anicuns - GO,18503,96,96,518.8348,439.6943,74.9244,1.2813,100,100,540.4529,457.9483,79.4019,1.2594,20,63,13
5201405,520140,Aparecida de Goiânia - GO,527796,2058,2058,389.9234,560.2822,1306.1331,1.5756,2227,2227,421.9433,601.8807,1391.7503,1.6001,651,1233,174
5201454,520145,Aparecida do Rio Doce - GO,2907,5,5,171.9986,174.1953,9.9815,0.5009,5,5,171.9986,174.1953,10.5931,0.4720,2,2,1
5201504,520150,Aporé - GO,4325,10,10,231.2139,262.0798,13.1420,0.7609,10,10,231.2139,262.0798,13.9631,0.7162,2,7,1
5201603,520160,Araçu - GO,3799,25,25,658.0679,515.9134,17.5890,1.4213,27,27,710.7133,549.6251,18.6215,1.4499,6,16,3
5201702,520170,Aragarças - GO,18390,85,85,462.2077,452.0210,65.4002,1.2997,105,105,570.9625,560.0178,69.3817,1.5134,21,59,5
5201801,520180,Aragoiânia - GO,11890,44,44,370.0589,381.1651,40.5517,1.0850,47,47,395.2902,408.7951,43.0402,1.0920,5,36,3
5202155,520215,Araguapaz - GO,7153,33,33,461.3449,434.4416,26.7587,1.2332,37,37,517.2655,486.1689,28.3710,1.3041,7,25,1
5202353,520235,Arenópolis - GO,2946,10,10,339.4433,251.3917,14.4981,0.6897,11,11,373.3876,297.4248,15.3402,0.7171,1,8,1
5202502,520250,Aruanã - GO,8300,34,34,409.6386,465.8917,25.4043,1.3384,39,39,469.8795,524.5926,26.9845,1.4453,2,29,3
5202601,520260,Aurilândia - GO,3284,23,23,700.3654,468.0095,18.4663,1.2455,24,24,730.8161,487.6536,19.5267,1.2291,3,14,6
5202809,520280,Avelinópolis - GO,2868,19,19,662.4826,504.4617,13.3916,1.4188,21,21,732.2176,556.5204,14.1772,1.4813,3,15,1
5203104,520310,Baliza - GO,3351,9,9,268.5765,242.7311,13.3926,0.6720,13,13,387.9439,331.8573,14.1898,0.9161,0,8,1
5203203,520320,Barro Alto - GO,10371,29,29,279.6259,334.5264,30.1025,0.9634,30,30,289.2682,343.9171,32.0028,0.9374,7,19,3
5203302,520330,Bela Vista de Goiás - GO,34445,103,103,299.0274,285.5927,124.6815,0.8261,111,111,322.2529,308.2748,132.2727,0.8392,20,68,15
5203401,520340,Bom Jardim de Goiás - GO,7826,25,25,319.4480,236.7938,35.9990,0.6945,28,28,357.7818,270.9479,38.1126,0.7347,4,20,1
5203500,520350,Bom Jesus de Goiás - GO,23958,123,123,513.3984,625.0304,69.3478,1.7737,128,128,534.2683,653.6538,73.7364,1.7359,31,82,10
5203559,520355,Bonfinópolis - GO,10296,37,37,359.3629,387.7509,32.9295,1.1236,42,42,407.9254,436.8148,34.9691,1.2011,11,22,4
5203575,520357,Bonópolis - GO,3299,7,7,212.1855,212.6000,11.3905,0.6145,7,7,212.1855,212.6000,12.0867,0.5792,1,5,1
5203609,520360,Brazabrantes - GO,3992,13,13,325.6513,309.0766,15.0213,0.8654,13,13,325.6513,309.0766,15.9309,0.8160,5,8,0
5203807,520380,Britânia - GO,5695,14,14,245.8297,230.8741,20.9758,0.6674,17,17,298.5075,277.9874,22.2433,0.7643,2,9,3
5203906,520390,Buriti Alegre - GO,10495,40,40,381.1339,305.6626,45.0390,0.8881,43,43,409.7189,331.9674,47.7160,0.9012,9,26,5
5203939,520393,Buriti de Goiás - GO,2732,9,9,329.4290,246.5626,12.0796,0.7451,10,10,366.0322,277.0854,12.7923,0.7817,2,7,0
5203962,520396,Buritinópolis - GO,3145,6,6,190.7790,205.6611,10.8419,0.5534,7,7,222.5755,234.7866,11.5062,0.6084,2,4,0
5204003,520400,Cabeceiras - GO,7560,19,19,251.3228,276.9064,22.9665,0.8273,19,19,251.3228,276.9064,24.4013,0.7786,4,14,1
5204102,520410,Cachoeira Alta - GO,11513,34,34,295.3183,292.5387,40.5283,0.8389,36,36,312.6900,310.0225,43.0080,0.8371,11,16,7
5204201,520420,Cachoeira de Goiás - GO,1405,7,7,498.2206,401.6832,6.3619,1.1003,8,8,569.3950,441.1521,6.7351,1.1878,0,5,2
5204250,520425,Cachoeira Dourada - GO,7782,33,33,424.0555,345.4126,33.9102,0.9732,36,36,462.6060,375.3295,35.9151,1.0024,3,29,1
5204300,520430,Caçu - GO,13774,43,43,312.1824,276.2050,55.9408,0.7687,45,45,326.7025,288.1487,59.2884,0.7590,16,26,1
5204409,520440,Caiapônia - GO,16513,42,42,254.3451,220.4745,67.0017,0.6268,45,45,272.5126,237.7857,71.0064,0.6337,4,36,2
5204508,520450,Caldas Novas - GO,98622,354,354,358.9463,409.8452,295.5065,1.1979,372,372,377.1978,430.1724,314.0896,1.1844,63,248,43
5204557,520455,Caldazinha - GO,4507,12,12,266.2525,244.7123,16.5857,0.7235,14,14,310.6279,300.4823,17.5849,0.7961,3,7,2
5204607,520460,Campestre de Goiás - GO,3755,19,19,505.9920,444.8508,14.1876,1.3392,20,20,532.6232,468.4890,15.0439,1.3294,4,15,0
5204656,520465,Campinaçu - GO,3708,18,18,485.4369,433.5645,14.2870,1.2599,22,22,593.3118,536.1989,15.1437,1.4527,0,13,5
5204706,520470,Campinorte - GO,12510,49,49,391.6867,417.2951,40.5053,1.2097,50,50,399.6803,425.6514,43.0168,1.1623,11,33,5
5204805,520480,Campo Alegre de Goiás - GO,7422,28,28,377.2568,395.4824,22.8621,1.2247,29,29,390.7303,410.2409,24.2878,1.1940,1,22,5
5204854,520485,Campo Limpo de Goiás - GO,8081,23,23,284.6182,351.6105,22.6439,1.0157,23,23,284.6182,351.6105,24.0789,0.9552,2,18,3
5204904,520490,Campos Belos - GO,18108,53,53,292.6883,345.9939,53.3495,0.9934,57,57,314.7780,372.1082,56.7001,1.0053,12,33,8
5204953,520495,Campos Verdes - GO,4005,21,21,524.3446,448.6404,16.4936,1.2732,22,22,549.3134,467.2140,17.4718,1.2592,4,16,1
5205000,520500,Carmo do Rio Verde - GO,9710,31,31,319.2585,288.8326,37.6599,0.8232,34,34,350.1545,318.2658,39.9236,0.8516,8,18,5
5205059,520505,Castelândia - GO,2985,16,16,536.0134,487.7739,11.6938,1.3682,16,16,536.0134,487.7739,12.3945,1.2909,3,11,2
5205109,520510,Catalão - GO,114427,438,438,382.7768,430.7204,348.9379,1.2552,471,471,411.6161,462.2306,370.8656,1.2700,85,309,44
5205208,520520,Caturaí - GO,5184,28,28,540.1235,483.2721,19.3426,1.4476,29,29,559.4136,498.9505,20.5076,1.4141,4,22,2
5205307,520530,Cavalcante - GO,9583,11,11,114.7866,127.5827,30.3344,0.3626,12,12,125.2217,138.4280,32.2080,0.3726,4,6,1
5205406,520540,Ceres - GO,22046,122,122,553.3884,497.3358,85.9475,1.4195,129,129,585.1402,526.0153,91.1219,1.4157,26,90,6
5205455,520545,Cezarina - GO,8090,46,46,568.6032,508.8038,31.2729,1.4709,49,49,605.6860,544.1541,33.1527,1.4780,11,31,4
5205471,520547,Chapadão do Céu - GO,12870,31,31,240.8702,499.5978,21.7810,1.4233,33,33,256.4103,536.0695,23.3605,1.4126,9,19,3
5205497,520549,Cidade Ocidental - GO,91767,191,191,208.1358,376.2417,187.7261,1.0174,212,212,231.0199,417.1854,200.5354,1.0572,45,121,25
5205513,520551,Cocalzinho de Goiás - GO,25016,51,51,203.8695,233.1145,74.3368,0.6861,53,53,211.8644,241.6256,79.0006,0.6709,15,34,2
5205521,520552,Colinas do Sul - GO,4030,7,7,173.6973,186.5495,13.6728,0.5120,8,8,198.5112,212.5114,14.5096,0.5514,2,5,0
5205703,520570,Córrego do Ouro - GO,2454,12,12,488.9976,347.7498,12.6904,0.9456,12,12,488.9976,347.7498,13.4236,0.8940,2,9,1
5205802,520580,Corumbá de Goiás - GO,10562,35,35,331.3766,294.1962,40.5674,0.8628,37,37,350.3124,310.6557,43.0044,0.8604,14,16,5
5205901,520590,Corumbaíba - GO,9164,43,43,469.2274,436.5465,34.5035,1.2463,46,46,501.9642,468.0176,36.5885,1.2572,9,32,2
5206206,520620,Cristalina - GO,62337,126,126,202.1271,289.0743,149.5215,0.8427,140,140,224.5857,320.0429,159.3496,0.8786,31,79,16
5206305,520630,Cristianópolis - GO,3504,5,5,142.6941,123.4029,15.5330,0.3219,7,7,199.7717,176.1276,16.4519,0.4255,1,4,0
5206404,520640,Crixás - GO,17065,72,72,421.9162,432.9996,57.4574,1.2531,75,75,439.4960,448.8219,60.9961,1.2296,10,60,2
5206503,520650,Cromínia - GO,3883,11,11,283.2861,199.9149,18.6198,0.5908,12,12,309.0394,222.7227,19.7054,0.6090,7,4,0
5206602,520660,Cumari - GO,2927,11,11,375.8114,236.7102,14.9958,0.7335,13,13,444.1408,298.9723,15.8651,0.8194,4,7,0
5206701,520670,Damianópolis - GO,3770,5,5,132.6260,127.1245,13.1003,0.3817,5,5,132.6260,127.1245,13.9004,0.3597,0,5,0
5206800,520680,Damolândia - GO,2724,15,15,550.6608,480.5285,11.6054,1.2925,17,17,624.0822,526.8267,12.2944,1.3827,4,10,1
5206909,520690,Davinópolis - GO,1902,11,11,578.3386,467.2069,8.7595,1.2558,11,11,578.3386,467.2069,9.2723,1.1863,0,9,2
5207105,520710,Diorama - GO,2062,8,8,387.9728,266.9831,10.6429,0.7517,9,9,436.4694,320.9147,11.2580,0.7994,1,6,1
5207253,520725,Doverlândia - GO,6956,24,24,345.0259,310.7978,27.3039,0.8790,26,26,373.7780,339.6167,28.9425,0.8983,3,19,2
5207352,520735,Edealina - GO,4001,12,12,299.9250,254.4473,17.7985,0.6742,14,14,349.9125,293.3453,18.8482,0.7428,4,6,2
5207402,520740,Edéia - GO,11747,46,46,391.5893,378.6032,42.5871,1.0801,51,51,434.1534,418.4814,45.1778,1.1289,8,33,5
5207501,520750,Estrela do Norte - GO,3205,8,8,249.6100,206.3575,12.5000,0.6400,11,11,343.2137,304.6145,13.2496,0.8302,0,6,2
5207535,520753,Faina - GO,7070,18,18,254.5969,203.7471,30.4749,0.5907,19,19,268.7412,214.4317,32.2735,0.5887,1,15,2
5207600,520760,Fazenda Nova - GO,5877,19,19,323.2942,232.0127,28.1984,0.6738,21,21,357.3252,256.7221,29.8396,0.7038,1,14,4
5207808,520780,Firminópolis - GO,10419,45,45,431.9033,325.1682,49.4719,0.9096,49,49,470.2947,352.8285,52.3693,0.9357,5,36,4
5207907,520790,Flores de Goiás - GO,13744,12,12,87.3108,105.2995,39.6203,0.3029,13,13,94.5867,114.4868,42.1138,0.3087,3,8,1
5208004,520800,Formosa - GO,115901,341,341,294.2166,385.4072,308.8150,1.1042,373,373,321.8264,420.4350,328.6806,1.1348,83,220,38
5208103,520810,Formoso - GO,4660,24,24,515.0215,412.6061,20.5914,1.1655,24,24,515.0215,412.6061,21.8035,1.1007,3,21,0
5208152,520815,Gameleira de Goiás - GO,3456,12,12,347.2222,325.5623,12.9614,0.9258,13,13,376.1574,348.0245,13.7407,0.9461,1,10,1
5208301,520830,Divinópolis de Goiás - GO,4457,13,13,291.6760,250.8396,16.9698,0.7661,15,15,336.5492,295.1323,17.9907,0.8338,2,10,1
5208400,520840,Goianápolis - GO,13967,61,61,436.7438,543.6593,41.0608,1.4856,61,61,436.7438,543.6593,43.6503,1.3975,17,40,4
5208509,520850,Goiandira - GO,4973,14,14,281.5202,194.5589,23.8750,0.5864,17,17,341.8460,237.1152,25.2677,0.6728,3,10,1
5208608,520860,Goianésia - GO,73707,317,317,430.0813,485.9802,226.2998,1.4008,333,333,451.7888,511.3968,240.4785,1.3847,108,187,22
5208707,520870,Goiânia - GO,1437366,8011,8010,557.3389,580.5091,4784.3465,1.6742,8458,8457,588.4375,612.5037,5080.9377,1.6645,2541,4817,653
5208806,520880,Goianira - GO,71916,194,194,269.7592,433.4312,158.4977,1.2240,203,203,282.2738,450.9415,169.1327,1.2002,49,127,18
5208905,520890,Goiás - GO,24071,88,88,365.5851,288.0128,106.5242,0.8261,98,98,407.1289,321.0465,112.8093,0.8687,18,58,12
5209101,520910,Goiatuba - GO,35664,195,195,546.7699,507.6099,133.5644,1.4600,200,200,560.7896,520.4278,141.6562,1.4119,45,135,15
5209150,520915,Gouvelândia - GO,4390,14,14,318.9066,289.2538,17.1445,0.8166,16,16,364.4647,330.4595,18.1715,0.8805,2,10,2
5209200,520920,Guapó - GO,19545,97,97,496.2906,556.6813,60.1813,1.6118,101,101,516.7562,577.5698,63.9314,1.5798,12,71,14
5209291,520929,Guaraíta - GO,2188,14,14,639.8537,455.5711,10.5100,1.3321,15,15,685.5576,489.8930,11.1213,1.3488,6,6,2
5209408,520940,Guarani de Goiás - GO,4085,7,7,171.3586,166.0613,15.9016,0.4402,7,7,171.3586,166.0613,16.8515,0.4154,1,3,3
5209457,520945,Guarinos - GO,2161,7,7,323.9241,235.3307,10.2201,0.6849,8,8,370.1990,268.5467,10.8170,0.7396,2,5,0
5209606,520960,Heitoraí - GO,3354,12,12,357.7818,261.4343,15.5479,0.7718,13,13,387.5969,282.9456,16.4595,0.7898,3,9,0
5209705,520970,Hidrolândia - GO,27742,98,98,353.2550,390.6212,86.3402,1.1350,104,104,374.8828,413.2488,91.7245,1.1338,23,70,5
5209804,520980,Hidrolina - GO,3545,15,15,423.1312,273.1771,17.5682,0.8538,16,16,451.3399,288.8341,18.5895,0.8607,3,7,5
5209903,520990,Iaciara - GO,10584,26,26,245.6538,271.2294,32.6023,0.7975,28,28,264.5503,292.7533,34.6220,0.8087,4,21,1
5209937,520993,Inaciolândia - GO,5954,29,29,487.0675,448.4073,21.8713,1.3259,34,34,571.0447,531.5723,23.1955,1.4658,6,22,1
5209952,520995,Indiara - GO,17061,65,65,380.9859,402.3220,54.4650,1.1934,67,67,392.7085,413.8346,57.8548,1.1581,16,48,1
5210000,521000,Inhumas - GO,52204,337,337,645.5444,607.8638,192.1950,1.7534,360,360,689.6023,648.9724,203.8682,1.7658,86,228,23
5210109,521010,Ipameri - GO,25548,113,113,442.3047,400.2401,98.9862,1.1416,123,123,481.4467,435.3519,104.9439,1.1721,20,83,10
5210158,521015,Ipiranga de Goiás - GO,2919,13,13,445.3580,306.0053,14.3537,0.9057,14,14,479.6163,331.3772,15.1884,0.9218,2,8,3
5210208,521020,Iporá - GO,35684,161,161,451.1826,373.2924,149.1369,1.0795,175,175,490.4159,406.1863,158.0281,1.1074,26,118,17
5210307,521030,Israelândia - GO,2560,5,5,195.3125,159.3225,12.5677,0.3978,7,7,273.4375,214.8979,13.2996,0.5263,1,4,0
5210406,521040,Itaberaí - GO,44734,180,180,402.3785,467.7798,134.1032,1.3422,191,191,426.9683,495.9323,142.5453,1.3399,50,107,23
5210562,521056,Itaguari - GO,4963,31,31,624.6222,579.1826,18.6939,1.6583,32,32,644.7713,599.9044,19.8261,1.6140,7,21,3
5210604,521060,Itaguaru - GO,4904,25,25,509.7879,338.3368,24.4462,1.0227,28,28,570.9625,378.8204,25.8664,1.0825,8,10,7
5210802,521080,Itajá - GO,4380,20,20,456.6210,355.5095,19.0009,1.0526,21,21,479.4521,382.2435,20.1272,1.0434,5,11,4
5210901,521090,Itapaci - GO,21087,71,71,336.7003,352.5979,70.2669,1.0104,74,74,350.9271,368.3538,74.5967,0.9920,11,48,12
5211008,521100,Itapirapuã - GO,8007,29,29,362.1831,295.5242,33.8478,0.8568,32,32,399.6503,325.9103,35.8557,0.8925,7,17,5
5211206,521120,Itapuranga - GO,26113,115,115,440.3937,357.0402,112.7704,1.0198,123,123,471.0298,380.9080,119.4517,1.0297,20,87,8
5211305,521130,Itarumã - GO,6101,21,21,344.2059,330.6233,22.9059,0.9168,21,21,344.2059,330.6233,24.2882,0.8646,4,16,1
5211404,521140,Itauçu - GO,7736,45,45,581.6960,441.5230,34.6534,1.2986,47,47,607.5491,461.2043,36.6976,1.2807,10,30,5
5211503,521150,Itumbiara - GO,107970,547,547,506.6222,496.0761,379.4697,1.4415,566,566,524.2197,513.5008,402.6926,1.4055,100,423,24
5211602,521160,Ivolândia - GO,2693,10,10,371.3331,304.5114,12.3315,0.8109,10,10,371.3331,304.5114,13.0539,0.7661,3,7,0
5211701,521170,Jandaia - GO,6272,28,28,446.4286,344.1682,29.7938,0.9398,31,31,494.2602,381.5056,31.5349,0.9830,8,18,2
5211800,521180,Jaraguá - GO,45223,216,216,477.6331,502.6707,147.7531,1.4619,226,226,499.7457,525.5348,156.8853,1.4405,32,157,27
5211909,521190,Jataí - GO,105729,410,410,387.7839,422.5995,335.1158,1.2235,430,430,406.7001,442.8889,356.0174,1.2078,110,276,24
5212006,521200,Jaupaci - GO,2924,7,7,239.3981,197.4593,14.3226,0.4887,7,7,239.3981,197.4593,15.1547,0.4619,1,6,0
5212055,521205,Jesúpolis - GO,2123,9,9,423.9284,323.6670,9.3399,0.9636,10,10,471.0316,352.8067,9.8879,1.0113,4,3,2
5212105,521210,Joviânia - GO,7159,30,30,419.0529,397.4037,26.3855,1.1370,31,31,433.0214,412.9324,27.9874,1.1076,2,24,4
5212204,521220,Jussara - GO,19620,83,83,423.0377,381.0268,76.2485,1.0885,91,91,463.8124,417.4932,80.8311,1.1258,12,62,9
5212253,521225,Lagoa Santa - GO,1390,6,6,431.6547,581.8698,4.2345,1.4169,6,6,431.6547,581.8698,4.4994,1.3335,0,4,2
5212303,521230,Leopoldo de Bulhões - GO,8745,18,18,205.8319,183.5121,32.0993,0.5608,19,19,217.2670,196.6440,34.0419,0.5581,4,13,1
5212501,521250,Luziânia - GO,209129,509,509,243.3904,350.2894,506.5194,1.0049,570,570,272.5590,394.9249,539.6578,1.0562,130,331,48
5212600,521260,Mairipotaba - GO,2561,7,7,273.3307,187.7119,12.3014,0.5690,7,7,273.3307,187.7119,13.0190,0.5377,3,4,0
5212709,521270,Mambaí - GO,8124,14,14,172.3289,218.9965,21.1410,0.6622,14,14,172.3289,218.9965,22.5097,0.6220,0,13,1
5212808,521280,Mara Rosa - GO,10700,50,50,467.2897,402.0702,42.9978,1.1628,51,51,476.6355,409.7938,45.5702,1.1192,13,32,5
5212907,521290,Marzagão - GO,2758,11,11,398.8397,407.5056,9.1258,1.2054,11,11,398.8397,407.5056,9.6884,1.1354,2,9,0
5212956,521295,Matrinchã - GO,4042,11,11,272.1425,249.3742,16.0526,0.6852,13,13,321.6230,290.8415,17.0132,0.7641,2,8,1
5213004,521300,Maurilândia - GO,10304,37,37,359.0839,417.3994,31.9392,1.1584,38,38,368.7888,426.1445,33.9316,1.1199,15,19,3
5213053,521305,Mimoso de Goiás - GO,2614,3,3,114.7666,111.1196,10.1803,0.2947,4,4,153.0222,146.9793,10.7888,0.3708,0,3,0
5213087,521308,Minaçu - GO,27075,118,118,435.8264,415.2163,99.0030,1.1919,119,119,439.5199,418.7589,104.9859,1.1335,29,80,9
5213103,521310,Mineiros - GO,70081,298,298,425.2222,548.1600,189.5304,1.5723,328,328,468.0299,602.3632,201.7493,1.6258,75,197,26
5213400,521340,Moiporá - GO,1685,4,4,237.3887,132.0702,9.0542,0.4418,4,4,237.3887,132.0702,9.5759,0.4177,2,1,1
5213509,521350,Monte Alegre de Goiás - GO,6692,15,15,224.1482,220.3164,23.6704,0.6337,15,15,224.1482,220.3164,25.1039,0.5975,1,13,1
5213707,521370,Montes Claros de Goiás - GO,8756,36,36,411.1466,377.0059,33.8104,1.0648,39,39,445.4089,406.7803,35.8477,1.0879,1,29,6
5213756,521375,Montividiu - GO,12521,30,30,239.5975,330.4362,32.0909,0.9348,30,30,239.5975,330.4362,34.1745,0.8778,11,18,1
5213772,521377,Montividiu do Norte - GO,3779,13,13,344.0064,293.7750,14.8977,0.8726,14,14,370.4684,322.3460,15.7872,0.8868,5,6,2
5213806,521380,Morrinhos - GO,51351,184,184,358.3182,339.9998,186.7909,0.9851,197,197,383.6342,364.5742,198.1696,0.9941,47,122,15
5213855,521385,Morro Agudo de Goiás - GO,2456,7,7,285.0163,207.6856,11.0525,0.6333,8,8,325.7329,235.9949,11.7010,0.6837,1,5,1
5213905,521390,Mossâmedes - GO,4654,14,14,300.8165,215.8184,21.2776,0.6580,16,16,343.7903,248.5826,22.5285,0.7102,3,8,3
5214002,521400,Mozarlândia - GO,14750,35,35,237.2881,262.5171,42.3032,0.8274,39,39,264.4068,293.4629,44.9842,0.8670,8,23,4
5214051,521405,Mundo Novo - GO,6189,26,26,420.1002,420.9301,22.3107,1.1654,27,27,436.2579,437.9978,23.6614,1.1411,3,19,4
5214101,521410,Mutunópolis - GO,3564,16,16,448.9338,402.8105,14.3184,1.1174,18,18,505.0505,448.8359,15.1720,1.1864,1,12,3
5214408,521440,Nazário - GO,8189,30,30,366.3451,344.3857,30.9113,0.9705,35,35,427.4026,400.9474,32.7763,1.0678,5,23,2
5214507,521450,Nerópolis - GO,31932,163,163,510.4597,619.0034,92.4384,1.7633,171,171,535.5130,645.5310,98.2875,1.7398,38,110,15
5214606,521460,Niquelândia - GO,34964,129,129,368.9509,327.1964,136.0754,0.9480,144,144,411.8522,365.3538,144.2370,0.9984,31,89,9
5214705,521470,Nova América - GO,2337,10,10,427.8990,341.4405,10.0548,0.9946,11,11,470.6889,371.6675,10.6481,1.0330,1,8,1
5214804,521480,Nova Aurora - GO,2101,6,6,285.5783,190.7205,10.2314,0.5864,7,7,333.1747,221.2770,10.8270,0.6465,2,4,0
5214838,521483,Nova Crixás - GO,12815,33,33,257.5107,284.8875,39.7444,0.8303,35,35,273.1174,303.6450,42.2300,0.8288,7,22,4
5214861,521486,Nova Glória - GO,8310,35,35,421.1793,289.3829,40.3544,0.8673,38,38,457.2804,314.8694,42.7061,0.8898,4,26,5
5214879,521487,Nova Iguaçu de Goiás - GO,3010,12,12,398.6711,363.1479,11.2463,1.0670,12,12,398.6711,363.1479,11.9243,1.0063,1,10,1
5214903,521490,Nova Roma - GO,3076,1,1,32.5098,31.3320,13.4437,0.0744,1,1,32.5098,31.3320,14.2371,0.0702,0,1,0
5215009,521500,Nova Veneza - GO,9481,41,41,432.4438,403.3849,34.9128,1.1744,42,42,442.9912,412.5893,37.0338,1.1341,10,29,2
5215207,521520,Novo Brasil - GO,3527,14,14,396.9379,309.2518,17.0594,0.8207,15,15,425.2906,349.1257,18.0568,0.8307,0,12,2
5215231,521523,Novo Gama - GO,103804,256,256,246.6186,371.1519,233.6507,1.0957,289,289,278.4093,422.0992,249.1632,1.1599,81,166,9
5215256,521525,Novo Planalto - GO,3716,15,15,403.6598,368.5203,14.1511,1.0600,15,15,403.6598,368.5203,15.0014,0.9999,2,10,3
5215306,521530,Orizona - GO,16399,35,35,213.4276,186.4614,66.7878,0.5240,38,38,231.7214,203.4965,70.7855,0.5368,4,27,4
5215405,521540,Ouro Verde de Goiás - GO,4057,18,18,443.6776,396.5741,16.7097,1.0772,19,19,468.3263,414.7905,17.7033,1.0732,6,8,4
5215504,521550,Ouvidor - GO,7200,28,28,388.8889,373.1122,26.3866,1.0611,31,31,430.5556,414.4339,27.9899,1.1075,4,22,2
5215603,521560,Padre Bernardo - GO,34967,86,86,245.9462,285.4406,105.5270,0.8150,95,95,271.6847,314.5014,112.1136,0.8474,19,52,15
5215652,521565,Palestina de Goiás - GO,3132,7,7,223.4994,194.9422,13.1721,0.5314,7,7,223.4994,194.9422,13.9531,0.5017,0,6,1
5215702,521570,Palmeiras de Goiás - GO,31858,115,115,360.9768,411.5248,97.1043,1.1843,122,122,382.9493,435.8491,103.2062,1.1821,32,74,9
5215801,521580,Palmelo - GO,2259,11,11,486.9411,379.0359,10.8182,1.0168,12,12,531.2085,406.4925,11.4496,1.0481,2,9,0
5215900,521590,Palminópolis - GO,3851,16,16,415.4765,366.1040,16.8341,0.9505,19,19,493.3783,430.7325,17.8301,1.0656,1,12,3
5216007,521600,Panamá - GO,2455,11,11,448.0652,315.8316,12.2107,0.9009,11,11,448.0652,315.8316,12.9203,0.8514,1,8,2
5216304,521630,Paranaiguara - GO,7607,51,51,670.4351,517.4669,34.8469,1.4635,52,52,683.5809,526.7537,36.8946,1.4094,13,31,7
5216403,521640,Paraúna - GO,10659,53,53,497.2324,484.2902,38.0596,1.3926,55,55,515.9959,504.1238,40.3804,1.3620,15,32,6
5216452,521645,Perolândia - GO,2964,8,8,269.9055,257.8088,10.0770,0.7939,8,8,269.9055,257.8088,10.6930,0.7482,0,7,1
5216809,521680,Petrolina de Goiás - GO,9573,44,44,459.6260,365.6753,42.4028,1.0377,46,46,480.5181,384.8946,44.9065,1.0244,5,37,2
5216908,521690,Pilar de Goiás - GO,2328,14,14,601.3746,499.6418,10.1398,1.3807,15,15,644.3299,527.3072,10.7384,1.3969,3,7,4
5217104,521710,Piracanjuba - GO,24883,95,95,381.7868,298.7295,113.2674,0.8387,103,103,413.9372,324.6716,119.9369,0.8588,17,66,12
5217203,521720,Piranhas - GO,11712,81,81,691.5984,548.3443,51.0023,1.5882,88,88,751.3661,595.3423,54.0220,1.6290,22,47,12
5217302,521730,Pirenópolis - GO,26690,66,66,247.2836,227.4250,100.6575,0.6557,71,71,266.0172,245.2037,106.7300,0.6652,14,46,6
5217401,521740,Pires do Rio - GO,32373,158,158,488.0610,450.2194,121.8153,1.2970,179,179,552.9299,509.7468,129.2042,1.3854,48,89,21
5217609,521760,Planaltina - GO,105031,297,297,282.7737,445.9832,237.0078,1.2531,317,317,301.8157,470.4853,252.7739,1.2541,68,196,33
5217708,521770,Pontalina - GO,18309,85,85,464.2526,375.7271,79.6534,1.0671,89,89,486.0997,393.7338,84.3713,1.0549,20,55,10
5218003,521800,Porangatu - GO,44317,229,229,516.7317,515.7721,153.9930,1.4871,241,241,543.8094,543.2502,163.4071,1.4748,49,152,28
5218052,521805,Porteirão - GO,4070,25,25,614.2506,818.4252,10.8370,2.3069,25,25,614.2506,818.4252,11.5325,2.1678,8,15,2
5218102,521810,Portelândia - GO,3280,18,18,548.7805,441.7612,13.2704,1.3564,19,19,579.2683,469.3061,14.0627,1.3511,5,9,4
5218300,521830,Posse - GO,34914,74,74,211.9494,274.3635,93.1921,0.7941,81,81,231.9986,301.9807,99.1717,0.8168,12,49,13
5218391,521839,Professor Jamil - GO,3649,12,12,328.8572,287.9963,15.5488,0.7718,14,14,383.6668,328.8906,16.4681,0.8501,6,6,0
5218508,521850,Quirinópolis - GO,48447,200,200,412.8223,409.3660,169.7116,1.1785,208,208,429.3351,425.5958,180.1021,1.1549,33,156,11
5218607,521860,Rialma - GO,12165,60,60,493.2182,464.9953,44.6025,1.3452,65,65,534.3198,503.7830,47.3136,1.3738,13,42,5
5218706,521870,Rianápolis - GO,3980,16,16,402.0101,332.0719,16.4370,0.9734,19,19,477.3869,394.4989,17.4176,1.0909,1,12,3
5218789,521878,Rio Quente - GO,3864,11,11,284.6791,322.8740,11.5354,0.9536,11,11,284.6791,322.8740,12.2561,0.8975,0,9,2
5218805,521880,Rio Verde - GO,225696,783,783,346.9268,493.5318,568.2817,1.3778,838,838,371.2959,524.4577,605.5606,1.3838,332,408,43
5218904,521890,Rubiataba - GO,19788,112,112,565.9996,506.6735,77.1578,1.4516,119,119,601.3746,539.6742,81.7994,1.4548,20,86,6
5219001,521900,Sanclerlândia - GO,7918,38,38,479.9192,400.1845,33.4201,1.1370,39,39,492.5486,410.3545,35.4076,1.1015,14,19,5
5219100,521910,Santa Bárbara de Goiás - GO,6149,23,23,374.0446,373.5602,21.6509,1.0623,28,28,455.3586,450.4644,22.9716,1.2189,6,12,5
5219209,521920,Santa Cruz de Goiás - GO,3002,10,10,333.1113,262.9531,13.4835,0.7416,10,10,333.1113,262.9531,14.2742,0.7006,1,9,0
5219258,521925,Santa Fé de Goiás - GO,4951,29,29,585.7403,593.7952,16.8357,1.7225,31,31,626.1361,635.1363,17.8660,1.7351,3,23,3
5219308,521930,Santa Helena de Goiás - GO,38492,244,244,633.8980,602.6821,140.5614,1.7359,255,255,662.4753,629.9162,149.1062,1.7102,115,111,18
5219357,521935,Santa Isabel - GO,3538,19,19,537.0266,356.2135,17.8772,1.0628,20,20,565.2911,372.7003,18.9134,1.0575,3,11,5
5219407,521940,Santa Rita do Araguaia - GO,5924,14,14,236.3268,219.8324,22.2603,0.6289,14,14,236.3268,219.8324,23.6059,0.5931,3,7,4
5219456,521945,Santa Rita do Novo Destino - GO,2689,10,10,371.8855,329.1945,11.5357,0.8669,10,10,371.8855,329.1945,12.2156,0.8186,6,3,1
5219506,521950,Santa Rosa de Goiás - GO,2820,11,11,390.0709,309.0649,13.6239,0.8074,12,12,425.5319,333.4269,14.4188,0.8322,6,5,0
5219605,521960,Santa Tereza de Goiás - GO,3293,18,18,546.6140,416.0493,15.7346,1.1440,20,20,607.3489,464.4264,16.6515,1.2011,1,13,4
5219704,521970,Santa Terezinha de Goiás - GO,10645,38,38,356.9751,297.3990,43.6799,0.8700,40,40,375.7633,312.2683,46.2798,0.8643,8,22,8
5219712,521971,Santo Antônio da Barra - GO,4267,7,7,164.0497,150.8939,15.7298,0.4450,7,7,164.0497,150.8939,16.6805,0.4197,4,3,0
5219738,521973,Santo Antônio de Goiás - GO,7386,33,33,446.7912,490.8416,22.2235,1.4849,37,37,500.9477,558.9866,23.6151,1.5668,12,19,2
5219753,521975,Santo Antônio do Descoberto - GO,72127,198,198,274.5158,425.0544,166.3509,1.1903,224,224,310.5633,477.4474,177.3302,1.2632,64,114,20
5219803,521980,São Domingos - GO,9711,11,11,113.2736,113.2195,33.9795,0.3237,11,11,113.2736,113.2195,36.0468,0.3052,0,6,5
5219902,521990,São Francisco de Goiás - GO,6378,28,28,439.0091,379.0170,25.3469,1.1047,30,30,470.3669,405.0705,26.8632,1.1168,5,18,5
5220009,522000,São João d'Aliança - GO,14041,26,26,185.1720,270.7772,33.5174,0.7757,28,28,199.4160,288.7501,35.7278,0.7837,10,14,2
5220058,522005,São João da Paraúna - GO,1774,11,11,620.0676,461.4341,8.4193,1.3065,11,11,620.0676,461.4341,8.9105,1.2345,1,6,4
5220108,522010,São Luís de Montes Belos - GO,33852,194,194,573.0828,503.4141,134.6313,1.4410,204,204,602.6232,528.6739,142.7204,1.4294,39,136,19
5220157,522015,São Luiz do Norte - GO,4837,14,14,289.4356,297.9204,16.7143,0.8376,15,15,310.1096,316.1691,17.7335,0.8459,2,11,1
5220207,522020,São Miguel do Araguaia - GO,21900,89,89,406.3927,372.8473,83.4450,1.0666,93,93,424.6575,391.4945,88.4755,1.0511,15,64,10
5220264,522026,São Miguel do Passa Quatro - GO,4464,14,14,313.6201,267.8896,17.9885,0.7783,14,14,313.6201,267.8896,19.0606,0.7345,2,9,3
5220280,522028,São Patrício - GO,2143,11,11,513.2991,401.0972,9.4815,1.1602,12,12,559.9627,436.9494,10.0399,1.1952,6,4,1
5220405,522040,São Simão - GO,17020,69,69,405.4054,370.4173,64.1764,1.0752,70,70,411.2808,375.3127,68.0549,1.0286,11,52,6
5220454,522045,Senador Canedo - GO,155635,476,476,305.8438,528.6765,323.1197,1.4731,518,518,332.8300,573.9293,345.1884,1.5006,121,310,45
5220504,522050,Serranópolis - GO,8027,16,16,199.3273,204.7050,26.6412,0.6006,18,18,224.2432,229.6274,28.2868,0.6363,2,12,2
5220603,522060,Silvânia - GO,22245,50,50,224.7696,229.4805,76.9124,0.6501,55,55,247.2466,252.3653,81.6168,0.6739,2,40,8
5220686,522068,Simolândia - GO,5742,13,13,226.4020,253.3190,17.8880,0.7267,15,15,261.2330,293.7816,18.9994,0.7895,2,11,0
5220702,522070,Sítio d'Abadia - GO,2927,2,2,68.3293,62.8459,9.6286,0.2077,3,3,102.4940,102.0250,10.2210,0.2935,1,0,1
5221007,522100,Taquaral de Goiás - GO,4026,15,15,372.5782,296.0398,16.8863,0.8883,15,15,372.5782,296.0398,17.8915,0.8384,3,9,3
5221080,522108,Teresina de Goiás - GO,2701,6,6,222.1399,223.2675,8.7635,0.6847,6,6,222.1399,223.2675,9.3019,0.6450,1,5,0
5221197,522119,Terezópolis de Goiás - GO,7944,33,33,415.4079,475.4677,25.1204,1.3137,34,34,427.9960,488.4697,26.6790,1.2744,8,23,2
5221304,522130,Três Ranchos - GO,2921,12,12,410.8182,302.7116,13.7067,0.8755,12,12,410.8182,302.7116,14.5075,0.8272,5,7,0
5221403,522140,Trindade - GO,142431,612,612,429.6817,542.9020,388.1213,1.5768,662,662,464.7865,585.9373,413.0088,1.6029,199,364,49
5221452,522145,Trombas - GO,3120,10,10,320.5128,254.3005,14.6809,0.6812,11,11,352.5641,277.8285,15.5369,0.7080,0,8,2
5221502,522150,Turvânia - GO,4480,29,29,647.3214,490.1017,21.0016,1.3809,30,30,669.6429,506.4001,22.2306,1.3495,8,19,2
5221551,522155,Turvelândia - GO,4985,16,16,320.9629,418.1519,14.2797,1.1205,16,16,320.9629,418.1519,15.1804,1.0540,6,9,1
5221577,522157,Uirapuru - GO,2798,10,10,357.3981,288.7518,11.5324,0.8671,11,11,393.1380,321.0188,12.2161,0.9004,2,7,1
5221601,522160,Uruaçu - GO,42546,163,163,383.1147,385.2579,147.0517,1.1085,172,172,404.2683,406.5281,156.0676,1.1021,29,113,21
5221700,522170,Uruana - GO,13729,53,53,386.0441,317.5500,58.5749,0.9048,55,55,400.6118,328.7323,62.0500,0.8864,11,36,6
5221809,522180,Urutaí - GO,3553,5,5,140.7261,124.4273,14.2971,0.3497,5,5,140.7261,124.4273,15.1525,0.3300,1,3,1
5221858,522185,Valparaíso de Goiás - GO,198861,414,414,208.1856,378.1763,397.7689,1.0408,460,460,231.3174,417.1983,425.2544,1.0817,137,242,35
5221908,522190,Varjão - GO,3716,16,16,430.5705,332.3265,17.4530,0.9167,21,21,565.1238,437.6240,18.4723,1.1368,2,12,2
5222005,522200,Vianópolis - GO,14956,48,48,320.9414,333.6569,49.3128,0.9734,54,54,361.0591,375.8650,52.3576,1.0314,7,32,9
5222054,522205,Vicentinópolis - GO,8768,34,34,387.7737,477.1904,24.4228,1.3921,37,37,421.9891,514.0521,25.9815,1.4241,8,25,1
5222203,522220,Vila Boa - GO,4215,7,7,166.0735,272.9251,10.8751,0.6437,10,10,237.2479,350.5058,11.5731,0.8641,2,3,2
5222302,522230,Vila Propício - GO,5815,11,11,189.1660,196.2405,20.2413,0.5434,12,12,206.3629,212.9158,21.4731,0.5588,3,7,1
5300108,530010,Brasília - DF,2817381,9684,9681,343.7235,396.2894,8534.4470,1.1343,11356,11353,403.0694,464.4526,9070.8315,1.2516,3098,5859,727
