cd_ibge7,emendas_municipal,emendas_todos_favorecidos,emendas_municipal_individual,emendas_municipal_coletivas,emendas_municipal_pix,emendas_municipal_ind_PL,emendas_municipal_ind_esquerda,emendas_municipal_ind_demais
1100015,42206942.00,42206950.70,34527056.53,7679885.47,25570210.53,10829898.45,4682000.00,18926952.08
1100023,86126780.73,90537139.78,47850686.19,38276094.54,28910126.19,15408879.08,1480000.00,30111759.11
1100031,18625249.75,18627579.75,16252103.00,2373146.75,11524932.00,6218056.00,782000.00,9252047.00
1100049,72375434.20,75237690.12,43765877.56,28609556.64,20168000.00,17142765.00,4166185.00,19133100.56
1100056,32589142.97,32785912.88,22726651.00,9862491.97,12554746.00,12499075.00,1741821.00,6135755.00
1100064,41240867.62,45028486.83,35202156.14,6038711.48,17830000.00,14160155.00,0.00,16436630.00
1100072,10244359.97,10407900.74,7832179.97,2412180.00,4036000.00,2986000.00,492000.00,3167198.00
1100080,17858542.99,17858548.12,11578895.00,6279647.99,5510000.00,3319353.00,0.00,4596542.00
1100098,44773811.03,45944458.28,37915816.00,6857995.03,22979750.00,20392269.00,1607792.00,15376755.00
1100106,37350382.11,40316104.36,22430707.00,14919675.11,10024510.00,13292569.00,0.00,8288138.00
1100114,66511577.49,68359491.98,28696536.99,37815040.50,17639047.99,5565285.00,672000.00,22459251.99
1100122,115882274.16,126998173.81,67585543.07,48296731.09,31172900.08,32471188.00,6065002.99,28299352.08
1100130,45500223.27,45636740.40,30500469.23,14999754.04,15419019.00,16449336.23,884000.00,13167133.00
1100148,28761942.31,28761942.31,24185283.00,4576659.31,12191659.00,5768942.00,400000.00,14296341.00
1100155,90066969.83,90305381.05,31860570.99,58206398.84,12708016.85,15518217.85,240000.00,16035496.00
1100189,37954041.77,38046310.46,22332509.00,15621532.77,9587750.00,8481153.00,400000.00,13212500.00
1100205,228884267.91,614914531.92,82149281.38,146734986.53,34269500.00,20669720.00,3748000.00,48881136.00
1100254,46899761.46,51277799.32,37395651.44,9504110.02,23080226.44,25780015.44,1727187.00,9349449.00
1100262,13534225.08,13534875.08,10913262.08,2620963.00,7346736.08,4436879.00,336000.00,5390567.08
1100288,121481860.84,122801666.49,60815768.99,60666091.85,35187839.23,11306505.00,3836000.00,36598263.99
1100296,36370671.60,36370671.60,31686980.10,4683691.50,24112860.10,13003690.00,1995642.00,15047272.00
1100304,105072666.74,109754236.74,74973545.46,30099121.28,21047655.46,36361485.00,1745200.00,32794140.46
1100320,25864819.00,26342663.82,21186152.00,4678667.00,10421182.00,6240970.00,1700000.00,8345500.00
1100338,68637391.34,68809186.50,51059771.29,17577620.05,42470777.77,22235392.72,3511249.00,21068129.57
1100346,29170148.06,29170953.06,22427241.06,6742907.00,9774148.06,5919360.00,0.00,13124145.08
1100379,25120585.54,25128363.72,18085495.00,7035090.54,9545500.00,5142916.00,672000.00,12270579.00
1100403,39889141.24,39954985.64,27543804.00,12345337.24,19992555.00,7840000.00,1536000.00,16553637.00
1100452,27652060.41,27956177.63,16894366.20,10757694.21,8855091.84,8329463.00,239950.00,8188124.20
1100502,20992144.69,21022944.69,17157152.50,3834992.19,9504317.50,4547000.00,492000.00,11222152.50
1100601,22595612.72,22595612.72,15198547.00,7397065.72,9588750.00,7235621.00,200000.00,7724926.00
1100700,19597356.38,19598876.38,15292008.00,4305348.38,9153329.00,6450874.00,539485.00,8301649.00
1100809,19043472.29,19096916.77,15046704.86,3996767.43,8078047.86,3507000.00,2117600.00,9022104.86
1100908,13294620.58,13294620.58,11120720.59,2173899.99,6833993.03,3134284.03,298692.00,4422150.46
1100924,26873710.90,26971586.04,23278779.80,3594931.10,13132543.00,10064146.00,734257.00,11586385.80
1100940,29969277.00,29970657.00,22961506.00,7007771.00,13239542.00,5724129.00,1480000.00,15757377.00
1101005,16768317.78,16772682.18,12141778.00,4626539.78,7571400.00,2346118.00,300000.00,9495660.00
1101104,35174578.13,35174578.13,21091349.13,14083229.00,13506318.29,7215434.00,960000.00,10589931.29
1101203,16198833.66,18329845.01,10491529.00,5707304.66,4970909.00,5928445.00,888000.00,3144925.00
1101302,21725067.20,21844239.31,17548850.00,4176217.20,9981098.00,7954978.00,1167098.00,7476774.00
1101401,35559996.08,35563184.88,23751699.32,11808296.76,12951222.32,4564140.32,936022.00,15334783.00
1101435,15405684.00,15405684.00,12322036.00,3083648.00,7970699.00,8688912.00,0.00,3283124.00
1101450,7419434.00,7421570.00,6551830.00,867604.00,3346000.00,3066000.00,800000.00,2685830.00
1101468,6328613.00,6331563.00,4878613.00,1450000.00,2995750.00,1795750.00,300000.00,2758323.00
1101476,19111125.76,19111125.76,13280260.00,5830865.76,9420738.00,7792522.00,659238.00,4828500.00
1101484,27990465.09,27996025.09,27262792.00,727673.09,20322313.00,10462976.00,800000.00,14609816.00
1101492,28763384.00,28770270.44,25262145.00,3501239.00,14011592.00,15102582.00,1639200.00,8020363.00
1101500,26290887.54,26290887.54,17854016.00,8436871.54,5880998.00,5413522.00,1394680.00,9055814.00
1101559,9495896.00,9495896.00,6462261.00,3033635.00,3755682.00,2004079.00,200000.00,3214182.00
1101609,30409748.89,30411638.89,26400122.89,4009626.00,14960884.89,9384320.00,480000.00,16135802.89
1101708,41427483.76,41429487.88,30349358.44,11078125.32,22227227.44,18825977.44,1053931.00,10069450.00
1101757,24095008.00,24098959.60,21196828.00,2898180.00,17360000.00,7202786.00,540000.00,13154042.00
1101807,15539197.28,15539197.28,14355837.00,1183360.28,7159050.00,7477155.00,300000.00,6078682.00
1200013,58909277.90,58909277.90,41051900.90,17857377.00,28620621.50,0.00,0.00,40708900.90
1200054,45604951.93,45604951.93,30912766.00,14692185.93,19830421.00,0.00,2833517.00,26933249.00
1200104,60128889.69,60507962.69,41686480.20,18442409.49,25407332.67,0.00,1586000.00,40100480.20
1200138,22334770.09,22338366.09,12092467.05,10242303.04,5548504.00,0.00,0.00,11592202.57
1200179,38024294.40,38451563.40,32734050.40,5290244.00,18262345.00,0.00,350000.00,31752050.40
1200203,145821355.62,147629744.38,98168825.07,47652530.55,46921055.32,0.00,4519259.00,92961028.12
1200252,67335210.73,67338911.03,43515670.71,23819540.02,28931753.00,0.00,1293200.00,41378455.00
1200302,56532682.63,56931920.65,41325195.20,15207487.43,25453629.08,0.00,370477.00,40562718.20
1200328,29928131.39,29928131.39,19564586.17,10363545.22,7129682.00,0.00,4453682.00,15110904.17
1200336,63001342.58,64962336.58,49009802.57,13991540.01,31936858.98,0.00,1804034.92,46885313.76
1200344,22071715.82,22183318.22,13853508.08,8218207.74,6063500.00,0.00,0.00,13655508.08
1200351,40597943.37,40597943.37,31872603.43,8725339.94,17098343.51,0.00,900000.00,30789007.51
1200385,53417616.87,53711018.88,33261639.77,20155977.10,18948609.69,0.00,300000.00,32332123.34
1200393,38788473.73,39088473.73,24873040.35,13915433.38,14772172.00,0.00,750000.00,23939314.91
1200401,226662296.93,1036762645.88,115091647.17,111570649.76,24603362.22,0.00,2865443.22,108505587.49
1200427,61066480.12,61066480.12,45025705.38,16040774.74,31210107.44,0.00,1943750.00,42886133.86
1200435,24515082.31,24515782.31,17813953.05,6701129.26,11260761.00,0.00,0.00,17615953.05
1200450,77088341.48,77229553.45,49656352.64,27431988.84,39441723.86,0.00,100000.00,49256352.64
1200500,136472369.16,144024843.75,101037940.92,35434428.24,79007231.52,0.00,0.00,68975469.83
1200609,87147596.10,87748756.10,69908953.31,17238642.79,45513470.88,0.00,16029070.31,53879883.00
1200708,36550834.42,36645733.85,25667521.00,10883313.42,17409709.00,0.00,3976513.00,21201008.00
1200807,37676816.03,39236351.22,25395661.56,12281154.47,10152548.56,0.00,1600000.00,23408661.56
1300029,53111202.92,53111202.92,31016062.23,22095140.69,7453077.23,7590965.15,0.00,23425097.08
1300060,20644195.28,20644195.28,4495000.00,16149195.28,495000.00,0.00,0.00,4495000.00
1300086,19258707.00,19299290.27,8159000.00,11099707.00,1396000.00,396000.00,0.00,7763000.00
1300102,28193792.24,28396790.15,12175682.00,16018110.24,3175682.00,495000.00,0.00,11680682.00
1300144,44863271.80,44863271.80,13088196.93,31775074.87,4766000.00,4286000.00,149977.00,8652219.93
1300201,15377378.82,15377378.82,4991132.65,10386246.17,1000000.00,0.00,0.00,4991132.65
1300300,74954400.39,74954400.39,37843198.87,37111201.52,13387512.08,9021233.00,0.00,28821965.87
1300409,43611312.91,43611312.91,17471000.00,26140312.91,3371000.00,3400000.00,0.00,14071000.00
1300508,38552409.55,38552409.55,17030668.75,21521740.80,4400000.00,800000.00,0.00,15782254.75
1300607,55530387.44,55530387.44,16575050.00,38955337.44,3732000.00,0.00,306686.00,16268364.00
1300631,42332766.00,42332766.00,16575986.00,25756780.00,1500000.00,900000.00,0.00,15675986.00
1300680,24508759.86,24508759.86,8313418.00,16195341.86,198000.00,0.00,0.00,8313418.00
1300706,34507671.85,34508118.45,13416817.14,21090854.71,2588500.00,1694500.00,0.00,11722317.14
1300805,44247078.16,44247078.16,16190000.00,28057078.16,1290000.00,1500000.00,0.00,14690000.00
1300839,23171598.37,23459939.45,10050439.00,13121159.37,2477525.00,0.00,0.00,10050439.00
1300904,18077001.44,18077001.44,7616095.73,10460905.71,1916095.73,0.00,0.00,7616095.73
1301001,56373507.50,56373507.50,19407809.00,36965698.50,5025000.00,1693000.00,0.00,16714809.00
1301100,90452035.70,90551934.02,25381170.00,65070865.70,15231170.00,0.00,0.00,25381170.00
1301159,22638625.59,22638625.59,10449475.00,12189150.59,3161475.00,1500000.00,0.00,8949475.00
1301209,181129262.72,181272537.60,98409863.51,82719399.21,68275975.81,2167000.00,0.00,92091821.05
1301308,15531520.00,15531520.00,7719355.00,7812165.00,3928000.00,0.00,0.00,7719355.00
1301407,61084575.40,61571469.30,21151162.00,39933413.40,12251162.00,0.00,0.00,21151162.00
1301506,19356768.67,19646888.67,6882037.10,12474731.57,3382500.00,0.00,0.00,6882037.10
1301605,31714614.26,32014595.86,17223409.26,14491205.00,3488000.00,500000.00,0.00,16723409.26
1301654,11261767.46,11261767.46,3480000.00,7781767.46,0.00,0.00,0.00,3480000.00
1301704,34558006.00,36829131.57,11256392.00,23301614.00,2977792.00,2392000.00,0.00,8619392.00
1301803,35752860.90,35752860.90,17256004.00,18496856.90,6976000.00,900000.00,0.00,16356004.00
1301852,30136319.67,34889210.88,5400000.00,24736319.67,400000.00,0.00,0.00,5400000.00
1301902,105513075.14,105564464.18,20669659.00,84843416.14,2927659.00,787659.00,400000.00,19482000.00
1301951,33044667.74,33074667.74,7710380.00,25334287.74,1974682.00,0.00,0.00,7362674.00
1302009,29042573.00,29042573.00,10465057.00,18577516.00,961850.00,0.00,0.00,10383457.00
1302108,21340647.36,21340647.36,9243000.00,12097647.36,2000000.00,0.00,0.00,9243000.00
1302207,40267161.96,40267161.96,17984284.00,22282877.96,10579291.00,5500000.00,0.00,12484284.00
1302306,20826345.45,20826345.45,7906320.87,12920024.58,2000000.00,0.00,0.00,7906320.87
1302405,58978050.00,59178380.24,25188498.30,33789551.70,8400000.00,1690000.00,0.00,23495250.78
1302504,106888232.37,107981758.16,45185468.69,61702763.68,17568475.50,1998774.00,114946.73,42520023.82
1302553,35924563.57,35924563.57,6678997.57,29245566.00,1029001.00,0.00,0.00,6678997.57
1302603,163254720.66,746912239.45,36557850.00,126696870.66,25395750.00,3000000.00,750000.00,31783250.00
1302702,60446050.70,60446050.70,23947477.00,36498573.70,5590000.00,2000000.00,0.00,21947477.00
1302801,22863551.51,22863551.51,9050012.51,13813539.00,3099783.00,500000.00,0.00,8550012.51
1302900,68360976.72,68371203.70,22108911.92,46252064.80,13995223.50,0.00,0.00,22108911.92
1303007,47130369.00,47130369.00,29018943.00,18111426.00,14339682.00,2564682.00,0.00,26454261.00
1303106,27952315.55,27952315.55,12529009.23,15423306.32,2220437.65,700000.00,0.00,11829009.23
1303205,46621022.83,46621022.83,9715278.17,36905744.66,720000.00,0.00,0.00,9715278.17
1303304,23220439.00,23220439.00,7945519.00,15274920.00,495000.00,495000.00,0.00,7450519.00
1303403,223785571.69,224368843.54,73383188.00,150402383.69,33706330.00,2050000.00,0.00,70473688.00
1303502,24009852.62,24009852.62,8125802.89,15884049.73,2145802.89,496802.89,0.00,7629000.00
1303536,49335839.76,49396433.76,20166809.95,29169029.81,3986000.00,900000.00,0.00,19266809.95
1303569,49064921.45,49173550.81,18768675.00,30296246.45,10630825.00,4266000.00,0.00,14502675.00
1303601,30991839.44,30991839.44,10537760.44,20454079.00,30893.00,1744100.00,0.00,8411660.44
1303700,22191348.80,22191348.80,10783000.00,11408348.80,4130000.00,900000.00,0.00,9662500.00
1303809,25039357.01,25826631.58,7920470.38,17118886.63,2528550.00,0.00,0.00,7920470.38
1303908,38001142.78,38001142.78,12823500.00,25177642.78,6423500.00,895000.00,0.00,11928500.00
1303957,19306677.00,19306677.00,8033500.00,11273177.00,5033500.00,0.00,0.00,8033500.00
1304005,18050389.39,18050389.39,8440000.00,9610389.39,2090000.00,0.00,0.00,8440000.00
1304062,36085362.20,36282347.63,18730809.95,17354552.25,1600000.00,0.00,360990.00,18369819.95
1304104,43143797.11,43731783.04,14741964.00,28401833.11,7211964.00,0.00,0.00,14741964.00
1304203,182385845.01,185151782.45,86968264.07,95417580.94,21420152.17,495000.00,0.00,86473264.07
1304237,43680963.34,43680963.34,20083131.19,23597832.15,11212853.19,0.00,0.00,20083131.19
1304260,25747438.10,25747438.10,7550345.10,18197093.00,1426000.00,400000.00,0.00,7150345.10
1304302,19048198.97,19057958.97,8898157.44,10150041.53,2898157.44,908157.44,0.00,7990000.00
1304401,36100580.20,36100580.20,14152309.00,21948271.20,5511209.00,1792000.00,1729209.00,10097000.00
1400027,88527764.36,88534163.65,50768823.48,37758940.88,39032466.31,0.00,5493281.16,44830668.93
1400050,96716121.73,97380836.11,60220063.98,36496057.75,42120358.99,0.00,6107485.99,53161077.99
1400100,515574987.91,1006195886.73,276168787.22,239406200.69,26477114.08,2398037.00,93482002.00,173702574.20
1400159,87844314.30,88261490.37,56979146.32,30865167.98,43795567.63,0.00,2114359.00,52941365.72
1400175,121822396.26,123471537.90,62288469.13,59533927.13,39119158.84,0.00,7979095.61,50391333.52
1400209,54755928.67,55735201.43,39294015.81,15461912.86,29370686.95,27372.12,4605000.00,34658076.95
1400233,88790741.03,89527005.71,69215662.55,19575078.48,59611146.55,0.00,14169159.42,55046503.13
1400282,99370129.79,99695738.75,63707077.38,35663052.41,52600276.34,0.00,4350000.00,58170830.66
1400308,175688839.24,175783198.35,87205848.49,88482990.75,68869931.49,17761373.00,18298100.00,50382375.49
1400407,83434166.60,83435966.60,59511609.60,23922557.00,48585508.68,400000.00,3783375.92,55328233.68
1400456,67002447.41,67610377.02,59079391.01,7923056.40,43611222.94,0.00,1443511.98,57635879.03
1400472,101755514.69,108311968.74,66056621.09,35698893.60,47913217.07,0.00,0.00,66056621.09
1400506,68182855.29,68594747.82,50512075.76,17670779.53,46358331.55,0.00,13032818.00,37479257.76
1400605,119140350.92,120432207.02,94930349.00,24210001.92,86330718.00,2250000.00,24330493.00,68349856.00
1400704,44646102.09,44787432.39,24092440.94,20553661.15,17549049.50,0.00,5451521.44,18640919.50
1500107,25442675.00,25442675.00,13318317.00,12124358.00,4955950.00,2989750.00,2556000.00,7772567.00
1500131,4499941.00,4499941.00,4199941.00,300000.00,0.00,400000.00,700000.00,3099941.00
1500206,20581000.00,20587946.60,19131000.00,1450000.00,12731000.00,300000.00,17531000.00,1300000.00
1500305,23613071.08,23613071.08,10553984.00,13059087.08,4783010.00,4356416.00,0.00,6197568.00
1500347,19681289.05,20349789.05,8614741.55,11066547.50,676748.55,5000000.00,300000.00,3314741.55
1500404,17462963.35,17462963.35,12072891.00,5390072.35,7583000.00,300000.00,2649971.00,9122920.00
1500503,34791733.39,34793642.43,15112375.62,19679357.77,10124313.00,0.00,3000000.00,12024313.00
1500602,36219261.00,41244062.52,24247256.00,11972005.00,9045500.00,6821473.00,2500000.00,14925783.00
1500701,16642810.23,16659393.43,9490810.23,7152000.00,5131000.00,2810019.00,0.00,6680791.23
1500800,174677874.03,185363438.16,92355293.18,82322580.85,54800945.06,2000000.00,3972862.00,86243179.58
1500859,13126669.10,13126669.10,7941070.00,5185599.10,4643000.00,4146070.00,1400000.00,2395000.00
1500909,47582793.15,47582793.15,29492531.00,18090262.15,23742531.00,0.00,1300000.00,28192531.00
1500958,30123746.95,30123746.95,20595500.00,9528246.95,10865500.00,3285000.00,7182500.00,10128000.00
1501006,8756652.00,8756652.00,4906751.00,3849901.00,1036619.00,359246.00,3036619.00,1510886.00
1501105,71641666.42,71641666.42,45289621.04,26352045.38,35289621.04,20414806.04,5690000.00,19184815.00
1501204,18176646.20,18176646.20,6870003.20,11306643.00,2790089.20,495000.00,1380000.00,4995003.20
1501253,7570442.89,7570442.89,5149317.89,2421125.00,2149258.89,1000000.00,788333.00,3360984.89
1501303,3354732.67,3364974.09,1500000.00,1854732.67,1500000.00,0.00,0.00,1500000.00
1501402,71963908.55,400533436.43,42111368.55,29852540.00,25818838.00,6877254.16,16747312.00,17574925.00
1501451,10059293.17,11059293.17,7994113.02,2065180.15,4333840.00,1000000.00,1172969.21,5821143.81
1501501,24862054.86,25190848.49,18707180.58,6154874.28,15436500.00,229807.69,3600000.00,14877372.89
1501576,15586003.33,15586003.33,10687002.33,4899001.00,3538090.55,2094428.00,2802425.78,5790148.55
1501600,18020271.00,18020271.00,11074235.00,6946036.00,5318250.00,934413.00,1490000.00,8649822.00
1501709,37580730.16,37597030.16,18697367.00,18883363.16,6746699.00,1165250.00,1600000.00,15932117.00
1501725,77372532.78,77372532.78,57037070.07,20335462.71,48737449.07,7549621.00,13350833.00,36136616.07
1501758,14817837.61,14817837.61,10529413.55,4288424.06,4572090.55,1754375.00,1049890.00,7725148.55
1501782,42914007.37,42914007.37,25955577.15,16958430.22,9912362.15,4298555.00,6250717.00,15406305.15
1501808,30740650.71,31240650.71,19842203.71,10898447.00,5355474.00,880000.00,1785667.69,14089169.60
1501907,25919630.36,25919630.36,13777026.36,12142604.00,9059512.60,3004495.60,199913.76,10572617.00
1501956,15356550.25,15356550.25,9758500.00,5598050.25,6358500.00,0.00,5974000.00,3784500.00
1502004,4850000.00,4850000.00,3600000.00,1250000.00,800000.00,500000.00,500000.00,2600000.00
1502103,33818029.68,33818029.68,20714475.68,13103554.00,6837833.00,1100000.00,8893465.03,10721010.65
1502152,3847377.00,11434328.08,2847377.00,1000000.00,847000.00,847000.00,0.00,2000377.00
1502202,32006479.32,33428989.94,24032828.32,7973651.00,4679719.00,3600219.00,6300000.00,14132609.32
1502301,29197307.43,29197307.43,22294209.00,6903098.43,14294209.00,500000.00,18465000.00,3329209.00
1502400,46390607.84,50521089.72,35203210.78,11187397.06,23006201.30,5910025.00,10672480.41,18442419.66
1502509,19231008.00,19231008.00,9426209.00,9804799.00,2226209.00,3700000.00,2000000.00,3726209.00
1502608,4511613.54,4593629.54,4061613.54,450000.00,1212898.54,848715.00,0.00,3212898.54
1502707,21716560.65,23350460.53,10880409.56,10836151.09,9121226.00,6284193.56,260998.00,4335218.00
1502756,17494950.00,17494950.00,8788333.00,8706617.00,4788333.00,0.00,8288333.00,500000.00
1502764,16653881.20,16953881.16,10524615.20,6129266.00,5924589.20,1194468.00,696000.00,8634147.20
1502772,3000000.00,3000000.00,3000000.00,0.00,0.00,0.00,0.00,3000000.00
1502806,30667444.00,30667444.00,14672133.00,15995311.00,4707149.00,4905494.00,700000.00,9066639.00
1502855,8635482.00,8635482.00,5335000.00,3300482.00,2385000.00,1850000.00,0.00,3485000.00
1502905,71659079.19,71659079.19,49373605.09,22285474.10,42453612.09,28555993.00,2650462.22,18167149.87
1502939,29870889.78,30109639.78,13713212.00,16157677.78,2879000.00,4900000.00,1334212.00,7479000.00
1502954,14973495.37,15026884.82,8380358.00,6593137.37,5112000.00,1812000.00,3000000.00,3568358.00
1503002,4847165.57,4847165.57,2796815.57,2050350.00,1442129.05,0.00,0.00,2796815.57
1503044,25445037.10,26445037.10,18505992.05,6939045.05,12088981.40,1370000.00,8520000.00,8491417.40
1503077,14362572.00,14362572.00,2500000.00,11862572.00,0.00,0.00,500000.00,2000000.00
1503093,19647640.00,19651217.63,13246640.00,6401000.00,4797510.00,2350000.00,3847500.00,7049140.00
1503101,6807322.00,7937322.00,5507322.00,1300000.00,2638500.00,1678832.00,0.00,3828490.00
1503200,16324889.12,16330317.12,12541894.54,3782994.58,2646500.00,0.00,3000000.00,9357901.28
1503309,38417267.77,38417267.77,24587155.00,13830112.77,17140902.00,2726668.00,16039592.00,5820895.00
1503408,21269950.94,21269950.94,14119219.00,7150731.94,9619219.00,0.00,0.00,14119219.00
1503457,32171710.15,32171710.15,20194077.18,11977632.97,10440083.00,4018663.00,7605414.18,8570000.00
1503507,46030262.87,46030262.87,35135890.59,10894372.28,27496143.59,2689000.00,5500000.00,26946890.59
1503606,26418185.15,42403539.59,12819140.50,13599044.65,5469500.00,1998425.00,999712.50,9821003.00
1503705,45804506.35,45804506.35,31058553.55,14745952.80,16521990.55,5226500.00,7169000.00,18663053.55
1503754,7268950.00,7268950.00,4713299.00,2555651.00,3247000.00,0.00,797000.00,3916299.00
1503804,25365917.00,25634667.00,16833851.00,8532066.00,5637303.00,1551992.00,4652007.00,10629852.00
1503903,14430556.54,14430556.54,10852612.08,3577944.46,9852612.08,396000.00,0.00,10456612.08
1504000,14452136.24,14452136.24,6334146.21,8117990.03,1886000.00,1752019.00,638127.21,3944000.00
1504059,31970741.44,31970741.44,10989966.40,20980775.04,4021000.00,1894000.00,1089699.40,7931267.00
1504109,11261839.00,11261839.00,5515359.00,5746480.00,2347000.00,1000000.00,0.00,4515359.00
1504208,31155078.89,47791091.33,12925616.09,18229462.80,9542754.00,11301434.77,0.00,1386000.00
1504307,11708600.57,11710000.57,8668242.37,3040358.20,7579292.00,300000.00,990000.00,7378242.37
1504406,15942262.51,15942262.51,13033468.51,2908794.00,9112660.50,790160.50,2150000.00,10093308.01
1504422,28314124.66,31894881.65,16521275.66,11792849.00,10383333.00,1083819.98,3338333.00,11615890.00
1504455,19586947.29,19587693.89,11176359.00,8410588.29,6225533.00,2684084.00,3033333.00,5458942.00
1504505,15945165.00,15945165.00,10956262.00,4988903.00,2856262.00,0.00,2327053.00,8629209.00
1504604,19771522.51,19771522.51,15071522.51,4700000.00,4975000.00,4000000.00,3000000.00,8071522.51
1504703,12824468.00,12824468.00,8499986.00,4324482.00,5900000.00,0.00,0.00,8499986.00
1504752,14261636.00,14261636.00,8680841.00,5580795.00,4690841.00,590000.00,700000.00,7390841.00
1504802,17067083.67,17067083.67,9236414.67,7830669.00,2569146.74,2870979.57,1146288.36,5219146.74
1504901,41270108.05,41270108.05,26936106.05,14334002.00,10924088.00,4908018.05,5980000.00,16048088.00
1504950,5204282.96,5204282.96,2445000.00,2759282.96,495000.00,0.00,0.00,2445000.00
1504976,22444726.55,22444726.55,16605836.55,5838890.00,9282090.55,500000.00,5536888.00,10568948.55
1505007,19269521.00,19269521.00,15110447.00,4159074.00,2745000.00,5400000.00,2700000.00,7010447.00
1505031,22131840.15,22431840.15,14706612.52,7425227.63,7927577.52,8021829.52,259901.00,5912047.00
1505064,37019446.05,37025596.05,22669345.00,14350101.05,8045350.00,12575745.00,1650000.00,8443600.00
1505106,18645379.30,18673374.28,11175098.62,7470280.68,3102201.40,0.00,1000000.00,10023859.23
1505205,5347130.38,5347130.38,5295522.00,51608.38,995522.00,2500000.00,522.00,2795000.00
1505304,17135325.37,17435325.37,12145000.00,4990325.37,2495000.00,4150000.00,0.00,7995000.00
1505403,15138120.68,15138120.68,11736394.68,3401726.00,3320465.00,1000000.00,4313929.68,6422465.00
1505437,17805255.24,17812005.24,8977607.00,8827648.24,2165600.00,8627607.00,0.00,350000.00
1505486,18292057.13,18292057.13,8539916.00,9752141.13,6235792.00,1350000.00,505792.00,6684124.00
1505494,10459339.03,10459339.03,7547058.00,2912281.03,1597000.00,1797000.00,0.00,5750058.00
1505502,23292959.67,27042144.60,16223932.00,7069027.67,7861339.00,2542283.00,0.00,13568839.00
1505536,15861263.51,18618495.68,11394694.00,4466569.51,7972470.00,6774970.00,3497500.00,1122224.00
1505551,20046943.00,23066653.00,11977085.00,8069858.00,4769177.00,3510357.00,4496000.00,3712878.00
1505601,6470558.14,6757058.14,4050558.14,2420000.00,1250000.00,0.00,0.00,3983701.00
1505635,11854273.00,11854273.00,8554142.00,3300131.00,3092500.00,1297500.00,3256584.00,4000058.00
1505650,27200306.12,27785724.34,17965141.00,9235165.12,7740000.00,480000.00,8945141.00,8540000.00
1505700,13788793.40,13788793.40,6485369.00,7303424.40,2285369.00,0.00,0.00,6485369.00
1505809,41769535.00,41769535.00,19268001.00,22501534.00,8468000.00,2000000.00,500000.00,16768001.00
1505908,18716813.00,18718033.26,18716813.00,0.00,16416813.00,300000.00,0.00,18416813.00
1506005,14306615.00,14306615.00,9612712.00,4693903.00,4531910.00,898910.00,1799812.00,6913990.00
1506104,16599276.01,16599276.01,12489901.96,4109374.05,10180000.00,0.00,9430000.00,3059901.96
1506112,10203175.00,10203175.00,5347088.00,4856087.00,495000.00,1000000.00,500000.00,3847088.00
1506138,43648666.53,44245798.36,34222722.53,9425944.00,21989334.78,11413472.75,6898000.00,15911249.78
1506161,16361432.33,16361432.33,9350242.69,7011189.64,4946000.00,1750000.00,1883306.00,5716936.69
1506187,16286289.97,16288858.97,9888118.97,6398171.00,3973543.59,1465847.00,495000.00,7688521.97
1506195,17499699.40,17501025.10,11660670.23,5839029.17,1925000.00,4794996.00,430174.23,6435500.00
1506203,4222006.91,4692973.28,2385369.00,1836637.91,1185369.00,300000.00,0.00,2085369.00
1506302,10313000.00,10313000.00,6313000.00,4000000.00,5313000.00,0.00,3480000.00,2833000.00
1506351,12117543.00,12117543.00,9020161.00,3097382.00,4275000.00,299979.00,5875000.00,2845182.00
1506401,2387993.00,2387993.00,2087993.00,300000.00,800000.00,0.00,500000.00,1587993.00
1506500,33144845.36,33351674.39,18986074.54,14158770.82,3576500.00,600000.00,6576500.00,11800000.00
1506559,4294211.00,4294211.00,1595212.00,2698999.00,366300.00,366300.00,228912.00,1000000.00
1506583,12280847.93,12280847.93,7589128.61,4691719.32,3154115.00,1734552.00,2559580.61,3294996.00
1506609,12196286.49,12196286.49,6899073.13,5297213.36,4655000.00,1200000.00,154923.98,5544149.15
1506708,26980035.00,27218785.00,16071714.00,10908321.00,3995169.00,6046952.00,1700000.00,8324762.00
1506807,78716493.49,85150802.99,46893093.87,31823399.62,25811673.87,3392979.00,7458569.08,36041545.79
1506906,14275815.00,14514565.00,11504553.00,2771262.00,6165000.00,500000.00,4780000.00,6004553.00
1507003,14105370.00,14105370.00,7155370.00,6950000.00,3105370.00,1300000.00,500000.00,5355370.00
1507102,7437051.37,7437051.37,5937051.37,1500000.00,2100000.00,1644480.00,0.00,4292571.37
1507151,13176714.94,13476714.94,7165967.54,6010747.40,4015967.54,1947000.00,1500000.00,3718967.54
1507201,21539925.80,21539925.80,12001274.80,9538651.00,5360500.00,0.00,8120774.80,3880500.00
1507300,70049152.71,70055415.06,18630992.67,51418160.04,7004318.67,10595320.67,800000.00,7235672.00
1507409,8332862.72,8332862.72,4113210.45,4219652.27,1000000.00,0.00,1600000.00,2513210.45
1507458,18948119.80,19429782.27,12824482.10,6123637.70,5424483.50,6012737.00,0.00,6811745.10
1507466,3407993.00,3596465.90,3107993.00,300000.00,500000.00,0.00,0.00,3107993.00
1507474,7451613.00,7451613.00,4209892.00,3241721.00,0.00,549893.00,0.00,3659999.00
1507508,6817900.59,6817900.59,4415556.05,2402344.54,1953999.05,561499.00,0.00,3854057.05
1507607,74404545.94,74404545.94,48693529.59,25711016.35,38465167.59,8778361.00,2346000.00,37569168.59
1507706,16183065.71,16183065.71,10509639.71,5673426.00,5180643.71,3778996.00,800000.00,5930643.71
1507755,14613143.50,14613143.50,9574549.02,5038594.48,8074549.02,2976500.00,300000.00,6298049.02
1507805,22137694.00,22137694.00,14984740.00,7152954.00,8495000.00,1631000.00,9065000.00,4288740.00
1507904,12003790.00,12004947.00,6587465.00,5416325.00,3337465.00,0.00,500000.00,6087465.00
1507953,13382510.00,13382510.00,7990000.00,5392510.00,2190000.00,800000.00,200000.00,6990000.00
1507961,35985110.67,35985110.67,31288273.08,4696837.59,25766112.08,6023000.00,1270000.00,23995273.08
1507979,10620905.53,10620905.53,5500000.00,5120905.53,400000.00,1700000.00,0.00,3800000.00
1508001,38535544.56,38538338.21,22897945.68,15637598.88,8062745.68,11369140.00,2375987.18,9152818.50
1508035,19709780.43,19874780.43,9058016.50,10651763.93,6690016.50,318000.00,1225917.00,7514099.50
1508050,17570862.54,17746815.58,7915065.93,9655796.61,4283001.00,3390500.00,457290.20,4067275.73
1508084,16686917.50,17259917.50,12313917.50,4373000.00,7221682.50,5727860.00,0.00,6586057.50
1508100,91374568.12,97695043.21,42906512.00,48468056.12,16834505.00,6682920.00,1000000.00,35223592.00
1508126,27611093.79,27611093.79,10689163.00,16921930.79,5548970.00,5999163.00,1490000.00,3200000.00
1508159,53550927.41,53551674.01,34140075.17,19410852.24,13612535.17,5122711.19,7380234.00,21637129.98
1508209,32058893.50,32058893.50,27019278.00,5039615.50,17919278.00,1950000.00,0.00,25069278.00
1508308,21533358.30,21533358.30,19016713.00,2516645.30,16516713.00,1000000.00,500000.00,17516713.00
1508357,31250466.66,31250466.66,19968496.00,11281970.66,16968496.00,4867896.00,3500000.00,11600600.00
1508407,44759286.56,45173731.56,25370018.03,19389268.53,10776785.03,5459750.00,1000000.00,18910268.03
1600055,42207362.00,42207362.00,35386696.37,6820665.63,23421356.37,2697744.00,13034693.00,14158391.37
1600105,52479037.28,64401169.28,34095386.15,18383651.13,22153191.15,1160000.00,9281698.00,22438083.00
1600154,43073362.00,43073362.00,30289986.00,12783376.00,14685020.00,1299406.00,4251644.00,24352338.00
1600204,47370922.93,47370922.93,36220646.64,11150276.29,20796224.00,2500000.00,7728314.64,22397400.00
1600212,57433025.95,57433025.95,39277013.00,18156012.95,28919103.00,9470969.00,5031167.00,23339377.00
1600238,57483747.62,57483747.62,42913546.49,14570201.13,28006631.49,1534852.00,15700268.15,21664900.34
1600253,56372367.65,56372367.65,47729166.80,8643200.85,37986596.80,4590000.00,14555420.23,26801746.57
1600279,129908002.07,129936638.85,59169710.50,70738291.57,25907968.50,0.00,26983264.50,30800446.00
1600303,632869192.16,1558618831.09,272942005.15,359927187.01,174895031.08,65847472.34,26108483.11,123531186.05
1600402,72329974.92,72414570.93,43954764.92,28375210.00,20963431.92,10214409.45,12486431.47,19756953.00
1600501,40605618.91,40640240.76,15465159.79,25140459.12,8829590.00,383616.00,7977071.33,7103500.00
1600535,112319898.58,114363815.54,74983624.56,37336274.02,48490984.56,6368512.00,33565488.61,34049623.95
1600550,39085827.07,39085827.07,27332416.03,11753411.04,20701372.03,1345500.00,4760941.03,20235975.00
1600600,208057790.90,213652501.12,94056783.42,114001007.48,53792484.12,625284.00,39137747.78,54293751.64
1600709,144575823.35,144575823.35,76291745.00,68284078.35,52183240.00,2899942.00,27061036.00,43125307.00
1600808,97609971.07,97934904.39,72694046.49,24915924.58,53774922.05,3518335.00,43394497.57,24392009.00
1700251,9780175.41,9780175.41,6753804.41,3026371.00,4333008.91,982971.00,1200000.00,4570833.41
1700301,7941962.00,7941962.00,6337508.00,1604454.00,5236500.00,1301008.00,0.00,4541500.00
1700350,6836121.76,6836121.76,4863858.00,1972263.76,2188000.00,400000.00,0.00,4463858.00
1700400,13405654.59,13405654.59,8375474.39,5030180.20,4984214.00,396000.00,0.00,7538043.00
1700707,7418953.00,7418953.00,3291000.00,4127953.00,1391000.00,1695000.00,0.00,1596000.00
1701002,19580291.08,19580291.08,11559566.97,8020724.11,7216245.97,6110626.97,0.00,4889000.00
1701051,9289309.00,9689180.38,4244000.00,5045309.00,3394000.00,400000.00,0.00,3844000.00
1701101,5803637.00,5803637.00,3741448.00,2062189.00,2041480.00,796980.00,0.00,2944468.00
1701309,12105845.92,12105845.92,7557008.07,4548837.85,5000293.72,1300000.00,350000.00,5905108.72
1701903,23335321.46,23335321.46,15974306.00,7361015.46,9403348.00,6747700.00,0.00,9226606.00
1702000,16191765.30,16191765.30,9587538.30,6604227.00,6032587.50,5386453.50,0.00,4201084.80
1702109,224682946.42,235854462.69,116546404.46,108136541.96,28495989.02,15821529.45,0.00,100444875.01
1702158,11284961.93,11284961.93,8148944.00,3136017.93,5988914.00,1807064.00,0.00,6233398.00
1702208,40275281.64,40386673.81,24599429.90,15675851.74,8155517.00,7006962.00,2628.90,17246039.00
1702307,11360747.43,11360747.43,6577775.72,4782971.71,2927452.72,897500.00,0.00,3370675.72
1702406,25280128.96,25280128.96,17195710.72,8084418.24,11651177.72,10204244.00,0.00,6991466.72
1702554,32772019.55,32772019.55,16518475.50,16253544.05,13331500.00,3884500.00,0.00,12633975.50
1702703,8173207.72,8173207.72,5475909.72,2697298.00,2125909.72,579957.00,0.00,4895952.72
1702901,16815059.00,16815059.00,7945000.00,8870059.00,5745000.00,5500000.00,0.00,2445000.00
1703008,11247221.99,11247221.99,6470002.99,4777219.00,3485052.99,1548000.00,0.00,4922002.99
1703057,6447423.99,6447423.99,4974857.99,1472566.00,3547452.72,1397500.00,0.00,3577357.99
1703073,11362304.07,11362304.07,8380123.07,2982181.00,5780463.07,1197500.00,0.00,6687623.07
1703107,8349297.36,8349297.36,4011519.00,4337778.36,1851249.00,900940.00,0.00,3110579.00
1703206,5810023.00,5810023.00,4191842.00,1618181.00,2342000.00,1097000.00,0.00,3094842.00
1703305,10227641.00,10227641.00,5917737.00,4309904.00,3417737.00,994000.00,0.00,4923737.00
1703602,12693165.72,12693165.72,10307890.72,2385275.00,8071752.72,200000.00,0.00,10107890.72
1703701,14747562.72,14750962.72,10212931.72,4534631.00,7770721.72,1463221.72,0.00,8749710.00
1703800,28938151.88,28938151.88,21269094.50,7669057.38,13938475.50,5164021.00,0.00,13714073.50
1703826,4569660.36,4569660.36,2751681.36,1817979.00,994000.00,1249401.00,0.00,1502280.36
1703842,12571273.93,12571273.93,4873550.00,7697723.93,3277550.00,1346000.00,0.00,2537550.00
1703867,12592748.00,12592748.00,8975963.00,3616785.00,5836000.00,1149686.00,0.00,7826277.00
1703883,8834710.00,8834710.00,5053723.00,3780987.00,3072550.00,1094000.00,0.00,3464723.00
1703891,8494921.00,8494921.00,4293985.00,4200936.00,1944000.00,1294000.00,0.00,2999985.00
1703909,18836901.77,18836901.77,14017201.77,4819700.00,9350201.77,3643200.00,0.00,8684001.77
1704105,5333029.00,5333029.00,3697348.00,1635681.00,1592000.00,400000.00,300000.00,2997348.00
1704600,6934321.00,6934321.00,3906600.00,3027721.00,2284000.00,600000.00,0.00,3306600.00
1705102,7585404.00,7585404.00,6011682.00,1573722.00,3861682.00,1100000.00,0.00,4911682.00
1705508,38626164.48,39046125.80,12672970.78,25953193.70,0.00,3536000.00,0.00,8659470.78
1705557,9502793.20,9502793.20,4738797.53,4763995.67,2830474.53,630000.00,0.00,4108797.53
1705607,11884752.00,11884752.00,7259567.00,4625185.00,3429500.00,1091338.00,0.00,6168229.00
1706001,13460243.64,13460243.64,8724444.00,4735799.64,5580305.00,994139.00,1400000.00,6330305.00
1706100,16007051.25,16007051.25,7428500.00,8578551.25,4133500.00,1950000.00,0.00,5478500.00
1706258,5055271.00,5055271.00,2889100.00,2166171.00,1597500.00,550000.00,0.00,2339100.00
1706506,11804619.72,11804619.72,6794203.72,5010416.00,2341952.72,2394000.00,0.00,3102150.72
1707009,24081795.00,24658665.54,18269990.00,5811805.00,14543500.00,4398000.00,500000.00,13371990.00
1707108,21158299.22,21159881.72,12981580.22,8176719.00,8054587.22,4049044.00,0.00,8932536.22
1707207,15541352.00,15541352.00,9247227.00,6294125.00,4788304.00,4518789.00,0.00,4728438.00
1707306,10802717.56,10802717.56,6734131.00,4068586.56,2851900.00,2206804.00,250000.00,4277327.00
1707405,15333903.00,15333903.00,9554908.00,5778995.00,5614000.00,6410908.00,0.00,3144000.00
1707553,10194260.00,10194260.00,6161200.00,4033060.00,4232000.00,300000.00,0.00,5861200.00
1707652,8981232.22,8981232.22,5990767.72,2990464.50,3887452.72,1199993.00,0.00,4790774.72
1707702,19828267.91,19828267.91,11658889.88,8169378.03,8078813.08,2647564.00,0.00,7726313.80
1708205,27161496.01,27161496.01,16424562.04,10736933.97,4088568.04,3302568.04,0.00,13121994.00
1708254,10954539.02,10954539.02,5787916.02,5166623.00,3656622.02,700000.00,0.00,5087916.02
1708304,9609770.00,9609770.00,6581750.00,3028020.00,3082500.00,500000.00,0.00,6081750.00
1709005,21723943.00,21753943.00,9418991.00,12304952.00,5674991.00,5959991.00,420000.00,3039000.00
1709302,14233178.00,14233971.00,12914997.00,1318181.00,10509900.00,3770000.00,0.00,9144997.00
1709500,73805509.60,109161641.07,35238605.00,38566904.60,2548000.00,13300174.00,0.00,21417231.00
1709807,7246568.00,7246568.00,4896962.00,2349606.00,3364050.00,0.00,0.00,4401962.00
1710508,17099096.00,17112596.00,11436382.00,5662714.00,6998100.00,3778000.00,0.00,6668382.00
1710706,8633972.99,8633972.99,6349698.99,2284274.00,3247452.72,2723317.00,0.00,3626381.99
1710904,7076825.99,7076825.99,3737540.99,3339285.00,2046000.00,450000.00,0.00,3287540.99
1711100,8137981.44,8137981.44,6205817.72,1932163.72,3699677.00,2075442.00,0.00,3992090.00
1711506,9001973.00,11369581.28,5032920.00,3969053.00,1851106.00,800000.00,0.00,4232920.00
1711803,4939581.00,4939581.00,3562200.00,1377381.00,1737000.00,700000.00,0.00,2862200.00
1711902,23731552.84,23861552.84,10846924.00,12884628.84,5716600.00,2141000.00,0.00,8705924.00
1711951,12600444.35,12600444.35,9513896.35,3086548.00,6205700.00,5854186.00,0.00,3263710.35
1712009,16050392.00,16175642.00,8457792.00,7592600.00,5533792.00,2400000.00,500000.00,5557792.00
1712157,10058495.54,10058495.54,4542363.86,5516131.68,1493000.00,699982.00,0.00,3842381.86
1712405,7539367.00,7539367.00,5736817.00,1802550.00,3964600.00,1195000.00,0.00,4541817.00
1712454,8997144.00,8997144.00,7044963.00,1952181.00,4794000.00,1550000.00,0.00,5494963.00
1712504,19248236.72,19248236.72,13089085.72,6159151.00,8870727.72,4192725.00,0.00,8896360.72
1712702,9036109.00,9036109.00,6980056.00,2056053.00,4635890.00,1591000.00,0.00,5389056.00
1712801,15454824.28,15472824.28,12555539.28,2899285.00,11755539.28,7711975.00,0.00,4843564.28
1713205,22039746.03,22289746.03,9280666.43,12759079.60,5916159.00,5433936.00,0.00,3846730.43
1713304,25195358.28,25195358.28,15306365.65,9888992.63,6564832.65,7670832.65,0.00,7635533.00
1713601,10644243.41,10644243.41,5153288.68,5490954.73,2348159.00,1095000.00,0.00,4058288.68
1713700,6852614.00,6852614.00,4385000.00,2467614.00,2935000.00,1994000.00,0.00,2391000.00
1713809,8197821.00,8197821.00,5609588.00,2588233.00,3435000.00,2629175.00,0.00,2980413.00
1713957,5694403.70,5694403.70,3109882.00,2584521.70,1289248.00,0.00,0.00,3109882.00
1714203,10414731.11,10414731.11,6776003.00,3638728.11,1817300.00,833813.00,0.00,5674890.00
1714302,12166598.52,12166598.52,8384408.00,3782190.52,5324110.00,2149298.00,0.00,6235110.00
1714880,17668930.95,17668930.95,10795500.00,6873430.95,6105500.00,1350000.00,0.00,5260500.00
1715002,8697822.00,8697822.00,4910190.00,3787632.00,971211.00,2500000.00,0.00,2286190.00
1715101,13789503.27,13789503.27,10560944.27,3228559.00,6470500.00,1099993.00,0.00,7370358.00
1715150,6503614.00,6503614.00,5115433.00,1388181.00,2976733.00,543519.00,0.00,4571914.00
1715259,7203584.00,7203584.00,5341415.00,1862169.00,2883000.00,500000.00,0.00,4841415.00
1715507,1442314.62,1442314.62,550000.00,892314.62,0.00,200000.00,0.00,350000.00
1715705,7766482.12,7766482.12,4669856.00,3096626.12,2790000.00,400000.00,0.00,3972856.00
1715754,13835636.00,14035636.00,8154730.00,5680906.00,4305100.00,4730100.00,0.00,3424630.00
1716109,72023260.24,73303643.16,39228928.00,32794332.24,28880425.00,6278444.00,0.00,32950484.00
1716208,14280944.80,14280944.80,9563128.80,4717816.00,3225000.00,2685000.00,0.00,6878128.80
1716307,11925327.00,11925327.00,7112686.00,4812641.00,4516000.00,697500.00,0.00,3929186.00
1716505,21166978.57,21766978.57,13829391.57,7337587.00,7612000.00,3316900.00,0.00,6326000.00
1716604,10299030.00,10299030.00,6670830.00,3628200.00,2840214.00,1500000.00,0.00,4884330.00
1716653,22581309.64,22581309.64,16010754.00,6570555.64,7580500.00,5410251.00,0.00,10600503.00
1716703,14910634.00,14910634.00,9534588.00,5376046.00,5426420.00,3769920.00,0.00,5764668.00
1717008,18113934.01,18113934.01,8731048.01,9382886.00,4097636.19,100000.00,0.00,8140014.40
1717206,5075427.72,5075427.72,3254285.72,1821142.00,2058000.00,600000.00,0.00,2654285.72
1717503,17440183.17,17440183.17,12872002.17,4568181.00,5194536.17,2254711.17,0.00,10617291.00
1717800,11944878.00,11945559.98,7455575.00,4489303.00,2938500.00,1597480.00,0.00,5380595.00
1717909,10665873.62,10665873.62,7906115.62,2759758.00,3333550.00,3864000.00,0.00,4042115.62
1718006,9339104.31,9339104.31,6753673.00,2585431.31,4529214.00,1100000.00,0.00,5653673.00
1718204,109088504.91,110569836.26,53151061.40,55937443.51,29390847.09,11194000.00,0.00,40092955.21
1718303,27160723.57,27160723.57,21906136.45,5254587.12,9143177.72,8900829.00,0.00,12317857.05
1718402,10311065.44,10311065.44,4957754.44,5353311.00,2292000.00,1150000.00,0.00,3807754.44
1718451,8384324.00,8384324.00,5016723.00,3367601.00,3331000.00,400000.00,0.00,4616723.00
1718501,11286234.61,11286234.61,7926445.61,3359789.00,6134952.72,1450000.00,1300000.00,5176445.61
1718550,11512843.91,11512843.91,9489452.72,2023391.19,7239452.72,2393500.00,0.00,7095952.72
1718659,5440370.71,5440370.71,2905885.71,2534485.00,1345000.00,200000.00,850000.00,1717600.00
1718709,12216605.50,12216605.50,8266048.00,3950557.50,6671170.00,3184170.00,0.00,5081878.00
1718758,18339437.00,18339437.00,15383300.00,2956137.00,11174353.00,2217192.00,7912707.00,5130476.00
1718808,14124763.20,14124763.20,10928124.00,3196639.20,8834000.00,1390000.00,0.00,9538124.00
1718840,14582616.00,14582616.00,9108550.00,5474066.00,4680486.00,5664891.00,0.00,3443659.00
1718865,19692235.00,19692235.00,16778500.00,2913735.00,13977500.00,4451000.00,0.00,12327500.00
1718881,7248995.00,7248995.00,4842000.00,2406995.00,3042000.00,1097000.00,0.00,3745000.00
1718899,8446468.38,10464506.70,5895166.72,2551301.66,3414952.72,1167500.00,0.00,4727666.72
1718907,7298604.88,7298604.88,5877301.88,1421303.00,3364026.88,1700000.00,0.00,4177301.88
1719004,8527883.48,8819448.92,7164202.48,1363681.00,2238500.00,700000.00,0.00,6464202.48
1720002,7201170.00,7201170.00,4592693.00,2608477.00,2890000.00,200000.00,0.00,3897693.00
1720101,14666518.75,14667571.90,9814773.75,4851745.00,6124337.75,1797500.00,500000.00,7517273.75
1720150,7478961.00,7478961.00,6536200.00,942761.00,4422000.00,2093000.00,0.00,4443200.00
1720200,20662058.43,20662058.43,16334708.43,4327350.00,9985708.43,1676408.43,250000.00,12012300.00
1720259,9260791.08,9260791.08,7390610.08,1870181.00,4397662.08,1093000.00,750000.00,5547610.08
1720309,12717007.85,12717007.85,5560656.80,7156351.05,4839000.00,2393000.00,0.00,3167656.80
1720499,7586843.03,7586843.03,3231104.03,4355739.00,1831301.03,990000.00,0.00,2241104.03
1720655,11749400.00,11749400.00,6843629.00,4905771.00,3979050.00,650000.00,0.00,6193629.00
1720804,38234145.85,38234145.85,18651610.85,19582535.00,12596817.85,5897500.00,0.00,12754110.85
1720853,6266650.00,6266650.00,3890678.00,2375972.00,1990750.00,449928.00,0.00,3440750.00
1720903,17094278.00,17094278.00,10693993.00,6400285.00,3036000.00,2798000.00,0.00,7895993.00
1720937,4658698.00,4658698.00,3068700.00,1589998.00,1542000.00,200000.00,0.00,2868700.00
1720978,13095450.00,13095450.00,8162600.00,4932850.00,6040000.00,3100000.00,0.00,5062600.00
1721000,125539994.20,368949028.01,32402352.07,93137642.13,16788042.24,11072597.62,0.00,21329754.45
1721109,7821439.80,7821439.80,6063750.00,1757689.80,2828720.00,1569795.00,0.00,4493955.00
1721208,25568778.08,25568778.08,10383829.00,15184949.08,3631500.00,4200000.00,0.00,5688829.00
1721257,6993744.00,6993744.00,5443836.00,1549908.00,3897550.00,548000.00,0.00,4895836.00
1721307,7235059.00,7235059.00,3640000.00,3595059.00,2690000.00,1796000.00,0.00,1844000.00
1722081,26855985.04,26855985.04,12899507.00,13956478.04,7894000.00,3084600.00,3500000.00,6314907.00
1722107,17784643.65,17835576.77,13276325.00,4508318.65,6611000.00,365325.00,0.00,8726000.00
2100055,60272719.95,65144898.61,32259604.00,28013115.95,14943952.00,0.00,14540000.00,16719604.00
2100105,28055048.29,28055048.29,26905048.29,1150000.00,23172500.00,7962500.00,4832000.00,11210548.29
2100154,3298454.00,3298454.00,2655500.00,642954.00,1300000.00,0.00,1355500.00,300000.00
2100204,5853338.44,7040277.52,5853338.44,0.00,1992500.00,44234.62,4792500.00,1001616.69
2100303,9704272.00,9704272.00,5990000.00,3714272.00,1990000.00,5490000.00,0.00,500000.00
2100402,5045169.00,5045169.00,2100000.00,2945169.00,500000.00,1000000.00,600000.00,500000.00
2100436,16819685.20,16819685.20,9109523.00,7710162.20,5485000.00,0.00,700000.00,8409523.00
2100477,20881407.19,20881407.19,12309743.57,8571663.62,9209743.57,0.00,0.00,12309743.57
2100501,4489344.00,5121070.76,2988000.00,1501344.00,1488000.00,0.00,2688000.00,300000.00
2100550,8261990.40,8261990.40,2995000.00,5266990.40,495000.00,2500000.00,0.00,495000.00
2100600,16193324.43,16193324.43,9100123.43,7093201.00,5100123.43,0.00,2301965.00,6798158.43
2100709,19173684.68,19173684.68,10447340.00,8726344.68,6979999.00,0.00,700000.00,9747340.00
2100808,8944857.00,8974757.00,3593658.00,5351199.00,500000.00,2025368.00,1568290.00,0.00
2100832,12695750.00,12695750.00,3485000.00,9210750.00,1485000.00,2485000.00,600000.00,400000.00
2100873,20186268.29,20186268.29,12406813.69,7779454.60,9106813.69,9185000.00,500000.00,2721813.69
2100907,15173526.97,15177832.00,7960059.97,7213467.00,995000.00,1885.97,6000000.00,1829928.00
2100956,30241253.96,30241253.96,5385000.00,24856253.96,3985000.00,0.00,400000.00,4985000.00
2101004,14089095.61,14089095.61,10396476.61,3692619.00,6750835.00,1049.03,4701798.44,5693629.14
2101103,7125060.00,7125060.00,2219680.00,4905380.00,1119680.00,0.00,1200000.00,1019680.00
2101202,64826815.02,75235487.39,30061590.02,34765225.00,20828237.02,0.00,5714068.00,23723772.02
2101251,6077428.08,6077428.08,2227134.08,3850294.00,0.00,862706.00,300000.00,1000000.00
2101301,16447201.00,16447201.00,9077500.00,7369701.00,3690000.00,3490000.00,1932500.00,3655000.00
2101350,845540.70,845540.70,586500.00,259040.70,0.00,0.00,300000.00,286500.00
2101400,55372106.15,55729825.27,24337548.15,31034558.00,17231865.15,0.00,10547048.15,13790500.00
2101509,11465291.00,11465291.00,6600839.00,4864452.00,3500000.00,0.00,0.00,6600839.00
2101608,23475214.91,24572126.86,10037250.00,13437964.91,4037250.00,0.00,992500.00,9044750.00
2101707,35849998.70,35850039.60,28049440.50,7800558.20,6139841.00,0.00,7107233.38,18120329.73
2101731,18836508.10,18836508.10,14665367.50,4171140.60,10846367.50,0.00,7109682.50,7555685.00
2101772,15418589.13,15418589.13,10486246.00,4932343.13,8328451.00,2547795.00,600000.00,4467451.00
2101806,4346692.00,4346692.00,1800000.00,2546692.00,1000000.00,0.00,1000000.00,800000.00
2101905,13146136.19,13146136.19,7037259.00,6108877.19,2500000.00,0.00,1100000.00,5937259.00
2101939,6499662.00,6499662.00,2000000.00,4499662.00,2000000.00,0.00,0.00,2000000.00
2101970,7496359.60,7496359.60,2800000.00,4696359.60,1500000.00,2550000.00,0.00,250000.00
2102002,17533195.56,17534248.71,6295000.00,11238195.56,2495000.00,3495000.00,800000.00,2000000.00
2102036,17308733.00,17308738.07,10980329.00,6328404.00,6780329.00,0.00,2285000.00,8695329.00
2102077,16969988.28,16969988.28,10755730.00,6214258.28,6390730.00,0.00,4090730.00,6665000.00
2102101,23378680.59,23380786.89,18472485.00,4906195.59,11186985.00,0.00,6185000.00,11111985.00
2102150,9828729.84,9828729.84,5985000.00,3843729.84,3385000.00,0.00,600000.00,5385000.00
2102200,8449760.00,8449760.00,6750000.00,1699760.00,500000.00,2500000.00,1000000.00,3250000.00
2102309,18409203.97,18409203.97,7826780.97,10582423.00,3000000.00,4324475.00,2500000.00,2305.97
2102325,30162092.80,30484112.39,19469528.36,10692564.44,990000.00,2738311.00,300000.00,10431217.36
2102358,5277950.00,5277950.00,3367950.00,1910000.00,2267950.00,0.00,300000.00,2567950.00
2102374,8926971.00,8926971.00,6966952.00,1960019.00,2810841.00,3985000.00,300000.00,2681952.00
2102408,2750000.00,2750000.00,1250000.00,1500000.00,0.00,0.00,0.00,1250000.00
2102507,6110727.00,6110727.00,2967500.00,3143227.00,990000.00,0.00,500000.00,2467500.00
2102556,11330614.00,11330614.00,2400000.00,8930614.00,800000.00,0.00,300000.00,2100000.00
2102606,40328954.03,40328954.03,28135876.43,12193077.60,17910000.00,6740000.00,9225876.43,12170000.00
2102705,13276483.60,13277536.75,5647205.60,7629278.00,2690000.00,0.00,300000.00,5227356.00
2102754,11290066.41,11290066.41,6955000.00,4335066.41,0.00,0.00,0.00,5955000.00
2102804,13532154.45,13532154.45,7885168.45,5646986.00,2977500.00,0.00,2092500.00,5401983.45
2102903,12456279.00,12456279.00,9402190.00,3054089.00,1188000.00,538936.00,2588000.00,6275254.00
2103000,83766570.14,83795916.85,45761538.94,38005031.20,12145790.00,0.00,1330000.00,43811276.00
2103109,10030522.05,10030522.05,4527625.05,5502897.00,1531129.05,0.00,2060125.05,2467500.00
2103125,5771500.00,5771500.00,5271500.00,500000.00,3485000.00,0.00,0.00,5271500.00
2103158,29813323.24,29813323.24,11481494.00,18331829.24,8705509.00,10731494.00,0.00,750000.00
2103174,15763282.00,15763282.00,7025000.00,8738282.00,3475000.00,2240000.00,300000.00,4485000.00
2103208,30857199.29,30858252.44,11984055.10,18873144.19,6411629.05,9411629.05,304131.05,1222845.00
2103257,17658172.00,17658172.00,12106172.00,5552000.00,7806172.00,0.00,5258672.00,6847500.00
2103307,58543503.41,67660806.19,26672697.41,31870806.00,9578000.00,0.00,3605935.11,7928000.00
2103406,47112957.09,47112957.09,29223939.09,17889018.00,15701527.00,0.00,1815308.09,27408631.00
2103505,38136388.65,38136422.13,11629686.14,26506702.51,11125000.00,1500000.00,4875000.00,4623086.14
2103554,12533050.77,12533050.77,4492938.00,8040112.77,1990000.00,2490000.00,500000.00,1502938.00
2103604,9600239.00,9601474.00,6300000.00,3300239.00,0.00,0.00,800000.00,5500000.00
2103703,8129400.00,8329400.00,3272900.00,4856500.00,1017900.00,0.00,400000.00,2872900.00
2103752,15065287.14,15065287.14,11562000.00,3503287.14,7382000.00,0.00,3688000.00,5874000.00
2103802,13507725.72,14349914.01,9965614.18,3542111.54,4593080.00,300000.00,7593080.00,1300000.00
2103901,17687779.69,17688832.84,11908620.69,5779159.00,8595000.00,2795000.00,2300000.00,6813620.69
2104008,19040208.00,19040208.00,8458000.00,10582208.00,5480000.00,0.00,1095000.00,7363000.00
2104057,23325016.72,23325031.62,8432405.80,14892610.92,3335000.00,3609124.00,1800000.00,3023281.80
2104073,9877884.20,9877884.20,7129376.00,2748508.20,5236699.00,0.00,0.00,7129376.00
2104081,18949765.55,18949765.55,10684487.55,8265278.00,8941969.00,0.00,5355498.00,5328989.55
2104099,12177376.00,12177376.00,5296365.00,6881011.00,1896365.00,2100000.00,300000.00,2896365.00
2104107,12603068.65,12603068.65,9585397.65,3017671.00,5319000.00,100000.00,3580000.00,5789000.00
2104206,29111520.90,29111520.90,12678107.00,16433413.90,7345000.00,1050000.00,2013309.00,9614798.00
2104305,2700000.00,2700000.00,1700000.00,1000000.00,700000.00,0.00,0.00,1700000.00
2104404,8480957.55,8480957.55,2300000.00,6180957.55,2000000.00,0.00,300000.00,2000000.00
2104503,11189316.00,11189316.00,4531379.00,6657937.00,3231379.00,0.00,300000.00,4231379.00
2104552,7982250.00,7991250.00,5093250.00,2889000.00,1493250.00,0.00,893250.00,4200000.00
2104602,2855900.00,2855900.00,2855900.00,0.00,500000.00,0.00,0.00,2855900.00
2104628,4772954.00,4772954.00,2100000.00,2672954.00,1300000.00,0.00,0.00,2100000.00
2104651,8891241.59,8911355.85,4100000.00,4791241.59,1000000.00,500000.00,0.00,3600000.00
2104677,43757798.39,43757807.48,18561321.39,25196477.00,9025879.05,16025879.05,0.00,1455000.00
2104701,3600000.00,3600000.00,2600000.00,1000000.00,500000.00,0.00,300000.00,2300000.00
2104800,47335792.85,47365823.48,30495688.85,16840104.00,15980837.85,1995000.00,14650517.35,13303921.50
2104909,7332322.46,7332322.46,5087503.46,2244819.00,2106797.46,0.00,500000.00,4587503.46
2105005,11724619.00,11724619.00,6218119.00,5506500.00,1000000.00,0.00,800000.00,4458100.00
2105104,34694488.94,34694488.94,11962209.00,22732279.94,4155000.00,500000.00,1295000.00,10167209.00
2105153,15308971.39,15308971.39,7069413.00,8239558.39,4569413.00,4000000.00,500000.00,2569413.00
2105203,16819730.99,16826449.22,8259145.99,8560585.00,6800000.00,3000000.00,3259145.99,2000000.00
2105302,77362702.63,100843453.55,41906141.63,35456561.00,9332500.00,486955.00,3575000.00,28344186.63
2105351,17148124.69,17148124.69,12728206.68,4419918.01,4728206.68,1700000.00,4338047.68,6690159.00
2105401,23060510.99,23114557.14,12521865.51,10538645.48,6551000.00,1885.97,0.00,11653007.00
2105427,20239131.58,20239131.58,8003860.00,12235271.58,3148360.00,0.00,2706860.00,5297000.00
2105450,10758400.00,10758400.00,8751900.00,2006500.00,3280000.00,0.00,300000.00,8451900.00
2105476,17488851.48,17488851.48,4999628.20,12489223.28,1845095.00,2269657.00,1632471.20,1097500.00
2105500,25572187.00,27735011.87,15322000.00,10250187.00,5085000.00,0.00,6800000.00,8522000.00
2105609,9588253.09,9588253.09,5223253.09,4365000.00,1000000.00,461064.00,684873.05,3832000.00
2105658,5427013.00,5427013.00,3729750.00,1697263.00,1250000.00,1000000.00,250000.00,2479750.00
2105708,45264752.10,45268552.48,21098705.84,24166046.26,16698889.00,0.00,1300000.00,19798705.84
2105807,11543913.00,11543913.00,6090000.00,5453913.00,990000.00,0.00,3590000.00,2500000.00
2105906,9286492.00,9286492.00,5555000.00,3731492.00,1900000.00,0.00,300000.00,5255000.00
2105922,3877500.00,3877500.00,2500000.00,1377500.00,2500000.00,0.00,1000000.00,1500000.00
2105948,5847270.50,5847270.50,2520681.00,3326589.50,398000.00,1022681.00,698000.00,800000.00
2105963,4277500.00,4277500.00,3300000.00,977500.00,3000000.00,0.00,300000.00,3000000.00
2105989,8950153.05,8950153.05,4156287.18,4793865.87,1356287.18,0.00,800000.00,3356287.18
2106003,15466252.60,15466252.60,3577865.15,11888387.45,846321.30,991451.30,355500.00,2230913.85
2106102,7152029.00,7152029.00,4838500.00,2313529.00,2638500.00,0.00,2838500.00,2000000.00
2106201,8726225.34,8726225.34,4058410.00,4667815.34,1990000.00,2490000.00,300000.00,1268410.00
2106300,32696727.13,32696727.13,23107347.02,9589380.11,21755653.00,0.00,5651694.02,17455653.00
2106326,15117550.80,15117550.80,5396000.00,9721550.80,4896000.00,4925000.00,0.00,471000.00
2106359,10804102.20,10804102.20,8935358.84,1868743.36,3695000.00,1000000.00,895000.00,5900000.00
2106375,36181579.48,36181579.48,11296155.00,24885424.48,9204313.00,10092306.00,0.00,1203849.00
2106409,8733856.00,9321856.00,4344000.00,4389856.00,2594000.00,0.00,3344000.00,1000000.00
2106508,13424936.87,13424936.87,8710019.00,4714917.87,2450000.00,0.00,2800000.00,4950000.00
2106607,25613558.24,25613558.24,11644577.00,13968981.24,6073000.00,272175.00,1397000.00,3500000.00
2106631,11193334.47,11194387.62,3494816.47,7698518.00,2000000.00,500000.00,300000.00,2694816.47
2106672,5257794.00,5257794.00,3917500.00,1340294.00,2390000.00,0.00,2440000.00,1477500.00
2106706,9669741.00,9669741.00,7661065.00,2008676.00,1497500.00,0.00,1650000.00,3497500.00
2106755,115617911.53,115625409.03,63414915.52,52202996.01,52466189.27,62938411.27,300000.00,176504.25
2106805,1436790.00,1436790.00,686790.00,750000.00,0.00,0.00,300000.00,386790.00
2106904,14175119.66,14175119.66,9515119.66,4660000.00,7215119.66,4755119.66,300000.00,4460000.00
2107001,9777923.49,9777923.49,4663000.00,5114923.49,1613000.00,0.00,300000.00,4363000.00
2107100,14726451.05,14726451.05,5000000.00,9726451.05,1800000.00,3000000.00,700000.00,1300000.00
2107209,9928072.45,9930178.75,8125218.90,1802853.55,5470000.00,0.00,379808.00,6245410.90
2107258,6083928.85,6083928.85,4256546.98,1827381.87,2567858.98,0.00,0.00,4256546.98
2107308,9994527.86,9994527.86,3421302.86,6573225.00,2078938.00,3340160.00,0.00,0.00
2107357,16695531.38,16695531.38,5385092.38,11310439.00,796000.00,0.00,500000.00,4885092.38
2107407,18080074.84,18080074.84,11668400.00,6411674.84,500000.00,2000000.00,1200000.00,8468400.00
2107456,6947840.00,6947840.00,2000000.00,4947840.00,0.00,0.00,0.00,2000000.00
2107506,73881314.00,74461363.46,41031007.00,32850307.00,5940000.00,0.00,38531007.00,2500000.00
2107605,12997481.00,12998534.15,5485000.00,7512481.00,3485000.00,4235000.00,0.00,1250000.00
2107704,6784868.00,6784868.00,5097660.00,1687208.00,4097660.00,0.00,0.00,5097660.00
2107803,61472953.00,61472953.00,48437140.00,13035813.00,34375000.00,0.00,15760000.00,14352500.00
2107902,10359550.00,10359550.00,7792500.00,2567050.00,3742500.00,0.00,3292500.00,4500000.00
2108009,22637653.15,25683736.11,10867500.00,11770153.15,7090000.00,0.00,6367500.00,3500000.00
2108058,22903587.15,22903587.15,14526737.15,8376850.00,11072531.15,0.00,300000.00,7272807.15
2108108,9334407.90,9334407.90,6522998.00,2811409.90,2000000.00,0.00,1822998.00,4700000.00
2108207,3524718.84,3524718.84,1522718.84,2002000.00,0.00,0.00,3300.14,1019418.70
2108256,42469317.55,42470370.70,33251000.00,9218317.55,20618000.00,0.00,9275000.00,16163000.00
2108306,19538109.84,20038109.84,10565382.84,8972727.00,3695000.00,0.00,300000.00,10265382.84
2108405,2852883.00,2852883.00,0.00,2852883.00,0.00,0.00,0.00,0.00
2108454,40055713.00,40055713.00,27587215.00,12468498.00,16117585.00,1000000.00,12007375.00,11533585.00
2108504,7673682.00,7673682.00,4526341.00,3147341.00,2179000.00,0.00,1000000.00,3526341.00
2108603,35340314.00,35341491.22,22074778.00,13265536.00,5467500.00,0.00,2400000.00,10950295.00
2108702,16627108.84,16627108.84,9130602.00,7496506.84,4222602.00,6021789.00,400000.00,2708813.00
2108801,15431147.00,15431147.00,4317000.00,11114147.00,1193000.00,1193000.00,300000.00,2824000.00
2108900,30417519.00,30417519.00,17969500.00,12448019.00,11419500.00,500000.00,1800000.00,13077500.00
2109007,4304841.91,6270092.99,3349841.91,955000.00,1221786.00,990942.99,415702.20,1943196.72
2109056,13961232.20,13961232.20,9777000.00,4184232.20,8277000.00,4485000.00,0.00,5292000.00
2109106,17536037.00,17536037.00,3905611.05,13630425.95,0.00,100000.00,1302387.15,2503223.90
2109205,13086552.94,13086552.94,3197783.94,9888769.00,2059790.94,2697783.94,0.00,500000.00
2109239,3150000.00,3151053.15,3150000.00,0.00,750000.00,0.00,400000.00,2750000.00
2109270,9325557.00,9325557.00,3990000.00,5335557.00,1990000.00,0.00,1000000.00,2990000.00
2109304,5126268.38,5126268.38,3352126.50,1774141.88,1852126.50,0.00,0.00,3352126.50
2109403,12647743.79,12647743.79,7940841.00,4706902.79,3149841.00,0.00,0.00,7940841.00
2109452,27355763.03,27379763.03,12168796.03,15186967.00,7418000.00,5590796.03,1728000.00,4850000.00
2109502,12683020.57,12688820.57,8532000.00,4151020.57,8032000.00,0.00,5465000.00,3067000.00
2109551,3073647.00,3073647.00,1672985.00,1400662.00,797000.00,0.00,0.00,1672985.00
2109601,44205958.42,44205958.42,11758234.00,32447724.42,1000000.00,3334.00,2800000.00,8454900.00
2109700,12114110.50,12114110.50,7158196.50,4955914.00,2823394.50,0.00,1975000.00,5183196.50
2109759,13697625.00,13697625.00,4950000.00,8747625.00,4150000.00,0.00,1800000.00,3150000.00
2109809,22216754.00,22216754.00,11704103.00,10512651.00,2032700.00,0.00,1700000.00,8113403.00
2109908,24303991.18,24307994.16,13474205.18,10829786.00,4280000.00,2450.18,6991755.00,6480000.00
2110005,47748942.00,47748942.00,19557803.00,28191139.00,10807803.00,0.00,697000.00,14663750.00
2110039,19001388.77,19001388.77,9162500.00,9838888.77,6662500.00,5087500.00,2980000.00,1095000.00
2110104,31678601.60,31680707.90,26330206.00,5348395.60,23530206.00,0.00,3600000.00,22230206.00
2110203,17618372.54,18218372.54,2975946.94,14642425.60,0.00,100000.00,300000.00,2518304.00
2110237,16317991.00,16317991.00,7370395.00,8947596.00,4522841.00,4250395.00,1970000.00,1150000.00
2110278,11529362.50,11529362.50,9407743.50,2121619.00,6393359.50,995000.00,3218946.50,4156913.00
2110302,21154518.76,21154518.76,5130973.00,16023545.76,5130973.00,0.00,2130973.00,3000000.00
2110401,6634092.17,6634092.17,4978092.17,1656000.00,500000.00,0.00,300000.00,4676141.00
2110500,41229141.38,41230194.53,19951079.38,21278062.00,10922000.00,6663812.00,1144315.00,11682000.00
2110609,53487881.96,53487881.96,40905787.18,12582094.78,33060264.18,2490000.00,8602184.00,28170264.18
2110658,12737356.00,12737356.00,6562500.00,6174856.00,4977500.00,0.00,6277500.00,285000.00
2110708,26544465.14,26544465.14,16677325.75,9867139.39,8675000.00,2121005.00,3700000.00,9032967.40
2110807,7577632.47,7895204.60,6588632.47,989000.00,4236235.56,0.00,3100000.00,3036235.56
2110856,4569990.00,4569990.00,4069990.00,500000.00,70000.00,0.00,0.00,4069990.00
2110906,39974105.35,39974105.35,27164639.73,12809465.62,20226150.73,3245000.00,2000000.00,14523650.73
2111003,10939655.10,10939655.10,6228656.10,4710999.00,0.00,0.00,500000.00,4576923.10
2111029,8040000.00,8040000.00,4490000.00,3550000.00,3490000.00,4240000.00,0.00,250000.00
2111052,18165240.60,18165240.60,12307596.35,5857644.25,5514500.00,0.00,7372000.00,4935596.35
2111078,9372511.00,9372511.00,6595000.00,2777511.00,3495000.00,0.00,300000.00,6295000.00
2111102,20280155.16,20280156.96,9164999.00,11115156.16,3200000.00,2500000.00,3464999.00,3200000.00
2111201,68514647.56,74147479.62,20490718.47,48023929.09,14518000.00,6719.22,8900293.25,6583706.00
2111250,12300987.70,12300987.70,8032107.34,4268880.36,3805707.62,307342.62,1903365.00,5821399.72
2111300,43484858.70,458972659.82,10024500.00,33460358.70,2999000.00,0.00,3000000.00,5399000.00
2111409,29169622.71,29170675.86,15642339.71,13527283.00,4586916.93,0.00,13755416.93,926903.78
2111508,36741915.14,36741915.14,23071724.14,13670191.00,14020000.00,0.00,2000000.00,18420000.00
2111532,8447672.00,8447672.00,5200053.00,3247619.00,4200000.00,3475000.00,300000.00,1425053.00
2111573,7953137.00,7953137.00,6956432.00,996705.00,2976000.00,0.00,1900000.00,3856432.00
2111607,13067968.85,13080058.25,6308590.70,6759378.15,0.00,0.00,1600000.00,4000000.00
2111631,7710682.00,7710682.00,3265182.00,4445500.00,1069682.00,0.00,0.00,3069682.00
2111672,11458214.00,11458214.00,9658214.00,1800000.00,4542207.00,0.00,0.00,9658214.00
2111706,21660648.00,21660648.00,12627300.00,9033348.00,6462000.00,0.00,3185000.00,4609800.00
2111722,13711258.43,13711258.43,5534739.43,8176519.00,2100000.00,3900000.00,300000.00,1200000.00
2111748,23701572.83,23701572.83,13512002.32,10189570.51,6885000.00,4000000.00,700000.00,8812002.32
2111763,11207245.48,11207245.48,11206738.00,507.48,5772500.00,0.00,1100000.00,9806738.00
2111789,14990142.00,14990142.00,9970500.00,5019642.00,7470500.00,5577500.00,0.00,3193000.00
2111805,12840518.40,12840518.40,6867320.00,5973198.40,3337700.00,300000.00,800000.00,5289820.00
2111904,19914075.66,19914075.66,5580000.00,14334075.66,4580000.00,0.00,600000.00,4980000.00
2111953,5219214.00,5219214.00,3300000.00,1919214.00,500000.00,0.00,300000.00,3000000.00
2112001,6185460.76,6185460.76,3223539.74,2961921.02,0.00,0.00,900000.00,1963573.00
2112100,16575330.96,16575330.96,10458307.96,6117023.00,6585975.15,0.00,500000.00,9085975.15
2112209,30369134.54,31624201.62,11363643.02,19005491.52,5907000.00,0.00,4475508.72,6888134.30
2112233,7650959.16,7650959.16,4518045.16,3132914.00,2000000.00,0.00,700000.00,3795348.00
2112274,8566600.00,8566600.00,5794000.00,2772600.00,2394000.00,1000000.00,0.00,4794000.00
2112308,69990690.87,69990690.87,28178113.05,41812577.82,8673981.05,1613000.00,5370000.00,14375988.05
2112407,13189962.00,13384360.44,8743837.00,4446125.00,2680737.00,0.00,400000.00,8343837.00
2112456,19813408.17,19814461.32,8105565.44,11707842.73,6135385.94,0.00,0.00,7973378.94
2112506,22150100.90,22150100.90,11777567.00,10372533.90,6665000.00,4965000.00,1600000.00,5212567.00
2112605,23267385.47,23267385.47,11990843.00,11276542.47,7606843.00,0.00,7226843.00,4764000.00
2112704,19406901.85,19407955.00,9740904.43,9665997.42,6371798.43,0.00,1000000.00,0.00
2112803,19954142.46,19956248.76,14405523.46,5548619.00,7742691.46,7012191.46,3300000.00,3230500.00
2112852,9379950.00,9379950.00,6629950.00,2750000.00,2794000.00,4100000.00,250000.00,2279950.00
2112902,11572825.69,11572825.69,8301900.00,3270925.69,1873500.00,4421000.00,700000.00,3180900.00
2113009,36765336.25,36765336.25,23712489.77,13052846.48,19260577.35,0.00,300585.63,23411904.14
2114007,76048394.45,76050500.75,27152509.33,48895885.12,18387992.06,25102210.06,12510.27,2037789.00
2200053,3933581.21,3933581.21,2296248.00,1637333.21,398000.00,0.00,0.00,1546248.00
2200103,6225400.00,6225400.00,4427500.00,1797900.00,3427500.00,0.00,792000.00,1994000.00
2200202,21113898.27,22120151.49,6390833.38,14723064.89,1794000.00,0.00,672007.00,2190053.38
2200251,5282742.23,5282742.23,2396000.00,2886742.23,1496000.00,0.00,700000.00,798000.00
2200277,5140233.00,5140233.00,2839750.00,2300483.00,1639750.00,0.00,0.00,1294000.00
2200301,14167155.47,14317113.25,9450880.47,4716275.00,6073967.27,0.00,1400000.00,6406880.47
2200400,36499181.00,36627563.55,21205359.00,15293822.00,11214359.00,0.00,18851159.00,2354200.00
2200459,10916887.51,10916887.51,5475134.89,5441752.62,2775134.89,0.00,0.00,5175134.89
2200509,21845803.30,22015763.36,9982186.00,11863617.30,4489200.00,0.00,2492986.00,7093200.00
2200608,10047784.15,10049284.15,4177503.20,5870280.95,1777503.20,0.00,150000.00,3427503.20
2200707,24273284.12,24273284.12,14140500.00,10132784.12,9840500.00,0.00,7952000.00,4592000.00
2200806,8793625.61,8887840.86,4247083.20,4546542.41,1900200.00,0.00,160000.00,3337083.20
2200905,14884944.31,15011169.10,9378500.00,5506444.31,7377500.00,0.00,946500.00,7189000.00
2200954,8132969.18,8132969.18,4639017.50,3493951.68,2453317.50,0.00,629200.00,3453317.50
2201002,10614421.01,10614421.01,7007023.00,3607398.01,3846700.00,0.00,0.00,6660523.00
2201051,6241973.33,6731896.58,5196498.00,1045475.33,3696500.00,0.00,0.00,4696498.00
2201101,13280061.77,13280061.77,6542700.00,6737361.77,2742700.00,0.00,0.00,5896200.00
2201150,11476019.59,11476019.59,6377263.00,5098756.59,2425500.00,0.00,2985000.00,2294000.00
2201176,23386846.65,23386846.65,16445454.00,6941392.65,13993041.00,0.00,1500000.00,13353954.00
2201200,22663412.00,22663412.00,14736433.00,7926979.00,7762350.00,0.00,6469350.00,4417083.00
2201309,5559008.39,5559008.39,3034155.03,2524853.36,1496250.00,0.00,1470000.00,465905.03
2201408,10373362.84,10373362.84,4242017.00,6131345.84,2246200.00,0.00,0.00,3544017.00
2201507,22744678.00,22744678.00,12405185.00,10339493.00,6479200.00,0.00,4136985.00,8268200.00
2201556,5146590.62,5236306.86,4463886.78,682703.84,3333886.78,0.00,2163300.00,1294000.00
2201572,13116979.78,13191977.17,5459353.72,7657626.06,3592000.00,0.00,0.00,5459353.72
2201606,10401500.00,10769885.41,7741500.00,2660000.00,6491500.00,0.00,4900000.00,2392500.00
2201705,6666902.63,6666902.63,3898200.00,2768702.63,2398200.00,0.00,150000.00,3448200.00
2201739,7766626.30,7766626.30,3252200.00,4514426.30,1902200.00,0.00,0.00,2952200.00
2201770,9227158.90,9317137.90,4853800.60,4373358.30,2788200.00,0.00,415600.60,3691700.00
2201804,10636485.37,10636485.37,6242444.00,4394041.37,2992450.00,0.00,1495994.00,3898200.00
2201903,28622477.66,28790145.66,6235159.00,22387318.66,1903159.00,0.00,0.00,5735159.00
2201919,9350299.00,9350299.00,4012699.00,5337600.00,2612699.00,0.00,2271699.00,1491000.00
2201929,8115328.27,8115328.27,5060036.50,3055291.77,3611800.00,0.00,0.00,4860036.50
2201945,5028961.04,5028961.04,2198000.00,2830961.04,798000.00,0.00,0.00,1398000.00
2201960,7949623.70,7949623.70,4552200.00,3397423.70,1402200.00,0.00,2500000.00,2052200.00
2201988,16828147.61,17012807.33,10635788.43,6192359.18,7594566.00,0.00,3868147.00,5817641.43
2202000,48421959.42,48421959.42,35741438.37,12680521.05,29661759.00,0.00,10603690.00,24698461.00
2202026,10848280.39,10848280.39,5833413.20,5014867.19,3583000.00,0.00,300000.00,5135413.20
2202059,17460297.75,17460297.75,9929700.00,7530597.75,7179700.00,0.00,1000000.00,6198200.00
2202075,15572533.29,15572533.29,12266206.05,3306327.24,10043451.00,0.00,1000000.00,11093451.00
2202083,14950178.00,14950178.00,10472691.00,4477487.00,6793500.00,0.00,4000000.00,5626191.00
2202091,8217700.00,8217700.00,4516000.00,3701700.00,2966000.00,0.00,0.00,3936000.00
2202109,8071338.47,8221325.60,4946448.62,3124889.85,2146450.00,0.00,1248000.00,2650198.62
2202117,7203990.00,7203990.00,4239750.00,2964240.00,2588000.00,0.00,0.00,4239750.00
2202133,4252000.00,5051881.73,2250000.00,2002000.00,1150000.00,0.00,0.00,1800000.00
2202174,9157911.47,9157911.47,3681205.37,5476706.10,1694000.00,0.00,220000.00,3063205.37
2202208,59509841.00,59610568.30,17773787.00,41736054.00,3532389.00,0.00,11261398.00,6012389.00
2202251,2991500.00,2991500.00,1344500.00,1647000.00,744500.00,0.00,200000.00,697000.00
2202307,14358059.24,14398045.92,6507291.00,7850768.24,3332700.00,0.00,0.00,6507291.00
2202406,15190136.08,15190136.08,7154200.00,8035936.08,4096200.00,0.00,500000.00,6654200.00
2202455,8164962.44,8164962.44,5786259.14,2378703.30,3017806.00,0.00,2676751.00,1414820.00
2202505,22960269.82,22960569.82,9198110.01,13762159.81,4383747.00,0.00,3387300.00,4763310.01
2202539,6840105.17,6840105.17,4056783.00,2783322.17,821000.00,0.00,2210783.00,1096000.00
2202554,41152019.88,41231999.84,29489463.00,11662556.88,25339463.00,0.00,4200000.00,17757720.00
2202604,21046627.85,21046627.85,12323045.00,8723582.85,1896000.00,0.00,7278000.00,3745045.00
2202653,10551255.30,10551255.30,4894255.00,5657000.30,1894255.00,0.00,2150055.00,2744200.00
2202703,31928966.08,31928966.08,13088812.08,18840154.00,3072612.08,0.00,5582612.08,7206200.00
2202711,6892638.00,6892638.00,4085000.00,2807638.00,2785000.00,0.00,0.00,2990000.00
2202729,8385438.35,8385438.35,5059438.35,3326000.00,1369540.35,0.00,1961440.35,2797998.00
2202737,11793930.00,11996369.01,3392275.00,8401655.00,1392341.00,0.00,500000.00,1995841.00
2202752,11311907.95,11311907.95,4371351.95,6940556.00,2046200.00,0.00,0.00,4171351.95
2202778,10454271.37,10460369.99,5351704.30,5102567.07,3251705.30,0.00,2960705.30,1496000.00
2202802,7707129.75,7947081.73,3786405.00,3920724.75,2136500.00,0.00,0.00,2791905.00
2202851,14420613.51,15070613.51,3647200.00,10773413.51,1802200.00,0.00,0.00,2854200.00
2202901,25043484.31,25144236.60,9168367.00,15875117.31,3634427.00,0.00,1398000.00,4920700.00
2203008,11671913.16,11678871.96,5259200.00,6412713.16,3609200.00,0.00,0.00,5259200.00
2203107,16958426.46,17308283.71,8941503.00,8016923.46,4841500.00,0.00,6295003.00,2000000.00
2203206,9565013.21,9565013.21,4826801.91,4738211.30,1650700.00,0.00,0.00,4480301.91
2203230,10955254.62,11085222.94,7240289.95,3714964.67,5440448.00,0.00,0.00,7240289.95
2203255,21114078.40,21114078.40,12093250.00,9020828.40,9593250.00,0.00,4470000.00,3745000.00
2203271,11847989.00,11847989.00,7009876.00,4838113.00,4509876.00,0.00,0.00,7009876.00
2203305,21031254.53,21031738.53,8780700.00,12250554.53,4530700.00,0.00,5732500.00,3048200.00
2203354,14628635.00,14628635.00,7950900.00,6677735.00,5857900.00,0.00,2187000.00,3878400.00
2203404,8562990.59,8562990.59,3376400.00,5186590.59,1776400.00,0.00,1700000.00,1676400.00
2203420,4660755.73,4660755.73,2598000.00,2062755.73,598000.00,0.00,1300000.00,798000.00
2203453,14282552.02,14282552.02,6699200.00,7583352.02,3797200.00,0.00,600000.00,6099200.00
2203503,16393714.00,16393714.00,8043200.00,8350514.00,3743200.00,0.00,0.00,5298200.00
2203602,4226871.97,4369359.50,1854920.00,2371951.97,1154920.00,0.00,162920.00,1692000.00
2203701,17554344.00,17554344.00,10084060.00,7470284.00,2384060.00,0.00,0.00,9084060.00
2203750,8433753.33,8433753.33,4704156.00,3729597.33,2391000.00,0.00,400000.00,4104156.00
2203800,6863724.60,6973544.77,3832470.00,3031254.60,1597518.00,0.00,92952.00,3739518.00
2203859,18796477.33,18796477.33,15771115.33,3025362.00,13971115.33,0.00,0.00,15571115.33
2203909,51926300.95,52211177.43,2804200.00,49122100.95,604200.00,0.00,0.00,2304200.00
2204006,10223089.60,10270192.71,4548200.00,5674889.60,2698200.00,0.00,0.00,4548200.00
2204105,12987017.70,12987017.70,7126200.00,5860817.70,5476200.00,0.00,4680000.00,2446200.00
2204154,9481926.50,9591911.97,5301882.50,4180044.00,3701882.50,0.00,0.00,5301882.50
2204204,7422293.46,7422293.46,3784502.00,3637791.46,1600200.00,0.00,0.00,2884502.00
2204303,11265472.00,11265472.00,5220377.00,6045095.00,1785000.00,0.00,0.00,2885377.00
2204352,12328636.54,12328636.54,9909935.97,2418700.57,8033932.97,0.00,1142000.00,6099331.57
2204402,17918571.00,17918571.00,8746700.00,9171871.00,5787700.00,0.00,0.00,8746700.00
2204501,3507019.00,3509119.00,2142000.00,1365019.00,942000.00,0.00,0.00,1892000.00
2204550,5905500.00,5905500.00,3738500.00,2167000.00,2238500.00,0.00,0.00,3392000.00
2204600,8311026.00,8311026.00,5423107.00,2887919.00,2026362.00,0.00,2931773.00,1894334.00
2204659,9397459.00,9397459.00,4582700.00,4814759.00,2443700.00,0.00,0.00,4582700.00
2204709,16511618.54,16511618.54,6496017.50,10015601.04,4056017.50,0.00,90000.00,4963017.50
2204808,7599874.36,7599874.36,5442244.00,2157630.36,1642250.00,0.00,3499994.00,1294000.00
2204907,14608576.09,14608576.09,6936200.00,7672376.09,4586200.00,0.00,2592000.00,4344200.00
2205003,12244487.75,12244487.75,6986200.00,5258287.75,4686200.00,0.00,4490000.00,2496200.00
2205102,16358432.87,16358432.87,7212200.00,9146232.87,3392200.00,0.00,1696000.00,5231200.00
2205151,21177873.87,21177873.87,17499395.66,3678478.21,13832159.00,0.00,300000.00,16561365.13
2205201,23505193.00,23941639.55,5809496.00,17695697.00,1495000.00,0.00,0.00,4509496.00
2205250,11273445.96,11273445.96,5468200.00,5805245.96,3018200.00,0.00,0.00,5270200.00
2205276,4500000.00,4500000.00,2692000.00,1808000.00,992000.00,0.00,0.00,2692000.00
2205300,3664423.26,3664423.26,2921423.26,743000.00,1721423.26,0.00,0.00,1830423.26
2205359,13310023.55,13310023.55,6661400.00,6648623.55,4361400.00,0.00,0.00,6661400.00
2205409,19467645.41,19467645.41,10600263.26,8867382.15,6540263.26,0.00,7155500.00,1696000.00
2205458,6488357.09,6488357.09,4255433.15,2232923.94,1405433.15,0.00,0.00,4255433.15
2205508,55402169.39,66392851.89,17252211.59,38149957.80,5758675.15,0.00,7745250.00,9006961.59
2205516,7501101.72,7501101.72,5096159.00,2404942.72,2396159.00,0.00,304159.00,4792000.00
2205524,17110989.48,17110989.48,8546614.50,8564374.98,6996614.50,0.00,0.00,8546614.50
2205532,11556299.04,11556299.04,6250000.00,5306299.04,3990000.00,0.00,0.00,5870000.00
2205540,6369280.87,6369280.87,3917663.07,2451617.80,3117663.07,0.00,1171663.07,2746000.00
2205557,16567820.74,16567820.74,8605689.00,7962131.74,7205689.00,0.00,0.00,8259189.00
2205565,5615684.98,5615684.98,3741500.00,1874184.98,2241500.00,0.00,0.00,3494000.00
2205573,10312280.00,10312280.00,4954132.00,5358148.00,2494250.00,0.00,0.00,4055882.00
2205581,8528211.59,8528211.59,4898268.29,3629943.30,1562450.00,0.00,1055919.00,3114107.29
2205599,11476189.06,11476189.06,6481200.00,4994989.06,4531200.00,0.00,0.00,5981200.00
2205607,9268806.00,9268806.00,5146200.00,4122606.00,2996200.00,0.00,0.00,5146200.00
2205706,32486887.00,32486890.82,13300100.00,19186787.00,8118500.00,0.00,11123500.00,1495000.00
2205805,16508617.00,18211563.22,7821834.00,8686783.00,2209650.00,0.00,6121834.00,700000.00
2205854,9611512.40,11591540.57,5974478.00,3637034.40,2391000.00,0.00,0.00,5974478.00
2205904,8138781.04,8138781.04,3383411.00,4755370.04,2438500.00,0.00,0.00,3383411.00
2205953,19365483.33,19365483.33,11078084.08,8287399.25,7128182.08,0.00,500000.00,9578084.08
2206001,5620932.50,5620932.50,2400200.00,3220732.50,1200200.00,0.00,0.00,2250200.00
2206050,12060052.90,12060352.90,5721677.00,6338375.90,2944200.00,0.00,0.00,5721677.00
2206100,9582288.00,9582288.00,4096000.00,5486288.00,1796000.00,0.00,0.00,4096000.00
2206209,38567332.39,43083106.77,15657915.39,22909417.00,9881520.39,0.00,5499426.39,10158489.00
2206308,6790621.45,6790621.45,3627200.00,3163421.45,2527200.00,0.00,0.00,3627200.00
2206357,8908982.09,8912439.43,4539622.61,4369359.48,2652872.61,0.00,0.00,3395950.00
2206407,9937559.19,10607453.73,3387742.77,6549816.42,898000.00,0.00,0.00,2706784.77
2206506,10516674.37,10716646.20,5610580.96,4906093.41,3444200.00,0.00,0.00,5610580.96
2206605,11553484.67,11553484.67,6598624.27,4954860.40,3648727.71,0.00,1393000.00,4543896.56
2206654,13278335.00,13375429.74,8780600.00,4497735.00,6168000.00,0.00,292600.00,8488000.00
2206670,10072709.63,10072709.63,5239851.67,4832857.96,1191000.00,0.00,0.00,5039851.67
2206696,11188241.27,11278241.17,4151000.00,7037241.27,2240000.00,0.00,711000.00,3140000.00
2206704,7099925.98,7099925.98,3795985.00,3303940.98,1540000.00,0.00,1851985.00,1595000.00
2206720,11056602.85,12159696.98,4739000.00,6317602.85,2739000.00,0.00,3695000.00,794000.00
2206753,7855989.59,7948478.86,5133500.00,2722489.59,3983500.00,0.00,0.00,4287000.00
2206803,17703948.35,17819317.62,8639495.03,9064453.32,5731183.03,0.00,0.00,8639495.03
2206902,9734506.00,9734506.00,5387700.00,4346806.00,3687700.00,0.00,0.00,5187700.00
2206951,6992024.94,6992024.94,2940500.00,4051524.94,1390500.00,0.00,600000.00,1194000.00
2207009,44751860.05,51099803.14,12708537.00,32043323.05,5889850.00,0.00,6806350.00,3820887.00
2207108,6721527.90,6721527.90,3858961.90,2862566.00,2740200.00,0.00,0.00,3858961.90
2207207,6865419.00,6865419.00,2941000.00,3924419.00,1341000.00,0.00,0.00,2191000.00
2207306,14547816.99,14547816.99,8106200.00,6441616.99,7256200.00,0.00,1985000.00,5026700.00
2207355,11047766.28,11047766.28,4690200.00,6357566.28,3390200.00,0.00,0.00,4690200.00
2207405,15921017.97,15921017.97,10133436.97,5787581.00,7783396.97,0.00,0.00,8638436.97
2207504,19484109.48,19634095.64,12551276.48,6932833.00,7231379.05,0.00,9189379.05,3111897.43
2207553,13516545.32,13516545.32,7090200.00,6426345.32,5390200.00,0.00,300000.00,6790200.00
2207603,12519658.40,12519658.40,5289000.00,7230658.40,3289000.00,0.00,0.00,4989000.00
2207702,137316084.70,140212432.38,34667089.00,102648995.70,604200.00,0.00,20911047.00,11148099.00
2207751,11903692.25,11903692.25,9053873.25,2849819.00,5503889.25,0.00,5942000.99,2395984.00
2207777,9823320.00,9823320.00,4532000.00,5291320.00,3782000.00,0.00,0.00,3532000.00
2207793,10584599.30,10584599.30,6030700.00,4553899.30,3080700.00,0.00,2792500.00,2838200.00
2207801,15044053.24,15409299.91,3054690.24,11989363.00,1248000.00,0.00,6690.24,2298000.00
2207850,6527068.38,6527068.38,3350000.14,3177068.24,1700200.00,0.00,0.00,3350000.14
2207900,38334665.28,39841168.98,7229024.41,31105640.87,3252200.00,0.00,2500000.00,4478019.01
2207934,9652401.93,9652401.93,5492144.93,4160257.00,4240200.00,0.00,0.00,5492144.93
2207959,10612023.49,10612023.49,5455682.79,5156340.70,2909000.00,0.00,0.00,5155682.79
2208007,88838738.13,94779909.52,30739917.08,58098821.05,11237972.99,0.00,26991772.99,2748144.09
2208106,23934319.00,23934319.00,15637424.00,8296895.00,12597424.00,0.00,0.00,15637424.00
2208205,9468193.50,9468193.50,4840933.00,4627260.50,2941565.00,0.00,0.00,4840933.00
2208304,40393617.00,40393617.00,20044990.00,20348627.00,4975500.00,0.00,12996990.00,5100000.00
2208403,38468608.64,38547428.68,14463236.11,24005372.53,3300189.00,0.00,7650000.00,4913470.11
2208502,12822637.30,12822637.30,5146204.00,7676433.30,2620200.00,0.00,1726004.00,3022200.00
2208551,9491219.86,9491219.86,4891700.00,4599519.86,3641700.00,0.00,0.00,4891700.00
2208601,4419265.30,4419265.30,2604200.00,1815065.30,804200.00,0.00,500000.00,1604200.00
2208650,11104040.00,11104040.00,5418310.21,5685729.79,3265000.00,0.00,3310.21,4817000.00
2208700,11545291.15,11545291.15,6255700.00,5289591.15,4105700.00,0.00,0.00,5609200.00
2208809,11756281.18,11756281.18,2759109.18,8997172.00,1156758.18,0.00,0.00,1298500.00
2208858,14464945.10,14464945.10,10361087.47,4103857.63,6737230.00,0.00,0.00,8817230.00
2208874,5464530.15,5464530.15,3354015.00,2110515.15,1239500.00,0.00,1344515.00,1762000.00
2208908,5688342.01,5688342.01,2265369.85,3422972.16,1148700.00,0.00,0.00,1420869.85
2209005,5821113.90,5821113.90,2066645.42,3754468.48,691629.05,0.00,0.00,1368645.42
2209104,15462292.00,15462292.00,9504750.00,5957542.00,5870500.00,0.00,6285000.00,2026250.00
2209153,8112506.00,8112506.00,5039200.00,3073306.00,3439200.00,0.00,0.00,5039200.00
2209203,7541055.59,7541055.59,4696740.00,2844315.59,1500200.00,0.00,0.00,4496740.00
2209302,9130736.64,9230710.08,5351188.36,3779548.28,2426928.00,0.00,2138993.00,2912195.36
2209351,8712351.86,8712351.86,4628200.00,4084151.86,2698200.00,0.00,0.00,4628200.00
2209377,10382956.00,10884174.33,4950000.00,5432956.00,1390000.00,0.00,1160000.00,3790000.00
2209401,6157696.93,6157696.93,3292700.00,2864996.93,1642700.00,0.00,200000.00,2226400.00
2209450,3381723.45,3474211.97,1987004.00,1394719.45,1541000.00,0.00,0.00,1389004.00
2209500,9333247.36,9333247.36,5756706.04,3576541.32,3406706.04,0.00,3962706.04,1194000.00
2209559,9403580.53,9546066.41,4387009.00,5016571.53,2990514.00,0.00,0.00,4187009.00
2209609,10991763.21,10991763.21,5014384.21,5977379.00,3740200.00,0.00,0.00,5014384.21
2209658,6949517.50,6949517.50,2702200.00,4247317.50,1552200.00,0.00,0.00,2502200.00
2209708,14043591.55,14043591.55,8483047.15,5560544.40,4644325.00,0.00,4831631.00,2668341.15
2209757,6516893.46,6516893.46,4020648.00,2496245.46,2687500.00,0.00,0.00,3520648.00
2209807,10072169.97,10072169.97,7004925.60,3067244.37,3846700.00,0.00,2200000.00,4158425.60
2209856,12460130.44,12460130.44,7528500.00,4931630.44,4428500.00,0.00,700000.00,6581000.00
2209872,9431135.27,9431135.27,5527531.20,3903604.07,4433200.00,0.00,198000.00,2790531.20
2209906,4149279.00,4149279.00,1945567.00,2203712.00,646000.00,0.00,50000.00,899567.00
2209955,10548866.06,10698866.06,7163822.14,3385043.92,4649600.00,0.00,0.00,6963822.14
2209971,6386200.00,6386200.00,3698000.00,2688200.00,648000.00,0.00,2300000.00,700000.00
2210003,18221331.18,18221331.18,6605720.00,11615611.18,3300000.00,0.00,1480320.00,3400000.00
2210052,13763621.06,13763621.06,5878718.28,7884902.78,3698371.08,0.00,0.00,5648371.08
2210102,5955604.00,5955604.00,4073104.00,1882500.00,1242000.00,0.00,1396000.00,1877104.00
2210201,11681797.93,11681797.93,5905283.45,5776514.48,4474500.00,0.00,1338000.00,4220783.45
2210300,10644061.96,10653351.98,6978502.96,3665559.00,4378700.00,0.00,1643500.00,4939002.96
2210359,4739489.59,4739489.59,2296000.00,2443489.59,896000.00,0.00,0.00,1996000.00
2210375,9552980.66,9552980.66,5636700.00,3916280.66,4436700.00,0.00,0.00,5636700.00
2210383,4164843.00,4164843.00,2000000.00,2164843.00,700000.00,0.00,0.00,1400000.00
2210391,4311581.00,4311581.00,2192581.00,2119000.00,200000.00,0.00,1092581.00,1100000.00
2210409,17654919.80,17888413.16,9730443.00,7924476.80,6576693.00,0.00,0.00,8730443.00
2210508,18966168.68,18971670.28,6593836.42,12372332.26,3526700.00,0.00,630000.00,5696700.00
2210607,21282557.00,21892947.36,3256764.00,18025793.00,1500000.00,0.00,1500000.00,1100000.00
2210623,9327717.26,9327717.26,4706095.00,4621622.26,1805615.00,0.00,1000000.00,2807845.00
2210631,4227933.85,4227933.85,1794000.00,2433933.85,594000.00,0.00,0.00,1396000.00
2210656,7953141.48,8085993.42,3209800.00,4743341.48,1509800.00,0.00,150000.00,2246000.00
2210706,7130999.42,7130999.42,2919339.00,4211660.42,1219339.00,0.00,0.00,1919339.00
2210805,23617236.63,23917173.77,11206802.00,12410434.63,8183260.00,0.00,600000.00,10258552.00
2210904,17465878.94,17486478.94,8622700.00,8843178.94,6172700.00,0.00,600000.00,7725700.00
2210938,20089876.70,20089876.70,13978890.00,6110986.70,9849950.00,0.00,7764000.00,5221140.00
2210953,7067402.00,7067402.00,5590500.00,1476902.00,4290500.00,0.00,996000.00,3258000.00
2210979,7803989.49,7805189.49,4593700.00,3210289.49,2793700.00,0.00,0.00,4593700.00
2211001,43341160.01,734058334.32,7071595.01,36269565.00,1144646.00,0.00,1501646.00,1393000.00
2211100,18967663.44,19072676.65,5258002.72,13709660.72,3708421.72,0.00,92581.00,5165421.72
2211209,19215380.15,19220330.15,6545950.00,12669430.15,2094200.00,0.00,1000000.00,5050950.00
2211308,14716780.17,14719480.17,5200200.00,9516580.17,2800200.00,0.00,1500000.00,3700200.00
2211357,7142984.00,7142984.00,3666530.00,3476454.00,2166523.00,0.00,0.00,3218075.00
2211407,21963598.24,21963598.24,13253296.97,8710301.27,9953295.77,0.00,10057095.77,3046200.00
2211506,4794967.48,4794967.48,3126750.00,1668217.48,1888000.00,0.00,800000.00,1429750.00
2211605,11650390.30,11650390.30,5375310.96,6275079.34,3605051.98,0.00,3241595.00,1337463.98
2211704,20624561.80,20624561.80,12791857.00,7832704.80,9804357.00,0.00,4280792.00,7323565.00
2300101,5682900.00,5682900.00,5049920.00,632980.00,1400000.00,1200000.00,3849920.00,0.00
2300150,5445668.57,5445668.57,3910000.00,1535668.57,2681000.00,0.00,3910000.00,0.00
2300200,66199634.94,66299646.54,40284861.08,25914773.86,35850966.08,2160000.00,28035032.08,10089829.00
2300309,8941396.98,8941396.98,5617912.98,3323484.00,278000.00,2037993.00,1135958.98,2443961.00
2300408,7979563.00,7979563.00,7879739.00,99824.00,2980000.00,5480000.00,1299786.00,1099953.00
2300507,9930296.63,9937484.16,6862711.18,3067585.45,1890000.00,0.00,3650000.00,3212711.18
2300606,10807883.58,10807883.58,6589050.58,4218833.00,1966769.58,3195000.00,1540781.00,1853269.58
2300705,15569000.72,15569000.72,10618587.91,4950412.81,4225012.00,975000.00,2100012.00,7543575.91
2300754,12718860.00,12718860.00,8973475.00,3745385.00,7123500.00,0.00,5473500.00,3499975.00
2300804,9282589.67,9282589.67,4753420.56,4529169.11,1300000.00,0.00,4653456.56,99964.00
2300903,10860664.46,10860664.46,6047155.46,4813509.00,1980000.00,2374792.00,1323787.00,2299792.00
2301000,40178685.04,42778395.74,12939964.00,27238721.04,7990000.00,7000000.00,5690000.00,249964.00
2301109,57690517.49,57897870.30,34317465.93,23373051.56,14236518.95,3600000.00,28419407.98,2298057.95
2301208,19943992.15,19943992.15,6238280.78,13705711.37,1935000.00,495000.00,2795229.00,2948051.78
2301257,2408836.00,2408836.00,2308851.00,99985.00,0.00,100000.00,323812.00,1885039.00
2301307,9354564.87,9354564.87,6418327.00,2936237.87,2300000.00,300000.00,722982.00,5395345.00
2301406,24276818.65,24336818.65,20359599.65,3917219.00,11726835.15,3914604.00,9166481.15,7278514.50
2301505,3889985.00,3889985.00,3889985.00,0.00,1490000.00,3490000.00,0.00,399985.00
2301604,46984325.08,46984325.08,32947326.83,14036998.25,26727935.66,0.00,26414430.66,6532896.17
2301703,10311920.62,10507642.16,5131902.00,5180018.62,500000.00,0.00,349470.00,4782432.00
2301802,8632666.00,8724323.80,5820310.00,2812356.00,1000000.00,3600000.00,1620750.00,599560.00
2301851,12062191.04,12062191.04,7657388.00,4404803.04,1878000.00,737569.00,3438000.00,3481819.00
2301901,21426377.09,30998524.70,8649998.00,12776379.09,700000.00,1500000.00,3800000.00,3349998.00
2301950,14947686.95,14947686.95,14200659.95,747027.00,3041500.00,1000000.00,4807389.00,8393270.95
2302008,8305505.55,8305505.55,3793327.55,4512178.00,1000000.00,500000.00,638750.00,2654577.55
2302057,8455885.00,8455885.00,7755885.00,700000.00,4287000.00,696000.00,2296000.00,4763885.00
2302107,24701315.65,24901315.65,20541881.64,4159434.01,6823750.00,2490000.00,15933680.00,2118201.64
2302206,16532331.83,16732331.83,14100781.74,2431550.09,2704945.74,5354945.74,1138856.00,7188740.00
2302305,13046158.35,13061928.30,11617531.26,1428627.09,5666541.82,1736000.00,8634545.26,1246986.00
2302404,82879042.23,82879446.42,38236513.90,44642528.33,27964499.93,23805071.08,9271054.85,4778387.97
2302503,19470061.00,19470061.00,9865027.00,9605034.00,3469365.00,313259.00,7241768.00,2310000.00
2302602,33477765.00,33477777.20,26711600.00,6766165.00,6785100.00,0.00,10755100.00,15956500.00
2302701,15436958.69,15436962.39,12756078.00,2680880.69,1556463.00,0.00,3398578.00,9357500.00
2302800,19592015.11,20127431.42,11889415.44,7702599.67,2797878.00,2487878.00,4195977.40,5166814.00
2302909,12678485.00,12678485.00,11054098.00,1624387.00,2931750.00,2148747.00,3995773.00,4909578.00
2303006,18516081.47,18516081.47,13595697.47,4920384.00,10565839.47,1309663.39,8306122.08,3979912.00
2303105,15054310.75,15154310.75,10290000.00,4764310.75,8690000.00,0.00,4790000.00,5500000.00
2303204,25465098.23,25465098.23,13679917.00,11785181.23,4893012.00,268358.00,10331821.00,2249738.00
2303303,5525548.05,5721548.03,4015765.05,1509783.00,2440000.00,3640000.00,0.00,375765.05
2303402,5116227.66,5116227.66,3112573.04,2003654.62,1895000.00,200000.00,1973920.80,938652.24
2303501,45369348.36,45624773.36,29147216.36,16222132.00,7354000.00,14293595.00,12054800.00,2798821.36
2303600,6450362.67,6450362.67,2629748.67,3820614.00,801900.00,0.00,0.00,1801900.00
2303659,20138481.12,20138481.12,14046191.19,6092289.93,8522344.90,9476886.44,3529770.75,1039534.00
2303709,88938428.00,91191296.12,29149103.00,59789325.00,3284000.00,7904358.00,13013976.00,8230769.00
2303808,12329032.32,12429037.21,10360394.00,1968638.32,6447000.00,3423760.00,1821000.00,5115634.00
2303907,6249170.00,6249170.00,4941307.00,1307863.00,2739250.00,0.00,4559307.00,382000.00
2303931,12385977.60,12385977.60,10800000.00,1585977.60,10800000.00,10800000.00,0.00,0.00
2303956,22639383.79,22639383.79,18492478.85,4146904.94,11472050.00,1700794.00,11542841.00,5241993.00
2304004,18706444.00,18706444.00,13216170.00,5490274.00,8490000.00,0.00,3977318.00,9238852.00
2304103,32989633.85,34639508.58,5883352.00,27106281.85,2115690.00,3061813.00,1621877.00,1199662.00
2304202,53755630.82,56347622.65,24232920.80,29522710.02,10092000.00,180000.00,19252938.80,4799982.00
2304236,10494344.00,10494344.00,4494344.00,6000000.00,2000000.00,0.00,4345654.00,99940.00
2304251,23780285.00,23780285.00,16200249.00,7580036.00,11977100.00,0.00,2977100.00,13223149.00
2304269,23536354.00,23686354.00,18488748.00,5047606.00,15390540.00,0.00,13111270.00,5377478.00
2304277,6831033.97,6843283.97,5460849.00,1370184.97,986000.00,250000.00,3411329.00,1799520.00
2304285,15008199.00,28148027.76,3018964.00,11989235.00,990000.00,0.00,2700000.00,318964.00
2304301,15264319.80,15264319.80,6468303.00,8796016.80,3000000.00,500000.00,3890300.00,2078003.00
2304350,25128682.94,25251102.54,14283207.85,10845475.09,5684500.00,2252000.00,6798009.00,5233198.85
2304400,249308265.00,996119953.63,135266741.00,114041524.00,1824841.00,20001099.00,82224572.00,32563570.00
2304459,24864538.45,24868901.42,21372037.64,3492500.81,16472037.64,15637037.64,500000.00,5235000.00
2304509,11431264.25,11431264.25,8736423.25,2694841.00,3287000.00,1500000.00,4622983.25,2613440.00
2304608,5788998.24,5888998.24,3710334.00,2078664.24,748000.00,0.00,0.00,3710334.00
2304657,8890216.70,8890216.70,8580000.00,310216.70,2490000.00,0.00,90000.00,8490000.00
2304707,60381223.61,60381223.61,50136389.18,10244834.43,41483651.00,9415792.00,13611418.00,27109179.18
2304806,14696340.00,14696340.00,13721335.00,975005.00,11544500.00,0.00,597000.00,13124335.00
2304905,10535246.00,10535246.00,5792472.00,4742774.00,5292500.00,0.00,4292500.00,1499972.00
2304954,18785309.16,19185309.16,10374856.16,8410453.00,6279263.25,1204725.00,1000000.00,8170131.16
2305001,22994359.99,22994359.99,8765923.99,14228436.00,1340159.00,990000.00,2153872.00,5622051.99
2305100,7795518.38,7895518.38,7294474.72,501043.66,3169875.00,308942.99,6835573.73,149958.00
2305209,8331396.29,8331396.29,4933880.29,3397516.00,1500000.00,0.00,4238881.29,694999.00
2305233,44640359.52,45201415.92,22807260.46,21833099.06,13627877.06,1980000.00,2543750.00,17503510.46
2305266,7153062.13,7153062.13,4936885.13,2216177.00,1000000.00,250000.00,500000.00,4186885.13
2305308,13998341.63,13998341.63,9408044.62,4590297.01,2585345.13,0.00,2295000.00,7113044.62
2305332,20494135.91,20695205.91,12845966.00,7648169.91,9990000.00,1000000.00,9851000.00,1994966.00
2305357,6462341.00,6462341.00,4181316.00,2281025.00,1842500.00,0.00,588856.00,3592460.00
2305407,12087968.40,12187994.54,6441914.40,5646054.00,4795000.00,0.00,5408872.80,1033041.60
2305506,44678489.91,49024919.51,26629279.91,18049210.00,7853700.00,6268700.00,9809954.91,9350625.00
2305605,13906846.00,14429903.75,7661749.00,6245097.00,3960000.00,0.00,1800000.00,5861749.00
2305654,6436145.87,6436145.87,4492787.84,1943358.03,200000.00,600000.00,3692820.84,199967.00
2305704,6041734.00,6041734.00,4891836.00,1149898.00,1886000.00,0.00,1032750.00,3859086.00
2305803,20102135.13,20102135.13,17915297.00,2186838.13,10935337.00,400000.00,8277698.00,9237599.00
2305902,17561220.60,17573125.20,16539220.60,1022000.00,5000000.00,0.00,14768574.00,1770646.60
2306009,10144388.89,10144388.89,7410734.52,2733654.37,3080500.00,180000.00,6471032.55,568750.00
2306108,16579959.68,16779959.68,9856243.60,6723716.08,2346000.00,300000.00,830472.24,8725771.36
2306207,8317204.00,8317204.00,7664306.00,652898.00,3275500.00,0.00,5384000.00,2280306.00
2306256,11981059.00,23157318.00,8161573.00,3819486.00,2767000.00,2941073.00,4698000.00,376250.00
2306306,17452734.09,17452734.09,13959090.72,3493643.37,4764896.76,1600000.00,2113825.00,10245265.72
2306405,71935010.23,72782451.07,21953473.74,49981536.49,8760810.08,3000000.00,6709812.51,12217265.80
2306504,9368105.94,9379617.33,7107670.00,2260435.94,497500.00,800000.00,3197500.00,2728170.00
2306553,62371870.26,62371870.26,47343564.26,15028306.00,33803031.08,0.00,20026692.00,22550329.08
2306603,29055273.00,29055273.00,18200443.00,10854830.00,10710672.00,5572000.00,1397000.00,11231443.00
2306702,18724946.01,18924946.01,10600244.07,8124701.94,4226000.00,1000000.00,1600000.00,8000244.07
2306801,24085571.91,24115329.00,19453199.00,4632372.91,10345555.00,990000.00,6610555.00,11852644.00
2306900,60848018.64,61233004.02,23978226.00,36869792.64,10077762.00,4791250.00,9185012.00,10001964.00
2307007,10573514.71,10677014.71,8861720.00,1711794.71,4419682.00,349853.00,8092211.00,419656.00
2307106,2824873.00,2924873.00,2824873.00,0.00,995000.00,1927500.00,200000.00,697373.00
2307205,967096.27,967096.27,817108.27,149988.00,0.00,0.00,478451.27,338657.00
2307254,9951357.00,10051357.00,7584189.00,2367168.00,1050000.00,477500.00,3907339.00,3199350.00
2307304,23317824.73,26463374.38,11195950.92,12121873.81,2204828.72,6061067.72,1984883.20,3150000.00
2307403,9157954.50,9357954.50,8008029.50,1149925.00,2589000.00,450000.00,1300000.00,6258029.50
2307502,28749372.50,29043509.00,21475813.50,7273559.00,9692888.50,700000.00,9580000.00,11195813.50
2307601,10081035.00,10096323.97,4548303.00,5532732.00,1363425.00,693425.00,1854800.00,2000078.00
2307635,12682359.00,12682362.95,6842990.00,5839369.00,2643000.00,1000000.00,3698000.00,2144990.00
2307650,64240658.06,81414751.44,15412601.34,48828056.72,2150000.00,480000.00,2050000.00,11180647.19
2307700,47871255.74,48534175.74,24694371.41,23176884.33,5098592.00,4262000.00,12460126.02,7728342.54
2307809,15477845.77,15477845.77,4697456.00,10780389.77,2297500.00,2297500.00,800000.00,1599956.00
2307908,12743014.00,12743014.00,5476377.00,7266637.00,2520476.50,0.00,0.00,5476377.00
2308005,22215649.23,22217149.23,15059987.00,7155662.23,4960000.00,0.00,500000.00,14559987.00
2308104,3759255.16,3759255.16,2317407.00,1441848.16,0.00,222570.00,1248006.00,846831.00
2308203,9759102.08,10607645.42,9020992.08,738110.00,2047000.00,180000.00,1950449.00,6811000.00
2308302,9043210.14,9043210.14,4338252.00,4704958.14,1200000.00,1000000.00,3088750.00,249502.00
2308351,30277480.64,30283180.64,19247455.00,11030025.64,10107850.00,12994325.00,2399938.00,3853192.00
2308377,11265480.00,11265480.00,10182620.00,1082860.00,4740000.00,0.00,500000.00,9682620.00
2308401,13839826.10,13920073.00,7719882.10,6119944.00,4636360.10,0.00,3037872.10,4682010.00
2308500,19941847.13,20041850.22,12095127.00,7846720.13,4233282.00,1985000.00,6218282.00,3891845.00
2308609,18694888.39,18694888.39,13094319.00,5600569.39,5660994.00,3543500.00,7808812.00,1742007.00
2308708,19666776.64,20808302.36,13146308.00,6520468.64,4654948.00,2400000.00,5260861.00,5485447.00
2308807,13856119.51,13856119.51,9429393.00,4426726.51,5896000.00,500000.00,5560394.00,3368999.00
2308906,10159104.32,10159104.32,8197226.00,1961878.32,2137500.00,0.00,960019.00,7237207.00
2309003,9513255.86,9513255.86,9507519.24,5736.62,1166285.00,0.00,517784.24,8989735.00
2309102,11910191.52,11910191.52,10688581.52,1221610.00,7819048.53,5702548.53,2283500.00,2702532.99
2309201,12949741.01,12949741.01,10122578.47,2827162.54,4176605.81,0.00,2131205.00,7991373.47
2309300,83765820.44,83821127.71,16774222.00,66991598.44,9608375.00,9130975.00,5700000.00,1943247.00
2309409,93532275.20,93632275.20,52061866.00,41470409.20,46714924.00,23702232.00,15258092.00,13101542.00
2309458,22325007.83,22325007.83,16289272.00,6035735.83,8042500.00,500000.00,8383500.00,7405772.00
2309508,23713783.03,23713783.03,10851872.57,12861910.46,4406585.00,180000.00,2471585.00,6736355.69
2309607,42442135.97,44603987.97,30702516.97,11739619.00,11927611.97,5751000.00,5000000.00,19951516.97
2309706,34290983.58,51307966.90,20218614.58,14072369.00,1843500.00,4250000.00,1985511.45,13983103.13
2309805,3806300.65,3806300.65,1933293.65,1873007.00,797500.00,0.00,500000.00,895431.00
2309904,3105334.00,5396250.00,2065334.00,1040000.00,500000.00,0.00,700000.00,1365334.00
2310001,6114971.00,6114971.00,6114971.00,0.00,1800000.00,0.00,5915064.00,199907.00
2310100,8445892.00,8445892.00,7141000.00,1304892.00,2390000.00,1350000.00,3201000.00,2590000.00
2310209,16355248.64,16555248.64,13771219.86,2584028.78,1655185.00,2555185.00,6299284.00,4916750.86
2310258,37211276.41,37211284.63,34406657.00,2804619.41,26648725.00,5155185.00,12996045.00,16255427.00
2310308,87855121.62,87855121.62,60680928.62,27174193.00,45566949.62,60430945.62,0.00,249983.00
2310407,7317925.00,7317925.00,5421981.00,1895944.00,3772000.00,495000.00,3677000.00,1249981.00
2310506,18489917.67,18489917.67,16097303.23,2392614.44,6723578.00,470000.00,7873571.00,7753732.23
2310605,6247299.51,6247299.51,4999975.00,1247324.51,1900000.00,750000.00,4050000.00,199975.00
2310704,19165866.36,19265866.36,13558823.71,5607042.65,7020773.00,0.00,3947750.00,9472788.00
2310803,13558196.27,13561520.93,13554960.00,3236.27,10461766.00,600000.00,12005766.00,949194.00
2310852,13978545.44,14174545.44,12898524.44,1080021.00,5079555.00,5634500.00,1671433.00,5384530.00
2310902,30566121.77,30566121.77,14654713.45,15911408.32,5238630.45,4444630.45,6874979.00,3335104.00
2310951,8903129.43,8903129.43,8552909.43,350220.00,4705254.43,3305254.43,3965000.00,1282655.00
2311009,17146030.00,17146030.00,11821994.00,5324036.00,5572000.00,5775000.00,4947000.00,1099994.00
2311108,9138845.00,9138845.00,3738828.00,5400017.00,1000000.00,2000000.00,1638856.00,99972.00
2311207,7917790.54,7917790.54,4892682.95,3025107.59,1069200.00,0.00,2636373.00,2039929.00
2311231,4922820.93,4922820.93,3158479.93,1764341.00,1650000.00,0.00,158963.93,2999516.00
2311264,78195077.60,78195077.60,43188834.00,35006243.60,26725418.00,33434300.00,0.00,9754534.00
2311306,13370031.20,13692140.67,11237531.20,2132500.00,1680000.00,750000.00,2354114.57,8133416.63
2311355,21441684.90,21474484.90,12629884.16,8811800.74,7725375.45,200000.00,12041750.45,249848.00
2311405,74957522.47,86921962.48,20903409.47,54054113.00,6751002.00,800000.00,8655252.00,11448157.47
2311504,12403134.94,12403134.94,9480306.66,2922828.28,1692500.00,500000.00,5254482.62,3725824.04
2311603,13268894.00,13568894.00,9690333.00,3578561.00,2197506.00,600000.00,8890747.00,199586.00
2311702,16787611.97,16828600.67,12217478.97,4570133.00,7378999.00,5239000.00,5160000.00,1818478.97
2311801,53445649.77,53747265.02,43923070.08,9522579.69,23765761.00,10684928.22,13534180.00,16478505.00
2311900,8925786.74,8925786.74,4668890.00,4256896.74,861159.00,1684000.00,2438971.00,545919.00
2311959,7399298.58,7399298.58,4631694.58,2767604.00,500000.00,0.00,2777000.00,1200000.00
2312007,17909325.27,17909524.62,13439334.86,4469990.41,7085000.00,5453358.00,3700000.00,4249883.00
2312106,6958990.67,6958990.67,6217447.67,741543.00,1090000.00,268348.00,2739709.00,3209390.67
2312205,11035688.50,11036674.54,7634172.50,3401516.00,2415143.00,500000.00,6585143.00,549029.50
2312304,20746638.66,21310975.58,11250656.00,9495982.66,3366105.00,0.00,7586346.00,3189310.00
2312403,35676858.80,35976858.80,20373817.80,15303041.00,8194000.00,6000000.00,3000000.00,11373817.80
2312502,4407621.96,4407621.96,1963162.00,2444459.96,250000.00,0.00,0.00,1963162.00
2312601,11766124.00,11766124.00,8519454.00,3246670.00,995000.00,565473.00,5300000.00,2653981.00
2312700,14106495.00,14184380.74,9318000.00,4788495.00,4968000.00,8118000.00,800000.00,400000.00
2312809,10791091.20,10791091.20,8055450.00,2735641.20,3240000.00,0.00,0.00,8055450.00
2312908,42180305.86,46572895.21,7109705.41,35070600.45,4672500.00,180000.00,1600000.00,5329705.41
2313005,27479038.08,27866158.08,18666839.56,8812198.52,10208812.00,4703325.00,3507993.00,10455521.56
2313104,23088776.45,23450925.45,14108635.64,8980140.81,5910737.00,610000.00,3578451.00,9190682.73
2313203,27155681.87,27155714.31,18707706.00,8447975.87,7769655.00,4669655.00,11549061.00,2488990.00
2313252,3446985.00,3446985.00,2279892.00,1167093.00,398000.00,1000000.00,1179949.00,99943.00
2313302,187521232.39,190348149.61,67464421.41,120056810.98,47945272.08,0.00,2600000.00,64864421.41
2313351,15299807.15,15299807.15,13540803.00,1759004.15,3896000.00,1000000.00,1200000.00,11340803.00
2313401,32951776.88,33761819.73,14189330.44,18762446.44,3993000.00,3000000.00,1200000.00,9989330.44
2313500,25986143.00,25986143.00,16221218.00,9764925.00,6619365.00,552000.00,0.00,15669218.00
2313559,6657980.00,6657980.00,5743780.00,914200.00,1990000.00,0.00,799602.00,4944178.00
2313609,17832431.98,18411491.41,10553955.52,7278476.46,4363576.00,3234396.00,4059985.00,3259574.52
2313708,13034137.00,13234136.90,8023082.00,5011055.00,1595000.00,300000.00,2900000.00,4823082.00
2313757,20009657.38,20009657.38,10259433.38,9750224.00,5933174.00,500000.00,201742.12,9557691.26
2313807,11004999.00,11004999.00,9159480.00,1845519.00,1930526.00,0.00,1233026.00,7926454.00
2313906,7134031.95,7134031.95,6935000.00,199031.95,3890000.00,0.00,6935000.00,0.00
2313955,37595829.01,37703396.44,30492097.50,7103731.51,21075474.50,7383000.00,12453000.00,10656097.50
2314003,37377203.00,37677601.95,32566078.00,4811125.00,22664085.00,180000.00,3681000.00,28505078.00
2314102,24252946.92,24402946.92,10538804.92,13714142.00,1500000.00,0.00,3500000.00,7038804.92
2400109,23543279.05,23543279.05,20458722.00,3084557.05,16824078.00,4365540.00,653075.00,15440107.00
2400208,26343615.79,27229448.49,9743414.00,16600201.79,899000.00,5268838.00,966224.00,3508352.00
2400307,11247928.00,11250041.47,7310072.00,3937856.00,4004000.00,1738602.00,2867470.00,2704000.00
2400406,4916917.69,4916917.69,2570908.00,2346009.69,1874000.00,196908.00,400000.00,1974000.00
2400505,17119167.59,17805186.72,6322828.19,10796339.40,3056095.94,3708595.94,500000.00,2075893.10
2400604,16851572.62,16851572.62,11003305.00,5848267.62,4774022.00,3274022.00,0.00,7729283.00
2400703,14038809.84,14038809.84,8767993.90,5270815.94,2883500.00,2046000.00,2654.90,6621839.00
2400802,13496252.19,13543358.52,6418393.00,7077859.19,3155782.00,966782.00,2179846.00,3271765.00
2400901,9654917.82,9654917.82,4321232.94,5333684.88,2539232.94,3625232.94,0.00,696000.00
2401008,16571550.20,19352514.64,11182779.98,5388770.22,5768022.00,5546994.00,404605.50,5231180.48
2401107,17231156.56,17431156.56,9087938.56,8143218.00,4651792.56,5501830.56,1072471.00,2513637.00
2401206,6453121.39,6453521.39,3822630.85,2630490.54,1625610.00,2583888.00,0.00,994000.00
2401305,8792526.67,8872464.51,4679346.56,4113180.11,1741037.62,3667648.91,477500.00,500000.00
2401404,8219113.91,8275640.29,5850284.50,2368829.41,2888000.00,696000.00,2273209.50,2881075.00
2401453,14437612.73,14437612.73,6418200.62,8019412.11,4180537.62,3033700.62,0.00,3384500.00
2401503,7183490.03,7183490.03,4395232.94,2788257.09,2845232.94,3395232.94,0.00,1000000.00
2401602,6180461.00,6180461.00,4795675.00,1384786.00,2550022.00,2422044.00,400000.00,1973631.00
2401651,5164916.00,5164916.00,3492000.00,1672916.00,1592000.00,2294000.00,100000.00,1098000.00
2401701,11549243.88,11596349.81,6226973.00,5322270.88,1937522.00,2650571.00,0.00,3576402.00
2401800,13582898.09,14196512.09,7916216.00,5666682.09,2991022.00,1274044.00,1429962.00,5212210.00
2401859,7365833.50,7365833.50,4212312.50,3153521.00,2435500.00,1092000.00,626812.50,2493500.00
2401909,5712853.94,5712853.94,3502998.00,2209855.94,1832623.00,1594000.00,0.00,1908998.00
2402006,45172481.76,45614773.23,27236140.60,17936341.16,18332110.00,10251833.00,2434465.80,14549841.80
2402105,14440473.12,15648854.99,8709575.06,5730898.06,4378038.00,4084576.00,1354117.00,3270882.06
2402204,24677548.21,25886119.85,12707676.77,11969871.44,8519770.56,4833770.56,2005348.21,5868558.00
2402303,20291601.05,20414610.49,9422875.00,10868726.05,5282750.00,3217152.00,1415723.00,4790000.00
2402402,9000274.37,9200274.37,5679144.98,3321129.39,3832037.62,3038467.62,740511.00,1900166.36
2402501,15232769.74,15332769.74,10080165.00,5152604.74,1972544.00,7878465.00,0.00,1964200.00
2402600,45975348.62,45991241.04,21666813.46,24308535.16,17195757.46,13391659.03,403268.00,7871886.43
2402709,6179521.32,6179521.32,3492296.04,2687225.28,1058000.00,953537.00,830759.04,1708000.00
2402808,9646445.93,9646445.93,5006738.00,4639707.93,1363522.00,3297145.00,409593.00,1300000.00
2402907,6776874.94,6776874.94,4258980.94,2517894.00,3168357.94,1561377.94,1447603.00,1250000.00
2403004,24941126.87,25041126.87,18624884.78,6316242.09,12471941.78,3717441.78,697366.00,14210077.00
2403103,11742827.71,11805370.72,9725116.49,2017711.22,5917870.03,1963732.00,4176199.70,3585184.79
2403202,8790998.62,8791303.42,3054282.79,5736715.83,2289500.00,200000.00,1000000.00,1854282.79
2403251,32298088.59,43114895.41,9368697.00,22929391.59,3450066.00,4236840.00,1051857.00,4080000.00
2403301,9388912.16,9388912.16,5210855.94,4178056.22,2244232.94,3312355.94,0.00,1898500.00
2403400,8155636.37,8155636.37,5126225.00,3029411.37,2941038.00,921238.00,2243287.00,1961700.00
2403509,9214180.00,9214180.00,4907967.00,4306213.00,1393522.00,3210183.00,0.00,1697784.00
2403608,35635039.51,38041324.31,19530318.87,16104720.64,12539202.87,14747729.87,199728.00,4509736.00
2403707,5638913.94,5641858.94,2805442.00,2833471.94,1817442.00,2112442.00,0.00,693000.00
2403756,5536878.51,5536878.51,2766871.00,2770007.51,1605841.00,746000.00,602422.00,1418449.00
2403806,17427022.13,17427022.13,12539944.80,4887077.33,7247107.00,3706622.00,3270894.80,5562428.00
2403905,6674942.12,7274070.12,4018022.00,2656920.12,2418022.00,1030022.00,0.00,2988000.00
2404002,5326492.20,5440982.65,2116437.20,3210055.00,300000.00,0.00,1300000.00,816437.20
2404101,8370017.36,8370017.36,6289661.00,2080356.36,5270022.00,4084022.00,179639.00,1786000.00
2404200,24028705.65,24028705.65,8611666.75,15417038.90,2928000.00,5313000.00,1400000.00,1898666.75
2404309,9885397.07,9885397.07,4281663.57,5603733.50,2292000.00,996000.00,238750.00,2569413.57
2404408,8217013.62,8217013.62,4729917.62,3487096.00,3761559.62,616059.62,1500000.00,2613858.00
2404507,11849870.00,13013090.38,918193.00,10931677.00,0.00,649838.00,0.00,268355.00
2404606,12404055.60,12404055.60,7071697.00,5332358.60,3007522.00,4189560.00,0.00,1882137.00
2404705,15123131.64,15190110.40,6208662.01,8914469.63,2326928.00,3340000.00,787927.02,2080734.99
2404804,4693260.37,4693260.37,2967238.00,1726022.37,1896000.00,800000.00,498638.00,1668600.00
2404853,20500077.94,20500077.94,12679213.62,7820864.32,9838352.62,3640081.62,798861.00,8240271.00
2404903,8084859.61,8084859.61,6146428.00,1938431.61,795000.00,2007000.00,0.00,2900678.00
2405009,13923566.00,13923566.00,9943347.00,3980219.00,4065409.00,2003044.00,1368938.00,4571365.00
2405108,4788459.52,4788459.52,3254259.52,1534200.00,822313.06,0.00,3165491.52,88768.00
2405207,8487170.27,8585236.67,4582733.00,3904437.27,3583500.00,0.00,4582733.00,0.00
2405306,4641989.67,4641989.67,2337546.56,2304443.11,1099732.94,949713.94,0.00,1387832.62
2405405,5015487.57,5015487.57,1874723.00,3140764.57,449000.00,0.00,1874723.00,0.00
2405504,4076133.19,4076133.19,2629780.19,1446353.00,500000.00,660000.00,0.00,1902923.05
2405603,27294888.88,27294888.88,11949246.94,15345641.94,7099254.94,4093276.94,400000.00,7455970.00
2405702,12208007.14,12404220.73,9693173.00,2514834.14,6627022.00,5263745.00,1145000.00,3284428.00
2405801,20095279.13,20156247.42,10835516.78,9259762.35,5853295.77,2863097.62,129707.29,7267471.87
2405900,2712424.00,2712424.00,868358.00,1844066.00,100000.00,868358.00,0.00,0.00
2406007,6860485.69,6860485.69,2823667.32,4036818.37,665792.00,0.00,2682563.00,90000.00
2406106,17121380.52,17371702.52,11943812.00,5177568.52,6749821.00,4709047.00,198000.00,4331025.00
2406155,6781586.52,6781586.52,2870683.52,3910903.00,994000.00,960000.00,77808.52,1832875.00
2406205,6487775.62,6487775.62,4935506.95,1552268.67,3633403.00,3038038.00,1381088.00,300000.00
2406304,11484126.40,11940285.29,6119563.40,5364563.00,2585559.40,4819563.40,0.00,300000.00
2406403,9878519.88,9878519.88,7720188.80,2158331.08,3741750.00,1324407.00,1513589.00,4882192.80
2406502,14299766.00,14667530.90,7747014.00,6552752.00,2811544.00,5015791.00,585723.00,2145500.00
2406601,6113909.45,6116809.45,908044.00,5205865.45,150022.00,908044.00,0.00,0.00
2406700,10516554.83,11404750.58,5171075.33,5345479.50,2747732.94,1547732.94,1201204.95,2340994.58
2406809,8526909.58,8526909.58,5261279.00,3265630.58,2598794.00,2205044.00,0.00,2817485.00
2406908,10431297.95,10852192.79,4538048.00,5893249.95,3261500.00,2437000.00,0.00,2101048.00
2407005,4917443.78,4917743.78,3903032.80,1014410.98,1297750.00,1347748.00,191084.80,2364200.00
2407104,55550712.71,56265997.37,27960924.00,27589788.71,19814022.00,8678044.00,1747980.00,17534900.00
2407203,12280596.80,12636557.63,6994257.76,5286339.04,1531060.00,2535060.00,640261.76,3818936.00
2407252,6352341.37,6352341.37,4590240.00,1762101.37,3035250.00,2397490.00,0.00,2192750.00
2407302,7323801.22,7573801.22,5216605.94,2107195.28,2699982.94,4016605.94,0.00,1200000.00
2407401,9996139.71,9996139.71,5029667.00,4966472.71,1794000.00,1795000.00,1478667.00,1374000.00
2407500,13524244.46,13524244.46,7709836.00,5814408.46,4668022.00,1393022.00,550000.00,5266814.00
2407609,9542566.82,12066418.21,7013411.00,2529155.82,4491001.00,4691094.00,874567.00,1447750.00
2407708,10907721.35,10908321.35,8656416.58,2251304.77,5327500.00,3040038.00,1150000.00,3787500.00
2407807,13874841.94,13874841.94,7329194.00,6545647.94,2676044.00,3146044.00,0.00,4036900.00
2407906,5802907.20,5802907.20,2257500.00,3545407.20,700000.00,271000.00,0.00,1186500.00
2408003,95751701.44,160633327.31,25890388.00,69861313.44,10900082.00,4660104.00,2259780.00,18970504.00
2408102,257696744.45,558466677.13,57155399.65,200541344.80,30195728.08,22534944.00,3267752.00,12519598.57
2408201,26803663.44,27133901.44,14099536.70,12704126.74,6347744.35,9935654.55,0.00,4163882.15
2408300,55943763.98,56060661.07,36071723.81,19872040.17,14020689.00,4945802.00,3558915.80,27457291.72
2408409,4710628.53,4710628.53,2579692.00,2130936.53,1289000.00,200000.00,690692.00,1689000.00
2408508,6049110.00,6049110.00,4443888.00,1605222.00,2340500.00,3218500.00,538856.00,686532.00
2408607,6244976.40,6244976.40,2464420.00,3780556.40,1544000.00,880000.00,100000.00,1484420.00
2408706,6530959.79,6530959.79,4733294.00,1797665.79,1553044.00,2464044.00,469250.00,1000000.00
2408805,7609626.00,7609626.00,4582500.00,3027126.00,3392500.00,1692500.00,790000.00,2100000.00
2408904,19505808.26,19656938.66,9839432.65,9666375.61,4743658.71,4829554.08,889459.58,4120418.99
2408953,12883731.40,12883731.40,8433774.56,4449956.84,6473770.56,4089563.56,599211.00,3745000.00
2409100,20918085.96,20918085.96,13195455.17,7722630.79,4551089.17,6277582.17,0.00,6917873.00
2409209,7120635.00,7120635.00,4337044.00,2783591.00,2552022.00,3193044.00,399000.00,745000.00
2409308,12189187.29,12189187.29,5440071.98,6749115.31,2983391.00,1285022.00,2368989.00,1786060.98
2409332,6855099.90,6855099.90,3399516.09,3455583.81,2640000.00,607246.02,2543520.07,200000.00
2409407,33433447.32,33599674.56,13111403.89,20322043.43,5124750.00,600000.00,1394274.18,9007750.00
2409506,9920697.12,9920697.12,5064413.12,4856284.00,3953377.12,1592097.62,0.00,3472315.50
2409605,4111504.68,4111504.68,895622.87,3215881.81,448000.00,243022.00,198000.00,380000.00
2409704,8883636.00,8883636.00,4789314.00,4094322.00,1494000.00,2067924.00,799989.00,1921401.00
2409803,10126322.00,10126322.00,4338571.00,5787751.00,680044.00,3338571.00,0.00,1000000.00
2409902,12082551.19,12082551.19,6771030.19,5311521.00,2186075.62,4004698.62,598000.00,2100000.00
2410009,3316008.37,3316008.37,1240526.00,2075482.37,0.00,470000.00,182776.00,587750.00
2410108,20296678.80,20296678.80,13913986.80,6382692.00,9022387.00,6898106.80,2146000.00,4869880.00
2410207,14452866.70,14541186.70,6266469.08,8186397.62,4273500.00,1193500.00,0.00,5072969.08
2410256,4859151.36,4859151.36,703627.12,4155524.24,0.00,0.00,678750.00,24877.12
2410306,24734170.97,24734170.97,19491213.24,5242957.73,7573000.00,11988000.00,0.00,7503213.24
2410405,19700070.39,19700070.39,14053264.75,5646805.64,7888724.52,8711265.52,1201999.23,4140000.00
2410504,7162467.11,7162467.11,4870634.98,2291832.13,2343537.62,2147419.62,0.00,2723215.36
2410603,9209048.91,9209048.91,5700406.46,3508642.45,3453067.00,2993000.00,383953.00,2323453.46
2410702,13774424.89,13774424.89,7530802.00,6243622.89,5406990.00,1843000.00,238452.00,4449350.00
2410801,8572569.33,8572569.33,6024086.31,2548483.02,2855909.00,4277159.00,100000.00,1646927.31
2410900,14658193.56,14658193.56,8993504.47,5664689.09,5516794.62,4614720.62,651026.85,3727757.00
2411007,7519218.54,7519218.54,4404790.54,3114428.00,2111037.62,2851170.62,720000.00,833619.92
2411056,4845251.92,4845251.92,2171443.92,2673808.00,1269820.92,1171443.92,1000000.00,0.00
2411106,3690543.68,3690543.68,2471793.68,1218750.00,796022.00,1871793.68,0.00,600000.00
2411205,32837345.77,32992242.76,13000463.58,19836882.19,5844993.00,3379972.00,1487096.00,7528484.87
2411403,10797359.57,10902519.57,6098176.47,4699183.10,4398154.47,1548022.00,150000.00,4400154.47
2411429,7883023.93,7883023.93,4654304.41,3228719.52,2364304.00,2125961.00,0.00,2528343.41
2411502,21286179.44,21379159.61,14166669.47,7119509.97,8335287.62,1869787.62,1417591.00,10879290.85
2411601,4363593.74,4363593.74,794200.00,3569393.74,280000.00,200000.00,0.00,594200.00
2411700,7204188.14,7204188.14,3342491.14,3861697.00,1214022.00,2961434.00,0.00,314200.00
2411809,7368731.76,8228275.11,4512990.76,2855741.00,3635000.00,800000.00,2402500.00,1310490.76
2411908,6250236.00,6250236.00,4108217.00,2142019.00,1296000.00,2895841.00,0.00,1212376.00
2412005,36625727.50,39235813.66,17189214.50,19436513.00,10005317.50,2278619.00,3055535.00,11855060.50
2412104,8848361.72,8948361.72,5532598.49,3315763.23,2098620.94,2507696.94,699261.00,2323160.17
2412203,19917407.99,20554163.37,9915989.61,10001418.38,4798022.00,3852828.00,335162.00,5727999.61
2412302,8862587.00,8862587.00,3150000.00,5712587.00,750000.00,2400000.00,0.00,750000.00
2412401,12603938.83,12603938.83,9033190.20,3570748.63,4619506.20,4204729.20,1695961.00,3132500.00
2412500,14382993.03,14382993.03,7488065.03,6894928.00,2918868.00,3586617.00,1028579.03,2632869.00
2412559,12359878.00,12659442.00,6413022.00,5946856.00,4635522.00,1050022.00,1945500.00,3417500.00
2412609,30436977.49,31704891.85,20022769.98,10414207.51,9456694.62,10226325.62,2129005.14,6167439.22
2412708,8473649.70,8473649.70,7249439.26,1224210.44,2718300.00,1571332.00,260998.00,4104234.26
2412807,9071776.46,9071776.46,4947733.00,4124043.46,3324726.00,1674359.00,1478661.00,1794713.00
2412906,15912721.95,15912721.95,9769392.00,6143329.95,2288250.00,3842288.00,0.00,5927104.00
2413003,12943165.64,12943165.64,6826622.80,6116542.84,3175000.00,1050000.00,3094342.80,2682280.00
2413102,8082600.25,8082600.25,5082031.00,3000569.25,1400000.00,2300000.00,405977.00,1376054.00
2413201,6705226.17,6705226.17,5471450.00,1233776.17,2591450.00,2372500.00,0.00,2102950.00
2413300,6741813.71,7188813.71,3977142.86,2764670.85,1796000.00,750000.00,896000.00,2331142.86
2413359,14806062.46,14806062.46,9244741.62,5561320.84,3943537.62,4752241.62,0.00,4492500.00
2413409,11619954.33,11877287.33,3971701.00,7648253.33,2533500.00,1620522.00,409179.00,1942000.00
2413508,14005404.46,14005404.46,6533159.00,7472245.46,2240792.00,5333159.00,250000.00,950000.00
2413557,9831430.34,9831430.34,5496529.14,4334901.20,3638000.00,1987672.00,0.00,3508857.14
2413607,7001124.83,7101124.83,4129278.00,2871846.83,2439250.00,1397750.00,200000.00,2531528.00
2413706,8136842.18,8236842.18,5443463.02,2693379.16,2715241.15,2926060.00,938773.00,1578630.02
2413805,5876986.41,5876986.41,3294219.41,2582767.00,1300000.00,1064623.00,400000.00,1829596.41
2413904,9508059.39,9508059.39,4270127.39,5237932.00,0.00,1623828.00,53587.39,2592712.00
2414001,8779458.21,9279458.21,5539925.00,3239533.21,0.00,500038.00,0.00,5039887.00
2414100,16987511.11,16988711.11,4931633.00,12055878.11,2597500.00,2802433.00,0.00,2129200.00
2414159,10117872.62,10118322.62,5889409.62,4228463.00,3742597.62,5108097.62,0.00,781312.00
2414209,33180944.09,33180944.09,18253439.22,14927504.87,12399930.00,3578500.00,300000.00,13795581.39
2414308,9765763.76,9765763.76,5390781.00,4374982.76,3838612.00,3562840.00,199969.00,1627972.00
2414407,38744813.23,38840871.84,25418006.62,13326806.61,19580838.62,6566710.62,2932128.00,15919168.00
2414456,9281904.28,9281904.28,5304890.62,3977013.66,2827746.62,2777024.62,271799.00,2256067.00
2414506,13569682.78,13619665.60,6608891.12,6960791.66,4929891.12,4163000.00,897000.00,1548891.12
2414605,9161230.06,9162430.06,7532413.62,1628816.44,4734037.62,4982413.62,150000.00,2400000.00
2414704,4817261.81,4817261.81,2280732.94,2536528.87,1599732.94,1330732.94,300000.00,650000.00
2414753,9150979.94,9150979.94,4958590.94,4192389.00,2242732.94,4138732.94,0.00,819858.00
2414803,14476882.00,14476882.00,5937983.00,8538899.00,1798022.00,4263983.00,1624000.00,50000.00
2414902,5232561.87,5232561.87,2814330.87,2418231.00,2045000.00,448250.00,600000.00,1654235.00
2415008,3831806.89,3831806.89,1552000.00,2279806.89,1452000.00,498000.00,0.00,1054000.00
2500106,9843196.56,9843196.56,3308112.14,6535084.42,1308112.14,0.00,100000.00,3208112.14
2500205,16695825.82,16695825.82,6655610.00,10040215.82,4255610.00,0.00,100000.00,6555610.00
2500304,28699982.32,28699982.32,10267537.32,18432445.00,3289500.00,500000.00,568000.00,8913954.70
2500403,34965922.31,34965922.31,13663281.00,21302641.31,8078955.00,0.00,10440156.00,2984375.00
2500502,14825657.10,14825657.10,5601064.10,9224593.00,2499000.00,0.00,100000.00,5501064.10
2500536,20438043.79,20438043.79,12302740.00,8135303.79,8060000.00,3530542.00,0.00,8772198.00
2500577,6127106.00,6127106.00,4539800.00,1587306.00,3439800.00,0.00,3673600.00,866200.00
2500601,12926036.62,13576036.62,6984753.62,5941283.00,4512700.00,0.00,0.00,6903153.62
2500700,25250393.46,26080303.62,10616676.26,14633717.20,5416726.76,0.00,0.00,10426726.76
2500734,6188986.00,6338986.00,3587500.00,2601486.00,2487500.00,0.00,0.00,3587500.00
2500775,18417182.00,18417182.00,11387172.00,7030010.00,3252792.00,4920759.00,3316413.00,3150000.00
2500809,12443518.10,12443518.10,4373668.00,8069850.10,2673670.00,0.00,0.00,4373668.00
2500908,13633658.00,13633658.00,8273000.00,5360658.00,7023000.00,0.00,6980000.00,1293000.00
2501005,13907755.79,13907755.79,4275731.00,9632024.79,1804000.00,0.00,92581.00,4183150.00
2501104,13543803.72,20109881.23,7043825.72,6499978.00,1995000.00,0.00,2500.09,7041325.63
2501153,3254236.52,3504236.52,2048000.00,1206236.52,1198000.00,0.00,0.00,2048000.00
2501203,10985306.00,10985306.00,8765306.00,2220000.00,4276000.00,300000.00,0.00,8465306.00
2501302,19569453.00,19569453.00,8653641.00,10915812.00,6060087.00,0.00,0.00,8653641.00
2501351,9881124.00,9881124.00,6005027.00,3876097.00,4155182.00,0.00,100000.00,5905027.00
2501401,10654041.00,10654041.00,7966885.00,2687156.00,4828821.00,0.00,200000.00,7703795.00
2501500,28374255.00,28381390.41,12197644.00,16176611.00,8728000.00,693000.00,6671157.00,4833487.00
2501534,8785815.69,8785815.69,4910189.00,3875626.69,2242500.00,0.00,629761.00,4280428.00
2501575,18373301.65,18373301.65,9783965.40,8589336.25,5490341.00,0.00,0.00,9783965.40
2501609,8915138.37,10794347.37,5146452.80,3768685.57,898000.00,0.00,0.00,5146452.80
2501708,7247550.95,7248150.95,3715511.00,3532039.95,1744000.00,0.00,0.00,3715511.00
2501807,26549510.00,49636085.52,15192496.00,11357014.00,2442500.00,1742500.00,0.00,13449996.00
2501906,15188202.80,15388202.80,9695222.80,5492980.00,5723037.00,0.00,0.00,9695222.80
2502003,11182007.49,11182007.49,6175296.00,5006711.49,4113750.00,2815296.00,100000.00,3260000.00
2502052,10506563.50,10506563.50,5487164.00,5019399.50,3483500.00,0.00,0.00,5487164.00
2502102,4912806.45,4912806.45,2150800.00,2762006.45,846000.00,0.00,0.00,2150800.00
2502151,10309513.89,10309513.89,7007265.00,3302248.89,4338000.00,0.00,369985.00,6637280.00
2502201,6823613.02,6823613.02,3505682.02,3317931.00,1503500.00,0.00,210000.00,3295682.02
2502300,32708304.32,32708304.32,21717192.59,10991111.73,17609009.59,2000000.00,0.00,19717192.59
2502409,11700531.00,11700531.00,4938323.00,6762208.00,2493500.00,0.00,0.00,4938323.00
2502508,8645783.00,8645783.00,3773356.00,4872427.00,948000.00,500000.00,0.00,3273356.00
2502607,12042191.02,12042191.02,5605937.00,6436254.02,1442250.00,4305937.00,0.00,1300000.00
2502706,9309637.00,9309637.00,4960997.00,4348640.00,1688500.00,0.00,500000.00,4460997.00
2502805,14552776.15,14568776.47,6642258.56,7910517.59,3792000.00,30030.56,400000.00,6212228.00
2502904,10884330.06,10884330.06,3633843.00,7250487.06,1946699.00,0.00,3333843.00,300000.00
2503001,23854402.00,23854402.00,10252392.00,13602010.00,4975000.00,390086.00,200000.00,9662306.00
2503100,9508961.76,9508961.76,5005267.06,4503694.70,1892000.00,0.00,300000.00,4705267.06
2503209,27249780.09,29035252.28,13113378.90,14136401.19,7895749.00,513552.00,100000.00,11027641.90
2503308,10221907.22,10221907.22,4419546.00,5802361.22,2244000.00,1048546.00,477000.00,2894000.00
2503407,7946206.67,7946206.67,3350000.00,4596206.67,1050000.00,0.00,0.00,3350000.00
2503506,10481245.14,10481245.14,3896112.14,6585133.00,1543500.00,0.00,0.00,3829255.00
2503555,15057388.00,15253387.80,12046967.00,3010421.00,10567000.00,0.00,416104.00,11630863.00
2503605,8382787.00,8382787.00,5400437.00,2982350.00,2140000.00,3874000.00,399925.00,1126512.00
2503704,27219770.27,27236674.22,12526106.42,14693663.85,6462000.00,479890.00,205557.03,11369334.74
2503753,4531826.21,4531826.21,2192500.00,2339326.21,1492500.00,0.00,100000.00,2092500.00
2503803,6055587.00,6055587.00,4443560.00,1612027.00,1643603.00,0.00,0.00,4443560.00
2503902,6116434.71,6116434.71,4534514.00,1581920.71,2813414.00,0.00,130336.00,4404178.00
2504009,89142375.19,154424481.14,34851055.12,54291320.07,10147842.00,1578886.00,1120842.00,31878527.12
2504033,14481666.01,14481666.01,9919965.00,4561701.01,7484511.00,0.00,200000.00,9719965.00
2504074,8284091.89,8285169.90,5149724.80,3134367.09,3082500.00,0.00,0.00,5149724.80
2504108,8381767.00,8381767.00,3521746.00,4860021.00,1173200.00,3421746.00,100000.00,0.00
2504157,7606098.60,7855734.45,3506124.60,4099974.00,1890000.00,204317.60,3201807.00,100000.00
2504207,17331871.03,17340871.03,6380337.00,10951534.03,3190000.00,2325770.00,0.00,4054567.00
2504306,20881406.28,21428493.31,5743621.98,15137784.30,1791000.00,1000000.00,2627.98,4740994.00
2504355,7143752.93,7154552.93,1903000.00,5240752.93,1046000.00,0.00,0.00,1903000.00
2504405,20608521.66,20608521.66,10295133.66,10313388.00,4438400.00,0.00,0.00,10295133.66
2504504,8618427.72,8618427.72,2825600.78,5792826.94,1093500.00,287306.00,0.00,2538294.78
2504603,15511310.44,16070418.11,9992716.79,5518593.65,2843500.00,396000.00,0.00,9596716.79
2504702,14550629.72,14550629.72,8262954.00,6287675.72,4824412.00,0.00,4068600.00,4194354.00
2504801,17472697.83,17472697.83,7208714.83,10263983.00,4807315.00,0.00,5234319.00,1974395.83
2504850,6365280.32,6365280.32,3519809.00,2845471.32,2213596.00,0.00,0.00,3519809.00
2504900,20938222.91,20938222.91,9554194.37,11384028.54,4971500.00,891000.00,0.00,8663194.37
2505006,13713327.46,13713327.46,7116800.00,6596527.46,4112000.00,0.00,0.00,7116800.00
2505105,29667216.12,31778832.46,17937463.03,11729753.09,15656883.00,0.00,0.00,17937463.03
2505204,11891644.00,11891644.00,5143000.00,6748644.00,3779000.00,273000.00,916000.00,3954000.00
2505238,13035365.81,13035365.81,7925726.66,5109639.15,4927180.66,2934726.66,0.00,4991000.00
2505279,6348877.50,6348877.50,2114496.00,4234381.50,1575640.00,0.00,0.00,2114496.00
2505303,25352701.43,25352701.43,17302814.59,8049886.84,15279634.59,3123143.59,0.00,14179671.00
2505352,3475771.18,3475771.18,2143909.00,1331862.18,1244000.00,0.00,0.00,2143909.00
2505402,27784032.58,27784032.58,16968281.60,10815750.98,12858000.00,0.00,181600.00,16786681.60
2505501,7774754.44,7774754.44,4652665.84,3122088.60,2357806.04,381076.80,3257806.04,1013783.00
2505600,13665826.17,13665826.17,7289817.17,6376009.00,5412000.00,81605.17,0.00,7126612.00
2505709,10765449.95,10765449.95,3761194.99,7004254.96,1295000.00,0.00,300000.00,3461194.99
2505808,6676449.81,6684729.81,3722355.00,2954094.81,1494000.00,0.00,0.00,3722355.00
2505907,6832342.61,6832342.61,4380485.00,2451857.61,1990000.00,2790000.00,300000.00,1290485.00
2506004,16877461.35,17277461.35,6197296.35,10680165.00,1677805.16,700000.00,1978.75,5110415.16
2506103,10674609.00,10924609.00,7232772.00,3441837.00,3967000.00,0.00,6336772.00,896000.00
2506202,8598538.18,8607078.18,4251449.05,4347089.13,2395079.05,0.00,200000.00,4051449.05
2506251,10049814.91,10049814.91,4439522.00,5610292.91,1794000.00,2742075.00,0.00,1697447.00
2506301,30556634.51,31090234.51,14705453.83,15851180.68,9221405.00,3058757.00,207583.83,11439113.00
2506400,26852985.88,26852985.88,8317155.00,18535830.88,4109385.00,0.00,0.00,8317155.00
2506509,4928584.00,4929674.00,2594990.00,2333594.00,1995000.00,0.00,1994990.00,600000.00
2506608,7677424.97,7677424.97,3576007.00,4101417.97,1196000.00,3076007.00,0.00,500000.00
2506707,8489515.74,8489515.74,3965661.22,4523854.52,1560837.00,0.00,0.00,3965661.22
2506806,22277847.00,22277847.00,9115513.00,13162334.00,995000.00,2949908.00,0.00,6165605.00
2506905,12958081.81,12958084.81,9151354.06,3806727.75,2489883.03,649827.00,1025667.00,7394260.06
2507002,21696304.55,21907504.55,7891931.92,13804372.63,1739000.00,495000.00,351240.92,7045691.00
2507101,9075425.96,9552925.96,6184321.96,2891104.00,3376992.48,300000.00,0.00,5221321.96
2507200,14819810.04,14819810.04,7851463.04,6968347.00,4353000.00,0.00,48331.04,7803132.00
2507309,25641799.82,25641799.82,15923660.62,9718139.20,12175579.00,0.00,1674209.00,14161389.00
2507408,12636043.56,12636043.56,5334916.56,7301127.00,3695000.00,0.00,4395000.00,400000.00
2507507,139736500.83,528601320.07,42120361.00,97616139.83,5781000.00,5161000.00,1720000.00,34339361.00
2507606,8035294.42,8035294.42,3642126.03,4393168.39,2143391.46,0.00,0.00,3642126.03
2507705,17914910.03,18167268.76,4871799.03,13043111.00,2941885.03,0.00,0.00,4871799.03
2507804,11620024.00,11620024.00,6284764.00,5335260.00,2491000.00,0.00,0.00,6284764.00
2507903,12809017.65,12809017.65,5818114.65,6990903.00,3441000.00,0.00,0.00,5818114.65
2508000,10863989.00,10863989.00,5549781.00,5314208.00,1743500.00,1000000.00,0.00,4549781.00
2508109,3799980.00,3799980.00,2799980.00,1000000.00,600000.00,0.00,2000000.00,799980.00
2508208,11328769.00,11328769.00,6923769.00,4405000.00,4437000.00,0.00,2823812.00,4099957.00
2508307,43209602.22,43209602.22,17304577.46,25905024.76,11036271.46,372432.00,1950000.00,14982145.46
2508406,7150130.17,7150130.17,3490000.00,3660130.17,2590000.00,0.00,0.00,3490000.00
2508505,8600540.59,8600540.59,6950487.00,1650053.59,3092500.00,4402487.00,0.00,2548000.00
2508554,7392823.00,7392823.00,5481000.00,1911823.00,3581000.00,0.00,0.00,5481000.00
2508604,19868961.61,19868961.61,7056157.00,12812804.61,3988850.00,0.00,0.00,7056157.00
2508703,5251226.15,5251226.15,1882148.15,3369078.00,1047500.00,0.00,0.00,1882148.15
2508802,4406478.03,4406478.03,2093500.00,2312978.03,1393500.00,0.00,0.00,2093500.00
2508901,44955919.83,44967499.11,10572242.83,34383677.00,5270000.00,2100000.00,111621.92,8360620.91
2509008,11106075.34,11106075.34,4685067.54,6421007.80,2641000.00,0.00,98542.54,4586525.00
2509057,6614280.90,6615739.57,3754261.90,2860019.00,1308000.00,0.00,0.00,3754261.90
2509107,11569956.46,12065088.40,7458730.14,4111226.32,2388000.00,1908709.14,0.00,5550021.00
2509156,8970962.08,8970962.08,4549433.00,4421529.08,2642024.00,3388433.00,0.00,1161000.00
2509206,20239311.85,20239311.85,10370000.00,9869311.85,6270000.00,0.00,0.00,10370000.00
2509305,7316025.00,7516025.00,4592956.00,2723069.00,2043000.00,0.00,2893000.00,1699956.00
2509339,4381959.00,4381959.00,2604204.00,1777755.00,748000.00,0.00,0.00,2336804.00
2509370,6392203.07,6392203.07,3198053.00,3194150.07,2045000.00,0.00,2420000.00,778053.00
2509396,7427894.59,7434894.59,2640797.00,4787097.59,1195000.00,0.00,200000.00,2440797.00
2509404,24054694.92,24054694.92,8067731.00,15986963.92,2092000.00,4471731.00,0.00,3596000.00
2509503,9669403.00,9669403.00,6718063.00,2951340.00,5420577.00,126577.00,397486.00,6194000.00
2509602,10515855.85,10515855.85,6841819.00,3674036.85,4335396.00,1000000.00,100000.00,5741819.00
2509701,24051260.88,24054760.88,7729513.00,16321747.88,1497500.00,5592207.00,200000.00,1937306.00
2509800,20326508.00,20326508.00,6659274.00,13667234.00,3868560.00,250000.00,100000.00,6309274.00
2509909,12560275.00,12560275.00,7619357.98,4940917.02,4977000.00,0.00,0.00,6992007.00
2510006,8252213.00,8252213.00,4423109.00,3829104.00,3323174.00,0.00,305000.00,4118109.00
2510105,5554564.22,5554564.22,1942000.00,3612564.22,992000.00,0.00,100000.00,1842000.00
2510204,5759160.88,5759160.88,3543726.00,2215434.88,1243750.00,0.00,0.00,3543726.00
2510303,7011137.00,7011137.00,4756433.00,2254704.00,3006500.00,0.00,0.00,4756433.00
2510402,7584192.04,7584192.04,3329375.00,4254817.04,1400000.00,0.00,2280000.00,873000.00
2510501,5641337.21,5641337.21,2477000.00,3164337.21,1497000.00,0.00,0.00,2447000.00
2510600,14639495.45,14639495.45,8790267.00,5849228.45,6632000.00,0.00,0.00,8790267.00
2510659,10552980.34,10552980.34,5080536.00,5472444.34,2488000.00,3700403.00,0.00,1170133.00
2510709,5676733.00,5676733.00,3811315.00,1865418.00,896000.00,0.00,100000.00,3711315.00
2510808,44411584.49,45935207.67,14554338.11,29857246.38,9342115.00,1050000.00,301271.74,12812051.65
2510907,15848187.97,15856957.97,10576932.56,5271255.41,4962054.56,1387565.00,7161997.56,2027370.00
2511004,11583591.11,11583591.11,6871210.00,4712381.11,3776496.00,3388214.00,200000.00,3282996.00
2511103,21900942.47,21900942.47,9221401.03,12679541.44,4678883.03,0.00,0.00,9221401.03
2511202,22615080.69,22616880.69,7104368.00,15510712.69,2893000.00,600000.00,400000.00,6104368.00
2511301,13546914.11,13562905.03,4380895.45,9166018.66,1246000.00,258236.00,0.00,3826939.45
2511400,19363169.12,19383171.26,13416997.09,5946172.03,8847000.00,1621.03,5236262.06,8179114.00
2511509,9191693.00,9191693.00,3313306.00,5878387.00,1496000.00,450000.00,0.00,2863306.00
2511608,4596122.00,4596122.00,2624611.00,1971511.00,850000.00,150000.00,0.00,2474611.00
2511707,12438857.68,12438857.68,8097389.00,4341468.68,4963000.00,0.00,84389.00,8013000.00
2511806,17978572.95,17978572.95,9671025.00,8307547.95,5929500.00,0.00,375000.00,9296025.00
2511905,13648560.93,13648560.93,8686691.93,4961869.00,5179000.00,500000.00,0.00,8186691.93
2512002,48165386.28,48165386.28,19894614.28,28270772.00,13823876.14,995000.00,0.00,18236614.28
2512036,12340658.65,12340658.65,5811323.48,6529335.17,3313725.15,0.00,0.00,5715705.15
2512077,8112303.50,8462303.50,4230202.50,3882101.00,2441682.50,0.00,0.00,4230202.50
2512101,27473868.81,28627259.46,10300315.84,17173552.97,6175000.00,47787.96,1083071.17,9169456.71
2512200,8088179.28,8089899.28,4400543.94,3687635.34,1503832.00,3017029.00,0.00,1383514.94
2512309,17735158.05,18677860.31,5664194.22,12070963.83,3085000.00,0.00,1075194.22,4589000.00
2512408,10979714.51,11192331.51,6658238.00,4321476.51,3390682.00,495000.00,0.00,6163238.00
2512507,12529183.51,12529183.51,4336231.00,8192952.51,1497500.00,0.00,0.00,4336231.00
2512606,5119399.63,5119399.63,2083111.00,3036288.63,796000.00,0.00,0.00,2083111.00
2512705,7503045.00,7504005.00,2618840.00,4884205.00,869000.00,0.00,499840.00,2119000.00
2512721,7099253.00,7099253.00,3210170.00,3889083.00,1896000.00,0.00,3061000.00,149170.00
2512747,7708325.00,7708325.00,5092500.00,2615825.00,2692500.00,0.00,0.00,5092500.00
2512754,19016388.80,19016388.80,15682753.80,3333635.00,10052111.00,100000.00,643199.00,14939554.80
2512762,15369623.00,15369630.33,11490111.00,3879512.00,9390000.00,70000.00,0.00,11420111.00
2512788,5202597.99,5259597.99,2952300.00,2250297.99,1597500.00,0.00,0.00,2952300.00
2512804,10693470.96,10693470.96,3632750.00,7060720.96,2044000.00,0.00,0.00,3632750.00
2512903,8233715.14,8242917.49,3404876.72,4828838.42,1246000.00,0.00,17810.81,3367029.53
2513000,4950445.68,4950445.68,2385943.68,2564502.00,1050000.00,0.00,0.00,2385943.68
2513109,7836322.35,7836322.35,2598496.97,5237825.38,1598496.97,0.00,0.00,2598496.97
2513158,6205039.25,6205039.25,3942994.00,2262045.25,1793000.00,0.00,3242994.00,700000.00
2513208,5553257.39,5553257.39,3969766.98,1583490.41,800000.00,3025026.67,47750.00,700000.00
2513307,12180136.19,12180136.19,6605218.00,5574918.19,4318000.00,199954.00,400000.00,6005264.00
2513356,9693320.00,9696120.00,6256817.00,3436503.00,2441500.00,0.00,100000.00,6156817.00
2513406,13010755.17,13010773.00,6378755.00,6632000.17,3883000.00,1393000.00,1174000.00,3811755.00
2513505,13033492.00,13033492.00,8871622.00,4161870.00,5685000.00,2639997.00,3236625.00,2995000.00
2513604,5943334.36,5943334.36,3006624.00,2936710.36,1196000.00,0.00,110624.00,2896000.00
2513653,15137265.43,15137265.43,10340464.00,4796801.43,4682885.00,1545542.00,0.00,8794922.00
2513703,35167594.80,38760979.66,10435317.02,24732277.78,1290000.00,1000000.00,1898316.02,7537001.00
2513802,5347161.62,5347161.62,2280964.62,3066197.00,896000.00,215810.56,0.00,2049768.31
2513851,3739459.51,3739459.51,1874271.20,1865188.31,1046000.00,0.00,0.00,1874271.20
2513901,30541545.87,30776967.14,15311495.75,15230050.12,8905250.00,4380000.00,0.00,10320295.75
2513927,8445658.00,8445658.00,5225042.00,3220616.00,1795000.00,0.00,4525042.00,700000.00
2513943,4041712.00,4041712.00,1796000.00,2245712.00,1096000.00,0.00,0.00,1796000.00
2513968,7128009.34,7128009.34,4896003.34,2232006.00,2487500.00,1693640.00,410.34,3201953.00
2513984,5006522.00,5006522.00,3561664.00,1444858.00,2393500.00,0.00,450000.00,3111664.00
2514008,13232615.00,13232615.00,7804993.00,5427622.00,3885000.00,0.00,100000.00,7704993.00
2514107,8219793.64,8219793.64,3643464.00,4576329.64,1993500.00,0.00,0.00,3643464.00
2514206,8166380.97,8166380.97,4921512.17,3244868.80,2168000.00,1524736.00,0.00,3387843.00
2514305,12338228.00,12338228.00,6145949.00,6192279.00,2546000.00,3745994.00,0.00,2399955.00
2514404,9129506.00,9129506.00,5201397.00,3928109.00,2242000.00,258236.00,299966.00,4643195.00
2514453,6248367.53,6248367.53,4286856.53,1961511.00,2617997.53,0.00,100000.00,4186856.53
2514503,14326402.00,14326402.00,7170294.00,7156108.00,3686800.00,316800.00,550000.00,6303494.00
2514552,11858106.02,11858106.02,5980509.52,5877596.50,3728000.00,0.00,0.00,5980509.52
2514602,4210121.21,4210121.21,2172815.21,2037306.00,1396000.00,0.00,0.00,2172815.21
2514651,4967517.63,4967517.63,3114631.00,1852886.63,946000.00,2464631.00,0.00,650000.00
2514701,25158934.12,25206779.62,19445647.00,5713287.12,15983015.00,0.00,0.00,19445647.00
2514800,14778877.04,14778877.04,7851320.35,6927556.69,4210519.15,5012186.20,703219.15,2135915.00
2514909,14282720.72,14981920.72,6551066.00,7731654.72,1891000.00,0.00,0.00,6551066.00
2515005,12775935.00,12775935.00,8158730.00,4617205.00,5791730.00,400000.00,0.00,7758730.00
2515104,17524666.00,17524666.00,11811104.00,5713562.00,8961104.00,0.00,0.00,11811104.00
2515203,7728681.54,7728681.54,3856266.00,3872415.54,1379000.00,0.00,150000.00,3706266.00
2515302,35785469.76,37836671.08,14541492.74,21243977.02,7596476.50,2000000.00,2287159.00,10254333.74
2515401,7243973.95,7243973.95,4101537.33,3142436.62,696000.00,3201537.33,0.00,900000.00
2515500,20026467.32,20148439.11,12893617.03,7132850.29,6399000.00,1000000.00,1292982.00,10600635.03
2515609,9446956.00,9446956.00,5827940.00,3619016.00,2611467.00,0.00,1816494.00,4011446.00
2515708,8028114.37,8028114.37,4889400.41,3138713.96,1843000.00,2542400.41,0.00,2347000.00
2515807,10566088.47,10566088.47,7182409.00,3383679.47,4302191.00,3156306.00,0.00,4026103.00
2515906,7470552.00,7470552.00,4250552.00,3220000.00,1754802.00,0.00,0.00,3754802.00
2515930,11909730.00,11909730.00,6293750.00,5615980.00,3855000.00,597000.00,300000.00,5396750.00
2515971,12059500.04,12259500.04,8309500.04,3750000.00,5149306.04,0.00,3921304.04,4388196.00
2516003,11287807.00,11287807.00,3844000.00,7443807.00,1094000.00,0.00,900000.00,2944000.00
2516102,14150520.42,14150533.80,4359566.00,9790954.42,1694000.00,0.00,200000.00,4159566.00
2516151,5368609.00,5368609.00,3293998.00,2074611.00,2344000.00,0.00,0.00,3293998.00
2516201,21637325.35,35193191.06,7590315.52,14047009.83,80000.00,1300000.00,602959.61,5028383.29
2516300,20771767.72,21052661.24,9837753.28,10934014.44,2383000.00,772600.00,82267.28,8982886.00
2516409,6393899.00,6393899.00,3656611.00,2737288.00,1526000.00,272600.00,0.00,3384011.00
2516508,13698769.00,13698769.00,5482597.00,8216172.00,3727057.00,0.00,473533.00,5009064.00
2516607,32560215.41,32560215.41,13939813.00,18620402.41,9929284.00,0.00,299684.00,13640129.00
2516706,22454522.86,22454522.86,9815741.62,12638781.24,4244868.84,649977.00,468239.00,8697525.62
2516755,7247395.66,7247395.66,3361789.66,3885606.00,2275652.00,0.00,0.00,3361789.66
2516805,19746100.05,19828410.50,8296424.00,11449676.05,6583694.00,0.00,0.00,8296424.00
2516904,21130953.03,22986431.36,8256903.22,12874049.81,2808074.82,5672712.08,0.00,2496303.74
2517001,11052047.20,11052047.20,5928898.00,5123149.20,3241000.00,0.00,300000.00,5628898.00
2517100,4858918.00,4858918.00,3385895.00,1473023.00,1688500.00,0.00,0.00,3385895.00
2517209,10546428.00,10611404.89,5576723.00,4969705.00,2641000.00,0.00,0.00,5576723.00
2517407,12433155.00,12433155.00,7795636.00,4637519.00,6593960.00,0.00,0.00,7795636.00
2600054,16257438.91,16746719.56,8727336.91,7530102.00,1500000.00,0.00,8538962.00,0.00
2600104,28040223.41,32406080.85,16225026.15,11815197.26,8161975.15,272600.00,14952426.15,1000000.00
2600203,25350567.45,26694834.38,13942479.55,11408087.90,9285000.00,0.00,694076.66,13246663.15
2600302,20995909.64,21007891.64,13402908.64,7593001.00,3432948.75,1587992.00,7232948.75,4500367.89
2600401,22516656.38,22516656.38,13037992.00,9478664.38,0.00,687992.00,1400000.00,10950000.00
2600500,37381658.59,38033966.47,21207485.75,16174172.84,13360420.50,2000000.00,12732481.78,6474992.00
2600609,11062818.86,11062818.86,7838582.60,3224236.26,2577915.00,649590.56,1211077.04,5977915.00
2600708,25037981.23,25037981.23,16908441.32,8129539.91,2247489.32,2810977.00,4299464.32,9798000.00
2600807,17698420.55,19348375.47,11065363.74,6633056.81,4296400.00,724000.00,8695400.00,1645963.74
2600906,18991782.08,18996098.08,11742078.64,7249703.44,5891978.64,4300000.00,3147500.00,4294578.64
2601003,16874151.17,16874151.17,12596512.80,4277638.37,5445645.00,1535279.85,4242606.66,6817404.46
2601052,12305052.00,12305052.00,11116564.00,1188488.00,5646792.00,1000000.00,2009772.00,8106792.00
2601102,39128074.00,41955450.13,25517302.00,13610772.00,7168000.00,1650000.00,6428677.00,16950625.00
2601201,29561578.82,33264990.36,14500839.93,15060738.89,6230817.50,2938583.00,3920022.93,6878234.00
2601300,13395315.00,13395315.00,10771214.00,2624101.00,5400255.00,502726.00,8643233.00,1625255.00
2601409,18726265.01,18726265.01,8225792.00,10500473.01,250000.00,435792.00,1640000.00,6150000.00
2601508,11994097.30,11994097.30,9039061.63,2955035.67,500000.00,960000.00,429061.63,7650000.00
2601607,17814164.85,18110408.20,11944263.04,5869901.81,7648000.00,0.00,1438492.75,10505036.19
2601706,45443377.86,45826739.88,29560638.58,15882739.28,12536000.00,646656.36,1999914.23,26914067.99
2601805,20388183.05,20388183.05,12842384.05,7545799.00,6359654.90,0.00,8613075.05,4229309.00
2601904,30838721.71,33284984.06,24122436.56,6716285.15,12351000.00,0.00,481285.49,23641151.07
2602001,32014856.33,32014856.33,25494736.78,6520119.55,14373743.08,0.00,17893084.27,7601437.10
2602100,37630891.91,38153815.89,25587540.07,12043351.84,17640348.00,8000000.00,12958743.44,4628796.63
2602209,79785308.67,80053108.67,56346134.16,23439174.51,45150020.09,18603111.09,11259866.07,25520282.00
2602308,25865252.42,26165932.57,14976714.79,10888537.63,5788420.69,1500000.00,12205500.41,1000000.00
2602407,28973870.44,28973870.44,18415431.00,10558439.44,9390000.00,5605000.00,5093950.00,7716481.00
2602506,49382742.40,49492980.27,39889894.50,9492847.90,32720050.50,3425792.00,3732750.00,32731352.50
2602605,21870238.20,21911839.70,14159888.59,7710349.61,1991000.00,2296000.00,470731.59,11393157.00
2602704,12162359.42,12162359.42,9668500.00,2493859.42,2172500.00,1000000.00,1297500.00,7371000.00
2602803,32729546.84,32729546.84,18938142.77,13791404.07,2803682.50,4600000.00,2557591.66,11779780.83
2602902,16933102.25,34491041.73,7442423.00,9490679.25,297000.00,1060000.00,5935423.00,447000.00
2603009,13894834.29,13894834.29,9822171.99,4072662.30,3983501.99,1000000.00,1138670.00,7683501.99
2603108,14597818.10,14597818.10,10050500.00,4547318.10,2040500.00,0.00,9550500.00,500000.00
2603207,26061917.77,26146147.11,12517450.94,13544466.83,4937000.00,1500000.00,1399997.00,9617453.94
2603306,10682420.84,10683295.84,5534993.00,5147427.84,1485000.00,1485000.00,399993.00,3650000.00
2603405,10692526.00,10692526.00,8819741.00,1872785.00,4597000.00,0.00,1793871.00,6915095.00
2603454,36162986.99,37597696.54,18627118.99,17535868.00,2836000.00,4009968.00,3100000.00,11342001.00
2603504,16753448.89,18233801.67,10665576.89,6087872.00,6183775.46,1100000.00,8757275.46,796000.00
2603603,7437624.00,7437624.00,7137624.00,300000.00,4907630.00,0.00,7137624.00,0.00
2603702,9520282.07,9520282.07,5739066.17,3781215.90,2200000.00,3400000.00,500000.00,1600000.00
2603801,32309209.25,32309209.25,21838295.06,10470914.19,8423122.00,7284000.00,3200000.00,11354266.00
2603900,7804256.54,8261256.54,5904256.54,1900000.00,3800000.00,0.00,5368338.00,500000.00
2603926,13530578.43,13530578.43,9182838.01,4347740.42,5327400.00,2990000.00,900000.00,5292400.00
2604007,36323107.47,37287906.85,23299798.00,13023309.47,9945000.00,5000000.00,3834798.00,14465000.00
2604106,67515886.45,71711392.19,27346195.83,40169690.62,8080000.00,5029971.00,11891450.70,9297713.13
2604155,21309673.54,21309673.54,14524922.00,6784751.54,10642980.00,4000000.00,2465378.00,8059544.00
2604205,22349060.95,22349060.95,12726400.00,9622660.95,3589450.00,4532950.00,1050000.00,7143450.00
2604304,11106710.11,11106710.11,6817407.00,4289303.11,1600000.00,500000.00,789955.00,5479452.00
2604403,18577542.73,18577542.73,14797518.85,3780023.88,7857500.00,0.00,12524817.86,1995000.00
2604502,34502513.73,34502513.73,19582276.93,14920236.80,11623318.00,1807318.00,6118073.83,11656885.10
2604601,12866741.00,12940541.00,6799930.00,6066811.00,1700000.00,800000.00,899930.00,5100000.00
2604700,16521627.52,17271627.52,13353183.00,3168444.52,6359000.00,0.00,12246183.00,0.00
2604809,16245889.99,16245889.99,9844600.00,6401289.99,6014600.00,1000000.00,796000.00,8048600.00
2604908,17921036.56,17921036.56,11515424.78,6405611.78,7370000.00,35164.16,11327407.63,152852.99
2605004,13366141.26,13366141.26,7141500.00,6224641.26,3791500.00,500000.00,3141500.00,3500000.00
2605103,43571726.63,43587731.09,35986276.92,7585449.71,26071500.00,6286050.00,1493989.00,27988237.92
2605152,13952008.00,13956966.13,8670250.00,5281758.00,5195000.00,0.00,1413668.66,7256555.70
2605202,12308076.55,12308106.20,9070000.00,3238076.55,6170000.00,7170000.00,900000.00,1000000.00
2605301,30244064.00,30244064.00,22343154.04,7900909.96,11556401.62,700000.00,15266898.67,6376255.37
2605400,22272545.09,22746133.46,17931559.00,4340986.09,13465500.00,4836000.00,7716559.00,5379000.00
2605509,8384250.00,8384250.00,7434250.00,950000.00,2000000.00,0.00,3934250.00,3500000.00
2605608,28946129.96,28946129.96,20930183.43,8015946.53,13264749.15,0.00,18368148.15,2562000.00
2605707,17403147.78,17428352.18,8788320.47,8614827.31,1386000.00,1533154.06,0.00,7253088.34
2605806,16654995.67,16654995.67,11156982.00,5498013.67,4026000.00,600000.00,1910982.00,8646000.00
2605905,15987036.46,15987036.46,11026261.97,4960774.49,5726250.00,600000.00,9426250.00,1000000.00
2606002,32461705.26,39199620.07,21477758.26,10983947.00,12072585.00,792000.00,14180473.00,4113000.00
2606101,14542468.11,16412690.11,7907562.11,6634906.00,4219000.00,250000.00,4037837.00,3619725.11
2606200,11180164.47,11480164.47,6700163.47,4480001.00,1100000.00,0.00,3300000.00,3400163.47
2606309,18787729.21,18787729.21,13097000.00,5690729.21,10747000.00,0.00,7938763.00,5158237.00
2606408,16100754.55,16498632.30,9764039.00,6336715.55,4380000.00,3980000.00,1884183.00,3899856.00
2606507,32876136.79,32876136.79,25037238.00,7838898.79,16085159.00,10529146.00,5445494.00,9062598.00
2606606,22302627.99,22302926.65,16668725.60,5633902.39,7831554.00,2000000.00,12404638.83,2264000.00
2606705,17363503.72,17363503.72,11061210.48,6302293.24,7889500.00,4496500.00,522925.00,6041785.48
2606804,36268789.58,36469557.98,16344956.83,19923832.75,2884000.00,2100000.00,6032621.00,6586611.80
2606903,16016730.00,16016730.00,13081025.00,2935705.00,5767647.00,660000.00,11022275.00,1398750.00
2607000,32872907.85,33266117.85,27330111.97,5542795.88,19207500.00,4995000.00,17047500.00,5287600.00
2607109,8172959.82,8172959.82,6541519.82,1631440.00,3589000.00,900000.00,4581507.00,1060000.00
2607208,23228166.49,23632421.66,10239812.07,12988354.42,2475000.00,1921950.00,4924407.00,3393455.07
2607307,16270708.86,16270708.86,11316076.68,4954632.18,3569355.22,0.00,1719355.22,9596721.46
2607406,5559528.71,5559528.71,3540129.71,2019399.00,0.00,0.00,1199620.00,2158134.23
2607505,37970220.30,37970220.30,18589394.48,19380825.82,6779877.48,1200000.00,4293897.00,13095497.48
2607604,6503006.00,7013366.00,4409000.00,2094006.00,1009000.00,1100000.00,2795000.00,514000.00
2607653,27722694.88,27722694.88,13502500.00,14220194.88,5452500.00,1500000.00,10052500.00,1950000.00
2607703,24899231.89,24899231.89,10684821.00,14214410.89,7497000.00,60132.00,10624689.00,0.00
2607752,13794177.67,13794177.67,7759923.52,6034254.15,3477000.00,0.00,3197000.00,4562923.52
2607802,9699594.00,9949594.00,8701014.00,998580.00,6313000.00,247500.00,6963514.00,1490000.00
2607901,71637169.46,129234724.89,19149625.19,52487544.27,7003500.00,695000.00,6872500.00,9909258.98
2607950,13644772.63,13644772.63,11387117.63,2257655.00,6377000.00,8880000.00,597000.00,1910117.63
2608008,16772618.74,16772618.74,10444605.81,6328012.93,544605.81,1000000.00,1750000.00,7694605.81
2608057,12490288.90,12690837.98,8933161.90,3557127.00,5573043.86,1933293.86,5749868.04,1250000.00
2608107,33408589.30,33408589.30,22503039.02,10905550.28,13018222.08,0.00,3537769.17,18965236.74
2608206,13263236.64,13263236.64,12040854.00,1222382.64,2840000.00,9895854.00,100000.00,2045000.00
2608255,32002911.44,32002911.44,20674819.15,11328092.29,14388319.15,4990000.00,2500000.00,13184819.15
2608305,51579581.00,58585399.78,20153600.00,31425981.00,13953600.00,990000.00,14078500.00,5085100.00
2608404,19289568.14,19289568.14,14174286.78,5115281.36,7657000.00,0.00,7008614.00,7165672.78
2608453,14077462.31,14077462.31,6630711.26,7446751.05,2290500.00,1540000.00,3497924.00,1592787.26
2608503,10708220.89,10708220.89,6084002.17,4624218.72,2145000.00,500000.00,731094.38,4852907.79
2608602,36868839.64,36868839.64,23699821.20,13169018.44,11109821.20,9239821.20,2773000.00,11687000.00
2608701,16941843.29,16941843.29,11260434.01,5681409.28,5006112.08,0.00,4469922.64,6790511.37
2608750,30431133.80,30731133.80,22083555.55,8347578.25,13178506.97,2350506.97,9872667.00,9860277.74
2608800,33400968.21,33400968.21,20355280.00,13045688.21,14762189.00,0.00,9710816.00,10644464.00
2608909,14765166.10,14978735.05,4924521.18,9840644.92,2703962.00,0.00,2459193.88,2465327.30
2609006,27678460.95,27678460.95,18078489.89,9599971.06,4741247.86,0.00,4543312.03,13535177.86
2609105,16612728.00,16912728.00,12709977.00,3902751.00,8069000.00,495000.00,1697500.00,10517477.00
2609154,6685657.68,6685657.68,4135657.68,2550000.00,665000.00,500000.00,665181.49,2700000.00
2609204,11738040.00,11738040.00,7278000.00,4460040.00,4578000.00,700000.00,5483000.00,1095000.00
2609303,9763778.59,9763778.59,9560016.55,203762.04,5967500.00,995000.00,8560348.00,4578.39
2609402,21731478.27,23511474.02,12109125.84,9622352.43,1093500.00,1497500.00,875500.00,8455622.74
2609501,10924810.04,10924810.04,8966404.14,1958405.90,4670341.00,737000.00,3946854.61,4159692.39
2609600,19922134.95,55573860.32,10842300.69,9079834.26,2066483.00,1000000.00,5099251.00,3318647.72
2609709,24735772.45,24735772.45,17361647.11,7374125.34,11180000.00,4340000.00,2490987.11,10530660.00
2609808,16912065.27,16912065.27,13047681.55,3864383.72,7666427.21,0.00,9150668.21,3895325.00
2609907,21166675.60,21427344.60,12316816.54,8849859.06,4204725.47,0.00,4223313.18,8093312.70
2610004,69256170.76,69977256.03,28856765.48,40399405.28,6470000.00,2436722.27,15635604.45,10784417.39
2610103,9813279.17,9813279.17,4665949.00,5147330.17,0.00,0.00,599949.00,4066000.00
2610202,22775899.39,22775899.39,12006622.74,10769276.65,9668289.29,250000.00,2038333.45,9718289.29
2610301,10663770.74,10663770.74,7389688.28,3274082.46,3014082.06,458681.00,2290756.61,4638062.99
2610400,26064084.46,26064084.46,17114966.02,8949118.44,8290707.04,1795000.00,5328396.29,9991540.67
2610509,22690185.16,22690185.16,15913418.02,6776767.14,6361904.00,1140000.00,4066617.00,10706789.05
2610608,76693772.79,77160332.29,44295176.00,32398596.79,26193166.00,9150000.00,8749413.00,26395763.00
2610707,11892695.50,16865734.37,6802238.03,5090457.47,1584000.00,495000.00,2089000.00,2712014.43
2610806,23853549.83,23853549.83,19358214.95,4495334.88,11608214.95,3000000.00,13558214.95,2800000.00
2610905,19983673.00,21845399.23,13569318.00,6414355.00,4344967.00,2900000.00,5356229.00,5313089.00
2611002,26132471.49,26135913.99,11283837.38,14848634.11,6712168.61,0.00,1990500.00,9293325.41
2611101,140279344.28,162846051.09,18574696.14,121704648.14,5600000.00,238856.00,3780720.00,14395120.14
2611200,12615274.14,12615274.14,10848843.15,1766430.99,5270000.00,0.00,9136150.00,1712693.15
2611309,9525498.22,9526157.82,5866948.84,3658549.38,2244841.00,3517441.00,1399995.00,949512.84
2611408,11696644.82,11696644.82,7065275.00,4631369.82,3654193.00,0.00,6303317.00,761958.00
2611507,10618696.85,10633546.85,6794399.85,3824297.00,3738500.00,4238500.00,1552088.73,1003811.12
2611533,8745623.00,8745623.00,6587168.00,2158455.00,3252190.00,0.00,1293000.00,5294168.00
2611606,62025314.88,635987832.40,28298418.22,33726896.66,17958799.00,450000.00,23678737.49,3719680.73
2611705,9023549.67,9306193.79,4184954.83,4838594.84,995000.00,495000.00,1289536.14,2400418.69
2611804,16281323.04,16281323.04,11386000.00,4895323.04,3676000.00,0.00,5200000.00,5986000.00
2611903,18470706.00,18470706.00,9822424.00,8648282.00,1783674.00,1033674.00,738750.00,8050000.00
2612000,19268234.96,19268234.96,15074349.32,4193885.64,8959000.00,1000000.00,12618939.00,1455410.32
2612109,7745624.00,7745624.00,6098369.97,1647254.03,3980000.00,150000.00,5948358.00,0.00
2612208,28215226.71,29495620.04,16075087.33,12140139.38,7960000.00,0.00,7843936.00,8058472.00
2612307,22830765.75,22830765.75,15326393.18,7504372.57,6887000.00,1000000.00,8613993.18,5712400.00
2612406,44700446.00,44700446.00,34979993.00,9720453.00,26890000.00,1485000.00,29699993.00,3795000.00
2612455,12434030.69,12434030.69,5882004.69,6552026.00,2840000.00,0.00,949969.00,4932035.69
2612471,9943564.61,9943564.61,4702306.00,5241258.61,1615000.00,500000.00,1620000.00,2582306.00
2612505,26783876.08,26909875.37,7266082.08,19517794.00,4669500.00,2094.39,5576189.11,1687798.58
2612554,4942976.18,4942976.18,4542500.00,400476.18,2792500.00,0.00,1642500.00,2900000.00
2612604,23687212.61,23689495.11,17195944.35,6491268.26,5031000.00,500.00,10368164.63,6818263.70
2612703,8281282.96,8281282.96,5853604.50,2427678.46,2000000.00,2747274.00,3106330.50,0.00
2612802,18465072.64,18465072.64,11369110.35,7095962.29,6941335.05,0.00,9074763.00,2294343.08
2612901,12222154.00,12239902.00,10024994.00,2197160.00,3889500.00,1280494.00,1797500.00,6947000.00
2613008,22493098.62,22496328.62,13073500.00,9419598.62,10433500.00,1500000.00,11033500.00,540000.00
2613107,59697099.02,59697099.02,53203095.02,6494004.00,42752109.05,20618329.05,3415985.97,29168780.00
2613206,22566578.42,22566578.42,10562985.00,12003593.42,1300000.00,1000000.00,3500000.00,6062985.00
2613305,14915502.89,14915502.89,8254389.62,6661113.27,4777249.00,2900000.00,4314468.30,900000.00
2613404,18437814.70,18437814.70,13043396.71,5394417.99,4187000.00,7187000.00,4281104.00,1575292.71
2613503,36538754.78,60080714.25,21531584.41,15007170.37,12994521.66,0.00,13873397.88,7658186.53
2613602,40242032.11,40242032.11,23536604.25,16705427.86,9005975.15,3670100.00,6601701.40,13264798.58
2613701,56593340.63,57021665.30,23664874.63,32928466.00,16251640.63,191520.00,15408930.00,8064424.63
2613800,36519037.10,36519037.10,21146420.00,15372617.10,10196600.00,198000.00,5413600.00,15534820.00
2613909,39436388.95,40760535.44,23715612.00,15720776.95,15587500.00,500000.00,12582612.00,10633000.00
2614006,14193818.12,14193818.12,11644553.30,2549264.82,7672500.00,8872500.00,2171022.75,600994.65
2614105,28152891.05,28152891.05,14509208.22,13643682.83,8386821.80,3191000.00,8900429.19,2417774.76
2614204,20348999.13,20348999.13,10553264.78,9795734.35,3185000.00,1200000.00,5970454.00,3382810.78
2614303,13193040.15,13613040.15,8122717.00,5070323.15,4835500.00,0.00,794911.00,7327806.00
2614402,12431128.79,12431128.79,8958734.08,3472394.71,4436505.00,572600.00,8239451.00,146683.08
2614501,60628843.22,60816699.86,39029429.39,21599413.83,23585923.42,6255400.62,12380270.00,20393746.80
2614600,20856597.78,21156597.78,12942406.61,7914191.17,6878912.47,1200000.00,8898851.75,2843550.59
2614709,26594777.46,26594777.46,18907864.65,7686912.81,13660053.00,900000.00,10877268.48,7130596.17
2614808,18029533.61,18770050.75,13615246.31,4414287.30,9511000.00,400000.00,5427251.58,7785737.00
2614857,11443863.00,11443863.00,5339819.00,6104044.00,1733865.00,945850.00,1889134.00,2490000.00
2615003,15622460.18,15921973.18,10647388.69,4975071.49,2191000.00,650000.00,1643388.69,8198000.00
2615102,18268403.41,18268403.41,13128074.00,5140329.41,6894474.00,5396000.00,1300000.00,6432074.00
2615201,4615900.95,4615900.95,3345116.95,1270784.00,2293000.00,0.00,576.04,3344536.64
2615300,37421263.02,37621262.64,17537833.60,19883429.42,1290500.00,1500000.00,12331079.00,3138267.39
2615409,11580221.57,12095115.29,6242741.81,5337479.76,2000000.00,1122925.00,1251458.81,3868358.00
2615508,9094004.67,9094004.67,4838998.00,4255006.67,2178000.00,0.00,658998.00,4180000.00
2615607,11504140.94,11524140.94,8758808.38,2745332.56,3235792.00,0.00,1772044.00,6986743.86
2615706,13186451.08,13186451.08,9618858.65,3567592.43,5355611.00,0.00,1760238.29,7818325.24
2615805,7482503.74,7500969.16,5975661.98,1506841.76,2300000.00,4200000.00,300000.00,1427129.69
2615904,15509744.00,15509744.00,11324813.00,4184931.00,4190000.00,0.00,11324813.00,0.00
2616001,26286613.59,26286613.59,19040588.00,7246025.59,7677737.00,4445000.00,3097737.00,11497851.00
2616100,11525301.97,11525301.97,8456220.29,3069081.68,5225246.97,0.00,5525246.97,2930969.05
2616183,12266613.05,12466613.05,9324858.59,2941754.46,3408143.59,387000.00,2794000.00,6143858.59
2616209,21927146.27,21927146.27,13778439.17,8148707.10,4677500.00,1700000.00,600202.34,11478236.83
2616308,15700965.88,15817512.92,13500965.88,2200000.00,4090500.00,500000.00,7069500.00,5931465.88
2616407,70199604.00,73818163.14,46226959.00,23972645.00,15323920.00,4980000.00,2077743.00,39169216.00
2616506,17639844.28,17639844.28,14413246.97,3226597.31,7061246.97,9725246.97,1146000.00,3542000.00
2700102,13275579.46,13275579.46,4595000.00,8680579.46,2895000.00,0.00,500000.00,4095000.00
2700201,10794996.85,10794996.85,2873130.00,7921866.85,300000.00,0.00,0.00,2873130.00
2700300,225325985.58,252896067.92,86197904.54,139128081.04,31199053.80,0.00,6747705.59,79450198.95
2700409,24410549.97,24537148.10,9849520.97,14561029.00,2836540.97,0.00,0.00,9849520.97
2700508,10087685.00,10087685.00,4900055.00,5187630.00,2450051.00,0.00,450000.00,4450055.00
2700607,17588106.25,17888106.25,6527610.13,11060496.12,500000.00,0.00,191000.00,6333547.69
2700706,4702235.00,4710235.00,3850000.00,852235.00,1250000.00,0.00,0.00,3850000.00
2700805,9091598.00,9092435.50,7771867.00,1319731.00,5894500.00,0.00,2985000.00,4786867.00
2700904,13006303.65,13006303.65,8988510.65,4017793.00,5536479.65,0.00,0.00,8988510.65
2701001,25158993.12,25158993.12,14194684.14,10964308.98,11346000.00,0.00,400000.00,13346116.22
2701100,23457166.01,24297028.97,17059653.00,6397513.01,6527000.00,0.00,10660053.00,6399600.00
2701209,18332589.00,18632582.85,10579700.00,7752889.00,9065500.00,0.00,0.00,10579700.00
2701308,14096377.05,14146377.05,8096000.00,6000377.05,1196000.00,0.00,4000000.00,4096000.00
2701357,10689203.49,10689203.49,7029184.49,3660019.00,4578500.00,0.00,4569.49,7024615.00
2701407,20956763.21,21056763.21,11109084.03,9847679.18,7045532.00,0.00,0.00,11109084.03
2701506,9596698.00,9596698.00,5150174.00,4446524.00,1534500.00,0.00,0.00,5150174.00
2701605,18224601.10,18299972.43,12970000.00,5254601.10,8542000.00,0.00,0.00,12970000.00
2701704,13819142.00,14219142.00,6670306.00,7148836.00,3589000.00,0.00,2000000.00,4670306.00
2701803,18645741.43,18645741.43,10437173.00,8208568.43,9221500.00,0.00,0.00,10437173.00
2701902,19291593.18,19391591.87,16549997.43,2741595.75,11151083.43,0.00,7589914.00,8960083.43
2702009,11228995.08,11528995.08,7168982.00,4060013.08,1995000.00,0.00,600000.00,5922302.00
2702108,14844596.86,14844596.86,10425512.00,4419084.86,1095000.00,0.00,7495000.00,2930512.00
2702207,11993796.14,11993796.14,9480796.14,2513000.00,6108000.00,0.00,1138000.00,8342796.14
2702306,31940474.28,32662757.86,12137694.28,19802780.00,1690000.00,0.00,0.00,11576150.78
2702355,9767011.00,10917011.00,5703000.00,4064011.00,2400000.00,0.00,500000.00,5203000.00
2702405,56820949.49,58225658.89,21908820.38,34912129.11,7482500.00,0.00,1992500.00,19916320.38
2702504,12306746.00,12306746.00,7528124.00,4778622.00,4479000.00,0.00,643500.00,6884624.00
2702553,9087917.10,9087917.10,4688269.00,4399648.10,1736500.00,0.00,0.00,4688269.00
2702603,13960821.01,13960821.01,9234609.00,4726212.01,3685000.00,0.00,0.00,9234609.00
2702702,10207775.43,10207775.43,7034229.76,3173545.67,3212180.00,0.00,0.00,6964515.48
2702801,24124617.34,24324614.30,11979177.59,12145439.75,9162500.00,0.00,1492500.00,10486677.59
2702900,38952740.17,39418380.43,3212494.00,35740246.17,396000.00,0.00,0.00,3212494.00
2703007,19420770.38,19520766.48,11199985.38,8220785.00,5328347.62,0.00,1401100.00,9612980.62
2703106,21355607.30,23452306.02,8208965.30,13146642.00,3926643.30,0.00,643500.00,7565465.30
2703205,7156453.93,7251468.93,5000000.00,2156453.93,800000.00,0.00,0.00,5000000.00
2703304,23575441.51,23707822.73,12033972.00,11541469.51,2731000.00,0.00,2300000.00,9733972.00
2703403,5069176.05,5069176.05,2592000.00,2477176.05,1392000.00,0.00,0.00,2592000.00
2703502,18986255.97,18986255.97,16384483.97,2601772.00,13384483.97,0.00,400000.00,15984483.97
2703601,13247863.00,13247863.00,6817028.00,6430835.00,4630532.00,0.00,2100000.00,4717028.00
2703700,7788771.00,7788771.00,2885500.00,4903271.00,1589500.00,0.00,0.00,2885500.00
2703759,15785003.42,15785003.42,4487500.00,11297503.42,600000.00,0.00,0.00,4000000.00
2703809,25010836.29,25010836.29,14401930.00,10608906.29,6103000.00,0.00,0.00,14401930.00
2703908,26789029.50,26789029.50,21312860.00,5476169.50,19013000.00,0.00,848000.00,20464860.00
2704005,30846008.67,30846008.67,13479668.20,17366340.47,5198682.50,0.00,2586000.00,10893668.20
2704104,12917845.73,12917845.73,2775000.00,10142845.73,1000000.00,0.00,500000.00,2275000.00
2704203,21942810.89,22119117.16,6453307.89,15489503.00,2490000.00,0.00,0.00,6453307.89
2704302,293680807.64,785261704.94,105947310.64,187733497.00,29235743.45,0.00,13564520.00,92112314.45
2704401,12541135.57,12685161.72,6385246.00,6155889.57,2560250.00,0.00,0.00,6385246.00
2704500,48398005.05,48450349.13,21583270.50,26814734.55,15399398.50,0.00,2392500.00,18449770.50
2704609,8598055.54,8598055.54,2338891.50,6259164.04,1888891.50,0.00,450000.00,1888891.50
2704708,75018330.46,77629522.78,27091505.34,47926825.12,18228029.15,0.00,7774258.00,19317247.34
2704807,19750632.00,19750788.00,11352814.00,8397818.00,1686000.00,0.00,5700000.00,5652814.00
2704906,25803268.37,25803268.37,17758252.37,8045016.00,15040000.00,0.00,400000.00,17264463.00
2705002,25173492.29,25673492.29,14003500.00,11169992.29,8153500.00,0.00,0.00,14003500.00
2705101,63240173.30,63778355.30,46128514.08,17111659.22,33982507.08,0.00,400000.00,45584514.08
2705200,13633255.40,13637250.40,10551457.00,3081798.40,2337500.00,0.00,4000000.00,6551457.00
2705309,5742674.00,5842671.95,4142674.00,1600000.00,1300000.00,0.00,0.00,4142674.00
2705408,10909764.00,10909764.00,7005750.00,3904014.00,4212500.00,0.00,0.00,7005750.00
2705507,31574134.33,31574134.33,19717651.70,11856482.63,7768600.00,0.00,0.00,19717651.70
2705606,22323298.52,22323298.52,20361112.20,1962186.32,13557660.00,0.00,13471162.20,6889950.00
2705705,16332693.95,16632693.95,11562441.37,4770252.58,6615500.00,0.00,2985000.00,8352674.00
2705804,31393695.60,31468995.60,17753691.58,13640004.02,8319000.00,0.00,12243232.80,5510458.78
2705903,3428966.36,3428966.36,2538845.53,890120.83,1095226.39,0.00,0.00,2538845.53
2706000,10528701.50,10528701.50,8984589.00,1544112.50,6437500.00,0.00,0.00,8984589.00
2706109,15032477.82,15033377.82,10251697.00,4780780.82,4283500.00,0.00,1492500.00,8759197.00
2706208,6962838.88,6962838.88,3943115.40,3019723.48,2243023.93,0.00,1249023.93,2694091.47
2706307,45585189.96,47713528.88,25144045.80,20441144.16,2977000.00,0.00,4401969.80,20742076.00
2706406,34475121.90,34761212.64,24788587.90,9686534.00,7468500.00,0.00,13300578.00,11488009.90
2706422,13018038.00,13018038.00,4382000.00,8636038.00,2087000.00,0.00,0.00,4187000.00
2706448,15138697.02,15138697.02,7603893.23,7534803.79,5184000.00,0.00,1000000.00,6603893.23
2706505,7392015.00,7392015.00,5759604.00,1632411.00,1809604.00,0.00,450000.00,5309604.00
2706604,9658785.00,9658785.00,7221215.00,2437570.00,4300239.00,0.00,1099974.00,6121241.00
2706703,55670670.47,57902524.96,29189384.39,26481286.08,8577972.00,0.00,11122299.39,18067085.00
2706802,11840651.45,11940651.23,8240162.45,3600489.00,4576500.00,0.00,0.00,7797293.97
2706901,34486941.35,34629832.27,23890000.00,10596941.35,13390000.00,0.00,0.00,23890000.00
2707008,5043593.00,5043593.00,3370525.00,1673068.00,2370525.00,0.00,400000.00,2970525.00
2707107,30237477.24,30513433.59,15625432.00,14612045.24,9395698.00,0.00,500000.00,15125432.00
2707206,18671992.94,18671992.94,9673500.01,8998492.93,5882500.00,0.00,3497500.00,5985000.00
2707305,22255137.00,22405132.63,11071000.00,11184137.00,6271000.00,0.00,500000.00,10571000.00
2707404,20744666.00,20844666.00,11841374.00,8903292.00,7555839.00,0.00,0.00,11841374.00
2707503,14540023.20,14566676.49,5944618.00,8595405.20,3019727.00,0.00,0.00,5944618.00
2707602,12600522.71,12750522.71,7262139.00,5338383.71,800000.00,0.00,172139.00,7090000.00
2707701,55592438.36,63469517.14,8099691.00,47492747.36,0.00,0.00,0.00,7749691.00
2707800,7047458.54,7047458.54,2800000.00,4247458.54,300000.00,0.00,1500000.00,1300000.00
2707909,2628000.00,2630345.00,700000.00,1928000.00,0.00,0.00,0.00,700000.00
2708006,93764596.32,94302419.45,16183067.27,77581529.05,6131530.00,0.00,0.00,16183067.27
2708105,25868505.00,27567742.48,18087451.00,7781054.00,9771578.00,0.00,1191000.00,16896451.00
2708204,9326044.43,9326044.43,5084000.00,4242044.43,2284000.00,0.00,400000.00,4684000.00
2708303,37379630.00,37379630.00,22347977.00,15031653.00,15541433.00,0.00,300000.00,21039690.00
2708402,39906443.42,39906443.42,19105557.42,20800886.00,11487057.42,0.00,900000.00,18205557.42
2708501,58411469.11,58561457.77,44999697.11,13411772.00,29324758.11,0.00,400000.00,44599697.11
2708600,88345151.58,89238174.40,34209922.72,54135228.86,6144500.00,0.00,4947000.00,28512643.00
2708709,19424747.20,19424747.20,10087651.00,9337096.20,3681500.00,0.00,0.00,10087651.00
2708808,18078588.24,18157225.67,6463975.48,11614612.76,700000.00,0.00,0.00,6463975.48
2708907,3708520.71,3756283.68,2653811.12,1054709.59,1000000.00,0.00,73807.12,2580004.00
2708956,15044177.87,15044477.87,10954177.87,4090000.00,7661000.00,0.00,0.00,10572177.87
2709004,12404195.00,12404195.00,8566081.00,3838114.00,5038500.00,0.00,400000.00,8166081.00
2709103,17473474.00,17482576.50,8473474.00,9000000.00,3092000.00,0.00,0.00,8473474.00
2709152,27039521.62,27439510.68,8771265.40,18268256.22,3900000.00,0.00,0.00,8741143.60
2709202,31626616.39,31626616.39,18208097.00,13418519.39,15327500.00,0.00,11940000.00,6268097.00
2709301,66326426.94,66626426.26,30647666.84,35678760.10,10419202.00,0.00,7982117.06,21314939.00
2709400,24850495.50,25497570.15,10794470.47,14056025.03,1000000.00,0.00,0.00,10794470.47
2800100,7634361.19,7834361.19,6165146.00,1469215.19,4868500.00,0.00,1046000.00,5119146.00
2800209,36993587.71,37193587.71,17713471.32,19280116.39,11726734.00,200000.00,11240188.80,5589473.00
2800308,97570425.30,560945845.08,38690788.30,58879637.00,8158727.00,0.00,1599123.30,37091665.00
2800407,26692764.78,26692764.78,17695519.14,8997245.64,11550813.00,0.00,9066417.00,8562245.00
2800506,23308450.88,23308450.88,14475840.00,8832610.88,6290700.00,10089465.00,2786375.00,1600000.00
2800605,37910284.32,37913470.05,24230230.82,13680053.50,14971347.62,0.00,5492500.00,18737730.82
2800670,14550654.31,14550654.31,7207395.21,7343259.10,2793500.00,396000.00,2498500.00,4312895.21
2800704,5349949.00,5645939.00,5349949.00,0.00,2496500.00,400000.00,0.00,4949949.00
2801009,16458858.04,16458858.04,10037812.00,6421046.04,6819000.00,1416312.00,550000.00,8071500.00
2801108,8903969.00,8903969.00,5466565.00,3437404.00,3289365.00,0.00,3011700.00,2454865.00
2801207,47659243.77,100442444.60,24817720.00,22841523.77,12412250.00,220000.00,8838818.00,15758902.00
2801306,38923076.00,39170766.00,23373590.55,15549485.45,13837797.55,0.00,0.00,23373590.55
2801405,20854181.82,20863936.69,12492826.00,8361355.82,6301735.00,0.00,2602378.00,9890448.00
2801504,15298868.37,15298868.37,11397857.00,3901011.37,6277695.00,2951527.00,900000.00,7546330.00
2801603,16088849.85,16088849.85,13919989.50,2168860.35,7960015.50,0.00,0.00,13919989.50
2801702,19246877.95,19246877.95,9292772.00,9954105.95,6019659.00,500000.00,4134647.00,4585000.00
2801900,10536076.31,10536076.31,7784195.00,2751881.31,5484813.00,300000.00,2344000.00,5140195.00
2802007,14072922.23,14072922.23,11893339.00,2179583.23,7618500.00,167906.00,2722000.00,9003433.00
2802106,61484410.36,68799232.22,23195781.69,38288628.67,12065500.00,204191.69,4301051.00,18608939.00
2802205,18279379.99,18587762.45,14927659.84,3351720.15,11360402.04,0.00,3173351.98,11673165.00
2802304,11932813.13,11932813.13,4856500.00,7076313.13,3092500.00,0.00,0.00,4856500.00
2802403,12621699.40,13017699.40,8255340.47,4366358.93,4615317.50,400000.00,600000.00,7255340.47
2802502,5368293.40,5368293.40,3524536.71,1843756.69,2246302.00,0.00,0.00,3524536.71
2802601,12409427.08,12409427.08,7485000.00,4924427.08,4885000.00,200000.00,1889000.00,5396000.00
2802700,10986199.00,12468566.27,6681199.00,4305000.00,2271198.00,0.00,0.00,6220359.00
2802809,19289583.58,19489583.58,15253726.08,4035857.50,4190982.08,0.00,200000.00,15053726.08
2802908,111738658.53,114575498.97,46180436.34,65558222.19,30621266.00,29902915.34,0.00,13412521.00
2803005,39805443.40,40911656.00,28784031.00,11021412.40,20670500.00,0.00,4984000.00,23800031.00
2803104,13180286.07,13180286.07,11230286.07,1950000.00,8450083.07,698000.00,100000.00,10432286.07
2803203,32884176.36,36584165.10,18452500.00,14431676.36,8802950.00,0.00,0.00,18452500.00
2803302,11045920.78,11695920.78,4797975.00,6247945.78,4385000.00,0.00,0.00,4469225.00
2803401,14020034.04,14390459.14,12620087.04,1399947.00,6307580.04,0.00,4667580.04,7952507.00
2803500,87273933.75,117205781.14,57355769.31,29918164.44,46185466.31,0.00,11656933.00,45698836.31
2803609,35403671.42,35503671.42,21558439.00,13845232.42,9974977.00,167906.00,4795000.00,16449283.00
2803708,16037542.41,16037542.41,11708068.75,4329473.66,8508068.75,7763318.75,2696250.00,1248500.00
2803807,18908888.35,18908888.35,16455445.00,2453443.35,13695263.00,0.00,3616264.00,12839181.00
2803906,30052990.27,30052990.27,24167100.87,5885889.40,19478108.87,0.00,9117045.00,15050055.87
2804003,34867729.85,35323729.85,30301216.00,4566513.85,22670935.00,0.00,28077534.00,2223682.00
2804102,29087588.00,29412251.03,23518302.00,5569286.00,16849000.00,167906.00,1695000.00,21655396.00
2804201,19983891.06,19983895.60,17678125.00,2305766.06,10815000.00,0.00,1900000.00,15705000.00
2804300,7838328.28,7886642.35,5568000.00,2270328.28,4068000.00,0.00,948000.00,4620000.00
2804409,32882884.43,32886043.08,22537258.50,10345625.93,16393600.00,300000.00,12771500.00,9406746.76
2804458,20927268.28,20927268.28,14510682.00,6416586.28,9355425.00,6699182.00,5111500.00,2700000.00
2804508,30943838.65,31651291.86,20628379.33,10315459.32,13545500.00,497500.00,4393497.00,15737382.33
2804607,47664636.32,48156247.60,31145544.40,16519091.92,19238720.00,324844.12,8512500.00,22308200.28
2804706,12426059.09,12726059.09,9482274.00,2943785.09,6011992.00,0.00,5800286.00,3681988.00
2804805,63271288.52,75422034.19,22003142.00,41268146.52,5533000.00,0.00,6500000.00,12352599.00
2804904,11609790.82,11809790.82,7627453.66,3982337.16,1692500.00,0.00,1000000.00,6627453.66
2805000,11374357.53,11374357.53,9729503.21,1644854.32,5339016.21,367906.00,6314340.21,3047257.00
2805109,19906096.14,20627278.41,13689845.14,6216251.00,6617000.00,0.00,1749000.00,11940845.14
2805208,16339461.46,16339861.46,13803111.75,2536349.71,9231964.75,8592390.75,4710721.00,500000.00
2805307,2791920.12,4790652.12,1412000.00,1379920.12,1012000.00,100000.00,0.00,1312000.00
2805406,31113624.63,34342971.47,18294258.31,12819366.32,9259000.00,42116.31,5810200.00,12441942.00
2805505,25780631.21,25980631.21,15406275.00,10374356.21,4343500.00,0.00,7331501.00,8074774.00
2805604,40440716.85,40440716.85,21698038.71,18742678.14,6657515.43,0.00,9672136.43,12025902.28
2805703,33791595.71,34485293.62,18216611.15,15574984.56,9566286.85,200000.00,0.00,18016611.15
2805802,17287917.33,17287917.33,12473525.27,4814392.06,7053745.13,0.00,2698000.00,9775525.27
2805901,11842483.97,12093011.97,7968779.00,3873704.97,5495000.00,323812.00,2003000.00,5641967.00
2806008,29103578.12,29955609.51,24495978.27,4607599.85,19789120.27,6025620.27,11185358.00,7285000.00
2806107,6099037.82,6099037.82,3298000.00,2801037.82,1398000.00,0.00,2298000.00,1000000.00
2806206,22562374.17,22562374.17,16045640.57,6516733.60,9474810.57,168776.00,6352698.43,9524166.14
2806305,9398097.44,9398097.44,8395950.00,1002147.44,2895950.00,200000.00,0.00,8195950.00
2806404,27125310.00,27125310.00,20778041.00,6347269.00,15748872.00,0.00,1448500.00,19329541.00
2806503,11105407.53,11105407.53,7430331.00,3675076.53,3086750.00,282018.00,1858563.00,5289750.00
2806602,16217962.22,16267162.22,11605602.73,4612359.49,5603909.73,262906.00,5240909.73,6101787.00
2806701,21073706.76,54221479.26,10565223.67,10508483.09,2400000.00,167906.00,7471789.00,2925528.67
2806800,9134911.00,9194608.66,6599724.00,2535187.00,3545404.00,167906.00,2185194.00,4246624.00
2806909,10990821.39,10990821.39,9145033.53,1845787.86,4793347.53,0.00,4419500.00,4725533.53
2807006,8345500.00,8345500.00,5691500.00,2654000.00,2985000.00,0.00,1514500.00,4177000.00
2807105,46461413.67,46690613.67,31509948.19,14951465.48,15731108.19,0.00,10391108.19,21040000.00
2807204,8119968.00,8119968.00,5375394.00,2744574.00,1691500.00,167906.00,2425988.00,2495000.00
2807303,7553649.56,7553649.56,5548923.00,2004726.56,3075000.00,80000.00,2274000.00,3194923.00
2807402,68018790.83,68018790.83,40491955.14,27526835.69,30083950.00,0.00,5785561.00,34706394.14
2807501,16379715.41,16379715.41,10824065.64,5555649.77,7648589.00,0.00,1992000.00,8832065.64
2807600,25346061.68,25348825.39,15170863.00,10175198.68,10320897.00,400000.00,2195000.00,12575863.00
2900108,7106001.00,7106001.00,5110000.00,1996001.00,1890000.00,0.00,720000.00,4390000.00
2900207,11027911.93,11696411.93,9777902.93,1250009.00,6076500.00,433.52,5590000.00,4187469.41
2900306,9724336.88,9833198.33,8007792.00,1716544.88,3616792.00,0.00,0.00,8007792.00
2900355,9104498.42,9104498.42,7163392.06,1941106.36,1767491.05,1000000.00,1593000.00,4570392.06
2900405,13699028.17,13699028.17,7579000.00,6120028.17,3280000.00,500000.00,0.00,7079000.00
2900504,9925365.70,9925365.70,7670971.00,2254394.70,3371000.00,0.00,3093971.00,4577000.00
2900603,4633370.87,4633370.87,4633370.87,0.00,2094000.00,0.00,0.00,4633370.87
2900702,48678648.19,49312296.21,36887022.19,11791626.00,15526500.00,3577996.00,10025632.00,23092881.00
2900801,21401986.19,21401986.19,17247738.19,4154248.00,9966000.00,995000.00,8580000.00,7672738.19
2900900,5711671.14,5711671.14,4779612.08,932059.06,829612.08,0.00,2883612.08,1896000.00
2901007,24494313.86,25000368.29,7332326.43,17161987.43,3382496.24,750000.00,5206386.33,1375940.10
2901106,14148764.00,14148764.00,11638107.00,2510657.00,7279000.00,0.00,1694000.00,9944107.00
2901155,9528986.03,9528986.03,7277686.00,2251300.03,2083000.00,0.00,2483000.00,4794686.00
2901205,4593074.73,4593076.24,3892435.52,700639.21,2287500.00,0.00,0.00,3892435.52
2901304,12138980.75,12138980.75,5558964.75,6580016.00,3289000.00,0.00,5557435.50,1529.25
2901353,11169790.65,11169790.65,8252850.52,2916940.13,2388000.00,0.00,2893000.00,5359850.52
2901403,4131377.56,5131377.56,2755090.36,1376287.20,1346000.00,0.00,649939.00,2105151.36
2901502,13920334.27,13920334.27,12588094.80,1332239.47,7408250.00,4388250.00,2290000.00,5909844.80
2901601,12418674.00,12418674.00,11118674.00,1300000.00,9218674.00,0.00,0.00,11118674.00
2901700,4654850.00,4713088.72,3404850.00,1250000.00,1734850.00,0.00,1670000.00,1734850.00
2901809,7787374.20,7787374.20,4645278.07,3142096.13,1193899.41,0.00,250000.00,4395278.07
2901908,4591662.69,4591662.69,3709422.13,882240.56,697000.00,0.00,612286.84,3097135.29
2901957,4361415.87,4361415.87,2260829.04,2100586.83,898000.00,0.00,500000.00,1760253.00
2902005,9127641.54,9127641.54,2503230.09,6624411.45,500000.00,1400000.00,600000.00,503230.09
2902054,4049211.07,4049211.07,2750586.07,1298625.00,750000.00,0.00,586.07,2750000.00
2902104,19022420.26,19077482.89,15744365.90,3278054.36,10854262.00,0.00,7826000.00,7169234.43
2902203,12108778.00,12108778.00,7990267.00,4118511.00,2840267.00,0.00,4838000.00,3152267.00
2902252,6869510.17,6869510.17,6869277.14,233.03,4384000.00,0.00,1091500.00,5777777.14
2902302,5714817.25,5714817.25,5039914.25,674903.00,3087500.00,0.00,4714914.25,325000.00
2902401,2805874.07,2805874.07,2136000.00,669874.07,936000.00,0.00,0.00,2136000.00
2902500,5266709.58,5266709.58,2916743.89,2349965.69,398000.00,300000.00,598000.00,2018743.89
2902609,7327473.52,7327473.52,4228243.57,3099229.95,2300000.00,0.00,675985.00,3552258.57
2902658,9487182.00,9487182.00,7554682.00,1932500.00,6054682.00,0.00,0.00,7554682.00
2902708,9165726.87,9340726.87,5092670.10,4073056.77,1550239.32,0.00,1000000.00,4092670.10
2902807,2495000.00,2495000.00,2495000.00,0.00,1495000.00,0.00,0.00,2495000.00
2902906,19821540.53,20377923.70,15031225.75,4790314.78,9136145.94,0.00,3671792.00,11359433.75
2903003,7447156.10,7447156.10,4749983.63,2697172.47,700000.00,1673988.00,600058.53,2475937.10
2903102,5983827.50,5983827.50,4523808.50,1460019.00,2223808.50,0.00,4523808.50,0.00
2903201,10461628.97,21458016.26,494734.65,9966894.32,0.00,200000.00,956.88,293777.77
2903235,7640898.24,7640898.24,3720929.31,3919968.93,3390000.00,0.00,400000.00,3320929.31
2903276,7249000.00,7381000.00,5794000.00,1455000.00,2794000.00,0.00,1594000.00,4200000.00
2903300,3908490.82,3908490.82,2208440.82,1700050.00,947950.00,0.00,1207950.00,940000.00
2903409,4983669.30,4983669.30,3689727.00,1293942.30,1339500.00,0.00,400000.00,3289727.00
2903508,15028081.05,15028081.05,7688715.05,7339366.00,4278730.00,0.00,0.00,7666723.00
2903607,14779048.41,14779048.41,11306295.41,3472753.00,6696000.00,225883.97,954411.44,10126000.00
2903706,9573176.98,9573176.98,6558876.98,3014300.00,1887000.00,500000.00,2000000.00,4058876.98
2903805,8749368.87,8749368.87,7712644.81,1036724.06,3511639.83,500000.00,1318139.83,5894504.98
2903904,32072024.77,41921789.17,25582443.10,6489581.67,6650841.00,2299582.00,2450381.54,20568639.79
2903953,6765709.00,6765709.00,4984209.00,1781500.00,993000.00,0.00,100000.00,4884209.00
2904001,7513747.53,7513747.53,5400058.53,2113689.00,2200000.00,0.00,5400058.53,0.00
2904050,10477104.09,10477104.09,6677317.85,3799786.24,2927317.85,0.00,0.00,6677317.85
2904100,8353240.16,8353240.16,5728153.04,2625087.12,2278111.09,0.00,3728111.09,2000041.95
2904209,7848717.06,7848717.06,5736185.54,2112531.52,3229061.00,0.00,2096000.00,3640185.54
2904308,12730465.92,12730465.92,11795235.92,935230.00,8806353.00,0.00,3456353.00,8338882.92
2904407,600007.98,600007.98,100007.98,500000.00,100000.00,100000.00,0.00,7.98
2904506,3983362.82,3983362.82,2650000.00,1333362.82,0.00,0.00,0.00,2650000.00
2904605,19040329.95,88614648.34,14809072.82,4231257.13,7721022.82,1000000.00,4555150.00,8865872.82
2904704,2677591.28,2677595.39,2277591.28,400000.00,1393500.00,0.00,0.00,1895591.28
2904753,11971520.95,11971520.95,7030744.00,4940776.95,3038500.00,500000.00,0.00,6530744.00
2904803,3926987.00,3926987.00,3826987.00,100000.00,1726987.00,0.00,0.00,3826987.00
2904852,7862600.08,7862600.08,4625081.08,3237519.00,1138500.00,0.00,704600.00,3800973.86
2904902,3753249.66,4454339.66,2836264.36,916985.30,1450000.00,461.84,1834994.30,1000808.22
2905008,8499538.05,8500924.05,7237597.79,1261940.26,2783000.00,350000.00,3793000.00,3094597.79
2905107,6421490.75,6421490.75,5871490.75,550000.00,3290000.00,0.00,5374059.45,247431.30
2905156,11598203.52,11598203.52,9094705.00,2503498.52,5380500.00,0.00,7167205.00,1927500.00
2905206,6621500.00,8705731.90,4335000.00,2286500.00,2935000.00,0.00,4235000.00,100000.00
2905305,11520659.12,11520659.12,7832412.13,3688246.99,4054451.90,0.00,1300005.68,6532406.45
2905404,9033411.71,9033411.71,6479285.71,2554126.00,891000.00,0.00,596000.00,5883285.71
2905503,5556750.27,5556750.27,4027000.00,1529750.27,4027000.00,0.00,0.00,4027000.00
2905602,11046866.02,11046866.02,8957382.71,2089483.31,4986000.00,0.00,1399999.99,7557382.72
2905701,63958639.00,116700441.28,59687928.00,4270711.00,47688000.00,0.00,21487928.00,38200000.00
2905800,13279207.22,13296953.43,9478618.52,3800588.70,4743146.48,1000000.00,4135472.04,4343146.48
2905909,9244487.26,10981487.26,8031793.32,1212693.94,5169792.00,1435792.00,1050000.00,5546001.32
2906006,74759427.24,76401216.79,28850499.73,45908927.51,20572130.00,400000.00,11174.80,28439324.93
2906105,3976244.18,3976244.18,3494438.10,481806.08,1891500.00,300000.00,1693506.54,1500931.56
2906204,18702153.17,18702153.17,10253633.17,8448520.00,2581000.00,0.00,5088000.00,5165633.17
2906303,6882993.05,6882993.05,4202115.31,2680877.74,1495000.00,1495000.00,170581.05,2536534.26
2906402,4017960.00,4017960.00,1548000.00,2469960.00,398000.00,200000.00,0.00,1348000.00
2906501,10645253.34,11716885.85,6445253.34,4200000.00,4337496.97,0.00,407756.37,6037496.97
2906600,3570950.08,3570950.08,3568737.48,2212.60,900000.00,0.00,380000.00,3188737.48
2906709,8397457.71,8397457.71,7343025.32,1054432.39,1197500.00,700000.00,750000.00,5893025.32
2906808,12980252.29,12982212.49,7463841.00,5516411.29,4763841.00,0.00,3068841.00,4395000.00
2906824,5285186.02,5349624.61,4971225.69,313960.33,3321087.00,0.00,700000.00,4271225.69
2906857,9495926.00,9559757.13,6801900.00,2694026.00,2643500.00,0.00,3251900.00,3550000.00
2906873,18743886.56,20580310.54,14613000.00,4130886.56,10363000.00,0.00,1700000.00,12913000.00
2906899,6112532.29,6112532.29,4950871.29,1161661.00,2196000.00,0.00,2096000.00,2600000.00
2906907,13389361.08,13389361.08,9419343.08,3970018.00,3263903.21,0.00,4981931.21,3673411.87
2907004,33122800.18,33122800.18,26911785.00,6211015.18,19567500.00,2000000.00,3300000.00,21611785.00
2907103,7351985.01,7351985.01,7340482.13,11502.88,6336573.00,2502.59,6841573.00,496406.54
2907202,14112732.58,14127812.58,7020326.84,7092405.74,2315038.66,51.02,15287.13,7004988.69
2907301,24399265.50,24399265.50,14513166.00,9886099.50,6734841.00,0.00,1500000.00,13013166.00
2907400,1750000.00,1750000.00,1500000.00,250000.00,500000.00,0.00,700000.00,800000.00
2907509,16167485.59,18235515.40,12118350.00,4049135.59,4216750.00,0.00,8522750.00,3595600.00
2907558,3403710.92,3403710.92,3129209.00,274501.92,129209.00,0.00,1000000.00,2129209.00
2907608,7674987.02,7674987.02,4796199.02,2878788.00,995000.00,200000.00,4594992.00,1207.02
2907707,6468394.57,6468394.57,4593016.99,1875377.58,2293000.00,0.00,2493000.00,2100016.99
2907806,14395422.34,14395422.34,13535922.34,859500.00,11530622.77,4559722.27,4252125.48,4724074.59
2907905,14810611.97,14811485.97,8550367.00,6260244.97,4722364.00,0.00,2094000.00,6456367.00
2908002,10052805.46,10052805.46,7666880.00,2385925.46,3732000.00,0.00,2286130.00,5380750.00
2908101,5599171.97,5599171.97,4600098.40,999073.57,4100000.00,400000.00,0.00,4200098.40
2908200,26189729.24,26193450.84,22060211.24,4129518.00,15838496.24,2000000.00,0.00,20060211.24
2908309,14486890.14,14486890.14,10418500.00,4068390.14,6868500.00,0.00,800000.00,9618500.00
2908408,10958393.66,10958393.66,5640159.00,5318234.66,40159.00,0.00,0.00,5640159.00
2908507,9449839.60,12077173.92,5052640.00,4397199.60,2290000.00,0.00,300000.00,4752640.00
2908606,14215695.65,14215695.65,6373842.67,7841852.98,2680000.00,0.00,400000.00,5973842.67
2908705,10189691.68,10189691.68,8688000.00,1501691.68,3988000.00,500000.00,600000.00,7588000.00
2908804,2764991.21,2764991.21,1798437.21,966554.00,419682.00,0.00,500000.00,1298437.21
2908903,48141892.41,48143262.41,45105338.23,3036554.18,40405338.23,4800000.00,1000000.00,39305338.23
2909000,3885914.91,3885914.91,2549511.17,1336403.74,1048000.00,0.00,650000.00,1899511.17
2909109,23741758.93,23742602.83,14420737.98,9321020.95,9943230.00,1000000.00,0.00,13420737.98
2909208,12665780.08,12665780.08,8088697.08,4577083.00,2338000.00,6290500.00,300000.00,1498197.08
2909307,12949881.42,12949881.42,11944034.51,1005846.91,4963210.99,1800000.00,500000.00,9644034.51
2909406,4274654.24,4284182.24,4122716.13,151938.11,2490000.00,0.00,1600029.27,2522686.86
2909505,6497700.00,6497700.00,5569700.00,928000.00,3001700.00,0.00,1198000.00,4371700.00
2909604,15123770.03,15123770.03,10320020.00,4803750.03,4138000.00,0.00,7073947.00,3246073.00
2909703,6668488.17,6668488.17,5093281.91,1575206.26,648000.00,0.00,2500029.27,2593252.64
2909802,35884974.00,46696616.29,17280291.00,18604683.00,12335000.00,7669985.00,2387500.00,7222806.00
2909901,8306239.96,8317015.61,4765504.72,3540735.24,1550000.00,0.00,500000.00,4265504.72
2910008,9261585.00,9261585.00,6861585.00,2400000.00,2111585.00,0.00,3300000.00,3561585.00
2910057,10952560.43,10979654.28,6211677.29,4740883.14,4640000.00,100000.00,870054.61,4983428.32
2910107,9396738.94,9396738.94,6845683.00,2551055.94,2995683.00,0.00,4594000.00,2251683.00
2910206,2731056.10,2731056.10,1926857.14,804198.96,1000000.00,0.00,800000.00,1126857.14
2910305,4356831.00,4356831.00,2898000.00,1458831.00,398000.00,0.00,500000.00,2398000.00
2910404,15386500.00,15386500.00,8786500.00,6600000.00,1586500.00,2000000.00,3986500.00,2800000.00
2910503,12751477.49,12976877.49,7066980.06,5684497.43,3764585.00,485.37,2669585.00,4396909.69
2910602,18963980.01,18963980.01,16303144.78,2660835.23,9846000.00,700000.00,13698000.00,1905144.78
2910701,25321788.88,25332693.73,15970044.61,9351744.27,10845500.00,0.00,15650346.39,304582.97
2910727,14322499.00,14930461.44,6237500.00,8084999.00,2492500.00,0.00,796000.00,5246500.00
2910750,7983323.00,7983323.00,6915982.00,1067341.00,2442500.00,0.00,1400000.00,5515982.00
2910776,1774798.80,1774798.80,891084.80,883714.00,300000.00,0.00,391084.80,500000.00
2910800,27746299.38,49341955.34,14211857.38,13534442.00,1495000.00,299557.19,2328441.80,11583858.39
2910859,6665209.49,6665209.49,3795000.00,2870209.49,2495000.00,0.00,1000000.00,2795000.00
2910909,20164839.35,20164839.35,16782284.95,3382554.40,13692553.00,0.00,4490000.00,12243452.59
2911006,5955990.60,5955990.60,4855990.60,1100000.00,1488437.60,0.00,987968.00,3868022.60
2911105,3136838.10,3191916.63,1203308.30,1933529.80,0.00,0.00,200117.06,1003191.24
2911204,22806246.76,22900384.55,17071098.16,5735148.60,13090209.60,0.00,60000.00,17011098.16
2911253,3070346.52,3070346.52,2275474.00,794872.52,1338760.00,250000.00,399408.00,1626066.00
2911303,4199358.72,4599358.72,3788553.72,410805.00,2786000.00,0.00,3286000.00,502553.72
2911402,11327198.59,11327198.59,9744215.75,1582982.84,2443148.28,0.00,725097.00,9019118.75
2911501,1950000.00,1950000.00,1300000.00,650000.00,600000.00,0.00,0.00,1300000.00
2911600,18299427.00,18540631.93,9884500.00,8414927.00,4784500.00,0.00,0.00,9884500.00
2911659,3548003.31,3548003.31,3048003.31,500000.00,1546000.00,0.00,750000.00,2298003.31
2911709,14850143.51,24841101.62,9764333.51,5085810.00,4905168.00,0.00,3668993.85,6095339.66
2911808,4579746.50,4579746.50,4278733.01,301013.49,1985000.00,0.00,4085000.00,193733.01
2911857,5535210.00,5535210.00,4357500.00,1177710.00,1493500.00,0.00,500000.00,3857500.00
2911907,22799492.92,23090239.61,14538296.39,8261196.53,5872500.00,3430000.00,2194796.39,8913500.00
2912004,5207645.77,5207645.77,3242783.36,1964862.41,1842000.00,0.00,200000.00,3042783.36
2912103,9788486.87,10013556.87,6824806.87,2963680.00,5138457.38,0.00,0.00,6824806.87
2912202,7478263.62,7478263.62,4414903.44,3063360.18,2344000.00,500000.00,1300000.00,2408100.00
2912301,5615066.43,5637094.41,5015066.43,600000.00,326000.00,0.00,150000.00,4701647.74
2912400,17390044.89,17397941.69,12304142.82,5085902.07,3971541.00,750000.00,5579792.18,5973528.04
2912509,7791513.28,7791513.28,6307080.99,1484432.29,4194785.00,0.00,5305099.32,1001981.67
2912608,5819591.91,5819591.91,4585000.00,1234591.91,3985000.00,0.00,0.00,4585000.00
2912707,17580728.25,17580728.25,14139992.23,3440736.02,8926948.00,0.00,3746857.15,10393135.08
2912806,2435335.00,2435335.00,200000.00,2235335.00,0.00,0.00,0.00,200000.00
2912905,4100954.00,4100954.00,2548098.00,1552856.00,1560792.00,0.00,960792.00,1587306.00
2913002,12143005.99,12143005.99,7938000.00,4205005.99,3788000.00,0.00,600000.00,7338000.00
2913101,16507401.53,16507401.53,9421489.46,7085912.07,5066000.00,200000.00,2612457.00,6609032.46
2913200,37375056.73,37375060.97,29557056.73,7818000.00,17651836.00,1950000.00,21150000.00,6457056.73
2913309,3669272.86,3669272.86,3519272.86,150000.00,2088130.00,0.00,81142.86,3438130.00
2913408,7649383.47,7649383.47,5578050.46,2071333.01,3000000.00,500000.00,2000000.00,3078050.46
2913457,12008206.68,12008206.68,10556500.00,1451706.68,5079000.00,0.00,2472500.00,8084000.00
2913507,6622693.02,6622693.02,5201157.01,1421536.01,2000000.00,500000.00,0.00,4701157.01
2913606,35042694.19,73933528.41,30716568.19,4326126.00,9379309.33,0.00,6894753.02,22156878.33
2913705,14355145.86,14688621.86,12091102.82,2264043.04,4970500.00,0.00,2239611.39,9851491.43
2913804,19734104.94,20084087.50,14725853.68,5008251.26,10166000.00,0.00,0.00,14725853.68
2913903,11012489.00,11012489.00,7088879.00,3923610.00,2289000.00,0.00,749879.00,6339000.00
2914000,38642356.74,38642360.04,28499396.39,10142960.35,20716231.00,0.00,6967231.00,21532165.39
2914109,7997307.57,7997307.57,3615261.50,4382046.07,0.00,300000.00,0.00,3315261.50
2914208,9833750.00,9833750.00,7595000.00,2238750.00,4695000.00,0.00,2600000.00,4995000.00
2914307,4238000.00,4238000.00,4238000.00,0.00,1200000.00,0.00,2538000.00,1700000.00
2914406,19610204.15,19610204.15,16011000.00,3599204.15,13661000.00,500000.00,0.00,15511000.00
2914505,13280571.00,13281382.20,9830554.00,3450017.00,4455000.00,300000.00,6943248.00,2587306.00
2914604,17664487.16,29421634.48,14533885.20,3130601.96,7351401.00,400000.00,9505184.15,4628701.05
2914653,5400010.00,5412063.33,3000000.00,2400010.00,2000000.00,0.00,0.00,3000000.00
2914703,29201456.37,29201458.57,16498248.07,12703208.30,6690500.00,0.00,1693000.00,14805248.07
2914802,28134989.00,30264545.58,15937633.00,12197356.00,8266979.00,0.00,5366000.00,10571633.00
2914901,15105981.01,15105981.01,14805981.01,300000.00,8222831.88,0.00,7007348.99,7798632.02
2915007,10288938.50,10288938.50,8878919.50,1410019.00,4378919.50,0.00,3791000.00,5087919.50
2915106,8760560.99,8760560.99,6145340.68,2615220.31,1746515.56,0.00,500000.00,5645340.68
2915205,5371294.98,5371294.98,4393794.98,977500.00,1992500.00,0.00,2792500.00,1601294.98
2915304,8778050.00,8778050.00,7532350.00,1245700.00,2396000.00,0.00,6146000.00,1386350.00
2915353,89179073.97,89179073.97,30001072.99,59178000.98,27312146.99,19019390.99,300000.00,10681682.00
2915403,11498330.83,11498330.83,6489252.14,5009078.69,2972000.00,0.00,200000.00,6289252.14
2915502,8917441.40,8917441.40,6517441.40,2400000.00,3482500.00,0.00,1300000.00,5082500.00
2915601,13607144.53,13607144.53,8756659.89,4850484.64,4667873.98,0.00,14597.93,8742061.96
2915700,4048604.81,4048604.81,3748000.00,300604.81,948000.00,0.00,0.00,3748000.00
2915809,10590881.00,10590883.88,9190881.00,1400000.00,6152025.00,0.00,0.00,9190881.00
2915908,7684306.00,7684306.00,7397000.00,287306.00,4697000.00,1200000.00,1200000.00,4997000.00
2916005,5699179.18,14413128.62,4076866.52,1622312.66,1697500.00,0.00,800000.00,2979500.00
2916104,9060815.57,9060815.57,6678941.53,2381874.04,997934.53,0.00,300000.00,6378941.53
2916203,2580203.44,2580203.44,1698203.44,882000.00,698000.00,0.00,0.00,1698203.44
2916302,3348243.00,3348243.00,2698000.00,650243.00,1898000.00,0.00,2198000.00,500000.00
2916401,15818066.49,17164545.81,12279907.29,3538159.20,4704438.29,706438.29,4375469.00,7198000.00
2916500,25306597.04,25348291.04,15208195.04,10098402.00,9913750.00,0.00,2100000.00,13108195.04
2916609,5575932.28,7030932.28,5092237.28,483695.00,1294652.80,0.00,2974987.12,2094652.80
2916708,1442978.00,1442978.00,1282000.00,160978.00,0.00,0.00,1282000.00,0.00
2916807,12581372.22,12581372.22,8946696.23,3634675.99,6296696.23,0.00,0.00,8946696.23
2916856,23328775.11,23328775.11,11694188.83,11634586.28,7304592.00,2189596.83,700000.00,8804592.00
2916906,17802479.68,17804214.94,12933510.68,4868969.00,9401750.00,0.00,1851760.68,11081750.00
2917003,12882451.23,12890897.19,9090812.84,3791638.39,2286000.00,1796000.00,2496677.93,4798134.91
2917102,4756469.60,4756469.60,2656469.60,2100000.00,707950.00,500000.00,0.00,2156469.60
2917201,8111443.89,8391758.99,1601565.98,6509877.91,1601550.00,0.00,419583.00,1181982.98
2917300,27098877.03,27098877.03,24909057.38,2189819.65,19206709.00,4329209.00,4201556.38,16378292.00
2917334,4556000.00,4556000.00,4556000.00,0.00,3194000.00,0.00,0.00,4556000.00
2917359,4647396.65,4647396.65,3275000.00,1372396.65,0.00,0.00,0.00,3275000.00
2917409,5886655.43,5886655.43,2889487.06,2997168.37,500000.00,450000.00,1250000.00,1189487.06
2917508,12588775.57,16567874.57,9644362.76,2944412.81,3995000.00,487.08,4000000.00,5643875.68
2917607,7520400.42,8747169.35,5518610.15,2001790.27,3221500.00,0.00,4235500.00,1283110.15
2917706,6196554.11,6196554.11,4984148.93,1212405.18,1880870.00,0.00,4780870.00,203278.93
2917805,5418000.00,5418000.00,5118000.00,300000.00,1294000.00,0.00,0.00,5118000.00
2917904,20586207.31,20586207.31,16931129.05,3655078.26,14431129.05,11431129.05,0.00,5500000.00
2918001,49813020.51,60753740.09,36070490.88,13742529.63,19911499.97,0.00,450000.00,35164552.18
2918100,15860887.97,15860887.97,11374030.35,4486857.62,4573500.00,500000.00,700000.00,10174030.35
2918209,18911839.18,18911839.18,15611032.97,3300806.21,12854500.00,0.00,5541532.97,10069500.00
2918308,14425934.87,14425934.87,13924528.00,501406.87,7769332.00,0.00,1000000.00,12924528.00
2918357,14042868.64,14042868.64,10778131.71,3264736.93,3487500.00,0.00,5386373.71,5391758.00
2918407,63314086.18,78667861.49,29819315.70,33494770.48,13023055.50,1300000.00,7650050.59,20869265.11
2918456,5258234.82,5258234.82,4370034.02,888200.80,4370034.02,0.00,0.00,4370034.02
2918506,32130466.43,32130466.43,10999306.10,21131160.33,9693715.14,7439935.09,0.00,3554697.20
2918555,12700194.22,12700194.22,11700194.22,1000000.00,8300194.22,500000.00,9107694.22,2092500.00
2918605,3385677.92,3385677.92,3383500.00,2177.92,2397000.00,0.00,0.00,3383500.00
2918704,4964920.99,4964920.99,4764500.00,200420.99,1687000.00,0.00,0.00,4764500.00
2918753,9252909.02,9252909.02,6148661.47,3104247.55,3297000.00,300000.00,1150000.00,4698661.47
2918803,6272971.79,6371398.16,3544730.74,2728241.05,398000.00,0.00,0.00,2795005.72
2918902,6597496.00,6597496.00,4297495.00,2300001.00,497500.00,0.00,2497500.00,1799995.00
2919009,10242062.54,10242062.54,8687566.11,1554496.43,7537496.00,0.00,0.00,8687566.11
2919058,11379014.67,11379014.67,10225000.00,1154014.67,6275000.00,0.00,2392500.00,7782500.00
2919108,5700000.00,5700000.00,5700000.00,0.00,0.00,0.00,5400000.00,300000.00
2919157,49270277.02,49271026.84,29594511.62,19675765.40,19547380.00,2410469.00,12811789.18,14372253.44
2919207,24878107.32,52989068.85,17425901.32,7452206.00,7601682.00,2149600.00,5194301.32,10082000.00
2919306,13681396.52,13681396.52,7383909.00,6297487.52,4258909.00,0.00,300000.00,7083909.00
2919405,8232899.00,8239115.00,4972900.00,3259999.00,2000000.00,0.00,272900.00,4700000.00
2919504,24662792.95,24696373.56,18084714.08,6578078.87,8974000.00,700000.00,7492492.00,9892222.08
2919553,18823036.49,19495507.31,8198981.80,10624054.69,2169142.00,0.00,0.00,8198981.80
2919603,9024059.33,9024059.33,7789502.57,1234556.76,5289502.57,0.00,0.00,7789502.57
2919702,8013809.44,8013809.44,4679169.20,3334640.24,2788000.00,0.00,0.00,4679169.20
2919801,8028970.26,8028970.26,6155533.39,1873436.87,0.00,2950000.00,1000000.00,2205533.39
2919900,7523133.82,7523133.82,6650978.09,872155.73,3150000.00,0.00,4250978.09,2400000.00
2919926,2097000.00,2097000.00,2097000.00,0.00,2097000.00,0.00,2097000.00,0.00
2919959,5449036.25,5449036.25,4651044.62,797991.63,1670944.62,700000.00,1976100.00,1974944.62
2920007,5746322.59,5746322.59,2876772.59,2869550.00,792000.00,0.00,1847000.00,1029772.59
2920106,9934661.38,9934661.38,8420061.38,1514600.00,3417381.97,0.00,4900000.00,3520061.38
2920205,7989716.38,7989716.38,4591762.46,3397953.92,2148000.00,0.00,2248000.00,2343762.46
2920304,7726980.34,7726980.34,7245000.00,481980.34,1745000.00,0.00,5545000.00,1700000.00
2920403,5046218.63,5046218.63,4053218.63,993000.00,2183000.00,0.00,0.00,4053218.63
2920452,7440089.71,7440089.71,6440089.71,1000000.00,4623383.03,3395323.00,0.00,3044766.71
2920502,10329240.46,10357623.98,8328839.04,2000401.42,3278500.00,0.00,6083500.00,2245339.04
2920601,15961809.72,20193510.94,7077555.89,8884253.83,2490000.00,902364.72,500000.00,5675191.17
2920700,10093116.62,10093116.62,7555604.00,2537512.62,2292500.00,0.00,2592500.00,4963104.00
2920809,19468049.72,19468049.72,14199090.72,5268959.00,10387296.15,0.00,3915000.00,10284090.72
2920908,3270783.21,3270783.21,2271022.21,999761.00,677902.00,0.00,1991860.00,279162.21
2921005,1324154.80,1351524.60,824154.80,500000.00,500000.00,0.00,0.00,500000.00
2921054,3354462.45,3354462.45,2161845.26,1192617.19,2161787.00,0.00,0.00,2161845.26
2921104,16271184.00,16271184.00,11792448.00,4478736.00,5442448.00,0.00,1650000.00,10142448.00
2921203,7398204.44,7398204.44,5920003.78,1478200.66,497500.00,500000.00,3102757.12,2317246.66
2921302,5666502.28,5666502.28,5146500.00,520002.28,3246500.00,0.00,900000.00,4246500.00
2921401,10690294.08,10690294.08,8184076.56,2506217.52,3093865.00,540000.00,1247500.00,6396576.56
2921450,6978410.83,6978410.83,5296723.80,1681687.03,396000.00,0.00,2554151.88,2742571.92
2921500,31353421.99,31358317.46,24590564.37,6762857.62,8414993.00,1900566.17,10446992.71,12243005.49
2921609,5230840.08,5230840.08,4897840.08,333000.00,2395000.00,0.00,4895000.00,2840.08
2921708,32256915.67,38159879.81,17352393.37,14904522.30,11406560.00,2160.18,9552631.60,7797601.59
2921807,3565338.00,3565338.00,3043000.00,522338.00,2098000.00,245000.00,2398000.00,400000.00
2921906,8666589.49,8666589.49,6892792.43,1773797.06,1788000.00,1445000.00,2630993.00,2178315.08
2922003,3643548.73,3643548.73,3643548.73,0.00,1000000.00,0.00,1046667.18,1349247.54
2922052,5225246.99,5225246.99,3031217.73,2194029.26,1590000.00,0.00,990000.00,2041217.73
2922102,13389536.46,13389536.46,11489536.46,1900000.00,4785159.00,999977.00,0.00,10299959.46
2922201,5536156.00,5899156.00,3296000.00,2240156.00,596000.00,0.00,200000.00,3096000.00
2922250,5564264.29,5564264.29,4605152.33,959111.96,1400000.00,0.00,2400038.70,2205113.63
2922300,9942019.00,10103568.60,7282000.00,2660019.00,400000.00,1400000.00,3500000.00,2382000.00
2922409,11271051.32,11369101.32,8032490.64,3238560.68,4177572.00,0.00,6452497.00,1579993.64
2922508,10274883.10,11735523.60,7425104.00,2849779.10,2094000.00,0.00,2544000.00,4881104.00
2922607,9930230.82,9930230.82,9624732.22,305498.60,3527612.08,914583.00,2082537.14,6627612.08
2922656,6783646.33,6783646.33,2750000.00,4033646.33,700000.00,1150000.00,500000.00,1100000.00
2922706,4523500.00,4523500.00,2398000.00,2125500.00,898000.00,0.00,500000.00,1898000.00
2922730,7124280.60,7124280.60,4535563.60,2588717.00,2823500.00,0.00,1094000.00,3441563.60
2922755,6141920.04,6141920.04,3700000.00,2441920.04,1800000.00,0.00,0.00,3700000.00
2922805,26345256.00,26345256.00,16470627.00,9874629.00,16410627.00,0.00,4715790.00,11754837.00
2922854,6370571.02,6370571.02,4918985.00,1451586.02,2193000.00,0.00,1300000.00,3618985.00
2922904,21934453.74,21934453.74,14638955.00,7295498.74,6667444.00,1200000.00,3597000.00,9841955.00
2923001,8158328.83,8158338.78,5023020.67,3135308.16,1195000.00,0.00,1500000.00,3495000.00
2923035,5881800.90,5881800.90,3600000.00,2281800.90,800000.00,0.00,0.00,3600000.00
2923050,4255000.00,4255000.00,4255000.00,0.00,1255000.00,0.00,0.00,4255000.00
2923100,16361029.14,16375829.14,10490361.00,5870668.14,6003055.00,0.00,1195000.00,9295361.00
2923209,9048195.81,9048599.62,2391892.07,6656303.74,990000.00,900000.00,1490000.00,1892.07
2923308,2000690.83,2000690.83,2000690.83,0.00,0.00,0.00,0.00,2000690.83
2923357,1497350.57,1497350.57,1115350.57,382000.00,0.00,900000.00,0.00,215350.57
2923407,8060499.86,8060499.86,7399119.13,661380.73,2146000.00,0.00,2900000.00,4499119.13
2923506,2386230.00,2386230.00,2386230.00,0.00,398000.00,0.00,0.00,2386230.00
2923605,6431306.91,6920046.34,1846125.52,4585181.39,0.00,0.00,16529.57,1829595.95
2923704,12451291.01,12451291.01,9951284.55,2500006.46,2764682.00,0.00,0.00,9951284.55
2923803,14199939.85,14199939.85,10270221.63,3929718.22,3398595.73,900000.00,2000000.00,7370221.63
2923902,4905184.29,4905184.29,4901976.57,3207.72,1528612.08,0.00,3230612.08,1671364.49
2924009,28750647.40,29669335.88,16298267.88,12452379.52,4564000.00,0.00,4783698.33,11514319.56
2924058,9192037.00,9515437.00,7135711.00,2056326.00,3135711.00,0.00,3447711.00,3688000.00
2924108,6116743.00,6116743.00,5416743.00,700000.00,2358750.00,0.00,5216743.00,200000.00
2924207,9375485.47,9375485.47,6310985.00,3064500.47,3585000.00,0.00,1700000.00,4610985.00
2924306,14408336.08,14608336.08,9781000.00,4627336.08,5081000.00,300000.00,0.00,9481000.00
2924405,11789703.32,11789703.32,5992293.83,5797409.49,300000.00,790000.00,3500944.16,1701349.67
2924504,10984279.18,10989802.27,7641330.78,3342948.40,4141000.00,300000.00,0.00,7341330.78
2924603,18125352.50,18125352.50,13974173.76,4151178.74,5910365.05,0.00,5296529.05,8677644.71
2924652,5022517.94,5022517.94,3902517.94,1120000.00,600000.00,0.00,3900000.00,2517.94
2924678,9516464.62,9516464.62,7416464.62,2100000.00,5500000.00,0.00,4750000.00,2666464.62
2924702,6790562.25,6790562.25,4741713.09,2048849.16,1698000.00,0.00,3498000.00,1243713.09
2924801,5101146.37,5101884.29,2727390.00,2373756.37,997500.00,300000.00,0.00,2427390.00
2924900,5990967.10,5990967.10,5290967.10,700000.00,2590000.00,0.00,500967.10,4790000.00
2925006,11441514.00,11444794.00,7335000.00,4106514.00,3335000.00,500000.00,6835000.00,0.00
2925105,18342999.26,18422499.26,15057425.26,3285574.00,8749500.00,1709.80,12779750.00,2275965.46
2925204,11798904.18,12095590.08,8650000.00,3148904.18,1950000.00,0.00,1600000.00,7050000.00
2925253,26481926.20,26481926.20,14682745.11,11799181.09,8663500.00,3400000.00,1500000.00,9763500.00
2925303,36304046.00,36684095.66,17697313.00,18606733.00,9210813.00,12415813.00,1400000.00,3881500.00
2925402,4166004.73,4166004.73,2248400.73,1917604.00,747500.00,0.00,0.00,2248400.73
2925501,33812304.00,33812304.00,27915272.00,5897032.00,23255000.00,1000000.00,10260000.00,16427500.00
2925600,20506714.35,20506714.35,14153451.96,6353262.39,8187213.00,1500000.00,8290324.96,4363127.00
2925709,6810725.00,6810725.00,2892500.00,3918225.00,2192500.00,0.00,0.00,2892500.00
2925758,11565609.62,11771486.76,10058673.91,1506935.71,5252500.00,900000.00,900000.00,8258673.91
2925808,8149811.42,8149811.42,7235410.56,914400.86,3345500.00,950000.00,3639904.00,2645506.56
2925907,17211364.36,18840573.36,12706825.60,4504538.76,5814166.03,6570483.03,1500000.00,4636342.57
2925931,9110776.00,9110776.00,6719493.00,2391283.00,3981500.00,1000000.00,0.00,5719493.00
2925956,11069718.98,11069718.98,7857000.00,3212718.98,3777000.00,0.00,1000000.00,6857000.00
2926004,17876982.87,17877048.72,16779445.96,1097536.91,7174000.00,252121.10,11652130.00,4875194.86
2926103,10030360.08,10030360.08,7535327.00,2495033.08,4649604.00,0.00,5137327.00,2398000.00
2926202,9610033.73,9610033.73,8609131.00,1000902.73,3475000.00,0.00,1700000.00,6909131.00
2926301,27368842.33,28061800.18,14028397.88,13340444.45,11500976.07,0.00,0.00,14028397.88
2926400,19899386.09,19899386.09,14002013.08,5897373.01,2587000.00,0.00,3348595.42,10653417.66
2926509,12233006.43,12233006.43,8742647.00,3490359.43,3393000.00,1845000.00,1900000.00,4997647.00
2926608,24705982.56,24774049.46,18654742.56,6051240.00,13653921.54,821.02,1000000.00,17653921.54
2926657,5462571.41,5462571.41,4690212.24,772359.17,3690000.00,0.00,3695000.00,995212.24
2926707,9928647.93,9929597.93,6696380.25,3232267.68,5124700.00,0.00,200000.00,6362037.20
2926806,12280285.75,12280285.75,11780285.75,500000.00,6580000.00,0.00,10780000.00,1000285.75
2926905,3568072.64,3668070.73,2985985.00,582087.64,1500000.00,0.00,0.00,2985985.00
2927002,14317889.37,14317889.37,10605270.35,3712619.02,6304000.00,2000000.00,2691500.00,5913770.35
2927101,4522242.37,4522242.37,4222242.37,300000.00,1954840.00,0.00,3822268.37,399974.00
2927200,9071705.12,9091205.12,4501833.79,4569871.33,3000000.00,0.00,1500000.00,3001833.79
2927309,11663428.93,11963428.93,7341750.00,4321678.93,4837000.00,0.00,0.00,7341750.00
2927408,88659505.49,1404924185.25,30138674.71,58520830.78,10203585.00,5271565.00,7687643.41,14645013.06
2927507,11558029.82,11746329.82,8802604.00,2755425.82,3702604.00,0.00,2200000.00,6602604.00
2927606,7750756.58,7750756.58,6740731.78,1010024.80,4247500.00,0.00,6439507.00,301224.78
2927705,7256471.26,7256471.26,6956471.26,300000.00,918530.26,0.00,5420531.26,1535940.00
2927804,5508120.00,5508816.00,4486120.00,1022000.00,100000.00,0.00,0.00,4486120.00
2927903,13778606.05,13790206.05,7584972.00,6193634.05,4085000.00,0.00,7084972.00,500000.00
2928000,12072068.99,12102058.99,6170804.36,5901264.63,3670000.00,0.00,200000.00,5970804.36
2928059,7696847.78,7696847.78,5529429.52,2167418.26,3437000.00,0.00,200000.00,5329429.52
2928109,19082346.74,20005346.95,14347905.06,4734441.68,7751000.00,0.00,2615.80,14345289.26
2928208,6006094.56,6006094.56,3426478.23,2579616.33,1620870.00,0.00,2523558.01,902920.22
2928307,15763316.00,15763316.00,11553478.00,4209838.00,5485000.00,2400000.00,1585486.00,7567992.00
2928406,14962745.94,14962745.94,13684687.17,1278058.77,8184649.92,0.00,1794679.19,11890007.98
2928505,6426000.00,6523902.00,5926000.00,500000.00,3196000.00,300000.00,0.00,5626000.00
2928604,14701158.21,14709158.21,8743060.89,5958097.32,1743000.00,0.00,748146.89,7994914.00
2928703,52649942.12,54925539.41,42980977.02,9668965.10,20771998.02,19111000.00,10225958.02,13644019.00
2928802,11482005.97,11842344.27,10032005.97,1450000.00,1945854.38,0.00,1990869.99,3812287.39
2928901,3469299.97,3490040.67,2439751.26,1029548.71,1135000.00,0.00,0.00,2439751.26
2928950,2659797.65,2659797.65,2658842.47,955.18,0.00,0.00,250000.00,2400000.00
2929008,10627399.77,12650213.62,4676733.00,5950666.77,2976733.00,300000.00,0.00,4376733.00
2929057,9329176.28,9329176.28,5875050.28,3454126.00,2875000.00,100000.00,400000.00,5375050.28
2929107,12915611.40,12915611.40,8887605.40,4028006.00,992500.00,0.00,2600000.00,6287605.40
2929206,814918.39,814918.39,814918.39,0.00,390000.00,0.00,674918.39,140000.00
2929255,21674853.56,21674853.56,7884645.56,13790208.00,4706583.03,0.00,5232587.03,2652058.53
2929305,2010694.62,2030144.62,1747867.00,262827.62,495000.00,0.00,0.00,1747867.00
2929354,3390000.00,3482012.73,3190000.00,200000.00,1590000.00,0.00,1395000.00,1795000.00
2929370,3747825.02,3747825.02,2385679.88,1362145.14,248750.00,0.00,600000.00,1785679.88
2929404,10096906.89,10096906.89,6174187.47,3922719.42,3195000.00,1500000.00,679187.47,3995000.00
2929503,8855994.04,8855994.04,5116641.55,3739352.49,340000.00,0.00,943250.00,4013379.05
2929602,9166645.92,9166645.92,8140000.00,1026645.92,5240000.00,250000.00,300000.00,7590000.00
2929701,31921010.00,31921010.00,29077786.00,2843224.00,25177786.00,0.00,1000000.00,28077786.00
2929750,7321792.00,7321792.00,6134792.00,1187000.00,2399000.00,500000.00,1535792.00,4099000.00
2929800,24535339.25,24535339.25,20184393.11,4350946.14,13098499.00,5785894.11,100000.00,14298499.00
2929909,10784368.64,10787720.64,4888688.84,5895679.80,1786000.00,0.00,4488558.20,400130.64
2930006,2701625.14,2701625.14,2002934.44,698690.70,450000.00,0.00,352934.44,1650000.00
2930105,25594087.79,28542450.42,13999632.63,11594455.16,7422935.00,1998000.00,1923054.55,10078578.08
2930154,15754957.34,15776146.34,12212187.43,3542769.91,5181000.00,500000.00,4183074.47,7529112.96
2930204,31883599.08,31883599.08,7471686.18,24411912.90,2985000.00,500000.00,2973.84,6968712.34
2930303,13581035.40,13581035.40,9700160.34,3880875.06,1400000.00,0.00,9700152.36,7.98
2930402,19889380.00,19889380.00,17856500.00,2032880.00,10056500.00,1500000.00,2800000.00,13556500.00
2930501,27983863.36,30234842.89,21403788.54,6580074.82,14995225.65,3300000.00,3394000.00,14686070.43
2930600,6908971.20,6949258.20,6597308.88,311662.32,2795000.00,950000.00,4544989.00,1102319.88
2930709,2721520.43,37052557.81,2721520.43,0.00,1530792.00,0.00,0.00,2596568.46
2930758,37743865.61,37743865.61,37743865.61,0.00,32059960.00,6279209.00,3474903.00,27989753.61
2930766,2997351.00,2997351.00,2889910.00,107441.00,0.00,0.00,0.00,2889910.00
2930774,7558888.31,8697684.81,6670817.50,888070.81,4270817.50,0.00,0.00,6670817.50
2930808,3860771.18,3860771.18,2100752.18,1760019.00,1600000.00,400000.00,0.00,1700752.18
2930907,9959576.32,9959576.32,7065857.98,2893718.34,3115850.00,2050000.00,2396000.00,2619857.98
2931004,5497509.45,5497509.45,1798662.99,3698846.46,845000.00,0.00,250000.00,1548662.99
2931053,10278035.67,10278035.67,7288807.00,2989228.67,1944000.00,0.00,842800.00,6446007.00
2931103,11695959.00,11695959.00,10092856.00,1603103.00,4854000.00,0.00,10092856.00,0.00
2931202,7530142.00,7530142.00,5574930.00,1955212.00,898000.00,0.00,376930.00,4798000.00
2931301,12877315.23,24512491.87,8207315.23,4670000.00,5530252.00,0.00,4495000.00,3712315.23
2931350,13956567.42,15293459.51,5818758.97,8137808.45,4702378.01,200000.00,400000.00,4518758.97
2931400,4350723.23,4350723.23,2489825.26,1860897.97,400000.00,2519.26,1400000.00,1087306.00
2931509,12646124.33,12646124.33,11640598.24,1005526.09,5608223.00,1850000.00,2650000.00,7140598.24
2931608,27577607.59,27577607.59,25382440.83,2195166.76,17207865.41,1000000.00,7383699.01,16998741.82
2931707,12971503.71,12971503.71,12160590.71,810913.00,6461000.00,990000.00,4841000.00,6329590.71
2931806,7253888.25,7253888.25,4585000.00,2668888.25,2485000.00,0.00,0.00,4585000.00
2931905,77483654.69,77485497.99,45211998.20,32271656.49,35681653.56,3070000.00,1500000.00,40641998.20
2932002,12158162.28,16761349.73,7359384.25,4798778.03,3579000.00,895549.16,495000.00,5968835.09
2932101,17357536.95,17895908.67,15038836.20,2318700.75,8760300.00,1000000.00,2394331.20,11644505.00
2932200,7334989.99,7334989.99,5153222.18,2181767.81,2452055.00,0.00,751167.18,4402055.00
2932309,6196142.32,6196148.06,3757950.00,2438192.32,1407950.00,0.00,2857950.00,900000.00
2932408,13411043.51,13411043.51,10268237.47,3142806.04,2346899.01,0.00,3148648.47,7119589.00
2932457,7011726.02,7011726.02,6682441.08,329284.94,2130792.00,2040000.00,1642140.11,3000300.97
2932507,3890000.00,3890008.51,3890000.00,0.00,1890000.00,0.00,0.00,3890000.00
2932606,13730433.66,13730528.46,9580728.03,4149705.63,3440000.00,800000.00,600000.00,8180728.03
2932705,16303590.58,16305497.17,9463657.02,6839933.56,4480000.00,0.00,152.36,9463504.66
2932804,14593303.56,14593303.56,13131736.00,1461567.56,10500000.00,0.00,4300000.00,8831736.00
2932903,6896353.07,8179143.55,2962920.00,3933433.07,162920.00,200000.00,1000000.00,1762920.00
2933000,9732688.70,10476925.15,3299991.73,6432696.97,1698000.00,0.00,800000.00,2499991.73
2933059,4745332.10,4745332.10,3689000.00,1056332.10,2189000.00,500000.00,3189000.00,0.00
2933109,9458965.22,9458965.22,5878021.72,3580943.50,2300000.00,0.00,1578021.72,4300000.00
2933158,5093395.64,5335394.58,3403459.14,1689936.50,1592000.00,502000.00,2392000.00,500000.00
2933174,17376187.88,17376187.88,11292364.00,6083823.88,9850650.00,400000.00,0.00,10892364.00
2933208,8650000.00,10388309.00,5950000.00,2700000.00,0.00,0.00,2150000.00,3800000.00
2933257,14686363.30,14686363.30,10886620.29,3799743.01,8360700.00,0.00,8085000.00,2801620.29
2933307,32402557.00,41232709.03,14602607.00,17799950.00,3745000.00,200000.00,3836250.00,10566357.00
2933406,4674440.87,4674440.87,4674440.87,0.00,2315949.00,0.00,2184384.10,2490056.77
2933455,5170764.59,5170764.59,4029706.60,1141057.99,1200000.00,0.00,300000.00,3729706.60
2933505,14050582.20,15250982.20,9773082.20,4277500.00,5605079.20,0.00,3586500.00,6186582.20
2933604,21629589.20,21630115.08,8551960.00,13077629.20,1200000.00,998960.00,0.00,7553000.00
3100104,4394043.16,4537293.16,1450000.00,2944043.16,600000.00,900000.00,0.00,550000.00
3100203,5662072.00,5788334.54,3888750.00,1773322.00,2200000.00,500000.00,100000.00,3288750.00
3100302,15230842.41,15430842.41,9778957.08,5451885.33,4315112.08,399989.00,2817000.00,6561968.08
3100401,5716355.00,5921502.95,4707205.00,1009150.00,2639500.00,0.00,4207205.00,500000.00
3100500,7564900.00,7564900.00,5389572.00,2175328.00,2519709.00,900000.00,448000.00,4041572.00
3100609,9464174.20,9464174.20,6737622.00,2726552.20,3898000.00,1560000.00,938000.00,4239622.00
3100708,2855287.00,2855287.00,2233948.00,621339.00,985000.00,100000.00,588964.00,1544984.00
3100807,4311251.00,4311251.00,2650000.00,1661251.00,1450000.00,0.00,400000.00,2250000.00
3100906,10067479.27,10067479.27,7207106.00,2860373.27,4478250.00,290000.00,1000000.00,5917106.00
3101003,10715578.66,12665855.32,6984134.00,3731444.66,5900181.00,0.00,3497134.00,3487000.00
3101102,5783952.67,6456668.17,5179643.00,604309.67,3310000.00,3037990.00,1191653.00,950000.00
3101201,6026769.00,6705762.00,4130264.00,1896505.00,950000.00,300000.00,433953.00,3396311.00
3101300,4287132.00,4287132.00,2343500.00,1943632.00,1943500.00,0.00,0.00,2343500.00
3101409,2927108.00,2927108.00,2927108.00,0.00,1246500.00,300000.00,500000.00,2127108.00
3101508,13658594.30,13763594.30,8423812.00,5234782.30,5214709.00,200000.00,1713103.00,6510709.00
3101607,135056772.20,138463031.45,28367979.20,106688793.00,2544872.00,3749260.00,5354363.00,19264356.20
3101631,2443000.00,2443000.00,1843000.00,600000.00,800000.00,0.00,350000.00,1493000.00
3101706,13581440.63,14321766.44,12309677.20,1271763.43,5357219.20,0.00,9439958.00,2869719.20
3101805,5610575.31,5610575.31,5496144.31,114431.00,4033500.00,0.00,0.00,5496144.31
3101904,9218289.59,10661312.82,7575743.59,1642546.00,2290000.00,3285743.59,250000.00,4040000.00
3102001,9300473.00,9454921.96,5721935.00,3578538.00,2492500.00,1580000.00,300000.00,3841935.00
3102050,3424438.00,3424438.00,2126000.00,1298438.00,2026000.00,298000.00,396000.00,1432000.00
3102100,12791757.00,12791757.00,4819826.00,7971931.00,2736000.00,92551.00,1889275.00,2838000.00
3102209,6166667.97,6166667.97,4651602.86,1515065.11,2395047.86,400000.00,2856602.86,1395000.00
3102308,6291032.80,6679732.80,5341032.80,950000.00,2438897.00,981035.00,1419100.80,2940897.00
3102407,2255287.00,2255287.00,1967981.00,287306.00,1042000.00,0.00,0.00,1967981.00
3102506,2967380.00,2967380.00,2217310.00,750070.00,1496000.00,0.00,400000.00,1817310.00
3102605,14804893.61,15067483.34,10145956.00,4658937.61,5838500.00,880000.00,102456.00,9163500.00
3102704,6227269.32,6227269.32,4440889.83,1786379.49,3790889.83,3038000.00,30000.00,1372889.83
3102803,3190032.00,3190032.00,3190032.00,0.00,595000.00,150000.00,295032.00,2745000.00
3102852,7314298.89,7314298.89,6664298.89,650000.00,5250098.89,2002348.89,2846950.00,1815000.00
3102902,6719425.00,6719425.00,5798806.00,920619.00,3731500.00,0.00,0.00,5798806.00
3103009,7097938.00,7097938.00,4992264.00,2105674.00,3277600.00,1149100.00,199890.00,3643274.00
3103108,1744000.00,1744000.00,1544000.00,200000.00,794000.00,0.00,500000.00,1044000.00
3103207,1793232.00,1793232.00,1300000.00,493232.00,600000.00,0.00,0.00,1300000.00
3103306,2985031.72,2985031.72,1595639.00,1389392.72,996000.00,0.00,199639.00,1396000.00
3103405,10954194.46,12975792.14,7354896.80,3599297.66,3500000.00,0.00,2451088.80,4903808.00
3103504,77741843.39,91065604.47,29205041.00,48536802.39,11051628.00,17000771.00,4600000.00,7604270.00
3103603,3281073.00,3281073.00,2805546.00,475527.00,1196000.00,0.00,1254990.00,1550556.00
3103702,14094324.96,14285324.96,4888527.02,9205797.94,4137934.02,0.00,524644.03,4363882.99
3103751,5433571.06,5433571.06,4914484.06,519087.00,2650000.00,1750000.00,0.00,3164484.06
3103801,2624221.75,2624221.75,1843500.00,780721.75,1243500.00,300000.00,0.00,1543500.00
3103900,6895036.16,6895036.16,5442447.16,1452589.00,3442566.16,2097407.00,0.00,3345040.16
3104007,22528136.00,24049959.78,16533375.00,5994761.00,10299422.00,3639000.00,9051375.00,3843000.00
3104106,6462107.00,6462107.00,4421431.00,2040676.00,1692750.00,1814000.00,400000.00,2207431.00
3104205,11583083.09,12620385.02,6752978.00,4830105.09,2133250.00,250000.00,920000.00,5582978.00
3104304,7629050.00,8597934.29,4754229.00,2874821.00,2844000.00,1310000.00,890353.00,2553876.00
3104403,10993918.12,10993918.12,6584412.01,4409506.11,4896267.01,495000.00,1012767.01,5076645.00
3104452,5757072.73,5757072.73,4334000.00,1423072.73,3334000.00,0.00,896000.00,3438000.00
3104502,10896856.92,12115566.92,9278012.52,1618844.40,3900214.00,2352200.00,854753.52,6071059.00
3104601,11901317.14,11901317.14,6120612.00,5780705.14,3014758.00,0.00,366169.00,5754443.00
3104700,13059149.60,13136561.33,9891469.91,3167679.69,7906789.91,847500.00,3208969.91,5835000.00
3104809,5143247.66,5143247.66,4726798.05,416449.61,3595000.00,384096.00,0.00,4342702.05
3104908,11386336.74,11484336.74,6323856.00,5062480.74,2290000.00,399000.00,1379856.00,4545000.00
3105004,4344294.00,4393294.00,3347273.00,997021.00,3347273.00,496000.00,20000.00,2831273.00
3105103,4615400.43,5310788.94,2289485.00,2325915.43,1143500.00,100000.00,405000.00,1784485.00
3105202,6457622.86,6910926.79,6457622.86,0.00,5557622.86,0.00,130000.00,6327622.86
3105301,3599050.17,3599050.17,2113833.17,1485217.00,1263833.17,150000.00,0.00,1963833.17
3105400,4550170.00,4550170.00,4350170.00,200000.00,2133500.00,398000.00,436706.00,3515464.00
3105509,10349776.69,10349776.69,8146418.50,2203358.19,5921133.00,787799.00,250000.00,6953862.58
3105608,27982061.89,29901574.48,17675993.00,10306068.89,7687100.00,400000.00,3753306.00,13522687.00
3105707,3310611.00,3311051.00,2449933.00,860678.00,1250000.00,0.00,1749933.00,700000.00
3105905,8413841.19,8415574.76,6185000.00,2228841.19,2237000.00,450000.00,1100000.00,4635000.00
3106002,3273780.00,3273780.00,3173780.00,100000.00,943500.00,497500.00,550000.00,2126280.00
3106101,2237875.00,2237875.00,898000.00,1339875.00,398000.00,0.00,300000.00,598000.00
3106200,178395165.48,1220128182.29,107054222.48,71340943.00,14808413.29,29295819.32,43828566.16,33929837.00
3106309,11493596.15,11950856.34,7853937.00,3639659.15,1241250.00,0.00,1049962.00,6803975.00
3106408,3093992.48,3093992.48,2693992.48,400000.00,979992.48,0.00,0.00,2693992.48
3106507,3444056.57,3444056.57,2697908.00,746148.57,1198170.00,99979.00,901986.00,1695943.00
3106606,6089719.35,6328469.35,5239649.35,850070.00,3345000.00,0.00,3639649.35,1600000.00
3106655,7031972.00,7031972.00,5271953.00,1760019.00,3888000.00,0.00,83953.00,5188000.00
3106705,15159173.46,147874414.70,9628251.00,5530922.46,5497500.00,1378251.00,1200000.00,7050000.00
3106804,3343486.00,3343486.00,3193474.00,150012.00,1843500.00,0.00,0.00,3193474.00
3106903,5071101.23,5071101.23,3334650.23,1736451.00,1596000.00,200000.00,1196000.00,1938650.23
3107000,899000.00,899000.00,899000.00,0.00,699000.00,799000.00,0.00,100000.00
3107109,14859370.00,14877099.70,8465112.08,6394257.92,2465112.08,2972112.08,1950000.00,3543000.00
3107208,3912604.00,3912604.00,2858604.00,1054000.00,2508604.00,0.00,0.00,2858604.00
3107307,9522748.86,11803941.55,4552406.00,4970342.86,1585983.03,530000.00,915132.35,3107273.65
3107406,23480091.00,23957321.00,16318595.00,7161496.00,2437106.00,4649000.00,0.00,11669595.00
3107505,5734628.80,5734628.80,5081414.80,653214.00,3190000.00,100000.00,0.00,4981414.80
3107604,5965945.02,5965945.02,3867831.02,2098114.00,3518000.00,2126831.02,995000.00,746000.00
3107703,1723822.00,1723822.00,1723822.00,0.00,854173.00,0.00,404173.00,1319649.00
3107802,9696795.78,9696795.78,7688117.78,2008678.00,2739000.00,2587991.00,4500126.78,600000.00
3107901,10741941.68,10741941.68,8794579.68,1947362.00,5094579.68,0.00,160000.00,8634579.68
3108008,5354705.00,6188606.12,4520500.00,834205.00,1994500.00,3003000.00,300000.00,1217500.00
3108107,5359118.21,5359118.21,4132528.00,1226590.21,2134000.00,200000.00,200000.00,3732528.00
3108206,4672324.00,4672324.00,3833710.00,838614.00,1745000.00,400000.00,450000.00,2983710.00
3108255,6407303.00,6454409.89,4231818.00,2175485.00,2407500.00,247500.00,459929.00,3524389.00
3108305,10889041.00,10889041.00,3854554.00,7034487.00,2542646.00,0.00,500000.00,3354554.00
3108404,3156104.00,3166118.68,2375000.00,781104.00,1100000.00,300000.00,200000.00,1875000.00
3108503,1708807.00,1708807.00,1708807.00,0.00,1358840.00,0.00,199967.00,1508840.00
3108552,6318690.78,6318690.78,5064815.00,1253875.78,3623680.00,1698000.00,150000.00,3216815.00
3108602,9590550.22,11329943.04,7797291.22,1793259.00,5428000.00,300075.22,598000.00,6899216.00
3108701,4549848.00,4549848.00,3287500.00,1262348.00,2437500.00,0.00,300000.00,2987500.00
3108800,3094500.00,3094500.00,2712500.00,382000.00,1442500.00,1992500.00,200000.00,520000.00
3108909,6575660.00,6636560.00,5163000.00,1412660.00,3988000.00,450000.00,350000.00,4363000.00
3109006,8939779.97,8939779.97,8209664.00,730115.97,580000.00,0.00,1330000.00,6879664.00
3109105,10450585.00,10646219.01,7566653.00,2883932.00,5462682.00,1818682.00,199946.00,5548025.00
3109204,5631669.16,5631669.16,4706577.00,925092.16,2386500.00,698500.00,0.00,4008077.00
3109253,9362332.26,9362332.26,7331586.00,2030746.26,5431586.00,4585500.00,0.00,2746086.00
3109303,10402155.24,10552155.24,7469828.49,2932326.75,3736301.03,2450903.03,1222932.46,3795993.00
3109402,10221549.26,10622444.26,7643288.26,2578261.00,5243288.26,997500.00,1100000.00,5545788.26
3109451,4375575.17,4375575.17,1797986.00,2577589.17,698000.00,499986.00,100000.00,1198000.00
3109501,13053127.90,13063752.90,10112929.32,2940198.58,7273000.00,888945.32,267939.00,8956045.00
3109600,2323338.45,2323338.45,1797015.00,526323.45,598000.00,115062.00,83953.00,1598000.00
3109709,4474208.00,4848066.39,3015000.00,1459208.00,2240000.00,100000.00,100000.00,2815000.00
3109808,4791924.00,4791924.00,3727217.00,1064707.00,3290500.00,96717.00,0.00,3630500.00
3109907,4054740.99,4054740.99,3100840.00,953900.99,2350840.00,398000.00,150000.00,2552840.00
3110004,8933191.35,9281639.09,5582868.00,3350323.35,1120000.00,550000.00,200000.00,4832868.00
3110103,4092806.00,4092806.00,3210468.00,882338.00,2480000.00,0.00,750000.00,2460468.00
3110202,9585735.88,9585735.88,5611512.00,3974223.88,3095500.00,0.00,200000.00,5411512.00
3110301,7962301.27,8116387.33,4525431.84,3436869.43,2642000.00,360100.00,1573331.84,2592000.00
3110400,1796000.00,1796000.00,1596000.00,200000.00,1196000.00,200000.00,0.00,1396000.00
3110509,14857999.62,14884655.62,7804855.99,7053143.63,5207252.99,881104.00,2988252.99,3935499.00
3110608,7969960.00,8551123.33,5989867.00,1980093.00,2890000.00,499867.00,1200000.00,4290000.00
3110707,5650720.00,5840990.00,2745108.00,2905612.00,1046000.00,300000.00,999108.00,1446000.00
3110806,5377264.00,5377264.00,5377264.00,0.00,3815500.00,735000.00,101764.00,4540500.00
3110905,15736703.45,15736703.45,3842000.00,11894703.45,2542000.00,100000.00,3592000.00,150000.00
3111002,6190512.00,6190512.00,5410512.00,780000.00,1755000.00,390000.00,60000.00,4960512.00
3111101,7788298.80,8265798.80,5929931.30,1858367.50,1499221.00,750000.00,1233932.00,3775051.00
3111150,5341404.17,5341404.17,3153500.00,2187904.17,1953500.00,0.00,1703500.00,1450000.00
3111200,34952191.45,36297993.17,22966725.39,11985466.06,7436000.00,12401127.20,850000.00,9715598.19
3111309,3803850.78,3803850.78,1642176.78,2161674.00,1028358.98,429844.80,983973.00,228358.98
3111408,3854667.09,3854667.09,1758097.99,2096569.10,450000.00,359883.00,350000.00,1048214.99
3111507,6611216.41,6611216.41,4855216.41,1756000.00,1922850.00,1155132.41,98222.00,3601862.00
3111606,12692371.46,12692371.46,9474828.18,3217543.28,6932500.00,1286191.80,372600.00,7816036.38
3111705,8125900.00,8128042.20,5691356.00,2434544.00,3402500.00,1792500.00,150000.00,3748856.00
3111804,7666320.18,7666320.18,4342106.00,3324214.18,400000.00,1818153.00,1083953.00,1440000.00
3111903,8048552.00,8048552.00,3187000.00,4861552.00,3187000.00,0.00,0.00,3187000.00
3112000,8014302.23,8410583.58,6143997.96,1870304.27,3136500.00,567497.96,550000.00,5026500.00
3112059,7842365.15,7847944.13,5888399.00,1953966.15,4696392.00,3375399.00,0.00,2513000.00
3112109,6085343.57,6085343.57,5104194.53,981149.04,2668434.53,50798.00,149962.00,4903434.53
3112208,2748387.69,2748387.69,2495000.00,253387.69,1095000.00,0.00,699000.00,1796000.00
3112307,17106886.26,19818325.53,10190378.00,6916508.26,3325500.00,589878.00,898000.00,8702500.00
3112406,5208475.00,5208475.00,4248456.00,960019.00,2296000.00,2651469.00,398000.00,1198987.00
3112505,7010172.08,7010172.08,5774172.08,1236000.00,4124172.08,0.00,0.00,5774172.08
3112604,12762022.66,12762159.37,7031462.11,5730560.55,2765913.11,1671332.00,544217.00,4815913.11
3112653,7597704.00,7597704.00,6530100.00,1067604.00,3280100.00,5730100.00,0.00,800000.00
3112703,3839039.04,4125139.04,1969185.00,1869854.04,698000.00,0.00,0.00,1969185.00
3112802,5263927.74,6456702.63,3946340.99,1317586.75,1142000.00,2676306.00,846805.00,423229.99
3112901,3070507.51,3070507.51,2419345.51,651162.00,900000.00,100000.00,1019345.51,1300000.00
3113008,10956437.74,11511772.23,8594159.97,2362277.77,4318296.97,1000000.00,149870.00,7444289.97
3113107,3426586.54,3426586.54,2366310.59,1060275.95,1743250.00,0.00,248750.00,2117560.59
3113206,12726957.00,12918038.42,7135020.00,5591937.00,4825290.00,0.00,2984040.00,4150980.00
3113305,13208225.98,13965979.92,8352872.00,4855353.98,2887500.00,300000.00,1893500.00,6159372.00
3113404,20187332.78,20625088.87,12865090.00,7322242.78,4472500.00,6872500.00,2552590.00,3440000.00
3113503,6258245.13,6258245.13,3464483.00,2793762.13,1866500.00,0.00,1295983.00,2168500.00
3113602,5112112.93,5112112.93,4171008.93,941104.00,2688500.00,474000.00,0.00,3697008.93
3113701,2989169.79,2989169.79,2046000.00,943169.79,1246000.00,896000.00,0.00,1150000.00
3113800,3665725.88,4065725.88,2577502.00,1088223.88,2381841.00,0.00,546000.00,2031502.00
3113909,3915324.76,3915342.71,3256493.76,658831.00,2163912.76,0.00,1542581.00,1713912.76
3114006,8531382.04,8531382.04,7054787.00,1476595.04,4804792.00,2880500.00,400000.00,3774287.00
3114105,3534339.00,3534339.00,1693149.00,1841190.00,1492000.00,0.00,397149.00,1296000.00
3114204,6641119.84,6641123.36,4920394.84,1720725.00,2952500.00,2319695.84,0.00,2523199.00
3114303,6191785.52,6191785.52,2829986.80,3361798.72,1369474.00,969474.00,700000.00,1160512.80
3114402,3326489.66,3610357.27,2346628.00,979861.66,1396000.00,2346628.00,0.00,0.00
3114501,8349407.21,9131160.23,5223487.21,3125920.00,2450000.00,3014967.21,358520.00,1850000.00
3114550,12459545.07,12459545.07,4317106.00,8142439.07,3100000.00,2768953.00,398153.00,1150000.00
3114600,3959518.76,3959518.76,2595356.76,1364162.00,2211412.76,0.00,0.00,2595356.76
3114709,3613004.00,3613004.00,3135504.00,477500.00,1740500.00,330000.00,183953.00,2621551.00
3114808,3849430.00,3849430.00,2822977.00,1026453.00,1544000.00,0.00,0.00,2822977.00
3114907,1984840.00,1984840.00,1334840.00,650000.00,748000.00,250000.00,0.00,1084840.00
3115003,2156736.13,2156736.13,2056736.13,100000.00,971013.13,2056736.13,0.00,0.00
3115102,13383818.00,13386898.00,6197804.00,7186014.00,1749000.00,5297885.00,499919.00,400000.00
3115201,3420190.73,3420190.73,2664008.00,756182.73,1914008.00,0.00,200000.00,2464008.00
3115300,17903630.30,17920975.30,11331158.50,6572471.80,5270340.50,260000.00,4312825.00,6758333.50
3115359,2186276.95,2186276.95,1712501.00,473775.95,652000.00,100000.00,252000.00,1360501.00
3115409,2446115.00,2446115.00,1596115.00,850000.00,912115.00,0.00,84000.00,1512115.00
3115458,9017923.00,9017923.00,6209689.00,2808234.00,4260682.00,180000.00,1340000.00,4689689.00
3115474,3968145.39,3989814.39,3276081.00,692064.39,1983500.00,488581.00,290000.00,2497500.00
3115508,12383031.00,14828591.09,10873000.00,1510031.00,6423000.00,0.00,900000.00,9973000.00
3115607,2145169.28,2145169.28,1943966.00,201203.28,1094000.00,449966.00,0.00,1494000.00
3115706,13001128.00,13006888.00,11212250.00,1788878.00,8512250.00,4675500.00,2629750.00,3907000.00
3115805,10226745.00,10226745.00,6918247.00,3308498.00,2579965.00,950000.00,733898.00,5119749.00
3115904,10086783.98,10086783.98,8079245.92,2007538.06,7579355.92,240000.00,3478985.00,4360260.92
3116001,5423072.00,5423072.00,3742878.00,1680194.00,2295000.00,997000.00,242901.00,2502977.00
3116100,13447931.75,13508708.65,10120444.75,3327487.00,7316000.00,1678001.75,449957.00,7992486.00
3116159,7404589.06,7428613.95,6366816.30,1037772.76,3594702.00,1417017.30,618358.00,4331441.00
3116209,1641000.00,1641000.00,1346000.00,295000.00,1146000.00,0.00,0.00,1346000.00
3116308,2643986.93,2749016.93,1569350.00,1074636.93,816000.00,0.00,120000.00,1449350.00
3116407,1971306.00,2121306.00,1726306.00,245000.00,370000.00,887306.00,0.00,839000.00
3116506,3931843.14,3931843.14,2522718.48,1409124.66,1489525.00,0.00,0.00,2522718.48
3116605,22033163.70,23182192.09,17513037.00,4520126.70,10524181.00,936856.00,1400000.00,15176181.00
3116704,5087039.21,5565520.71,3643353.00,1443686.21,2962841.00,0.00,150000.00,3493353.00
3116803,4429220.00,4429220.00,3361497.00,1067723.00,900000.00,739497.00,700000.00,1922000.00
3116902,1996823.00,1996823.00,1696823.00,300000.00,100000.00,1070820.00,0.00,626003.00
3117009,3774953.00,3874953.00,3474953.00,300000.00,2041000.00,0.00,1233953.00,2241000.00
3117108,9229187.80,9229187.80,2299084.80,6930103.00,268000.00,1649084.80,0.00,650000.00
3117207,1928205.00,1928205.00,1544000.00,384205.00,1544000.00,0.00,0.00,1544000.00
3117306,9649045.48,9649045.48,4343001.00,5306044.48,2215000.00,1699049.00,903952.00,1740000.00
3117405,3308712.00,3308712.00,1980099.00,1328613.00,936000.00,0.00,240000.00,1740099.00
3117504,1450000.00,1600000.00,850000.00,600000.00,400000.00,0.00,250000.00,600000.00
3117603,5528615.79,5528615.79,4144233.41,1384382.38,2889500.00,1847233.41,0.00,2297000.00
3117702,5194827.82,5706864.50,3630969.12,1563858.70,2230969.12,0.00,100000.00,3530969.12
3117801,7098528.39,7098528.39,4196264.00,2902264.39,2845000.00,301264.00,956000.00,2939000.00
3117836,4889135.12,4889135.12,3431277.84,1457857.28,1987750.00,645750.00,892734.00,1892793.84
3117876,3290696.00,3291031.25,1298000.00,1992696.00,598000.00,0.00,200000.00,1098000.00
3117900,5086245.70,5086245.70,3342841.00,1743404.70,1143000.00,500000.00,250000.00,2592841.00
3118007,2308762.00,3100008.24,1808750.00,500012.00,250000.00,0.00,1308750.00,500000.00
3118106,3439202.73,3439202.73,2771942.82,667259.91,1659327.92,0.00,0.00,2771942.82
3118205,5720495.54,5768245.54,4348476.00,1372019.54,1698000.00,2250476.00,350000.00,1748000.00
3118304,16967268.00,20664158.59,12800000.00,4167268.00,6210000.00,2880000.00,4100000.00,5820000.00
3118403,8464177.11,8829577.15,6298179.00,2165998.11,3764250.00,1874938.00,158991.00,4264250.00
3118502,1385714.00,1385714.00,900000.00,485714.00,800000.00,0.00,0.00,900000.00
3118601,44829552.62,99573657.01,33887200.11,10942352.51,6804471.00,1130680.68,19084738.00,12919460.00
3118700,4717584.80,4717584.80,3189500.00,1528084.80,2789500.00,150000.00,0.00,3039500.00
3118809,9156649.01,9156649.01,5992793.01,3163856.00,3128701.00,687095.00,51805.13,5084856.00
3118908,4058812.55,4058812.55,3630500.00,428312.55,2680500.00,1589000.00,100000.00,1941500.00
3119005,496000.00,496000.00,496000.00,0.00,396000.00,0.00,0.00,496000.00
3119104,13760481.97,13760481.97,12570637.49,1189844.48,7906170.00,844000.00,499981.00,11226656.49
3119203,13278625.15,13278625.15,12013888.15,1264737.00,8906986.15,4044261.00,1096902.00,6872725.15
3119302,12353193.74,12353193.74,8359230.53,3993963.21,4614710.00,1145403.53,299733.00,6914094.00
3119401,16074859.52,16523069.81,9302682.00,6772177.52,6802682.00,5835000.00,0.00,3467682.00
3119500,4830484.44,5060484.44,4058075.00,772409.44,1800841.00,0.00,281953.00,3776122.00
3119609,6046115.95,6047291.95,5337500.00,708615.95,4287500.00,0.00,1649000.00,3688500.00
3119708,3717051.93,3745523.47,2888319.00,828732.93,1296000.00,200000.00,397738.00,2290581.00
3119807,3729293.00,3729293.00,3329293.00,400000.00,2586000.00,1095889.00,0.00,2233404.00
3119906,3856104.00,3856104.00,2493000.00,1363104.00,2143000.00,0.00,1243000.00,1250000.00
3119955,3695896.84,3706898.98,2970500.00,725396.84,1740500.00,2620500.00,200000.00,150000.00
3120003,5791899.09,5791899.09,3600000.00,2191899.09,2750000.00,1950000.00,200000.00,1450000.00
3120102,7385490.55,7385499.42,7118756.69,266733.86,4318000.00,0.00,700000.00,6418756.69
3120151,7267031.35,7267031.35,5755581.39,1511449.96,3616009.00,89209.00,3429651.00,2236721.39
3120201,7914646.70,7914646.70,5516182.70,2398464.00,3154321.96,2326844.80,870903.00,2318434.90
3120300,2659358.00,2659358.00,2459358.00,200000.00,2191000.00,298500.00,368358.00,1792500.00
3120409,3063755.00,3063755.00,1824418.00,1239337.00,598000.00,60000.00,291418.00,1473000.00
3120508,3193942.00,3390105.00,2593942.00,600000.00,2257992.00,0.00,417492.00,2176450.00
3120607,7892694.30,7892694.30,6825978.00,1066716.30,1634000.00,0.00,359839.00,6466139.00
3120706,3630839.31,3630839.31,1993265.00,1637574.31,398000.00,1095265.00,0.00,898000.00
3120805,7596603.00,8858973.30,5553245.00,2043358.00,1323500.00,200000.00,1249872.00,4103373.00
3120839,12060942.15,12060942.15,10953675.15,1107267.00,9253675.15,3667500.00,780000.00,6506175.15
3120870,6177804.00,6177804.00,5245492.00,932312.00,2331292.00,763200.00,200000.00,4282292.00
3120904,7068932.50,7557088.69,4807974.00,2260958.50,1139000.00,200000.00,800000.00,3807974.00
3121001,3229856.71,3229856.71,2429856.71,800000.00,1046500.00,0.00,577712.00,1852144.71
3121100,6520619.16,6520619.16,4161511.16,2359108.00,2440500.00,1231849.16,435162.00,2494500.00
3121209,4766887.00,4766887.00,1885223.00,2881664.00,598000.00,907898.00,0.00,977325.00
3121258,8762059.00,8762059.00,7434453.00,1327606.00,5078000.00,3995000.00,201583.00,3237870.00
3121308,3419259.00,3419259.00,1915557.00,1503702.00,865650.00,250000.00,250000.00,1415557.00
3121407,4470943.00,4470943.00,2175060.00,2295883.00,1025060.00,0.00,0.00,2175060.00
3121506,3914502.87,3914502.87,2100000.00,1814502.87,600000.00,100000.00,200000.00,1800000.00
3121605,21974531.07,24138808.36,12947482.07,9027049.00,5693485.07,1800000.00,1810986.00,9336496.07
3121704,2304899.00,2304899.00,2075684.00,229215.00,848000.00,0.00,200000.00,1875684.00
3121803,4582258.80,4582258.80,3292993.00,1289265.80,1595000.00,2495000.00,197993.00,600000.00
3121902,3902895.51,3902895.51,2312675.00,1590220.51,1700000.00,1300000.00,0.00,1012675.00
3122009,13564337.00,14809724.69,8109492.00,5454845.00,5034000.00,140000.00,7719492.00,250000.00
3122108,9163019.59,9163019.59,5284874.59,3878145.00,3036912.08,2929912.08,313962.51,2041000.00
3122207,3155350.00,3155350.00,2666600.00,488750.00,1394000.00,100000.00,1666600.00,900000.00
3122306,54886460.89,58023822.96,38036955.00,16849505.89,27290200.00,10550151.00,750000.00,26736804.00
3122355,6344960.11,6344960.11,4925924.00,1419036.11,2192000.00,300000.00,263953.00,4361971.00
3122405,2216029.70,2216029.70,1919000.00,297029.70,899000.00,519000.00,0.00,1400000.00
3122454,5384706.27,5579766.57,5384706.27,0.00,4282500.00,100000.00,2206.27,5282500.00
3122470,2023577.78,2023577.78,1384721.78,638856.00,1316000.00,916000.00,0.00,468721.78
3122504,5543892.27,5543892.27,4431910.00,1111982.27,2238000.00,565906.00,50000.00,3816004.00
3122603,3563808.09,3563808.09,1793000.00,1770808.09,1093000.00,0.00,0.00,1793000.00
3122702,2478212.00,2664654.70,1735830.00,742382.00,1086000.00,0.00,399830.00,1336000.00
3122801,3615471.76,3615471.76,3565471.76,50000.00,1861412.76,0.00,400000.00,3165471.76
3122900,9440222.37,9483872.28,6299435.00,3140787.37,3595050.00,100000.00,1296000.00,4903435.00
3123007,4801705.00,4970259.35,3935500.00,866205.00,2535500.00,100000.00,398000.00,3437500.00
3123106,2507154.00,2507154.00,2187154.00,320000.00,1388710.00,0.00,200000.00,1987154.00
3123205,13578310.02,14063229.78,8601440.02,4976870.00,5290400.00,3585128.00,0.00,4560400.00
3123304,4328863.00,4328863.00,2456500.00,1872363.00,1396500.00,0.00,60000.00,2396500.00
3123403,3617592.00,3617592.00,1539167.00,2078425.00,498000.00,198000.00,652311.00,688856.00
3123502,4701554.00,4701554.00,1944895.00,2756659.00,1345000.00,50000.00,199895.00,1695000.00
3123528,6194114.00,6194114.00,3311420.00,2882694.00,1751500.00,798000.00,1517420.00,996000.00
3123601,6628212.00,6628212.00,4040000.00,2588212.00,1246000.00,494000.00,100000.00,3446000.00
3123700,5080000.00,5080000.00,4780000.00,300000.00,1980000.00,2380000.00,0.00,2400000.00
3123809,3797589.01,3827265.01,3097589.01,700000.00,2294000.00,1017.30,2994000.00,102571.71
3123858,11702638.00,12192490.77,10248985.00,1453653.00,7888966.00,2390000.00,200000.00,7658985.00
3123908,8036551.95,8457568.68,5994565.00,2041986.95,3482915.00,450000.00,137920.00,5406645.00
3124005,19821978.00,20137914.89,9361841.00,10460137.00,8261841.00,0.00,1050000.00,8311841.00
3124104,3564167.93,3715315.13,3262000.00,302167.93,2962000.00,0.00,200000.00,3062000.00
3124203,19064100.84,19834960.08,13181543.00,5882557.84,8817500.00,1650000.00,2139808.00,9391735.00
3124302,18165499.01,18422379.68,13806738.74,4358760.27,9337815.56,500000.00,4000000.00,9306738.74
3124401,3888000.00,3888000.00,2938000.00,950000.00,2938000.00,0.00,347000.00,2591000.00
3124500,5987499.35,5987499.35,4995069.00,992430.35,2959639.00,0.00,977239.00,4017830.00
3124609,4580433.50,4580433.50,3475000.00,1105433.50,3047000.00,128000.00,2000000.00,1347000.00
3124708,1980000.00,2080000.00,1850000.00,130000.00,700000.00,0.00,0.00,1850000.00
3124807,4960256.78,5151256.78,4245500.00,714756.78,2145500.00,798000.00,0.00,3447500.00
3124906,5190134.00,5190134.00,3699125.00,1491009.00,2092500.00,0.00,685000.00,3014125.00
3125002,3270064.22,3504964.22,1699828.00,1570236.22,1039000.00,99838.00,455990.00,1144000.00
3125101,12344094.54,18868183.24,9682000.00,2662094.54,5582000.00,0.00,3049000.00,6633000.00
3125200,1161079.00,1162621.45,445032.00,716047.00,0.00,0.00,195032.00,250000.00
3125309,3523754.00,3523754.00,3021286.00,502468.00,2921286.00,0.00,2374286.00,647000.00
3125408,6535106.18,6740205.37,5098000.00,1437106.18,2698000.00,0.00,800000.00,4298000.00
3125507,3624230.00,3624230.00,1786766.00,1837464.00,398000.00,797910.00,450000.00,538856.00
3125606,8939900.00,9364296.50,5754005.00,3185895.00,1274000.00,700000.00,400000.00,4654005.00
3125705,5068856.00,5068856.00,4706856.00,362000.00,1698000.00,0.00,200000.00,4506856.00
3125804,1922500.00,1922500.00,1486500.00,436000.00,700000.00,0.00,0.00,1486500.00
3125903,7117944.00,7117944.00,3910768.00,3207176.00,1717500.00,479000.00,100000.00,3331768.00
3125952,3749923.00,3749923.00,2780617.00,969306.00,1447500.00,0.00,0.00,2780617.00
3126000,5131321.50,6083635.02,1589764.54,3541556.96,1151700.00,145201.90,0.00,1205812.64
3126109,13253281.00,18892752.81,9375794.00,3877487.00,3076000.00,3342000.00,1900000.00,4133794.00
3126208,3632069.58,3632069.58,2902761.00,729308.58,1996000.00,92561.00,400000.00,2410200.00
3126307,6409179.81,6409179.81,1444417.41,4964762.40,1246000.00,1344417.41,100000.00,0.00
3126406,2731474.00,2737042.00,1650358.00,1081116.00,600000.00,0.00,0.00,1650358.00
3126505,4571349.07,4762349.07,3298317.00,1273032.07,1212800.00,0.00,1842661.00,1455656.00
3126604,8079501.26,9566198.91,4329000.00,3750501.26,3279000.00,0.00,729000.00,3600000.00
3126703,9489471.90,9589471.90,6168669.23,3320802.67,2938000.00,0.00,3538397.98,2630271.25
3126752,9602186.67,9602186.67,7397500.00,2204686.67,5547500.00,497500.00,400000.00,6500000.00
3126802,13254782.00,13254782.00,8904000.00,4350782.00,6179000.00,1350000.00,848000.00,6706000.00
3126901,9833537.00,9833537.00,6175000.00,3658537.00,4065000.00,1125000.00,250000.00,4800000.00
3126950,2215408.00,2221258.00,2215408.00,0.00,1920000.00,0.00,527000.00,1688408.00
3127008,7904958.00,7904958.00,6106545.00,1798413.00,3947500.00,100000.00,0.00,6006545.00
3127057,3508000.00,3508000.00,3508000.00,0.00,2408000.00,550000.00,500000.00,2458000.00
3127073,4793002.61,4793002.61,3322185.00,1470817.61,2803000.00,0.00,210000.00,3112185.00
3127107,9339279.00,9961279.00,7944542.00,1394737.00,3081477.00,2314200.00,720000.00,4910342.00
3127206,2785356.70,2785356.70,2201139.70,584217.00,1501139.70,400000.00,0.00,1801139.70
3127305,2539009.64,2539009.64,1614376.64,924633.00,948000.00,495516.00,238750.00,880110.64
3127339,4233483.87,4233483.87,2904800.78,1328683.09,1613611.00,0.00,200000.00,2704800.78
3127354,3103487.21,3103487.21,2294623.22,808863.99,1394000.00,0.00,896000.00,1398623.22
3127370,5326234.00,5326234.00,5225000.00,101234.00,3230000.00,0.00,200000.00,5025000.00
3127388,11500002.50,11500002.50,7469901.00,4030101.50,3906044.00,1136500.00,3478740.00,2854661.00
3127404,3608562.00,3608562.00,2333694.00,1274868.00,1692000.00,0.00,0.00,2333694.00
3127503,6220861.83,6220861.83,4358341.00,1862520.83,3610341.00,390000.00,0.00,3968341.00
3127602,10476893.00,10976893.00,9281609.00,1195284.00,6711945.00,1800000.00,200000.00,7281609.00
3127701,70389418.46,84091665.88,40459520.81,29929897.65,1132250.86,18102250.86,3898769.95,18458500.00
3127800,6603339.00,6636439.00,4138949.00,2464390.00,2739000.00,0.00,849949.00,3289000.00
3127909,3875858.02,3875858.02,800000.00,3075858.02,400000.00,700000.00,100000.00,0.00
3128006,12265070.00,12647070.00,6916358.00,5348712.00,1998000.00,500000.00,268358.00,6148000.00
3128105,3687787.00,4436951.69,1890337.00,1797450.00,0.00,280000.00,300000.00,1310337.00
3128204,2747124.00,3044782.62,1916489.00,830635.00,595500.00,0.00,620998.00,1295491.00
3128253,4379218.35,4380971.49,2747076.83,1632141.52,1296000.00,0.00,450000.00,2297076.83
3128303,11252078.47,12098973.57,9411552.00,1840526.47,5189500.00,1367983.00,1004069.00,7039500.00
3128402,3036011.10,3100048.60,2284777.10,751234.00,834777.10,0.00,738777.10,1546000.00
3128501,2313334.00,2316933.00,1726028.00,587306.00,848000.00,197516.00,0.00,1528512.00
3128600,4710805.99,4710805.99,3078500.00,1632305.99,976000.00,980000.00,84000.00,2014500.00
3128709,24597409.44,24660514.63,13458883.44,11138526.00,2899657.44,4570371.00,362627.44,8525885.00
3128808,8959715.67,9094446.85,4911615.00,4048100.67,4411615.00,0.00,896000.00,4015615.00
3128907,3935432.00,3935432.00,3115432.00,820000.00,1050000.00,2681869.00,0.00,433563.00
3129004,8576525.10,8576525.10,6176525.10,2400000.00,4574250.00,0.00,882275.10,5294250.00
3129103,11090106.00,11424356.00,9077901.00,2012205.00,5987209.00,1389996.00,847693.00,6840212.00
3129202,10729775.79,10729775.79,8410180.00,2319595.79,4920000.00,1791500.00,400000.00,6218680.00
3129301,5976320.91,5976320.91,4058167.91,1918153.00,2610000.00,1172007.00,198000.00,2688160.91
3129400,3896875.00,4096350.00,2148000.00,1748875.00,998000.00,100000.00,0.00,2048000.00
3129509,5150905.00,5150905.00,2900905.00,2250000.00,698000.00,982999.00,617906.00,1300000.00
3129608,7538072.94,7538072.94,6277872.94,1260200.00,3712556.00,2637500.00,630056.00,2794969.00
3129657,5152600.00,5414918.08,4133581.00,1019019.00,1491000.00,492581.00,1793000.00,1848000.00
3129707,4856262.00,4856262.00,3801262.00,1055000.00,1695500.00,1790000.00,1761262.00,250000.00
3129806,20520993.91,20648443.55,13674730.91,6846263.00,0.00,3289753.00,5442994.00,4850532.15
3129905,2894079.00,2894079.00,2372977.00,521102.00,1298000.00,1000000.00,274977.00,1098000.00
3130002,1838973.76,1838973.76,1163912.76,675061.00,913912.76,0.00,0.00,1163912.76
3130051,11946641.37,11946641.37,8203804.50,3742836.87,6964099.50,300000.00,6373804.50,1530000.00
3130101,16369795.76,16369795.76,12297422.76,4072373.00,313341.00,1950000.00,883953.00,9247942.00
3130200,9103030.85,9103030.85,6055896.85,3047134.00,4748067.85,100000.00,0.00,5955896.85
3130309,9636748.07,9636748.07,7604860.00,2031888.07,5105000.00,0.00,0.00,7604860.00
3130408,2208569.25,2208569.25,1350000.00,858569.25,800000.00,0.00,0.00,1350000.00
3130507,6329008.32,6329008.32,5647904.32,681104.00,3658171.32,1040000.00,2358904.32,2249000.00
3130556,10033920.24,10033920.24,7278385.10,2755535.14,4196100.00,0.00,4217600.00,3060785.10
3130606,5246852.39,5358652.66,3991319.75,1255532.64,1840000.00,0.00,250090.00,3741229.75
3130655,4361060.00,4361060.00,3379956.00,981104.00,1580000.00,0.00,469956.00,2910000.00
3130705,5089340.78,5280340.78,2094750.00,2994590.78,997000.00,1300000.00,0.00,794750.00
3130804,2446218.00,2446218.00,1768718.00,677500.00,1268718.00,0.00,200000.00,1568718.00
3130903,10055788.19,10435057.59,8684645.17,1371143.02,5729000.00,4485000.00,1051645.17,3148000.00
3131000,1781245.87,1781245.87,1541771.20,239474.67,794000.00,0.00,0.00,1541771.20
3131109,6364679.00,6364679.00,4089165.00,2275514.00,2755000.00,0.00,0.00,4089165.00
3131158,12863615.35,12869440.85,9382468.00,3481147.35,6658468.00,2605000.00,900000.00,5877468.00
3131208,9193510.00,9384510.00,3816710.00,5376800.00,1436710.00,1200000.00,150000.00,2466710.00
3131307,15500308.24,26075358.74,12816303.22,2684005.02,2674000.00,8458200.00,1140000.00,3218103.22
3131406,5735371.89,5735371.89,5104267.89,631104.00,2861469.89,489989.00,283953.00,4330325.89
3131505,6989750.00,6989750.00,5569000.00,1420750.00,4784000.00,560000.00,88000.00,4921000.00
3131604,5339910.20,5339910.20,3836655.20,1503255.00,2407500.00,1114702.20,233953.00,2488000.00
3131703,16828312.00,17178312.00,11321146.00,5507166.00,914950.00,4489500.00,3359911.00,3471735.00
3131802,39348780.33,39642774.82,23428926.00,15919854.33,14921534.00,4166007.00,6029450.00,13233469.00
3131901,4496954.64,4973255.82,3234316.00,1262638.64,248000.00,600000.00,728000.00,1906316.00
3132008,2822914.00,2822914.00,1968000.00,854914.00,1218000.00,0.00,70000.00,1898000.00
3132107,6300420.83,6488330.87,5950420.83,350000.00,2238000.00,150102.75,1412318.08,4388000.00
3132206,6199219.25,6257725.70,5073315.25,1125904.00,2046000.00,2725315.25,400000.00,1948000.00
3132305,5356388.18,5362957.40,5039000.00,317388.18,2389000.00,0.00,0.00,5039000.00
3132404,14553381.00,31928712.14,9868425.00,4684956.00,1290023.00,593425.00,2710000.00,6565000.00
3132503,9980638.00,9980638.00,6947247.00,3033391.00,2094000.00,200000.00,1793622.00,4873500.00
3132602,2750387.00,2750387.00,1945650.00,804737.00,946000.00,0.00,749650.00,1196000.00
3132701,17418662.00,17586554.51,10135114.00,7283548.00,5168000.00,1217125.00,799989.00,8118000.00
3132800,1572500.00,1572500.00,1572500.00,0.00,1572500.00,0.00,0.00,1572500.00
3132909,4663730.27,4963037.05,2860665.27,1803065.00,898000.00,829561.27,0.00,2031104.00
3133006,6696202.00,6726219.47,5282169.00,1414033.00,1707169.00,0.00,1239169.00,4043000.00
3133105,9906301.00,11054756.00,7747714.00,2158587.00,3188500.00,1000000.00,1536652.00,5211062.00
3133204,6145576.91,6867821.27,4018468.91,2127108.00,1708513.91,400000.00,359955.00,3258513.91
3133303,21774445.09,21959445.09,16031529.00,5742916.09,11481589.00,836600.00,689405.00,14505524.00
3133402,8850028.36,8945528.36,7209767.50,1640260.86,5099732.50,1400000.00,119986.00,5689781.50
3133501,7036215.00,9778818.04,4706215.00,2330000.00,3466500.00,280000.00,300000.00,4126215.00
3133600,4533152.45,4639840.07,4027682.00,505470.45,3627682.00,0.00,570000.00,3457682.00
3133709,2092766.00,2092766.00,1842766.00,250000.00,150000.00,499766.00,193000.00,1150000.00
3133758,4457396.26,4457396.26,3443000.00,1014396.26,1743000.00,500000.00,397000.00,2546000.00
3133808,16416505.11,18353295.33,12375568.00,4040937.11,3104000.00,2566568.00,520000.00,9289000.00
3133907,2095514.19,2095514.19,1220825.00,874689.19,820825.00,0.00,0.00,1220825.00
3134004,7256088.00,7256088.00,6900358.00,355730.00,4032000.00,1245000.00,568358.00,5087000.00
3134103,4378048.06,4381928.94,3073500.00,1304548.06,2037000.00,1291000.00,0.00,1782500.00
3134202,54762878.66,57261665.52,38679405.52,16083473.14,32704907.47,1360000.00,3321912.00,33997493.52
3134301,4539210.10,4539210.10,2179295.00,2359915.10,879295.00,100000.00,450000.00,1629295.00
3134400,38974454.00,40047815.12,9177436.00,29797018.00,3150659.00,2393428.00,499963.00,6284045.00
3134509,2236057.19,2236057.19,1318605.00,917452.19,676060.00,0.00,199989.00,1118616.00
3134608,6608199.31,7138687.05,5908199.31,700000.00,3449075.05,1681000.00,478218.26,3748981.05
3134707,11113298.80,11113298.80,9320975.00,1792323.80,7071000.00,0.00,1247975.00,8073000.00
3134806,9436329.56,9441195.57,3249939.81,6186389.75,1945500.00,2404767.81,248672.00,596500.00
3134905,4864959.00,4873833.00,3256633.00,1608326.00,894000.00,200000.00,712730.00,2343903.00
3135001,3680987.79,3680987.79,3341000.00,339987.79,2341000.00,1745000.00,0.00,1596000.00
3135050,6648377.10,7537966.29,4654995.00,1993382.10,1750307.00,200000.00,2663954.00,1791041.00
3135076,4671000.00,5609850.00,4571000.00,100000.00,3871000.00,2675000.00,0.00,1896000.00
3135100,16891621.73,19041279.03,12444777.89,4446843.84,6941293.00,700000.00,798000.00,10946777.89
3135209,34105671.17,35273594.07,25311138.84,8794532.33,12989169.94,997500.00,7832355.84,16481283.00
3135308,2316625.84,2316625.84,1715799.00,600826.84,1615799.00,0.00,0.00,1715799.00
3135357,8815476.20,10974466.28,7122344.80,1693131.40,5001500.00,1886000.00,1098500.00,4137844.80
3135407,3090602.37,3370215.07,2410467.00,680135.37,626560.00,0.00,200000.00,2210467.00
3135456,3437285.35,4622871.23,2809188.53,628096.82,1925235.53,0.00,183953.00,2625235.53
3135506,3332162.00,3332162.00,2432162.00,900000.00,1747000.00,0.00,355000.00,2077162.00
3135605,4207060.00,4207060.00,2395302.62,1811757.38,1992000.00,0.00,203302.62,2192000.00
3135704,4622393.00,4622393.00,4116856.00,505537.00,1294000.00,738856.00,0.00,3378000.00
3135803,18785375.01,19800589.65,14056830.96,4728544.05,8477734.00,3760000.00,2862640.00,7434190.96
3135902,4130807.32,4130807.32,2243000.00,1887807.32,2043000.00,0.00,0.00,2243000.00
3136009,5172580.00,5223144.88,4772580.00,400000.00,2229306.00,483222.00,1085143.00,3204215.00
3136108,5006669.85,5206669.85,2852593.85,2154076.00,1610000.00,400000.00,300000.00,2152593.85
3136207,8901237.00,9054872.50,7128014.00,1773223.00,1848000.00,730000.00,3248000.00,3150014.00
3136306,25741871.00,26437865.20,9639672.00,16102199.00,1848000.00,905000.00,500000.00,4948000.00
3136405,4007641.37,4007641.37,2597500.00,1410141.37,1597500.00,100000.00,0.00,2497500.00
3136504,9874123.00,9874123.00,9074123.00,800000.00,5712500.00,597000.00,899923.00,7577200.00
3136520,2791653.00,2791653.00,2491653.00,300000.00,1367841.00,0.00,0.00,2491653.00
3136553,3076939.00,3468939.00,2331081.00,745858.00,1138500.00,0.00,92581.00,2238500.00
3136579,4872205.96,4872205.96,3742802.26,1129403.70,2701500.00,1434500.00,220000.00,2088302.26
3136603,2587570.76,2673919.58,2387500.76,200070.00,1396000.00,150000.00,92581.00,2144919.76
3136652,11536654.00,11936654.00,4550144.00,6986510.00,1368700.00,250000.00,1324200.00,2975944.00
3136702,51719896.03,89034859.29,27135172.07,24584723.96,7886471.00,2230636.00,15555073.07,9349463.00
3136801,1300116.23,1390626.03,950517.23,349599.00,500000.00,0.00,200000.00,750517.23
3136900,10468137.00,11800681.01,7129673.00,3338464.00,3645249.00,1433095.00,400000.00,5296578.00
3136959,4403952.45,4403952.45,4078209.88,325742.57,2910000.00,44451.00,1870073.00,2163685.88
3137007,17863941.17,17863941.17,11219155.15,6644786.02,7820910.00,1047500.00,1149960.00,9021695.15
3137106,3965092.00,4167548.00,1947729.00,2017363.00,547750.00,1029979.00,250000.00,667750.00
3137205,6270270.00,6602506.00,4952929.00,1317341.00,1017202.00,698540.00,867202.00,3387187.00
3137304,3282528.22,3282528.22,3144000.00,138528.22,1744000.00,0.00,0.00,3144000.00
3137403,6619553.99,6619553.99,6029716.99,589837.00,4780122.99,0.00,549594.00,5480122.99
3137502,11169617.05,11169617.05,7168386.07,4001230.98,2780000.00,2755418.07,599968.00,3813000.00
3137536,6940491.92,6940491.92,3376544.17,3563947.75,1807301.17,250000.00,769250.00,2357294.17
3137601,25115968.78,29140725.62,13480639.12,11635329.66,2102412.12,4746639.12,700000.00,8034000.00
3137700,7749149.00,7965231.03,4914764.00,2834385.00,1892000.00,250000.00,1434264.00,2991750.00
3137809,7277322.05,8236897.73,6452847.00,824475.05,2804500.00,922048.00,294540.00,5236259.00
3137908,3524979.56,3524979.56,2773000.00,751979.56,2023000.00,1198000.00,150000.00,1425000.00
3138005,6348631.46,6348631.46,3336345.65,3012285.81,2013500.00,0.00,892494.65,2443851.00
3138104,6229712.41,6229712.41,4954820.41,1274892.00,2835109.41,925711.00,3579109.41,450000.00
3138203,10203738.00,15758597.40,6204717.00,3999021.00,896000.00,1596000.00,1419967.00,3188750.00
3138302,3658346.00,3658346.00,2364490.00,1293856.00,1690000.00,800000.00,0.00,1564490.00
3138351,6797655.08,6797655.08,3326542.00,3471113.08,1796000.00,0.00,599829.00,2726713.00
3138401,22078267.61,23929131.18,12319465.06,9758802.55,4872000.00,849816.00,7107755.00,4361894.06
3138500,5240916.90,5240916.90,3984669.90,1256247.00,2084287.76,0.00,399966.00,3584703.90
3138609,8227168.43,8227170.56,5251025.00,2976143.43,1754000.00,0.00,3805025.00,1446000.00
3138625,6557875.56,6557875.56,5816279.17,741596.39,1942520.17,3758679.17,0.00,2057600.00
3138658,8815596.36,8815596.36,7530588.00,1285008.36,4331000.00,1544838.00,199750.00,5786000.00
3138674,4656435.25,4656435.25,2538440.00,2117995.25,1898440.00,240000.00,450000.00,1848440.00
3138682,5427941.38,5427941.38,4096096.59,1331844.79,2745163.83,609285.82,551490.38,2935320.39
3138708,4191477.40,4191477.40,2321000.00,1870477.40,1996000.00,0.00,700000.00,1621000.00
3138807,9894945.37,9930958.36,7723919.00,2171026.37,3930500.00,2338000.00,428419.00,4957500.00
3138906,17399128.56,17399128.56,10559807.00,6839321.56,7225870.00,0.00,1246000.00,9313807.00
3139003,14061833.07,18264196.73,9302381.60,4759451.47,3422000.00,1610920.27,4153461.33,3538000.00
3139102,3381642.33,3381642.33,3333642.33,48000.00,1750931.33,0.00,399924.00,2933718.33
3139201,7966061.00,7966061.00,5888000.00,2078061.00,2288000.00,0.00,500000.00,5388000.00
3139250,5958370.70,5958370.70,4491552.00,1466818.70,2691750.00,0.00,300000.00,4191552.00
3139300,17950399.61,17964482.28,12311015.59,5639384.02,6476385.00,0.00,10311015.59,2000000.00
3139409,26834082.24,29365763.13,18364088.00,8469994.24,11972613.00,646000.00,9751975.00,7966113.00
3139508,14274841.50,15377067.62,9185207.50,5089634.00,4505182.50,200000.00,3309896.00,5675311.50
3139607,15230152.55,15230152.55,7750000.00,7480152.55,2830000.00,290000.00,150000.00,7310000.00
3139706,4538011.00,4538011.00,2535000.00,2003011.00,1476000.00,100000.00,0.00,2435000.00
3139805,5726714.55,5726714.55,3198760.00,2527954.55,2489000.00,50000.00,0.00,3148760.00
3139904,6788604.00,6788604.00,5830000.00,958604.00,3880000.00,0.00,450000.00,5380000.00
3140001,5041871.76,6646467.44,2173051.92,2868819.84,930069.92,262069.92,1192978.00,718004.00
3140100,7798297.74,7798297.74,5109984.00,2688313.74,4360000.00,0.00,249984.00,4860000.00
3140159,3484600.00,3484600.00,2634600.00,850000.00,950000.00,0.00,704600.00,1930000.00
3140209,4452139.24,4598872.90,2742500.00,1709639.24,2342500.00,992500.00,300000.00,1450000.00
3140308,5084630.03,5084630.03,3492500.00,1592130.03,1792500.00,3292500.00,0.00,200000.00
3140407,1608581.00,1608581.00,1608581.00,0.00,1516000.00,50000.00,162581.00,1396000.00
3140506,6366430.64,6700606.94,4749571.64,1616859.00,2174115.00,504478.64,250000.00,3995093.00
3140530,3270855.00,3270855.00,2970855.00,300000.00,2070897.00,0.00,0.00,2970855.00
3140555,7307018.00,7307018.00,5617000.00,1690018.00,3182000.00,0.00,396000.00,5221000.00
3140605,3311104.00,3311104.00,3161034.00,150070.00,1644000.00,1200000.00,0.00,1961034.00
3140704,8986935.00,9477834.00,4996800.00,3990135.00,666800.00,2400000.00,600000.00,1996800.00
3140803,4665472.00,4665472.00,2204100.00,2461372.00,1055900.00,0.00,1089900.00,1114200.00
3140852,5164445.60,5178529.05,1967781.05,3196664.55,597500.00,0.00,1217781.05,750000.00
3140902,15309377.96,15309377.96,8152237.14,7157140.82,7725830.65,497500.00,150000.00,7495904.25
3141009,9453096.76,10057279.81,6729779.29,2723317.47,4181411.09,3182411.09,467358.00,3080010.20
3141108,7680114.00,7980114.00,5519000.00,2161114.00,1089000.00,700000.00,450000.00,4369000.00
3141207,2678303.16,2678303.16,2678000.00,303.16,1428000.00,30000.00,100000.00,2548000.00
3141306,2391041.00,2391041.00,1765190.00,625851.00,1444000.00,0.00,0.00,1765190.00
3141405,17591358.22,17691358.22,14205807.02,3385551.20,8549627.02,2089494.00,326193.00,11790120.02
3141504,4831565.26,4831565.26,3400000.00,1431565.26,2200000.00,0.00,2550000.00,850000.00
3141603,6315565.24,15051514.84,2850996.24,3464569.00,2290996.24,0.00,60000.00,2790996.24
3141702,8990460.48,8990460.48,7215580.00,1774880.48,3115580.00,3490000.00,1194250.00,2531330.00
3141801,17110075.47,17255653.75,12546802.00,4563273.47,10528072.07,2218600.00,1974159.00,8295313.07
3141900,5008202.19,5359636.19,2548938.00,2459264.19,1000000.00,546282.00,1100000.00,902656.00
3142007,12470542.25,12485529.71,10363895.10,2106647.15,7441397.00,2261397.00,1718498.10,6384000.00
3142106,5966614.00,5966614.00,3962776.00,2003838.00,2063000.00,0.00,749776.00,3213000.00
3142205,6446678.00,6795078.50,4496678.00,1950000.00,2195000.00,0.00,150000.00,4346678.00
3142254,2470605.10,2470605.10,1695000.00,775605.10,1395000.00,0.00,400000.00,1295000.00
3142304,8100358.55,8100358.55,6249488.55,1850870.00,4727500.00,300000.00,0.00,5949488.55
3142403,5871385.17,5871385.17,5355000.00,516385.17,3645000.00,1605000.00,200000.00,3550000.00
3142502,738856.00,738856.00,438856.00,300000.00,0.00,0.00,0.00,438856.00
3142601,7896708.82,7896708.82,6660200.00,1236508.82,3746000.00,0.00,314200.00,6346000.00
3142700,5243257.61,5473333.77,4899189.24,344068.37,3075714.63,0.00,2750783.63,2148405.61
3142809,6356690.00,6356690.00,3619953.00,2736737.00,1286000.00,2286000.00,283953.00,1050000.00
3142908,19052229.49,19108990.61,13911262.00,5140967.49,10140290.00,946500.00,1963000.00,11001762.00
3143005,6166573.00,6319516.06,5187073.00,979500.00,3045950.00,1526950.00,871123.00,2789000.00
3143104,20422619.36,21668814.21,14409132.00,6013487.36,6765700.00,3010000.00,377200.00,11021932.00
3143153,4168000.00,4168000.00,3318000.00,850000.00,2418000.00,398000.00,250000.00,2670000.00
3143203,5230478.00,5409746.50,3561100.00,1669378.00,1248000.00,2061812.00,0.00,1499288.00
3143302,64602191.00,158043406.90,37612055.00,26990136.00,5918500.00,10989886.00,10098500.00,16523669.00
3143401,5666661.50,5767201.50,4366661.50,1300000.00,2868303.50,412303.50,0.00,3954358.00
3143450,3468978.00,3468978.00,2046760.00,1422218.00,1120000.00,0.00,1046760.00,1000000.00
3143500,4053954.90,4149605.45,2828550.13,1225404.77,1741046.00,1727546.00,1004.13,1100000.00
3143609,2890540.80,2890540.80,2367989.00,522551.80,1218000.00,0.00,0.00,2367989.00
3143708,4171000.00,4171000.00,3821000.00,350000.00,2198000.00,0.00,150000.00,3671000.00
3143807,5732269.00,5733759.00,4238000.00,1494269.00,3438000.00,100000.00,0.00,4138000.00
3143906,78469908.28,94323871.07,57680489.00,20789419.28,9502989.00,1038750.00,5253571.00,51149418.00
3144003,11757830.56,12673935.56,5629283.00,6128547.56,3034000.00,2537000.00,856427.00,2235856.00
3144102,4987215.75,5924489.46,3375026.75,1612189.00,886000.00,1360000.00,569026.75,1446000.00
3144201,900000.00,900000.00,900000.00,0.00,600000.00,0.00,0.00,900000.00
3144300,18270821.14,18571240.39,14431262.08,3839559.06,11956262.08,8535262.08,848000.00,5048000.00
3144359,7022290.00,7289893.22,5492500.00,1529790.00,3202500.00,3817500.00,837000.00,838000.00
3144375,1704003.00,1704003.00,926000.00,778003.00,776000.00,0.00,776000.00,150000.00
3144409,4127546.00,4127546.00,3727546.00,400000.00,2363792.00,650000.00,0.00,3077546.00
3144508,3307651.76,3307651.76,2420527.76,887124.00,1811412.76,0.00,0.00,2420527.76
3144607,8745823.66,9026324.66,6564430.00,2181393.66,3503000.00,1488900.00,550000.00,4353630.00
3144656,7055501.83,7055501.83,5959805.46,1095696.37,4579756.00,0.00,549943.00,5409862.46
3144672,9315365.35,9315365.35,8356761.35,958604.00,6818250.00,1792000.00,1980000.00,4246250.00
3144706,3175860.27,3301719.79,2520000.00,655860.27,870000.00,250000.00,770000.00,1500000.00
3144805,2075500.00,8157542.32,1435500.00,640000.00,965500.00,0.00,565500.00,870000.00
3144904,9261175.00,9261175.00,7353925.00,1907250.00,5992000.00,0.00,100000.00,7253925.00
3145000,9536295.73,9682689.73,6788432.00,2747863.73,4239659.00,1455159.00,83960.00,5249313.00
3145059,3363205.93,4990270.12,2835260.98,527944.95,1371676.00,199000.00,3845.05,2632415.93
3145109,13263879.11,13654257.86,9568506.11,3695373.00,7423506.11,6152506.11,1495000.00,1921000.00
3145208,23286587.56,23547832.67,18639290.60,4647296.96,8453500.00,7580500.00,1000000.00,9373000.00
3145307,18335989.00,18335989.00,11198979.00,7137010.00,6201841.00,5452888.00,2128591.00,3140000.00
3145356,8731511.14,8731511.14,6345494.14,2386017.00,3446392.00,2094245.00,150000.00,4101249.14
3145372,8879285.65,8879285.65,8079240.71,800044.94,2876000.00,600000.00,1470000.00,6009240.71
3145406,8929739.52,8929739.52,3539989.00,5389750.52,2690000.00,0.00,396000.00,3143989.00
3145455,4972092.24,5356533.78,3946220.74,1025871.50,1545000.00,0.00,400000.00,3546220.74
3145505,1594000.00,1594000.00,1294000.00,300000.00,794000.00,0.00,0.00,1294000.00
3145604,15181891.00,15641946.17,13374677.00,1807214.00,4440800.00,1695979.00,333953.00,11344745.00
3145703,2955973.00,2955973.00,1545000.00,1410973.00,995000.00,0.00,100000.00,1445000.00
3145802,2875104.00,2875104.00,2294000.00,581104.00,1494000.00,200000.00,0.00,2094000.00
3145851,3257187.63,3257187.63,2181000.00,1076187.63,1294000.00,0.00,1931000.00,250000.00
3145877,2327104.00,2327104.00,1846000.00,481104.00,1696000.00,0.00,1346000.00,500000.00
3145901,8388455.80,9627354.07,6155466.00,2232989.80,2586000.00,887466.00,2500000.00,2768000.00
3146008,10714345.76,11100836.06,8755028.76,1959317.00,4999412.76,940968.00,900000.00,6914060.76
3146107,11891675.00,12847160.55,8447393.00,3444282.00,2666886.00,0.00,2696500.00,5750893.00
3146206,20979969.52,21179969.52,16717500.00,4262469.52,14967500.00,150000.00,200000.00,16367500.00
3146255,6717055.00,6717055.00,4519000.00,2198055.00,3769000.00,546000.00,0.00,3973000.00
3146305,6238759.00,6238759.00,5111259.00,1127500.00,3597500.00,0.00,1550000.00,3561259.00
3146404,2768810.26,2768810.26,2242311.00,526499.26,846500.00,1097870.00,0.00,1144441.00
3146503,7258743.21,7258743.21,6509595.62,749147.59,4257371.00,3939403.00,1540157.62,1030035.00
3146552,1554830.90,1566605.34,1440000.00,114830.90,440000.00,0.00,140000.00,1300000.00
3146602,3549670.00,3549670.00,2868566.00,681104.00,2096000.00,100000.00,2768566.00,0.00
3146701,8200195.23,8522665.23,6879784.23,1320411.00,4765096.23,200000.00,3803188.00,2876596.23
3146750,5474234.00,5811899.53,4573000.00,901234.00,3273000.00,580000.00,799000.00,3194000.00
3146909,5831929.00,5831929.00,4097958.00,1733971.00,2292000.00,1763769.00,0.00,2334189.00
3147006,2976904.00,3301578.10,2776904.00,200000.00,1735000.00,1025000.00,260000.00,1250000.00
3147105,18403759.50,18820117.49,13618519.50,4785240.00,6104840.50,4757679.00,0.00,8860840.50
3147204,7057192.00,7257779.22,5997958.00,1059234.00,3288000.00,1637753.00,177455.00,4182750.00
3147303,6170280.00,7305530.00,4846575.00,1323705.00,2788500.00,250000.00,185162.00,4411413.00
3147402,4555867.89,4557835.89,2845848.89,1710019.00,1845848.89,1745848.89,300000.00,800000.00
3147501,2820927.00,2820927.00,2195806.00,625121.00,1090000.00,198000.00,1399834.00,597972.00
3147600,6680647.01,6823094.88,4610129.00,2070518.01,2860583.00,596000.00,949546.00,3064583.00
3147709,3865768.72,3865768.72,3615768.72,250000.00,905942.93,1137996.00,0.00,2477772.72
3147808,3536299.76,3536299.76,2113986.76,1422313.00,1511912.76,0.00,0.00,2113986.76
3147907,14934773.81,16622940.61,10752302.61,4182471.20,2018262.08,5914415.61,1692581.00,3145306.00
3147956,6104743.16,6104743.16,5351150.16,753593.00,5251150.16,198000.00,0.00,5153150.16
3148004,13754072.07,15299688.75,7160196.20,6593875.87,642500.00,3793025.00,1065042.20,2302129.00
3148103,17227652.17,85572472.38,7915622.00,9312030.17,2840622.00,1540622.00,800000.00,5575000.00
3148202,8651683.00,8651683.00,6262815.00,2388868.00,3125111.00,0.00,998000.00,5264815.00
3148301,5470642.63,6143311.34,2740885.45,2729757.18,693000.00,400000.00,357029.45,1983856.00
3148400,2913413.00,2913413.00,2395000.00,518413.00,1715000.00,429000.00,0.00,1966000.00
3148509,6439346.19,6439346.19,5795372.34,643973.85,3007772.99,0.00,4825874.20,969498.14
3148608,22776999.66,22776999.66,14937725.00,7839274.66,10805100.00,4617475.00,1388750.00,8931500.00
3148707,13870090.62,13870090.62,11106241.00,2763849.62,6806241.00,1500000.00,250000.00,9356241.00
3148756,2117000.00,2117000.00,2117000.00,0.00,1624000.00,0.00,1807000.00,310000.00
3148806,2543535.69,2543535.69,1479853.00,1063682.69,896000.00,0.00,399815.00,1080038.00
3148905,2262262.00,2262262.00,1146000.00,1116262.00,946000.00,0.00,0.00,1146000.00
3149002,2612329.00,2612329.00,1312112.00,1300217.00,512841.00,0.00,214837.00,1097275.00
3149101,6580655.99,6874170.02,5504749.00,1075906.99,3782139.00,200000.00,2162180.00,3142569.00
3149150,4197291.00,4215291.00,3506205.00,691086.00,1144000.00,0.00,1319067.00,2187138.00
3149200,4846213.77,4846213.77,2740345.00,2105868.77,1948000.00,542581.00,0.00,2197764.00
3149309,17188074.80,18113432.05,11215387.00,5972687.80,5066560.00,699000.00,1547075.00,8969312.00
3149408,4662200.00,4662200.00,2896000.00,1766200.00,1796000.00,0.00,0.00,2896000.00
3149507,4648010.05,4734373.05,1704858.00,2943152.05,1455000.00,495000.00,0.00,1209858.00
3149606,8066683.00,8066683.00,6399684.00,1666999.00,4916500.00,500000.00,488299.00,5411385.00
3149705,9043579.87,9043579.87,7053242.00,1990337.87,3157520.00,1286500.00,595000.00,5171742.00
3149804,7601204.00,7601204.00,4360941.00,3240263.00,2384000.00,2282941.00,184000.00,1894000.00
3149903,9084010.54,15816681.79,7750539.00,1333471.54,4344209.00,1442581.00,600000.00,5707958.00
3149952,4786070.22,4786070.22,3446604.00,1339466.22,1215500.00,1200000.00,0.00,2246604.00
3150000,5911051.62,5911051.62,3870662.00,2040389.62,2485500.00,550000.00,396000.00,2924662.00
3150109,2371415.00,2371415.00,1538149.00,833266.00,796000.00,0.00,712164.00,825985.00
3150158,3610787.00,3610787.00,2730750.00,880037.00,1892000.00,0.00,638750.00,2092000.00
3150208,3075895.69,3075895.69,2593500.00,482395.69,1993500.00,0.00,0.00,2593500.00
3150307,4135336.43,4782203.68,2162583.32,1972753.11,1163912.76,0.00,0.00,2078236.76
3150406,4087183.09,4087183.09,2994500.00,1092683.09,2094500.00,297000.00,0.00,2697500.00
3150505,7954291.48,7954291.48,5949626.48,2004665.00,2595365.00,3413134.48,0.00,2536492.00
3150539,8050000.00,8050000.00,7635000.00,415000.00,4935000.00,5935000.00,0.00,1700000.00
3150570,6686102.65,6806985.94,4012979.65,2673123.00,2212000.00,199000.00,885979.65,2928000.00
3150604,4414228.03,4414228.03,3753557.05,660670.98,1702029.05,0.00,1074084.00,2679473.05
3150703,5586237.90,5586237.90,2565000.00,3021237.90,1865000.00,1018000.00,0.00,1547000.00
3150802,5538374.65,5667272.65,3899682.08,1638692.57,2133612.08,0.00,1247812.08,2651870.00
3150901,3657700.00,3657700.00,3557700.00,100000.00,2343500.00,0.00,1064200.00,2493500.00
3151008,7211489.00,7211489.00,5203928.00,2007561.00,3566500.00,696863.00,1206487.00,3300578.00
3151107,13220305.15,13220305.15,7208616.00,6011689.15,4442500.00,2650000.00,583953.00,3974663.00
3151206,15314643.47,16069532.34,11003530.78,4311112.69,2751000.00,2697830.36,2074122.42,6231578.00
3151305,3405711.12,3405711.12,3366728.00,38983.12,2644000.00,1888856.00,183872.00,1294000.00
3151404,15011899.71,15011899.71,6166585.00,8845314.71,2716585.00,600000.00,150000.00,5416585.00
3151503,7008306.00,8358339.31,5121000.00,1887306.00,1971000.00,3971000.00,550000.00,600000.00
3151602,3164590.62,3164590.62,1586034.00,1578556.62,744500.00,407581.00,83953.00,1094500.00
3151701,26999990.46,27076802.46,17916408.46,9083582.00,3892674.00,3950000.00,3443470.46,10522938.00
3151800,24457672.20,28199457.87,12025600.00,12432072.20,500000.00,3600000.00,2149969.00,6275631.00
3151909,6100408.31,6100408.31,3811699.00,2288709.31,1694000.00,0.00,865906.00,2945793.00
3152006,7936537.35,8750618.50,6419216.97,1517320.38,3651800.00,1657319.77,450000.00,4311897.20
3152105,10912905.76,12962177.17,6558260.00,4354645.76,400000.00,472000.00,3425460.00,2600000.00
3152131,6119981.28,6322437.28,3752988.59,2366992.69,1802988.59,12085.35,210000.00,3530903.24
3152170,5866084.44,5867161.41,5547000.00,319084.44,3247000.00,360000.00,0.00,5187000.00
3152204,21612517.76,21932378.10,17915122.66,3697395.10,12079000.00,100000.00,4593851.68,13221270.98
3152303,8266817.16,8266817.16,4922934.00,3343883.16,3689000.00,0.00,481953.00,4440981.00
3152402,14619957.20,14719957.20,9833432.00,4786525.20,7467447.00,2800000.00,645985.00,6387447.00
3152501,24533895.00,588686578.94,12307287.00,12226608.00,693000.00,2700000.00,1043000.00,8564287.00
3152600,4569495.35,4569495.35,2865844.00,1703651.35,2013682.00,0.00,771762.00,2094082.00
3152709,5893100.00,6091575.02,5293100.00,600000.00,2720500.00,1448000.00,972600.00,2872500.00
3152808,18682903.11,18816612.65,13666842.10,5016061.01,9208650.10,3420200.00,982000.00,9088392.10
3152907,5838084.00,6235419.00,4279374.00,1558710.00,2035800.00,3029374.00,0.00,1250000.00
3153004,3799791.38,3799791.38,2806933.00,992858.38,1364002.00,699544.00,500000.00,1607389.00
3153103,3098234.00,3098234.00,2397000.00,701234.00,398000.00,0.00,300000.00,2097000.00
3153202,2944000.00,2944000.00,2544000.00,400000.00,1794000.00,0.00,0.00,2544000.00
3153301,2658955.00,2658955.00,2347487.00,311468.00,747500.00,0.00,0.00,2347487.00
3153400,4787960.19,4787960.19,3869363.45,918596.74,1347500.00,1447500.00,1116156.60,1305706.85
3153509,5298612.83,5298612.83,2640847.00,2657765.83,2440847.00,448597.00,500000.00,1692250.00
3153608,6081341.00,6081341.00,5481341.00,600000.00,2271341.00,610000.00,500000.00,4371341.00
3153707,6437123.09,6437123.09,4922950.09,1514173.00,3137000.00,2030950.09,1544000.00,1348000.00
3153806,1441774.37,1441774.37,1248336.00,193438.37,250000.00,0.00,98336.00,1150000.00
3153905,4415808.00,4464035.76,3695808.00,720000.00,480000.00,0.00,750000.00,2945808.00
3154002,11359760.25,11559760.25,8134886.00,3224874.25,2300886.00,1450000.00,1282000.00,5402886.00
3154101,4986477.04,4986477.04,4398692.00,587785.04,2747683.00,100000.00,1947039.00,2351653.00
3154150,7424103.90,7424103.90,5104603.00,2319500.90,2929750.00,200000.00,1174853.00,3729750.00
3154200,13360288.14,13656307.53,10199629.76,3160658.38,7419832.76,1697996.00,746000.00,7755633.76
3154309,6591969.76,6591969.76,5751953.00,840016.76,3875500.00,4409453.00,130000.00,1212500.00
3154408,2774084.00,2915349.92,1629347.00,1144737.00,879375.00,0.00,449972.00,1179375.00
3154457,5503530.92,5503530.92,5149297.27,354233.65,3599297.27,300000.00,471000.00,4378297.27
3154507,14061709.00,14061709.00,11540104.00,2521605.00,9309000.00,1600000.00,970000.00,8970104.00
3154606,65466584.63,70814802.29,8795856.50,56670728.13,5991951.50,2136000.00,2313905.00,4345951.50
3154705,4604641.61,4604641.61,4042730.00,561911.61,2093000.00,2194730.00,300000.00,1548000.00
3154804,4442000.00,4822086.85,4342000.00,100000.00,3592000.00,0.00,1500000.00,2842000.00
3154903,2935053.74,2935053.74,2333750.00,601303.74,1495000.00,0.00,100000.00,1995000.00
3155009,686757.00,686757.00,50000.00,636757.00,50000.00,0.00,0.00,50000.00
3155108,5682545.49,5682545.49,4796630.00,885915.49,3621630.00,355000.00,1850000.00,2591630.00
3155207,5175934.00,5375934.00,4202208.00,973726.00,2322030.00,0.00,100000.00,4102208.00
3155306,6012435.00,6012437.14,5162365.00,850070.00,2342000.00,710000.00,749839.00,3702526.00
3155405,8890365.00,9593407.65,6820405.00,2069960.00,3531655.00,850000.00,686750.00,5283655.00
3155504,5071150.23,5670554.25,3832172.00,1238978.23,1771800.00,1614500.00,550000.00,1667672.00
3155603,17421013.44,17569205.23,10790450.76,6630562.68,6734000.00,898000.00,1566000.00,8326450.76
3155702,2620004.00,2620004.00,1138900.00,1481104.00,0.00,338934.00,0.00,799966.00
3155801,8124746.45,8624596.25,4381903.00,3742843.45,2518000.00,0.00,1033903.00,3348000.00
3155900,4184380.82,4408380.82,3415802.82,768578.00,1543000.00,0.00,0.00,3415802.82
3156007,6895927.00,6895927.00,6395927.00,500000.00,4439000.00,1096933.00,505994.00,4793000.00
3156106,4674078.15,5759973.15,4224078.15,450000.00,3118128.15,97215.39,0.00,4126862.76
3156205,4489815.09,4489815.09,4189815.09,300000.00,2223431.09,0.00,407028.00,3782787.09
3156304,1177934.93,1177934.93,682924.00,495010.93,248000.00,235000.00,199924.00,248000.00
3156403,3872793.77,3872793.77,2022471.34,1850322.43,1641500.00,1146500.00,495000.00,380971.34
3156452,3334593.00,3334593.00,1761991.00,1572602.00,892000.00,0.00,1391991.00,370000.00
3156502,6879831.00,6879831.00,4839905.00,2039926.00,3386500.00,1217109.00,1665906.00,1956890.00
3156601,7614330.70,8406645.34,5965485.00,1648845.70,4826500.00,2020000.00,200000.00,3745485.00
3156700,18845640.00,20060197.71,16572979.00,2272661.00,2260500.00,867750.00,622750.00,14003794.00
3156809,4836426.00,4850369.00,3473000.00,1363426.00,1873000.00,550000.00,2173000.00,750000.00
3156908,19453449.86,20010000.64,13966000.00,5487449.86,10845000.00,6560000.00,621000.00,6785000.00
3157005,33460890.98,38457882.40,18440350.03,15020540.95,11560234.00,3497745.00,10724734.00,4217871.03
3157104,5649054.24,5790376.29,3692594.00,1956460.24,1788594.00,0.00,240000.00,3452594.00
3157203,4580368.00,4580368.00,3825962.00,754406.00,348000.00,350000.00,450000.00,3025962.00
3157252,1809901.06,1809901.06,1100000.00,709901.06,300000.00,500000.00,0.00,600000.00
3157278,3684739.06,3684739.06,2853635.06,831104.00,1353698.06,0.00,898000.00,1955635.06
3157302,2199023.97,2199023.97,1830000.00,369023.97,550000.00,280000.00,300000.00,1250000.00
3157336,4479194.51,4498858.35,3733316.76,745877.75,2913341.76,0.00,519975.00,3213341.76
3157377,6659770.00,6659770.00,4679062.00,1980708.00,2297500.00,575000.00,0.00,4104062.00
3157401,2809769.00,2809769.00,1604053.00,1205716.00,1104283.00,0.00,0.00,1604053.00
3157500,4192333.86,4192333.86,2944000.00,1248333.86,2294000.00,0.00,250000.00,2694000.00
3157609,7193067.00,7193067.00,6321000.00,872067.00,5121000.00,2528000.00,500000.00,3293000.00
3157658,5767676.00,5767676.00,4609922.00,1157754.00,3288500.00,0.00,350000.00,4259922.00
3157708,14580247.00,14580247.00,2092065.00,12488182.00,807841.00,599976.00,253898.00,1107841.00
3157807,15327023.07,17965353.49,12016400.00,3310623.07,4569500.00,1644000.00,2992000.00,7091500.00
3157906,5590446.00,5590446.00,3486000.00,2104446.00,3486000.00,0.00,598000.00,2888000.00
3158003,1494111.00,1494111.00,1144099.00,350012.00,500000.00,0.00,0.00,1144099.00
3158102,4708373.78,4708373.78,4483421.91,224951.87,3399000.00,1060000.00,0.00,3423421.91
3158201,7787071.29,8000408.97,3391000.00,4396071.29,1791000.00,1000000.00,596000.00,1795000.00
3158300,3589394.00,3589394.00,2472717.00,1116677.00,1272800.00,250000.00,199917.00,2022800.00
3158409,1138000.00,1138000.00,850000.00,288000.00,150000.00,0.00,100000.00,750000.00
3158508,2195000.00,2195000.00,2195000.00,0.00,1095000.00,200000.00,0.00,1995000.00
3158607,4897387.63,4897387.63,2918524.08,1978863.55,2224962.08,0.00,573562.00,2344962.08
3158706,1013192.00,1013192.00,432088.00,581104.00,390000.00,0.00,0.00,432088.00
3158805,5357559.00,5357559.00,3654463.00,1703096.00,2644000.00,2194000.00,0.00,1460463.00
3158904,9639853.79,9639853.79,7314680.03,2325173.76,5473750.00,280000.00,374977.00,6623750.00
3158953,22838955.21,22838955.21,14924172.00,7914783.21,5629520.00,8520520.00,1400000.00,5003652.00
3159001,8941570.95,9657820.95,7376166.00,1565404.95,6187500.00,3131886.00,350000.00,3894280.00
3159100,2374374.00,2374374.00,1170500.00,1203874.00,1120500.00,200000.00,0.00,970500.00
3159209,7085894.41,7085894.41,6130915.00,954979.41,3635000.00,400000.00,200000.00,5530915.00
3159308,2933292.00,2937719.40,1883292.00,1050000.00,1260000.00,0.00,200000.00,1683292.00
3159357,4887526.00,4887526.00,4045000.00,842526.00,2395000.00,2450000.00,200000.00,1395000.00
3159407,4762967.00,4762967.00,2092000.00,2670967.00,1292000.00,0.00,0.00,2092000.00
3159506,5464854.00,5464854.00,4983750.00,481104.00,4233750.00,0.00,0.00,4983750.00
3159605,17333289.00,24476692.57,14975697.00,2357592.00,7606641.00,300000.00,1787815.00,12887882.00
3159704,5120429.59,5120429.59,3400000.00,1720429.59,2050000.00,300000.00,1500000.00,1600000.00
3159803,17495514.00,17495514.00,13964234.00,3531280.00,7395922.00,3879500.00,800000.00,9284734.00
3159902,13583620.61,13583620.61,7168355.00,6415265.61,300000.00,1110000.00,584890.00,5473465.00
3160009,4339471.50,4339471.50,3369617.50,969854.00,1870682.50,0.00,327403.95,2820682.50
3160108,3318971.00,3318971.00,2193500.00,1125471.00,2193500.00,0.00,2193500.00,0.00
3160207,1798132.00,1798132.00,599972.00,1198160.00,0.00,0.00,0.00,599972.00
3160306,5654806.81,6039237.03,4593101.81,1061705.00,2957000.00,0.00,850000.00,3743101.81
3160405,11843027.00,12393885.50,6358822.00,5484205.00,2294000.00,2664822.00,200000.00,3494000.00
3160454,5575791.00,5575910.60,4453568.00,1122223.00,3353625.00,0.00,649943.00,3803625.00
3160504,1850000.00,1850000.00,1150000.00,700000.00,1000000.00,100000.00,0.00,1050000.00
3160603,4680928.98,4680928.98,3494000.00,1186928.98,3244000.00,497500.00,1500000.00,1496500.00
3160702,14831266.00,15467165.93,11170162.00,3661104.00,3776000.00,1350000.00,1902150.00,7918012.00
3160801,3565952.00,3565952.00,3015952.00,550000.00,2295000.00,0.00,429952.00,2586000.00
3160900,2524164.00,2524164.00,1275060.00,1249104.00,775060.00,0.00,200000.00,1075060.00
3160959,4125681.76,4135654.76,2776059.00,1349622.76,2466370.00,622870.00,505689.00,1647500.00
3161007,6946201.65,6946201.65,4856471.99,2089729.66,3056471.99,1185100.00,250000.00,3421371.99
3161056,5017607.82,5017607.82,2345150.00,2672457.82,1745150.00,650000.00,0.00,1695150.00
3161106,21745881.35,22738984.85,13451122.70,8294758.65,8447700.00,1641059.00,8237956.79,3572106.91
3161205,3698000.00,3698000.00,3248000.00,450000.00,1498000.00,200000.00,400000.00,2648000.00
3161304,5139217.53,5139217.53,2064726.00,3074491.53,1343750.00,997750.00,570976.00,496000.00
3161403,7249723.00,7249723.00,6113968.00,1135755.00,2511000.00,420000.00,3325468.00,2368500.00
3161502,4241876.71,4270927.00,3025726.00,1216150.71,1446000.00,100000.00,529734.00,2395992.00
3161601,2279994.00,2279994.00,1246000.00,1033994.00,1246000.00,0.00,0.00,1246000.00
3161650,8272405.63,8272405.63,6398398.63,1874007.00,4898398.63,4903398.63,0.00,1495000.00
3161700,6893422.96,6893427.95,5689771.00,1203651.96,3140000.00,0.00,0.00,5689771.00
3161809,7933207.00,7933207.00,5292338.00,2640869.00,3528500.00,990000.00,0.00,4302338.00
3161908,2277830.51,2277830.51,1198672.08,1079158.43,528672.08,0.00,1128672.08,70000.00
3162005,6841106.33,7267311.33,5348673.33,1492433.00,2036506.33,100000.00,1162343.00,4086330.33
3162104,10465870.07,10575869.03,7992262.00,2473608.07,4230820.00,891931.00,0.00,7100331.00
3162203,4847777.34,4847777.34,3573822.34,1273955.00,400000.00,541409.34,505500.00,2526913.00
3162252,4989547.00,4989547.00,4073191.00,916356.00,3281500.00,1034191.00,0.00,3039000.00
3162302,3989325.00,3989325.00,2092000.00,1897325.00,2092000.00,100000.00,0.00,1992000.00
3162401,12636591.40,12697830.59,10798700.00,1837891.40,5848700.00,200000.00,1950000.00,8648700.00
3162450,4167558.62,4678345.03,2485860.64,1681697.98,1850000.00,960960.00,1524900.64,0.00
3162500,53826741.66,57603189.62,42641906.66,11184835.00,22183370.66,2190307.67,8560701.00,31890897.99
3162559,5103575.90,5103575.90,4213000.00,890575.90,3291000.00,540000.00,3273000.00,400000.00
3162575,11805870.70,11805870.70,10395870.70,1410000.00,9045870.70,0.00,5757500.00,4638370.70
3162609,7327252.31,7327252.31,5830984.00,1496268.31,3138000.00,1450000.00,642984.00,3738000.00
3162658,4581465.31,4581465.31,2563224.31,2018241.00,2562207.02,0.00,1600000.00,963224.31
3162708,10945252.00,10989091.50,8148691.00,2796561.00,5179792.00,300000.00,850000.00,6998691.00
3162807,8319244.96,8347636.78,3883730.64,4435514.32,2003730.64,0.00,550000.00,3333730.64
3162906,17790301.89,17790301.89,12829285.51,4961016.38,6874679.51,0.00,3737572.00,9091713.51
3162922,3050000.00,3050776.00,1600000.00,1450000.00,0.00,0.00,100000.00,1500000.00
3162948,3650377.00,3710377.00,2607377.00,1043000.00,1491500.00,598000.00,100000.00,1909377.00
3162955,6688500.00,6802853.50,4238500.00,2450000.00,3138500.00,300000.00,500000.00,3438500.00
3163003,5113731.00,5113731.00,3759712.00,1354019.00,2123700.00,300000.00,0.00,3459712.00
3163102,5260674.13,5260674.13,2500322.13,2760352.00,1654800.00,0.00,0.00,2500322.13
3163201,3790444.00,3790444.00,3450619.00,339825.00,2681623.00,0.00,338623.00,3111996.00
3163300,8569106.00,8569106.00,7580250.00,988856.00,6580250.00,2709000.00,0.00,4871250.00
3163409,6843127.93,6843127.93,5775887.00,1067240.93,2539500.00,3206118.00,319769.00,2250000.00
3163508,2558109.44,2558109.44,1700000.00,858109.44,1000000.00,0.00,50000.00,1650000.00
3163607,4953060.00,4953060.00,1731648.00,3221412.00,1243500.00,0.00,1243500.00,488148.00
3163706,15144071.00,15255023.08,12066500.00,3077571.00,2996500.00,100000.00,1570000.00,10396500.00
3163805,4933414.74,4933414.74,2493998.00,2439416.74,2094000.00,0.00,399998.00,2094000.00
3163904,3247186.00,3247186.00,2489780.00,757406.00,1245000.00,897500.00,595032.00,997248.00
3164001,4061122.00,4061122.00,3722266.00,338856.00,1590750.00,700000.00,234000.00,2788266.00
3164100,8650032.04,8785001.59,6582850.00,2067182.04,4682850.00,3877350.00,380000.00,2325500.00
3164209,5690794.08,6056253.94,4625080.08,1065714.00,3423500.00,297500.00,3480580.08,847000.00
3164308,4660499.23,4660499.23,3343561.00,1316938.23,1195500.00,1578000.00,0.00,1702924.00
3164407,6328316.08,6328466.08,3765212.08,2563104.00,2765212.08,446500.00,500000.00,2818712.08
3164431,3075500.00,3218750.00,1948000.00,1127500.00,1298000.00,0.00,598000.00,1350000.00
3164472,6661939.00,6661939.00,5481000.00,1180939.00,3781000.00,0.00,200000.00,5281000.00
3164506,8619323.82,8627621.57,6885104.45,1734219.37,4885104.45,2993104.45,200000.00,3692000.00
3164605,11959913.01,11959913.01,11059138.00,900775.01,8659500.00,1947638.00,300000.00,8811500.00
3164704,13999078.85,16078746.64,8091731.85,5907347.00,1736500.00,5345493.00,507238.85,2239000.00
3164803,1534519.00,1534519.00,1148000.00,386519.00,848000.00,0.00,0.00,1148000.00
3164902,2121793.20,2121793.20,1355588.20,766205.00,215763.00,0.00,555618.20,799970.00
3165008,10002881.75,10400009.00,7919024.00,2083857.75,4414034.00,3600630.00,350593.00,3967801.00
3165107,4773223.00,4773223.00,2913015.00,1860208.00,1048000.00,2315000.00,0.00,598015.00
3165206,6231340.80,6232675.80,5441344.80,789996.00,3436000.00,0.00,3423806.00,2017538.80
3165305,3374650.00,3854289.43,3374650.00,0.00,2374650.00,0.00,200000.00,3174650.00
3165404,4744206.00,4744206.00,1946000.00,2798206.00,1596000.00,0.00,0.00,1946000.00
3165503,4238000.00,4238000.00,3258000.00,980000.00,1806000.00,200000.00,0.00,3058000.00
3165537,5622066.00,5685624.28,4460952.00,1161114.00,1500000.00,700000.00,150000.00,3150000.00
3165552,11874580.00,11874580.00,10030375.00,1844205.00,5606500.00,1479599.00,349761.00,8201015.00
3165560,3913952.00,3913952.00,3363952.00,550000.00,2144000.00,0.00,870000.00,2493952.00
3165578,3214262.58,3214262.58,2114325.58,1099937.00,1096000.00,100000.00,1564325.58,450000.00
3165602,3117106.31,3126623.67,1200000.00,1917106.31,300000.00,0.00,0.00,1200000.00
3165701,7330095.11,7330095.11,5844983.00,1485112.11,1770000.00,0.00,1247483.00,4597500.00
3165800,1517589.32,1517589.32,817589.32,700000.00,698000.00,0.00,0.00,817589.32
3165909,6151177.02,6151177.02,5154035.58,997141.44,3494039.58,1205000.00,90000.00,3859035.58
3166006,3285996.00,3285996.00,2497140.00,788856.00,2497140.00,0.00,398000.00,2099140.00
3166105,3795504.98,3795504.98,2946500.00,849004.98,1196500.00,996500.00,0.00,1950000.00
3166204,8855336.00,9205336.00,7250336.00,1605000.00,5363030.00,2229530.00,150000.00,4870806.00
3166303,5982000.00,6096821.79,3671000.00,2311000.00,3091000.00,180000.00,200000.00,3291000.00
3166402,2040552.00,2040552.00,2040552.00,0.00,1541000.00,0.00,0.00,2040552.00
3166501,2516118.00,2516118.00,2247760.00,268358.00,1298000.00,0.00,100000.00,2147760.00
3166600,1050000.00,1050000.00,900000.00,150000.00,0.00,0.00,0.00,900000.00
3166709,8888269.00,8888269.00,6140310.00,2747959.00,5233792.00,3960000.00,1854518.00,325792.00
3166808,5216929.60,5216929.60,2647426.60,2569503.00,597605.00,1987490.00,0.00,659936.60
3166907,6261490.45,6261490.45,3839200.00,2422290.45,2244000.00,50000.00,350000.00,3439200.00
3166956,3191454.00,3191454.00,2640712.00,550742.00,1483000.00,0.00,1100000.00,1540712.00
3167004,4112295.00,4112295.00,3410809.00,701486.00,2241000.00,696936.00,396000.00,2317873.00
3167103,7272438.21,7472438.21,3983385.72,3289052.49,2581500.00,846000.00,622007.00,2446428.72
3167202,12258969.28,182191699.40,9995735.28,2263234.00,3798814.87,1450000.00,4246000.00,3469212.87
3167301,3504800.00,3504800.00,2358800.00,1146000.00,2358800.00,0.00,0.00,2358800.00
3167400,6084178.31,6084178.31,3398000.00,2686178.31,2098000.00,100000.00,0.00,3298000.00
3167509,10948212.40,11000711.40,8739282.76,2208929.64,6782662.76,0.00,299999.00,8439283.76
3167608,13492915.87,15291143.71,7401654.00,6091261.87,5945880.00,2194000.00,1011154.00,4196500.00
3167707,14450737.85,14450737.85,10902182.00,3548555.85,9702182.00,5130500.00,0.00,5771682.00
3167806,2545044.63,2545044.63,2063940.63,481104.00,1828000.00,0.00,399917.00,1664023.63
3167905,8059196.97,8059196.97,4405409.00,3653787.97,3355500.00,995000.00,1343409.00,2067000.00
3168002,20002352.17,20273329.63,10613366.92,9388985.25,6397841.00,2418512.00,2123949.07,6070905.85
3168051,10593547.02,10593547.02,9182537.00,1411010.02,6053000.00,4864396.00,1024641.00,3293500.00
3168101,4193991.04,4193991.04,2964576.00,1229415.04,1269476.00,634064.00,500000.00,1830512.00
3168200,1834449.00,1834449.00,1534379.00,300070.00,1146000.00,0.00,0.00,1534379.00
3168309,2645000.00,2645000.00,2545000.00,100000.00,1645000.00,0.00,200000.00,2345000.00
3168408,8784930.75,8784930.75,6763600.00,2021330.75,3241000.00,300000.00,2469600.00,3994000.00
3168507,3560941.21,3560941.21,2128424.00,1432517.21,1048000.00,200000.00,400000.00,1528424.00
3168606,68061324.22,79265101.65,46165680.59,21895643.63,6671159.00,10051007.00,11983925.74,23729605.00
3168705,18769539.32,19671214.31,10774204.00,7995335.32,4806805.00,4402655.00,350134.00,6021415.00
3168804,5521024.00,5541976.19,2962304.00,2558720.00,938000.00,100000.00,680266.00,2182038.00
3168903,5547520.00,5547520.00,4824500.00,723020.00,3340500.00,100000.00,584000.00,4140500.00
3169000,5606461.48,5606642.28,3458500.00,2147961.48,1728500.00,0.00,385000.00,3073500.00
3169059,2280500.00,2280500.00,1694000.00,586500.00,1244000.00,100000.00,0.00,1594000.00
3169109,5495293.00,5495293.00,4503424.00,991869.00,2035500.00,0.00,2015009.00,2488415.00
3169208,3885766.00,4035766.00,3104662.00,781104.00,2590500.00,229000.00,799000.00,2076662.00
3169307,14389605.60,15540669.12,8945972.60,5443633.00,3631000.00,200000.00,1999696.00,6310745.00
3169356,14730191.22,16372297.52,11827250.68,2902940.54,6310250.00,1493500.00,1402667.79,8931082.89
3169406,21916174.74,23028923.05,11579011.00,10337163.74,5461000.00,600000.00,625000.00,10354011.00
3169505,6823072.00,6823072.00,4641968.00,2181104.00,1750000.00,400000.00,0.00,4241968.00
3169604,14605279.82,14881279.82,10428779.00,4176500.82,2306000.00,1833812.00,683953.00,7911014.00
3169703,16433310.90,17310163.03,13079787.97,3353522.93,6873188.97,1972832.00,6965082.00,4141873.97
3169802,5261633.76,5261633.76,4197456.00,1064177.76,2738000.00,423506.00,2142000.00,1631950.00
3169901,32465307.00,34737476.92,21896677.00,10568630.00,5906000.00,900000.00,4474988.00,16521689.00
3170008,5998943.00,6255200.15,5251637.00,747306.00,3348506.00,1846078.00,550000.00,2855559.00
3170057,13982179.71,13985923.66,12484373.00,1497806.71,8514030.00,754900.00,2128681.00,9600792.00
3170107,50270344.79,68654479.65,36257450.13,14012894.66,6304636.10,12761262.00,4128985.00,19367203.13
3170206,94503414.98,144129104.19,76089329.89,18414085.09,33880926.01,5658700.00,13499971.88,56930658.01
3170305,3346552.79,3346552.79,3346552.79,0.00,2246552.79,0.00,2736552.79,610000.00
3170404,19305562.89,20043735.58,8014478.89,11291084.00,795000.00,4548993.67,601085.22,2864400.00
3170438,2956755.00,2957091.00,2279255.00,677500.00,943500.00,500000.00,0.00,1779255.00
3170479,3290200.00,3290200.00,2890200.00,400000.00,1676000.00,300000.00,394200.00,2196000.00
3170503,7498756.18,7498756.18,3877915.00,3620841.18,1461000.00,0.00,2481915.00,1396000.00
3170529,14763364.58,14763364.58,8354558.76,6408805.82,4264558.76,2781000.00,796000.00,4777558.76
3170578,10710426.90,10710426.90,9169623.00,1540803.90,4686000.00,550000.00,920000.00,7699623.00
3170602,5349562.21,5349562.21,1593857.99,3755704.22,1245001.99,1543857.99,0.00,50000.00
3170651,8070455.08,8070455.08,5896536.43,2173918.65,4493006.97,300000.00,108376.00,5488160.43
3170701,15001327.46,30232042.59,11267418.29,3733909.17,2891500.00,4522000.00,962158.29,5305760.00
3170750,3720232.00,3720232.00,2515357.00,1204875.00,1516250.00,1445397.00,0.00,1069960.00
3170800,9225944.09,9815007.58,6347261.00,2878683.09,2169951.00,358977.00,1296000.00,4692284.00
3170909,11773169.06,11901609.79,8925251.87,2847917.19,3969500.00,1546500.00,3298852.61,4079899.26
3171006,8802348.68,8802348.68,6876910.31,1925438.37,3467532.31,1359381.00,299997.00,5217532.31
3171030,5740348.34,5740348.34,4898132.86,842215.48,2884270.00,0.00,2853362.86,2044770.00
3171071,4326291.00,4326291.00,3544291.00,782000.00,2694000.00,50000.00,1419779.00,2074512.00
3171105,2599961.00,2599961.00,1526961.00,1073000.00,792000.00,84961.00,0.00,1442000.00
3171154,4598350.39,4598350.39,3457577.00,1140773.39,2989219.00,0.00,664358.00,2793219.00
3171204,5849689.00,6600586.52,4006585.00,1843104.00,1856585.00,200000.00,250000.00,3556585.00
3171303,17539168.40,142281103.70,10148720.18,7390448.22,5659633.20,200000.00,4535086.98,5413633.20
3171402,5576670.00,5577870.00,3542250.00,2034420.00,2942250.00,100000.00,0.00,3442250.00
3171501,10987055.00,10987055.00,9397316.00,1589739.00,8897316.00,5689157.00,0.00,3708159.00
3171600,4707099.70,4707099.70,2964787.00,1742312.70,2054699.00,0.00,748000.00,2216787.00
3171709,2348000.00,2348000.00,2148000.00,200000.00,1498000.00,100000.00,400000.00,1648000.00
3171808,6858101.19,6858101.19,5586250.00,1271851.19,1986250.00,1000000.00,650000.00,3936250.00
3171907,8405135.00,8596135.00,5133488.00,3271647.00,2641488.00,2132738.00,0.00,3000750.00
3172004,15651321.97,18532435.43,11043271.95,4608050.02,6393271.95,1210271.95,2150000.00,7683000.00
3172103,2526106.00,2526106.00,1476106.00,1050000.00,794000.00,0.00,167906.00,1308200.00
3172202,1402975.00,1404280.00,1402975.00,0.00,762000.00,0.00,962000.00,440975.00
3200102,19351766.57,20446312.07,9715113.00,9636653.57,3375000.00,0.00,3996913.00,5718200.00
3200136,10356953.92,10433337.69,7753649.92,2603304.00,3129100.00,0.00,3288190.00,4465459.92
3200169,8983917.00,9244231.96,6688917.00,2295000.00,3219209.00,1000000.00,1709777.00,3979140.00
3200201,50679681.68,53947415.40,43048939.26,7630742.42,29257770.00,2592000.00,2473056.00,37983883.26
3200300,18979020.12,19155057.03,12464315.12,6514705.00,8792000.00,1545975.00,2934901.81,7983438.31
3200359,7230982.93,7230982.93,5920794.00,1310188.93,893500.00,0.00,1960221.00,3960573.00
3200409,21771848.31,23049599.93,19783639.51,1988208.80,8208500.00,1447500.00,6088396.00,12247743.51
3200508,15289975.78,15293137.03,11325913.00,3964062.78,6697381.00,0.00,2874211.00,8451702.00
3200607,26446248.66,32144224.34,15700369.88,10745878.78,2921010.00,1600000.00,5672859.88,8427510.00
3200706,20034593.68,20551394.30,12866957.23,7167636.45,3677400.00,2600000.00,2611724.23,7655233.00
3200805,13175071.15,14599511.60,9964775.15,3210296.00,4647125.15,1000000.00,5837125.15,3127650.00
3200904,14081299.14,14126582.54,10629475.70,3451823.44,4445000.00,893825.70,2000200.00,7735450.00
3201001,16679066.00,16737966.00,12515066.00,4164000.00,5627600.00,3435662.00,4055036.00,5024368.00
3201100,9070235.27,9083489.49,4337520.92,4732714.35,261319.92,323495.00,3101319.92,912706.00
3201159,9639742.00,9639742.00,9139742.00,500000.00,4434000.00,700000.00,1412730.00,7027012.00
3201209,15677432.35,39986883.57,13413276.35,2264156.00,4200000.00,2733055.13,2450000.00,8230221.22
3201308,68212632.52,134873011.21,59285148.98,8927483.54,29242490.00,4200000.00,10545607.84,44539541.14
3201407,14552280.52,16162026.32,10250503.05,4301777.47,3820629.05,400000.00,913874.00,8936629.05
3201506,125218543.10,134201406.81,80133493.10,45085050.00,22780289.50,8000000.00,25580401.00,46553092.10
3201605,18297451.00,18437450.74,11614445.00,6683006.00,5418000.00,495000.00,5383000.00,5736445.00
3201704,13200353.13,13463726.40,10873905.13,2326448.00,4236158.13,2063908.13,1814600.00,6995397.00
3201803,5976063.00,5976063.00,3994313.00,1981750.00,450000.00,0.00,910000.00,3084313.00
3201902,25055394.87,26498660.74,17075300.00,7980094.87,7558500.00,6378034.00,2181206.00,8516060.00
3202009,4485563.76,4485563.76,2868000.00,1617563.76,1368000.00,0.00,0.00,2868000.00
3202108,18301288.46,18919033.43,10933016.48,7368271.98,3404199.48,0.00,4333400.00,6599616.48
3202207,14470417.87,14476816.06,8508469.17,5961948.70,1980000.00,300000.00,1693563.17,6514906.00
3202256,15632956.00,16004755.69,12685499.00,2947457.00,2800000.00,1800000.00,5600117.00,5285382.00
3202306,22112985.13,26535199.75,9940717.13,12172268.00,1496000.00,614989.00,2050500.00,7275228.13
3202405,47841379.56,51647278.19,40986548.00,6854831.56,8285000.00,7658856.00,5476000.00,27851692.00
3202454,13305316.25,13312812.26,11905316.25,1400000.00,2915765.25,4093674.25,1542730.00,6268912.00
3202504,11882172.00,11908991.84,11025172.00,857000.00,4168000.00,3559158.00,3510554.00,3955460.00
3202553,7592809.46,7592809.46,7042809.46,550000.00,1290941.46,2248750.00,2426408.00,2367651.46
3202603,36347358.68,36537358.68,34388358.68,1959000.00,22031163.02,1803413.00,3149535.67,29435410.01
3202652,12111144.32,12111144.32,7857801.00,4253343.32,1546500.00,700000.00,2288480.00,4869321.00
3202702,13523564.28,13563562.22,8608777.48,4914786.80,3000000.00,620000.00,3266666.00,4722111.48
3202801,10463277.00,10501004.78,7732395.00,2730882.00,3232400.00,1552400.00,1099995.00,5080000.00
3202900,8888506.25,10629759.83,6248503.00,2640003.25,2889000.00,0.00,3777231.00,2471272.00
3203007,10732789.21,10732789.21,6749789.21,3983000.00,1047500.00,600000.00,790000.00,5278189.21
3203056,15732838.00,15732838.00,8497958.00,7234880.00,1194000.00,100000.00,2260222.00,6137736.00
3203106,21778486.00,21778486.00,15837936.00,5940550.00,7236176.00,1100000.00,3228000.00,10554936.00
3203130,7176064.00,7700218.66,5207064.00,1969000.00,428641.00,2175113.00,1648641.00,1383310.00
3203163,9281957.00,9284377.00,7750057.00,1531900.00,2787000.00,0.00,4385153.00,3364904.00
3203205,41055386.14,50489873.33,21478617.84,19576768.30,2739000.00,4985572.29,2807000.00,13686045.55
3203304,7122755.00,7122755.00,5565563.00,1557192.00,370000.00,700000.00,2809645.00,2055918.00
3203320,9514451.44,22543961.52,5115451.44,4399000.00,1397500.00,447500.00,1922244.00,2745707.44
3203346,11489969.99,11739749.99,10187161.00,1302808.99,5851000.00,3277000.00,850000.00,6060161.00
3203353,18284840.74,18354140.74,15916903.88,2367936.86,5374710.00,900000.00,8009110.00,7007793.88
3203403,29536580.32,30177179.51,23030677.80,6505902.52,11398654.80,4596000.00,8266917.80,10167760.00
3203502,23674913.68,23802247.93,14320471.72,9354441.96,4456252.50,1498500.00,7205800.00,5616171.72
3203601,4825460.00,4825460.00,3925460.00,900000.00,1250000.00,300000.00,950000.00,2675460.00
3203700,17957908.93,18839669.02,11773656.55,6184252.38,3464000.00,1159953.00,2658000.00,7955703.55
3203809,17097163.52,17450983.52,14224324.12,2872839.40,7892995.73,6734872.23,3415803.39,4073648.50
3203908,28952943.50,39890573.20,22389764.00,6563179.50,9406209.00,3293486.00,10538678.00,8557600.00
3204005,7024796.19,7814296.19,4012367.02,3012429.17,1123400.00,350000.00,1808790.00,1853577.02
3204054,20539020.90,20579020.90,14115889.00,6423131.90,1015250.00,2850000.00,5647521.00,5618368.00
3204104,12810141.22,12850141.02,9955141.22,2855000.00,4461105.22,2155876.00,3845700.00,2607565.22
3204203,10472607.00,10949406.80,7337588.00,3135019.00,1393000.00,2274128.00,2170000.00,2893460.00
3204252,16616889.70,16656888.99,14924671.00,1692218.70,8106800.00,2339062.00,6975517.00,5610092.00
3204302,100000.00,127474.70,100000.00,0.00,0.00,0.00,0.00,100000.00
3204351,8886259.00,8886259.00,7822459.00,1063800.00,1366200.00,2010999.00,1373200.00,4438260.00
3204401,15491172.35,15491172.35,12843619.44,2647552.91,4440335.00,1293000.00,2682419.00,8868200.44
3204500,8256238.00,8756747.79,7796238.00,460000.00,4780000.00,1000000.00,2349882.00,4446356.00
3204559,22513885.16,23071022.61,18116622.10,4397263.06,6920864.00,5812504.00,4452542.24,7851575.86
3204609,12586282.00,14687016.47,11286282.00,1300000.00,4149500.00,2698789.00,4407000.00,4180493.00
3204658,11566462.47,11566464.58,9966462.47,1600000.00,2062500.00,1000000.00,6077275.47,2889187.00
3204708,23137341.70,24243509.81,17193456.00,5943885.70,4875290.00,5374000.00,3580000.00,8239456.00
3204807,13389956.00,13389956.00,8334956.00,5055000.00,3141000.00,0.00,2490500.00,5844456.00
3204906,43191828.84,47820619.82,21605465.38,21586363.46,13580000.00,1583100.00,6821631.82,12992104.00
3204955,10313650.81,10359867.53,9620150.81,693500.00,2585000.00,0.00,4924149.00,4696001.81
3205002,30647217.56,130275863.72,14929420.74,15717796.82,8200857.00,6997500.00,6048559.00,1883361.74
3205010,19450713.85,19450713.85,14450713.85,5000000.00,4847087.85,1496000.00,2491089.00,10463624.85
3205036,24592752.90,24611810.58,20886138.09,3706614.81,10419410.03,2085000.00,4816040.00,13870498.09
3205069,19872547.95,21404321.29,16820192.95,3052355.00,8822250.00,1200000.00,3030000.00,12590192.95
3205101,17102578.55,18564569.84,13746918.24,3355660.31,4403447.39,2860000.00,1699000.00,9085518.24
3205150,10846909.40,10877942.40,7432671.00,3414238.40,3199462.00,1540625.00,1978522.00,3913524.00
3205176,10982425.16,11018968.14,8860015.00,2122410.16,2610500.00,0.00,3556566.00,5303449.00
3205200,67176154.49,172375974.06,52676415.49,14499739.00,24164469.25,4697000.00,6060798.98,40976156.75
3205309,19826000.00,805081526.37,19326000.00,500000.00,11216000.00,3745000.00,2960000.00,12621000.00
3300100,28468617.00,31215491.67,14002385.00,14466232.00,500000.00,8702400.00,3300000.00,1999985.00
3300159,23699848.03,23928081.91,18640640.03,5059208.00,2473841.00,1557908.05,1894000.00,13288731.98
3300209,16134366.64,22455403.93,11098556.82,5035809.82,2511370.00,1310000.00,1800000.00,7988556.82
3300225,11685503.00,11685503.00,11135544.00,549959.00,0.00,500000.00,3032825.00,5188414.00
3300233,37742624.51,38386284.63,31129041.51,6613583.00,1730429.51,6035803.00,10198173.00,10578465.51
3300258,2671585.00,4223355.62,2671585.00,0.00,2671585.00,0.00,0.00,2671585.00
3300308,49852191.09,50266201.28,36804812.09,13047379.00,2668774.00,17846191.00,9768104.00,9190517.09
3300407,102229581.93,114899318.45,59921706.93,42307875.00,6825750.00,24028253.00,5822013.00,28597237.00
3300456,163512224.95,185501595.40,61460577.95,102051647.00,12970000.00,38650000.00,0.00,20810577.95
3300506,10832222.08,10832222.08,9877850.08,954372.00,770000.00,1885450.08,500000.00,7492400.00
3300605,75353405.40,79287870.19,36422262.40,38931143.00,2245000.00,25252498.40,0.00,11169764.00
3300704,155253677.40,156082320.10,81564898.40,73688779.00,4339860.00,37249998.00,1185986.21,42476438.00
3300803,19635227.00,72361442.10,18361595.00,1273632.00,3540159.00,8670421.00,3550000.00,5853473.00
3300902,20875721.93,20910051.25,16142367.93,4733354.00,3557523.93,3473685.00,1993812.00,10182863.93
3300936,7806548.00,7812188.00,5286493.00,2520055.00,3999993.00,500000.00,0.00,4499993.00
3300951,21788149.55,21810077.30,15380462.22,6407687.33,7450462.22,2790462.22,500000.00,12090000.00
3301009,157005587.64,213383995.31,110303651.04,46701936.60,34144753.08,27603631.72,9076069.00,69737050.08
3301108,8191247.51,8191247.51,6192173.05,1999074.46,272347.00,1493243.05,871585.00,3827345.00
3301157,28129786.20,28152265.60,21127680.00,7002106.20,9198316.00,5197404.00,1150464.00,14779812.00
3301207,21095979.78,22425713.12,18674737.78,2421242.00,1535500.00,4794873.00,2931179.00,10648685.78
3301306,27787441.15,30219223.60,22526811.15,5260630.00,6111225.15,11430543.00,1300000.00,8396268.15
3301405,14305467.66,14305467.66,11829352.00,2476115.66,300000.00,2332000.00,2470180.00,7027172.00
3301504,14580449.05,14781699.05,8679388.00,5901061.05,1101683.00,3238750.00,0.00,5440638.00
3301603,10930251.48,10936403.67,7613983.00,3316268.48,2190500.00,2091161.00,1432322.00,4090500.00
3301702,402770841.01,423544783.83,193906418.85,208864422.16,0.00,86492007.45,22928996.00,84485415.40
3301801,10140327.00,10736319.08,6851730.00,3288597.00,300000.00,2169730.00,2000000.00,682000.00
3301850,59698202.06,60848202.06,50081848.06,9616354.00,30790975.21,7800434.53,6794073.13,33487340.40
3301876,39628400.43,39705617.95,34076424.00,5551976.43,15390498.00,11337475.00,3500000.00,19140329.00
3301900,96819590.18,106497019.47,52061996.85,44757593.33,10575000.00,26016233.25,0.00,18445000.00
3302007,17136548.32,52500828.00,6085340.59,11051207.73,1032630.00,2500000.00,400000.00,3185340.59
3302056,32749387.84,32929387.33,25187645.55,7561742.29,8332432.93,3335943.00,800000.00,20805152.55
3302106,21228542.96,21513927.33,14817525.96,6411017.00,1868200.00,3630200.00,3167241.00,8020084.96
3302205,76234545.39,112787697.82,36348612.15,39885933.24,2144425.15,11038562.15,3685182.00,21228868.00
3302254,7044402.75,7381562.75,3847950.25,3196452.50,500000.00,3161727.00,0.00,686223.25
3302270,74481868.67,75164188.77,37719894.93,36761973.74,6915453.08,0.00,15698721.00,18021173.93
3302304,17020595.56,17457711.56,14634305.56,2386290.00,4259300.00,800000.00,500000.00,12572005.56
3302403,1613625.00,6365083.90,1613625.00,0.00,100000.00,0.00,1513625.00,100000.00
3302452,9351129.12,9353529.12,7020688.00,2330441.12,497000.00,1556615.00,300000.00,5164073.00
3302502,106085523.00,109286518.37,24389537.00,81695986.00,5040000.00,2511704.00,5431083.00,16446750.00
3302601,50388358.86,50427249.20,32470417.12,17917941.74,2801325.15,15315913.15,1099995.00,16054508.97
3302700,40571340.00,56101003.77,18745218.00,21826122.00,0.00,4000000.00,2674000.00,12071218.00
3302809,35997735.33,36600035.33,23574276.30,12423459.03,3878110.00,9181882.00,1948000.00,11522978.30
3302858,44925567.00,51888610.50,33462561.00,11463006.00,2000325.00,11515250.00,3094004.00,18853307.00
3302908,68404775.61,68404775.61,57251696.14,11153079.47,24992747.00,19347893.00,400000.00,36491168.00
3303005,32501255.00,32503631.00,28112469.00,4388786.00,3713343.00,8277167.00,2250000.00,16585302.00
3303104,27309866.60,28109806.63,11161950.00,16147916.60,0.00,1670000.00,1400000.00,8091950.00
3303203,77544954.50,87796651.11,26819974.50,50724980.00,3963817.50,8099314.50,4600000.00,11120660.00
3303302,39841712.52,204527663.45,32897450.64,6944261.88,5628492.00,11670706.00,13733396.72,3824692.36
3303401,50465851.97,61867244.37,38145754.39,12320097.58,4730000.00,22592147.39,8797301.00,5956306.00
3303500,50428138.34,99000523.98,23110433.50,27317704.84,2288995.00,6077759.00,1124977.00,15907697.50
3303609,40624973.48,41292489.21,34016552.00,6608421.48,9297440.00,2750000.00,11040112.00,20226440.00
3303708,48508786.00,49769715.45,25926393.00,22582393.00,0.00,5777738.00,2600000.00,14467055.00
3303807,20988031.03,21538031.03,14957214.03,6030817.00,500000.00,1741033.00,1999571.12,10216609.91
3303856,38206034.47,38326219.07,28368434.47,9837600.00,7845600.47,12325421.00,2608994.87,12934018.60
3303906,91704003.20,97948079.01,69125168.41,22578834.79,1000000.00,33143056.64,7060286.00,27975919.83
3303955,13095220.41,13138376.17,9159080.04,3936140.37,1809182.00,1025000.00,1559198.04,5629432.00
3304003,53174890.15,53407053.15,42849105.06,10325785.09,16087911.06,4847818.00,8521985.00,23444552.06
3304102,18845343.92,18845343.92,13566629.92,5278714.00,0.00,1242644.00,3325964.00,8998021.92
3304110,18319855.56,19104303.69,9398701.70,8921153.86,750000.00,5305823.00,1000000.00,3092878.70
3304128,14581278.09,14582267.35,10152956.43,4428321.66,3840365.00,2471931.92,746000.00,6094039.51
3304144,63179166.70,67117606.08,50095569.11,13083597.59,6513871.97,15200000.00,8189568.97,21706000.14
3304151,19020835.00,19052143.71,17604041.00,1416794.00,775841.00,4691700.00,2350000.00,10562341.00
3304201,34198372.40,58240937.31,29532729.40,4665643.00,9850000.00,24640419.00,600000.00,4292310.40
3304300,43137902.83,45125977.72,38024521.63,5113381.20,2400000.00,3405611.63,4896903.00,25422007.00
3304409,16578213.00,16578213.00,14364340.00,2213873.00,325000.00,840070.00,0.00,13524270.00
3304508,10560612.35,10560612.35,7995379.10,2565233.25,896000.00,796379.52,500000.00,5768393.58
3304524,87799453.00,90212943.86,62417110.00,25382343.00,6455000.00,18882110.00,7250000.00,35285000.00
3304557,216104949.38,2372189976.79,78213694.27,137891255.11,38532428.58,9701926.12,21550326.53,44778635.13
3304607,7647691.74,7647691.74,6881990.74,765701.00,2094000.00,800000.00,1458588.00,3633402.74
3304706,40938896.01,63976516.16,24400450.01,16538446.00,5870212.08,5079977.00,2356000.00,16026634.01
3304755,32441467.93,32513002.43,22680635.93,9760832.00,2586514.00,4627892.00,2902165.00,12654012.78
3304805,42883043.60,43086277.23,31259800.00,11623243.60,5272629.00,6298114.00,0.00,23563686.00
3304904,173284132.10,216819038.83,85979733.10,87304399.00,4520000.00,73597727.11,5089192.00,5292813.99
3305000,12681039.02,12975642.09,5880925.00,6800114.02,2777525.00,170000.00,2433400.00,3277525.00
3305109,249597577.43,313496831.99,175499621.57,74097955.86,87052069.83,104300343.83,6848900.00,47773792.74
3305133,10955869.95,11483086.25,7909435.95,3046434.00,198000.00,1928480.00,0.00,5980955.95
3305158,13991121.00,13991121.00,12431121.00,1560000.00,1048000.00,3156000.00,1250000.00,6725121.00
3305208,64285091.55,64799109.92,44548073.73,19737017.82,13170813.00,5798535.73,4090000.00,32659538.00
3305307,9190317.00,9190317.00,3986500.00,5203817.00,1000000.00,500000.00,1250000.00,2236500.00
3305406,25027976.27,25068674.37,12959291.31,12068684.96,280000.00,2194724.00,1750000.00,6514567.31
3305505,8083325.00,8715246.41,8083325.00,0.00,842449.00,500000.00,0.00,7583325.00
3305554,26324824.88,27126768.45,22049484.93,4275339.95,8905206.00,6502023.28,506452.12,15028027.80
3305604,12919811.67,12956306.67,12169811.67,750000.00,2387500.00,100000.00,2500000.00,7169111.02
3305703,12231328.76,12231328.76,6924373.76,5306955.00,0.00,2500000.00,114000.00,3115425.00
3305752,71129809.39,71236039.39,46011849.70,25117959.69,19110676.00,11413077.70,6447457.00,27541315.00
3305802,124211707.85,126053426.39,69185730.10,55025977.75,7131233.12,22044624.17,5706000.00,35075910.78
3305901,9624993.00,9624993.00,6997367.00,2627626.00,420000.00,1150000.00,0.00,5847367.00
3306008,51762262.13,53501520.74,31255574.00,20506688.13,5290000.00,12996524.00,2650000.00,10119050.00
3306107,85459681.24,95841958.29,61776252.00,23683429.24,8263243.00,1750034.00,13599712.00,45826506.00
3306156,12965942.39,12965942.39,5470776.00,7495166.39,220000.00,2926147.00,226724.00,1935905.00
3306206,66712600.12,84721984.19,40548546.00,26164054.12,0.00,16002619.00,1500000.00,19663927.00
3306305,62856161.36,103011506.77,40474485.36,22381676.00,7783161.00,19704216.00,3586361.00,16612148.36
3500105,5450236.00,7979129.57,4546966.00,903270.00,150000.00,1124200.00,300000.00,3122766.00
3500204,3582097.28,3582097.28,2200278.00,1381819.28,397000.00,750000.00,297516.00,1152762.00
3500303,9017450.00,9017450.00,7544389.00,1473061.00,2893500.00,3600000.00,1047498.00,2896891.00
3500402,2993460.00,2993460.00,2193460.00,800000.00,944000.00,300000.00,1343460.00,550000.00
3500501,5474934.33,5474993.79,3412000.00,2062934.33,2087000.00,375000.00,350000.00,2687000.00
3500550,2758816.00,2758816.00,1427712.00,1331104.00,400000.00,300000.00,250000.00,877712.00
3500600,5538500.00,5551967.00,5038500.00,500000.00,4838500.00,4738500.00,100000.00,200000.00
3500709,16351932.81,16582159.85,10899448.61,5452484.20,2192600.00,2660000.00,2065018.00,5992893.66
3500758,4727461.92,4727463.88,2700793.00,2026668.92,567682.00,200000.00,0.00,2148786.00
3500808,3564863.00,3564863.00,1934205.00,1630658.00,100000.00,200000.00,1150000.00,584205.00
3500907,1093000.00,1093000.00,693000.00,400000.00,300000.00,400000.00,0.00,293000.00
3501004,4335916.00,4335916.00,3135916.00,1200000.00,846000.00,400000.00,800000.00,1935916.00
3501103,1440445.00,1440445.00,1290445.00,150000.00,500000.00,400000.00,497516.00,392929.00
3501152,4564616.00,4564616.00,4364616.00,200000.00,2329365.00,639347.00,361365.00,3363904.00
3501202,2282503.00,2282503.00,2282503.00,0.00,530000.00,1267341.00,0.00,1015162.00
3501301,4662200.00,5228702.88,3275200.00,1387000.00,675200.00,200000.00,900000.00,2075200.00
3501400,1823859.00,1823859.00,915859.00,908000.00,350000.00,200000.00,0.00,715859.00
3501509,900000.00,900000.00,900000.00,0.00,300000.00,400000.00,0.00,500000.00
3501608,22797569.26,24945858.50,18678605.91,4118963.35,11441500.00,8048500.00,2307799.91,8322306.00
3501707,6355029.00,6403642.18,4415623.00,1939406.00,3210223.00,1470223.00,1498200.00,1447200.00
3501806,3952843.92,3952843.92,2706324.92,1246519.00,1348123.92,498000.00,0.00,2208324.92
3501905,17135331.93,17135331.93,15731493.55,1403838.38,7145267.00,850000.00,2475375.00,12406118.55
3502002,417247.00,417247.00,417247.00,0.00,0.00,71401.00,0.00,345846.00
3502101,6451801.00,7258941.22,5751801.00,700000.00,1399000.00,1471953.00,1800000.00,2479848.00
3502200,4603640.10,4603640.10,3103640.10,1500000.00,800000.00,300000.00,0.00,2803640.10
3502309,2520094.22,2520094.22,1295852.59,1224241.63,350000.00,100000.00,0.00,938856.00
3502408,4616125.00,4816034.15,4016125.00,600000.00,1123000.00,973000.00,1833029.00,950000.00
3502507,6094762.00,6896236.27,1169792.00,4924970.00,600000.00,520000.00,499792.00,150000.00
3502606,3199600.00,3199600.00,2649600.00,550000.00,297000.00,450000.00,200000.00,1999600.00
3502705,11647022.99,11997763.52,7808665.71,3838357.28,2098000.00,500000.00,2600000.00,4685110.17
3502754,22715384.00,22725623.92,16322742.00,6392642.00,11298500.00,298500.00,4299985.00,11724257.00
3502804,15031170.60,18522012.60,11399839.60,3631331.00,1242187.00,6986312.60,1591090.00,2822437.00
3502903,13271710.99,13478382.99,9047782.99,4223928.00,2526245.35,1933745.35,199862.00,6905391.73
3503000,2120581.00,2120590.80,1920581.00,200000.00,978000.00,750000.00,0.00,1170581.00
3503109,4980800.00,4980800.00,3227500.00,1753300.00,2227500.00,2527500.00,400000.00,300000.00
3503158,3653652.00,3653652.00,2653652.00,1000000.00,1300000.00,167297.00,150000.00,2336355.00
3503208,24002042.22,35112660.99,19341209.22,4660833.00,10569500.00,7493000.00,7215710.22,3199999.00
3503307,30853837.45,33143778.17,24186286.45,6667551.00,1790750.00,16678417.00,700645.00,6807224.45
3503356,1525451.95,1555451.95,1025451.95,500000.00,0.00,100000.00,20462.28,904989.67
3503406,2627022.06,3744635.23,2250000.00,377022.06,400000.00,1200000.00,0.00,1050000.00
3503505,3241930.00,3241930.00,2491930.00,750000.00,1241930.00,0.00,150000.00,2341930.00
3503604,6642326.00,6642326.00,4901168.00,1741158.00,1100000.00,450000.00,1579922.00,2871246.00
3503703,3152952.00,3152952.00,2952952.00,200000.00,1123000.00,1375000.00,300000.00,1277952.00
3503802,9795564.56,10513148.86,7595564.56,2200000.00,2738000.00,1390000.00,1148000.00,5014999.00
3503901,32496563.18,32606444.55,24692069.18,7804494.00,8947722.18,399999.00,8453744.00,15838326.18
3503950,792575.00,950704.85,692575.00,100000.00,200000.00,150000.00,150000.00,392575.00
3504008,8550520.00,10801437.11,7700520.00,850000.00,800000.00,3730000.00,750000.00,3220520.00
3504107,17343612.93,18442111.61,10689102.30,6654510.63,2300000.00,4894278.00,300000.00,4998981.19
3504206,2738665.00,3877167.00,2738665.00,0.00,896500.00,1048000.00,948084.00,742581.00
3504305,3284152.00,3284152.00,2790652.00,493500.00,199000.00,715874.00,33126.00,2041652.00
3504404,3818104.00,3818104.00,3196148.00,621956.00,1107500.00,300000.00,1957489.00,938659.00
3504503,12783555.14,14558740.56,7863489.32,4920065.82,2424739.32,2250000.00,1682239.32,2931250.00
3504602,3674204.00,4047132.71,3274204.00,400000.00,696000.00,400000.00,663398.00,2210806.00
3504701,951000.00,951000.00,897500.00,53500.00,497500.00,200000.00,0.00,697500.00
3504800,4385529.00,4385529.00,3184425.00,1201104.00,1238487.00,936856.00,0.00,2247569.00
3504909,3496356.00,3539556.00,2996356.00,500000.00,1837500.00,70000.00,597500.00,2328856.00
3505005,6110890.48,6110890.48,3581024.34,2529866.14,1922250.00,400000.00,179884.00,3001140.34
3505104,2201331.00,2201331.00,2201331.00,0.00,1370000.00,400000.00,120000.00,1681331.00
3505203,4962900.00,6292145.96,4812900.00,150000.00,1552981.00,956981.00,900000.00,2955919.00
3505302,11618378.00,12616841.75,10263462.00,1354916.00,3189604.00,2795668.00,2625000.00,4842794.00
3505351,1210369.00,1210369.00,729265.00,481104.00,100000.00,100000.00,0.00,501395.00
3505401,3886685.34,4136685.34,3455960.00,430725.34,577600.00,440000.00,2015960.00,1000000.00
3505500,32720328.30,60387562.64,30271472.30,2448856.00,21091000.00,6277491.50,17305000.00,6688980.80
3505609,14852698.75,15051940.72,9352823.00,5499875.75,5493500.00,6429426.00,779897.00,2143500.00
3505708,41302102.60,113820601.25,38852102.60,2450000.00,17299000.00,400000.00,850000.00,37602102.60
3505807,6148885.73,6298185.73,5127993.00,1020892.73,100000.00,1050000.00,950000.00,3127993.00
3505906,11655314.00,45229930.88,7220000.00,4435314.00,2990000.00,700000.00,1296000.00,5224000.00
3506003,45287065.83,48943628.79,32395329.50,12891736.33,5267425.00,12080630.00,12042252.50,8272447.00
3506102,17605939.58,17606628.55,11630480.09,5975459.49,7807627.00,950000.00,599899.00,9982462.36
3506201,2688416.00,2688416.00,1954211.00,734205.00,328932.00,328932.00,100000.00,1525279.00
3506300,9096038.00,9117738.00,8709538.00,386500.00,3216996.00,3729856.00,950000.00,4029682.00
3506359,27184673.00,37162194.34,23117770.00,4066903.00,7464293.00,3139877.00,2100000.00,17567293.00
3506409,5624167.00,5624167.00,4703311.00,920856.00,1275000.00,1725000.00,1678311.00,1300000.00
3506508,10753207.80,11552753.36,9941218.00,811989.80,4525233.00,1950683.00,4107750.00,3882785.00
3506607,20339873.18,20339873.18,12518929.47,7820943.71,6077960.03,5935093.00,100000.00,6145960.03
3506706,5824017.00,5824017.00,4376000.00,1448017.00,2276000.00,1180000.00,1000000.00,2196000.00
3506805,3484500.00,3484500.00,2448000.00,1036500.00,1198000.00,1050000.00,100000.00,1298000.00
3506904,5173658.00,5173658.00,3973658.00,1200000.00,1391000.00,596000.00,739144.00,2638514.00
3507001,37117086.17,39903209.15,23691070.95,13426015.22,16728413.00,1892904.00,750000.00,21048166.95
3507100,7055831.40,7191647.40,5387306.00,1668525.40,2800000.00,787306.00,1120000.00,3480000.00
3507159,2643931.19,2643931.19,1341000.00,1302931.19,891000.00,0.00,0.00,1341000.00
3507209,825256.00,825256.00,825256.00,0.00,339365.00,285891.00,0.00,539365.00
3507308,4658716.00,4658716.00,4118716.00,540000.00,1713841.00,498000.00,650000.00,2970716.00
3507407,5428381.00,5799202.00,4728381.00,700000.00,1048000.00,2035800.00,1295000.00,1397581.00
3507456,2825068.19,2825068.19,2343068.19,482000.00,618000.00,100000.00,1000000.00,1243068.19
3507506,5417339.50,9646651.03,3167899.50,2249440.00,827000.00,500000.00,877000.00,1790899.50
3507605,23986389.69,26816627.20,17911229.03,6075160.66,1261258.03,6650000.00,2389159.00,8872070.03
3507704,2850511.00,2850511.00,1902319.00,948192.00,400000.00,100000.00,565013.00,1237306.00
3507753,1573490.46,1573490.46,1007284.00,566206.46,300000.00,100000.00,100000.00,807284.00
3507803,4700108.07,4896108.07,3774200.00,925908.07,1100000.00,700000.00,1200000.00,1874200.00
3507902,3833750.00,3833760.02,3833750.00,0.00,850000.00,1595000.00,450000.00,1788750.00
3508009,3424998.00,15152312.06,2899998.00,525000.00,70000.00,100000.00,869998.00,1930000.00
3508108,5059932.85,5059932.85,4073883.00,986049.85,1395000.00,572600.00,899283.00,2602000.00
3508207,673685.00,673685.00,673685.00,0.00,0.00,100000.00,0.00,573685.00
3508306,2665943.00,2703017.30,2345943.00,320000.00,1096000.00,700000.00,1245943.00,400000.00
3508405,8052427.63,8261445.33,6460031.57,1592396.06,4177500.00,3506177.16,692532.00,2261322.41
3508504,14259705.87,14841558.12,10328539.25,3931166.62,1324500.00,1874928.25,3057611.00,5396000.00
3508603,11484992.00,11562251.94,8202992.00,3282000.00,1475000.00,1027992.00,1275000.00,5900000.00
3508702,2908350.00,4065650.46,1682275.00,1226075.00,1212300.00,0.00,936275.00,746000.00
3508801,4194923.32,4954769.35,3254808.00,940115.32,597000.00,150000.00,1076143.00,2028665.00
3508900,4640616.00,4640616.00,2457712.00,2182904.00,896000.00,0.00,0.00,2457712.00
3509007,32569576.08,32990258.56,25482260.08,7087316.00,8708390.08,4663985.00,1983000.00,18835275.08
3509106,3182210.00,3182210.00,2201106.00,981104.00,628000.00,100000.00,832228.00,934628.00
3509205,60552931.99,64574164.31,50581348.00,9971583.99,21491880.00,7500000.00,9126000.00,33955348.00
3509254,2467207.00,2469831.77,2147207.00,320000.00,120000.00,620000.00,496122.00,1031085.00
3509304,10190107.00,11277126.37,9509003.00,681104.00,5331000.00,2378003.00,2586000.00,4545000.00
3509403,2469967.00,6209738.28,2469967.00,0.00,800000.00,100000.00,649977.00,1719990.00
3509452,3560177.00,3560177.00,3078821.00,481356.00,490000.00,0.00,800000.00,2278821.00
3509502,80626817.76,117512051.96,68294393.35,12332424.41,42248853.38,6851401.40,21021445.38,40349921.57
3509601,6986893.00,7004141.65,6602893.00,384000.00,5476837.00,1340000.00,1150000.00,4112893.00
3509700,6892779.00,7142702.98,5416767.00,1476012.00,2083500.00,1247500.00,299878.00,3869389.00
3509809,3640099.00,3640099.00,3077500.00,562599.00,927500.00,1400000.00,280000.00,1397500.00
3509908,8022367.12,8022367.12,4205716.00,3816651.12,200000.00,1100000.00,1100000.00,2005716.00
3509957,3037581.00,3037581.00,2387581.00,650000.00,1195000.00,900000.00,0.00,1487581.00
3510005,11813899.15,11813899.15,10718295.00,1095604.15,4423524.00,2400000.00,1147416.00,7170879.00
3510104,1542986.00,1542986.00,1192986.00,350000.00,300000.00,900000.00,100000.00,192986.00
3510153,1650000.00,1650000.00,1650000.00,0.00,650000.00,850000.00,200000.00,600000.00
3510203,16374322.19,19055156.38,13712317.00,2662005.19,8961798.00,1699669.00,813798.00,11198850.00
3510302,7929107.06,7929107.06,6937507.06,991600.00,4519097.06,450000.00,0.00,6487507.06
3510401,19668884.22,21405063.46,14357162.20,5311722.02,3160001.00,6618563.19,2950000.00,2788599.01
3510500,41505595.09,44425837.80,25500481.35,16005113.74,8724075.00,8247000.00,1896500.00,15356981.35
3510609,169020625.50,173182836.77,156020186.01,13000439.49,138192742.50,56909991.50,6822000.00,92288194.51
3510708,6707682.78,6707682.78,5489590.00,1218092.78,1293500.00,2136856.00,100000.00,3252734.00
3510807,10645671.45,10645671.45,8197150.00,2448521.45,2647500.00,3350000.00,1147425.00,3699725.00
3510906,2321951.02,2321951.02,1883095.02,438856.00,600000.00,990575.02,99939.00,792581.00
3511003,3146765.00,3149271.19,2398219.00,748546.00,600000.00,600000.00,999919.00,798300.00
3511102,22150127.40,24761114.22,17696217.40,4453910.00,13076363.40,4271585.00,500000.00,12924632.40
3511201,3728886.13,3728886.13,3052205.00,676681.13,898000.00,300000.00,500000.00,2252205.00
3511300,2249949.00,2508177.08,2249949.00,0.00,200000.00,700000.00,250000.00,1299949.00
3511409,6542080.50,7247071.74,5842306.00,699774.50,2255000.00,2130000.00,500000.00,3212306.00
3511508,6145745.40,6458420.00,5096792.40,1048953.00,695000.00,250000.00,250000.00,4596792.40
3511607,4680204.00,4852048.83,2580204.00,2100000.00,290000.00,650000.00,200000.00,1730204.00
3511706,2890816.00,2890816.00,2690816.00,200000.00,367896.00,750000.00,100000.00,1840816.00
3511904,2492073.00,2695661.00,1692073.00,800000.00,417500.00,281992.00,397500.00,1012581.00
3512001,6888179.50,7462747.50,4498364.00,2389815.50,1993000.00,1000000.00,700000.00,2798364.00
3512100,3655155.00,3655155.00,2916299.00,738856.00,1000000.00,1000000.00,350000.00,1566299.00
3512209,8942364.79,9136518.42,6651364.79,2291000.00,2266000.00,2150000.00,950000.00,3551364.79
3512308,2500000.00,2546374.27,1900000.00,600000.00,550000.00,700000.00,600000.00,600000.00
3512407,13380884.05,13380884.05,8562309.00,4818575.05,3077000.00,5027000.00,1020000.00,2515309.00
3512506,2295978.00,2295978.00,2215978.00,80000.00,1044000.00,72490.00,2043488.00,100000.00
3512605,4903942.60,4903942.60,3337484.00,1566458.60,970000.00,250000.00,269074.00,2818410.00
3512704,3825561.00,3825561.00,3425561.00,400000.00,796000.00,930000.00,550000.00,1945561.00
3512803,17716112.00,18752725.88,12304133.00,5411979.00,4310000.00,2698000.00,3840000.00,5766133.00
3512902,4309089.00,4309089.00,3581977.00,727112.00,2143500.00,588856.00,500000.00,2493121.00
3513009,107050051.49,146933377.85,60665447.00,46384604.49,54877743.00,3540000.00,25699958.00,31425489.00
3513108,10898892.58,11039188.28,6778030.67,4120861.91,2188886.67,596317.00,500000.00,5681713.67
3513207,2587251.00,2587251.00,1287251.00,1300000.00,50000.00,350000.00,499945.00,437306.00
3513306,3488751.21,3488751.21,3346163.01,142588.20,798000.00,477194.00,398000.00,2279969.01
3513405,32881048.06,37710901.34,21860344.06,11020704.00,11250716.66,5422358.40,300000.00,16137985.66
3513504,7658889.00,9994644.00,4712856.00,2946033.00,1293000.00,2632996.00,100000.00,1206710.00
3513603,14971215.00,15818386.01,5938682.00,9032533.00,369682.00,3669000.00,400000.00,1869682.00
3513702,9588801.61,9754645.61,6093007.00,3495794.61,1887000.00,799000.00,200000.00,5094007.00
3513801,74809305.95,85615399.41,62332883.95,12476422.00,16801431.15,3278689.00,17418923.80,41635271.15
3513850,2405958.00,2405958.00,1141958.00,1264000.00,0.00,200000.00,0.00,941958.00
3513900,2054000.00,2544000.00,1754000.00,300000.00,754000.00,100000.00,648000.00,1006000.00
3514007,1456000.00,1456000.00,849000.00,607000.00,299000.00,100000.00,150000.00,599000.00
3514106,4587588.00,6117377.71,3632588.00,955000.00,1261525.00,850000.00,468025.00,2314563.00
3514205,3667546.00,3667546.00,2943734.00,723812.00,944000.00,600000.00,498000.00,1845734.00
3514304,2233697.00,2233697.00,1507841.00,725856.00,807841.00,1209841.00,0.00,298000.00
3514403,6183527.00,8599028.33,5307454.00,876073.00,2017470.00,1388856.00,200000.00,3718598.00
3514502,5530525.00,5979485.59,5330525.00,200000.00,2031519.00,2111480.00,910000.00,2309045.00
3514601,2494000.00,2494000.00,1794000.00,700000.00,944000.00,598000.00,150000.00,946000.00
3514700,4285612.35,4285612.35,3648142.00,637470.35,972000.00,1597000.00,499961.00,1551181.00
3514809,6942178.65,10034160.04,6183860.00,758318.65,1246000.00,900000.00,3095872.00,2187988.00
3514908,10483287.00,10483287.00,9409600.00,1073687.00,4824600.00,435000.00,785600.00,8189000.00
3514924,2330278.00,2330278.00,1142972.00,1187306.00,0.00,300000.00,100000.00,742972.00
3514957,3601799.00,3601799.00,2291780.00,1310019.00,914910.00,734205.00,300000.00,1257575.00
3515004,120781360.22,124502117.99,104534918.21,16246442.01,30558887.21,24500000.00,6800000.00,73234918.21
3515103,23373382.11,23398374.01,19834391.52,3538990.59,8360917.52,1592000.00,4197500.00,13044891.52
3515129,1173306.00,1173306.00,686000.00,487306.00,200000.00,0.00,300000.00,386000.00
3515152,8741907.66,8991907.66,8141907.66,600000.00,2043500.00,1784205.43,2147500.00,3846000.00
3515186,11504114.00,17698979.30,9664205.00,1839909.00,3660000.00,1200000.00,1470000.00,6994205.00
3515194,4698159.00,4698159.00,3174737.00,1523422.00,1624737.00,550000.00,1296000.00,1328737.00
3515202,4323581.63,4323581.63,3388994.00,934587.63,1046000.00,1050000.00,100000.00,2238994.00
3515301,3805979.00,3805979.00,3805979.00,0.00,2683000.00,50000.00,2722706.00,1033273.00
3515350,7818620.64,8117036.69,6520129.97,1298490.67,3159604.00,0.00,3726167.97,2693962.00
3515400,7193851.00,7985902.18,5438851.00,1755000.00,2440446.00,2500000.00,1098405.00,1840446.00
3515509,17931504.03,19230013.22,10742076.00,7189428.03,1600000.00,5982000.00,400000.00,4360076.00
3515608,4099999.00,4099999.00,3399999.00,700000.00,0.00,200000.00,1000000.00,2199999.00
3515657,1388856.00,1388856.00,900000.00,488856.00,100000.00,0.00,500000.00,400000.00
3515707,61855736.07,64434244.28,39689405.28,22166330.79,27052278.00,236282.64,3961731.80,34560278.00
3515806,1025000.00,1025000.00,643000.00,382000.00,350000.00,0.00,50000.00,593000.00
3515905,2310446.00,2310446.00,2310446.00,0.00,935446.00,1540446.00,0.00,770000.00
3516002,1713086.93,1735711.57,1097500.00,615586.93,747500.00,200000.00,0.00,897500.00
3516101,2727512.00,2727512.00,2701036.00,26476.00,848000.00,850000.00,471686.00,1279350.00
3516200,5321961.00,13225286.38,5131750.00,190211.00,2793000.00,900000.00,2496000.00,1735750.00
3516309,26100050.99,26245624.03,10283625.00,15816425.99,5042000.00,250000.00,9283625.00,750000.00
3516408,29910076.73,33410147.15,21517444.00,8392632.73,3492606.00,299838.00,16617606.00,4600000.00
3516507,1809010.80,1809010.80,1459010.80,350000.00,300000.00,50000.00,0.00,1409010.80
3516606,2899505.00,2991934.01,2049931.00,849574.00,0.00,700000.00,350000.00,999931.00
3516705,3560167.39,3867222.59,2642412.39,917755.00,0.00,1000000.00,300000.00,1342412.39
3516804,1042573.00,1042573.00,642573.00,400000.00,150000.00,0.00,299992.00,342581.00
3516853,1390551.00,1390551.00,1390551.00,0.00,1197970.00,0.00,1297970.00,92581.00
3516903,6645022.00,7323210.50,2985362.00,3659660.00,348000.00,550000.00,850000.00,1585362.00
3517000,3438715.44,3438715.44,2830245.00,608470.44,594000.00,498000.00,1539664.00,792581.00
3517109,746931.00,746931.00,646931.00,100000.00,0.00,0.00,150000.00,496931.00
3517208,2647802.00,2662395.25,2467802.00,180000.00,700000.00,500000.00,499960.00,1467842.00
3517307,4757766.45,4757766.45,3412457.45,1345309.00,1817424.45,300000.00,423424.45,2689033.00
3517406,5035353.00,6153934.12,4535353.00,500000.00,1020000.00,550000.00,150000.00,3835353.00
3517505,3476000.00,3546895.00,2876000.00,600000.00,1826000.00,498000.00,730000.00,1648000.00
3517604,5819200.00,6019198.14,4969200.00,850000.00,2305000.00,300000.00,1074200.00,3595000.00
3517703,5842395.00,5842395.00,5255895.00,586500.00,2093000.00,300000.00,500000.00,4455895.00
3517802,2966330.13,2966330.13,2448364.13,517966.00,250000.00,850000.00,691792.71,550000.00
3517901,3615000.00,3615000.00,3315000.00,300000.00,2215000.00,470000.00,350000.00,2495000.00
3518008,2971181.00,2971181.00,2139581.00,831600.00,447000.00,150000.00,600000.00,1289581.00
3518107,1756685.00,1806675.87,1190238.00,566447.00,498000.00,798000.00,99657.00,292581.00
3518206,3763983.00,4500709.58,2320000.00,1443983.00,670000.00,680000.00,250000.00,1390000.00
3518305,47583461.25,47665928.85,34286388.35,13297072.90,25487627.00,27286388.35,0.00,7000000.00
3518404,18651808.33,22483045.48,11007680.00,7644128.33,598000.00,3641000.00,1000000.00,6366680.00
3518503,6376709.50,6376709.50,5046853.50,1329856.00,1915817.50,280317.50,1145000.00,3621536.00
3518602,8598972.20,9643170.20,6220253.00,2378719.20,2892000.00,1168000.00,2318397.00,2733856.00
3518701,75831212.83,78157938.10,24946592.39,50884620.44,6077054.00,6629993.00,6834212.66,10922386.73
3518800,122427901.42,142255497.88,63363164.08,59064737.34,10749771.08,14871593.08,24599204.00,23892367.00
3518859,2519932.96,2519932.96,1661000.00,858932.96,300000.00,150000.00,1411000.00,100000.00
3518909,3756019.00,3756019.00,2496000.00,1260019.00,896000.00,800000.00,498500.00,1197500.00
3519006,4638355.00,4638355.00,3836841.00,801514.00,748500.00,400000.00,1256271.00,2180570.00
3519055,4143667.86,4184902.06,3169298.00,974369.86,670000.00,1000000.00,400000.00,1769298.00
3519071,63337999.79,76663649.49,42121939.59,21216060.20,23126467.00,1410019.00,21504015.59,19207905.00
3519105,5840993.00,5840993.00,5004621.00,836372.00,2127000.00,1197000.00,1079757.00,2727864.00
3519204,3875191.00,3875191.00,3463080.00,412111.00,1300000.00,2250000.00,300000.00,913080.00
3519253,3489685.20,3489685.20,2099925.00,1389760.20,650000.00,0.00,1499925.00,600000.00
3519303,4722598.00,4731211.00,3828581.00,894017.00,1426000.00,1330000.00,956000.00,1542581.00
3519402,7044654.76,7044654.76,3983504.52,3061150.24,2640000.00,2000000.00,100000.00,1883504.52
3519501,6272301.76,6272301.76,5938121.76,334180.00,1162313.00,1889632.00,100000.00,2148637.53
3519600,6367259.00,6463061.00,6367259.00,0.00,2000000.00,2150000.00,350000.00,3867259.00
3519709,26004845.54,26446873.29,20981818.54,5023027.00,6932071.80,1021357.14,3512434.47,16448026.93
3519808,7488250.00,7565662.45,7200889.00,287361.00,4677209.00,548000.00,6061990.00,590899.00
3519907,5116330.19,5116330.19,3461330.19,1655000.00,1198000.00,200000.00,406965.19,2854365.00
3520004,5765115.14,5765115.14,5165115.14,600000.00,3356000.00,1009115.14,425000.00,3731000.00
3520103,11865063.25,12306395.98,4639304.00,7225759.25,2144000.00,200000.00,1000000.00,3439304.00
3520202,10855252.74,10855252.74,3349947.00,7505305.74,500000.00,200000.00,500000.00,2649947.00
3520301,21804114.69,22554114.69,7886048.00,13918066.69,1900000.00,3509962.00,200000.00,4176086.00
3520400,7130890.00,7132715.00,6530890.00,600000.00,497000.00,5756944.00,0.00,648946.00
3520426,9469574.00,9469574.00,8219574.00,1250000.00,3543500.00,3138856.00,1999912.00,3080806.00
3520442,1889384.53,2100884.86,1569575.00,319809.53,569682.00,429682.00,789893.00,350000.00
3520509,16815712.00,270998416.94,15010000.00,1805712.00,1000000.00,2810000.00,500000.00,11700000.00
3520608,2218852.00,2218852.00,1495500.00,723352.00,945500.00,50000.00,0.00,1445500.00
3520707,2053357.96,2152910.06,1853357.96,200000.00,646000.00,0.00,200000.00,1653357.96
3520806,2849978.00,2849978.00,2849978.00,0.00,689978.00,950000.00,450000.00,1449978.00
3520905,8132312.50,8224212.50,7346189.00,786123.50,1497500.00,100000.00,2000007.00,5246182.00
3521002,15653755.69,15749653.19,13016755.69,2637000.00,7429500.00,200000.00,795968.00,12020787.69
3521101,4069842.00,4069842.00,3769842.00,300000.00,850000.00,2381104.00,449988.00,938750.00
3521150,550000.00,550000.00,400000.00,150000.00,100000.00,100000.00,100000.00,200000.00
3521200,3629988.00,3629988.00,3529988.00,100000.00,1346000.00,678856.00,1081172.00,1769960.00
3521309,4969894.14,4969894.14,4045155.00,924739.14,2190000.00,1901185.00,200000.00,1943970.00
3521408,19774592.72,19778251.42,15486833.00,4287759.72,10831000.00,13161000.00,476004.00,1849829.00
3521507,1042581.00,1042581.00,692581.00,350000.00,200000.00,200000.00,0.00,492581.00
3521606,1288856.00,1288856.00,1288856.00,0.00,0.00,100000.00,300000.00,888856.00
3521705,2766867.00,3866212.42,2143806.00,623061.00,920000.00,0.00,920000.00,1223806.00
3521804,4957014.12,4957014.12,4415588.00,541426.12,1442500.00,400000.00,1186883.00,2828705.00
3521903,4843716.00,5227436.00,3943716.00,900000.00,2693813.00,700000.00,350000.00,2893716.00
3522000,1249995.00,1253295.00,1249995.00,0.00,300000.00,400000.00,0.00,849995.00
3522109,20132055.50,21732860.00,11806314.01,8325741.49,4609000.00,608401.00,250000.00,10947913.01
3522158,4211338.80,4212868.80,3720254.00,491084.80,950000.00,987993.00,1632261.00,1100000.00
3522208,67540615.00,68054841.20,43296980.00,24243635.00,13171500.00,5438507.00,13439136.00,24419337.00
3522307,18354890.03,19638798.96,11005781.00,7349109.03,2300000.00,1150000.00,750000.00,8105781.00
3522406,13586385.00,15519820.77,11486850.00,2099535.00,1050000.00,2550000.00,1599264.00,6382586.00
3522505,96268964.23,102757486.83,76461181.00,19807783.23,34973155.00,12230000.00,8076539.00,55654642.00
3522604,9121836.72,9904871.68,7604877.72,1516959.00,1799000.00,1474000.00,2263544.72,3867333.00
3522653,3385403.00,3385403.00,2581785.00,803618.00,450000.00,100000.00,1281785.00,1200000.00
3522703,10048265.19,10048265.19,5753495.19,4294770.00,1963000.00,1150000.00,770476.19,3833019.00
3522802,5039055.06,5039055.06,2975315.00,2063740.06,898000.00,200000.00,127315.00,2648000.00
3522901,4076162.00,4145418.09,3076162.00,1000000.00,600000.00,900000.00,626162.00,1550000.00
3523008,1293425.15,1293425.15,1293425.15,0.00,503425.15,230000.00,963425.15,100000.00
3523107,56907132.27,61785334.11,46988810.27,9918322.00,25735102.00,17117403.20,5669895.07,24201512.00
3523206,14077222.93,14478887.60,11252022.00,2825200.93,4905470.00,350000.00,1299884.00,9602138.00
3523305,4920080.93,5116080.93,3848569.93,1071511.00,1500023.93,2504023.93,300000.00,1044546.00
3523404,24152591.48,25223641.75,21648307.48,2504284.00,13929448.00,150000.00,1299867.00,20128472.00
3523503,3650272.00,3650272.00,3200272.00,450000.00,1600273.00,1250273.00,0.00,1949999.00
3523602,2886605.00,2965005.00,2538588.00,348017.00,678000.00,591000.00,249588.00,1698000.00
3523701,1666438.00,1666438.00,1025000.00,641438.00,50000.00,400000.00,0.00,625000.00
3523800,2479367.00,2479367.00,2179367.00,300000.00,1080000.00,0.00,765162.00,1414205.00
3523909,43965368.96,45061066.82,32954618.96,11010750.00,5775000.00,5567500.00,1832155.00,20554963.96
3524006,9632767.00,10145412.91,7691644.00,1941123.00,1135000.00,1975999.00,800000.00,4915645.00
3524105,13345180.80,14043325.80,4671437.00,8673743.80,2540000.00,600000.00,692581.00,3378856.00
3524204,3260205.00,3260205.00,2960205.00,300000.00,1396000.00,500000.00,80000.00,2380205.00
3524303,10008089.06,10565374.28,7765165.06,2242924.00,2253178.06,1150000.00,348625.00,6266540.06
3524402,26574561.51,29936421.62,15012901.51,11561660.00,7502512.08,2800000.00,3179957.08,9032944.43
3524501,3078848.00,4283721.16,950000.00,2128848.00,600000.00,100000.00,100000.00,750000.00
3524600,4013266.60,4155479.88,3247237.00,766029.60,997500.00,1300000.00,400000.00,1547237.00
3524709,17194683.00,18734911.84,14958983.00,2235700.00,6996781.00,4427500.00,0.00,10531483.00
3524808,17095076.00,18316772.18,13274447.00,3820629.00,5479000.00,6904585.00,900000.00,5469862.00
3524907,3582985.00,3582985.00,2782985.00,800000.00,1883003.00,350000.00,985503.00,1447482.00
3525003,24297643.60,24393403.63,21532105.60,2765538.00,6793237.00,1900000.00,3655314.00,15876791.60
3525102,4113752.00,4240698.97,2749648.00,1364104.00,1495000.00,605000.00,350000.00,1794648.00
3525201,8934804.00,9213152.48,7235919.00,1698885.00,6123896.00,100000.00,2087306.00,5048613.00
3525300,9083570.91,12703182.61,7573756.00,1509814.91,2267300.00,2767604.00,999996.00,3806156.00
3525409,800000.00,800000.00,800000.00,0.00,0.00,100000.00,0.00,700000.00
3525508,20499687.41,21303783.60,3502267.00,16997420.41,1845500.00,741000.00,2061267.00,700000.00
3525607,2124046.61,2124046.61,1109015.61,1015031.00,150000.00,100000.00,100000.00,909015.61
3525706,12956039.00,13324198.22,7181264.00,5774775.00,1595000.00,3200000.00,2100000.00,1881264.00
3525805,1671334.00,1671334.00,1287129.00,384205.00,0.00,600000.00,0.00,687129.00
3525854,1181104.00,1181104.00,981104.00,200000.00,200000.00,0.00,100000.00,881104.00
3525904,23390993.94,33141216.49,20041903.37,3349090.57,4638709.00,700000.00,9384301.00,9957602.37
3526001,5363226.00,5653240.46,4206422.00,1156804.00,2462288.00,1434205.00,529968.00,2242249.00
3526100,11091742.98,11291742.98,4602518.00,6489224.98,2065663.00,3372876.00,250000.00,979642.00
3526209,15492262.00,16638928.00,11509672.00,3982590.00,6137604.00,750000.00,5821483.00,4938189.00
3526308,4711867.00,4712464.50,3899205.00,812662.00,700000.00,2915000.00,0.00,984205.00
3526407,5679192.00,7061140.02,4929192.00,750000.00,1448000.00,500000.00,650088.00,3779104.00
3526506,3169477.78,3169477.78,2446900.00,722577.78,150000.00,875000.00,0.00,1400000.00
3526605,5187482.00,5187482.00,4387482.00,800000.00,3137500.00,0.00,0.00,4387482.00
3526704,22326339.42,23398740.91,14851960.34,7474379.08,3098500.00,7034000.00,1989003.00,5828957.34
3526803,13692694.87,15218870.32,11093686.97,2599007.90,2410000.00,3910000.00,3754179.05,3429507.92
3526902,41621390.77,46204827.61,31904173.54,9717217.23,12630683.00,26084173.54,900000.00,4920000.00
3527009,4626000.00,4626000.00,3544000.00,1082000.00,2294000.00,500000.00,848000.00,2196000.00
3527108,16961865.93,18075855.84,13876628.80,3085237.13,3614500.00,5607476.00,300000.00,7969152.80
3527207,14466057.93,14721649.05,8140845.00,6325212.93,3490000.00,2401104.00,1700000.00,4039741.00
3527256,1509992.00,1509992.00,1209992.00,300000.00,100000.00,200000.00,409992.00,600000.00
3527306,9877580.00,11631976.07,9577580.00,300000.00,5877580.00,3750000.00,2245000.00,3582580.00
3527405,5551301.03,6395942.82,5362488.50,188812.53,2121287.50,1096500.00,781287.50,3484701.00
3527504,2093500.00,2093500.00,1743500.00,350000.00,993500.00,200000.00,1343500.00,200000.00
3527603,7666565.91,8543225.91,4317900.00,3348665.91,2591500.00,500000.00,596500.00,3221400.00
3527702,3398694.00,3398694.00,2728132.00,670562.00,700000.00,548135.00,1579997.00,600000.00
3527801,1631959.00,1631959.00,1249959.00,382000.00,100000.00,450000.00,299959.00,500000.00
3527900,755296.10,755296.10,350000.00,405296.10,100000.00,200000.00,0.00,150000.00
3528007,4536814.00,4536814.00,3747958.00,788856.00,1748000.00,1599958.00,0.00,2148000.00
3528106,1227306.00,1587274.00,927306.00,300000.00,50000.00,390000.00,0.00,537306.00
3528205,2924806.00,2924806.00,2704806.00,220000.00,1697500.00,1784806.00,100000.00,820000.00
3528304,1042581.00,1042581.00,1042581.00,0.00,500000.00,350000.00,0.00,692581.00
3528403,13316289.58,13329350.58,10429184.58,2887105.00,6540874.58,1140000.00,2130500.00,6108184.58
3528502,76310806.05,76571543.54,64327401.80,11983404.25,50647320.80,8500873.80,14172092.00,41654436.00
3528601,6787160.00,6790496.00,6287160.00,500000.00,2650000.00,750000.00,200000.00,5337160.00
3528700,2172731.00,2188027.82,2072731.00,100000.00,766000.00,0.00,1674731.00,398000.00
3528809,5865290.20,6910510.55,3365792.00,2499498.20,565792.00,2050000.00,415792.00,900000.00
3528858,2127437.00,2127437.00,1827437.00,300000.00,596000.00,200000.00,698000.00,929437.00
3528908,742581.00,742581.00,742581.00,0.00,0.00,200000.00,0.00,542581.00
3529005,45699135.33,54320200.53,28411386.88,17287748.45,5081609.00,16385609.00,1670000.00,8255777.88
3529104,899974.00,899974.00,899974.00,0.00,200000.00,100000.00,0.00,799974.00
3529203,8042726.00,10211667.90,6029448.00,2013278.00,800000.00,850000.00,750000.00,4429448.00
3529302,9433660.59,10206300.52,6376185.50,3057475.09,2948390.50,798000.00,3410503.00,2167682.50
3529401,57842621.68,66420844.73,43477209.94,14365411.74,21640668.99,432380.95,25649162.99,17395666.00
3529500,8845809.00,8845809.00,5616900.00,3228909.00,2888000.00,1250000.00,2498000.00,1868900.00
3529609,5605478.00,5605478.00,4724383.00,881095.00,3563056.00,750000.00,0.00,3974383.00
3529658,1942581.00,1942581.00,892581.00,1050000.00,50000.00,450000.00,0.00,442581.00
3529708,5432904.00,5524306.68,2784514.00,2648390.00,630000.00,450000.00,1049933.00,1284581.00
3529807,6644866.00,6644866.00,5174014.00,1470852.00,2527000.00,1597000.00,197014.00,3380000.00
3529906,12802302.70,12920703.27,4730547.90,8071754.80,900000.00,1923448.00,500000.00,2307099.90
3530003,2006781.00,2006781.00,1706781.00,300000.00,500000.00,400000.00,0.00,1306781.00
3530102,6064751.00,8364751.00,5194791.00,869960.00,2207500.00,1813000.00,698000.00,2683791.00
3530201,4500000.00,7497111.38,4100000.00,400000.00,150000.00,1100000.00,2250000.00,750000.00
3530300,2245811.00,8210159.00,2045811.00,200000.00,250000.00,1045811.00,100000.00,900000.00
3530409,2538983.00,2538983.00,2038983.00,500000.00,548000.00,698000.00,450000.00,890983.00
3530508,9122949.97,19575760.74,4231318.32,4891631.65,1153574.00,1101989.00,748945.00,2104409.51
3530607,47856148.37,57188343.82,32550383.00,15305765.37,18338007.00,16590000.00,3940816.00,12019567.00
3530706,28313582.91,99017869.16,21643262.71,6670320.20,11103585.00,4281532.71,2098698.00,15263032.00
3530805,13037264.30,14943156.08,8221703.53,4815560.77,1844000.00,1874137.70,449000.00,5898565.83
3530904,2050000.00,2050000.00,2050000.00,0.00,600000.00,1250000.00,200000.00,600000.00
3531001,2223685.00,2223685.00,1242581.00,981104.00,0.00,450000.00,100000.00,692581.00
3531100,9966526.03,9982291.69,8653049.00,1313477.03,3490000.00,350000.00,1341000.00,6962049.00
3531209,1149987.00,1149987.00,649987.00,500000.00,0.00,149987.00,350000.00,150000.00
3531308,6057166.97,7792047.10,5677278.00,379888.97,2789000.00,2189000.00,400000.00,3088278.00
3531407,7035549.59,7183151.60,7035549.59,0.00,3898147.00,5285000.00,761420.59,989129.00
3531506,12911574.59,13312164.28,11607430.00,1304144.59,6287430.00,3316000.00,2000000.00,6291430.00
3531605,2087933.00,2087933.00,1887933.00,200000.00,1245000.00,0.00,845000.00,1042933.00
3531704,7719395.25,7719395.25,6251700.00,1467695.25,5251700.00,500000.00,0.00,5751700.00
3531803,25128989.68,25998108.16,21827409.48,3301580.20,7070912.48,4561856.00,6256294.00,9227659.48
3531902,5679419.60,6020434.60,4565794.60,1113625.00,944000.00,400000.00,700000.00,3465794.60
3532009,32577046.18,32577046.18,31189922.18,1387124.00,26108924.43,300000.00,846500.00,28262424.43
3532058,2376879.00,2376879.00,1598876.00,778003.00,0.00,250000.00,448876.00,900000.00
3532108,2869493.15,2869493.15,2450000.00,419493.15,850000.00,350000.00,350000.00,1750000.00
3532157,2271874.00,2271874.00,2071874.00,200000.00,600000.00,0.00,922470.00,1149404.00
3532207,6042774.00,6042774.00,5258782.00,783992.00,1347000.00,550000.00,2777000.00,1931782.00
3532306,3574488.00,3574488.00,2219488.00,1355000.00,800000.00,1289488.00,0.00,930000.00
3532405,7712339.00,7721338.40,6732589.00,979750.00,1945585.00,200000.00,2598585.00,3934004.00
3532504,400000.00,400000.00,300000.00,100000.00,0.00,100000.00,0.00,200000.00
3532603,4452615.73,5386030.03,2158730.00,2293885.73,0.00,649980.00,249578.00,1259172.00
3532702,300000.00,300000.00,100000.00,200000.00,0.00,100000.00,0.00,0.00
3532801,5294344.00,5294344.00,3413240.00,1881104.00,1850000.00,250000.00,2132136.00,1031104.00
3532827,3062200.00,3062200.00,2362200.00,700000.00,650000.00,0.00,1000000.00,1362200.00
3532843,2006513.00,2006513.00,1706513.00,300000.00,400000.00,300000.00,13518.00,1392995.00
3532868,1134709.00,1134709.00,835000.00,299709.00,100000.00,0.00,260000.00,475000.00
3532900,1913534.00,1913534.00,1913534.00,0.00,1195000.00,369000.00,399988.00,1144546.00
3533007,6854890.80,6854890.80,4868328.00,1986562.80,1300000.00,900000.00,999919.00,2968409.00
3533106,938856.00,938856.00,638856.00,300000.00,0.00,0.00,200000.00,438856.00
3533205,900000.00,900000.00,700000.00,200000.00,100000.00,100000.00,300000.00,300000.00
3533254,2440990.00,2465504.12,2140990.00,300000.00,198000.00,298000.00,400000.00,1442990.00
3533304,1402941.00,1402941.00,602941.00,800000.00,100000.00,100000.00,160000.00,342941.00
3533403,13034544.24,13034544.24,7870003.00,5164541.24,1738500.00,2144000.00,1885146.36,3840856.64
3533502,4438514.00,5930165.28,3182205.00,1256309.00,398000.00,1834205.00,0.00,1348000.00
3533601,1509980.00,1509980.00,1075674.00,434306.00,250000.00,200000.00,300000.00,575674.00
3533700,900000.00,900000.00,900000.00,0.00,500000.00,500000.00,0.00,400000.00
3533809,2007355.00,2007355.00,1817355.00,190000.00,984024.00,403355.00,130000.00,1284000.00
3533908,8831250.00,11262483.03,7681250.00,1150000.00,3497000.00,850000.00,300000.00,6531250.00
3534005,1592581.00,1592581.00,1092581.00,500000.00,0.00,100000.00,450000.00,542581.00
3534104,4893951.00,4893951.00,4593951.00,300000.00,1794000.00,900000.00,199951.00,3494000.00
3534203,5067947.00,5067947.00,2987968.00,2079979.00,838000.00,300000.00,1140000.00,1547968.00
3534302,4279993.00,5853092.16,3179993.00,1100000.00,995000.00,1754993.00,100000.00,1325000.00
3534401,167783447.69,183314301.60,148546308.69,19237139.00,44745000.00,15992000.00,19835679.00,108731029.69
3534500,2019800.00,2019800.00,1929471.00,90329.00,700000.00,1450000.00,249471.00,230000.00
3534609,1885953.00,1885953.00,1592986.00,292967.00,150000.00,600000.00,150000.00,842986.00
3534708,30354305.97,33951746.68,23282551.61,7071754.36,2645000.00,11735485.00,5728285.71,5818780.90
3534757,2823242.00,2823242.00,1650000.00,1173242.00,450000.00,200000.00,250000.00,1200000.00
3534807,3491769.61,3491769.61,2630247.00,861522.61,1305821.00,200000.00,1241391.00,1188856.00
3534906,3008741.00,3008741.00,2908741.00,100000.00,1050000.00,1350000.00,349641.00,1209100.00
3535002,5709194.50,5712654.50,5221833.50,487361.00,1707526.50,1466526.50,1425158.00,2330149.00
3535101,3731392.00,3731392.00,2681392.00,1050000.00,0.00,450000.00,500000.00,1731392.00
3535200,3115000.00,3675725.00,2365000.00,750000.00,495000.00,965000.00,0.00,1400000.00
3535309,11228151.00,11678240.31,11128151.00,100000.00,2533946.00,1420000.00,1250000.00,8458151.00
3535408,4298590.17,4301306.08,3366940.17,931650.00,600000.00,839870.00,1555000.00,970000.00
3535507,10429828.00,12355868.10,7190972.00,3238856.00,1945000.00,1499000.00,3896000.00,1795972.00
3535606,8737200.00,8737200.00,2502144.00,6235056.00,1730644.00,350000.00,497500.00,1654644.00
3535705,1384416.03,1384416.03,600000.00,784416.03,0.00,300000.00,0.00,300000.00
3535804,12585832.49,12585832.49,7483986.49,5101846.00,1900000.00,650000.00,50000.00,6783986.49
3535903,1193455.00,1193455.00,854599.00,338856.00,100000.00,0.00,149992.00,704607.00
3536000,3070512.86,3670505.48,2620512.86,450000.00,810000.00,1050000.00,0.00,1570512.86
3536109,2735800.00,2735821.40,2535800.00,200000.00,696000.00,138985.00,380000.00,2016815.00
3536208,4707285.00,4994562.19,3459960.00,1247325.00,1800000.00,2921104.00,0.00,538856.00
3536257,2021947.00,2021947.00,1821947.00,200000.00,728000.00,250000.00,99896.00,1472051.00
3536307,2841847.00,2841847.00,2641847.00,200000.00,400000.00,250000.00,200000.00,2191847.00
3536406,1878243.00,2133443.00,1778243.00,100000.00,894500.00,450000.00,633743.00,694500.00
3536505,850000.00,2822110.80,600000.00,250000.00,0.00,0.00,300000.00,300000.00
3536570,1823812.00,1823812.00,1300000.00,523812.00,700000.00,800000.00,0.00,400000.00
3536604,1666786.00,1666786.00,1566786.00,100000.00,540000.00,784205.00,290000.00,492581.00
3536703,13229396.00,15131652.91,11852259.00,1377137.00,4747000.00,2125000.00,3305259.00,6422000.00
3536802,1953880.00,1953880.00,1065024.00,888856.00,495000.00,0.00,270000.00,795024.00
3536901,4101027.01,4101027.01,2685856.00,1415171.01,1897000.00,238856.00,700000.00,1747000.00
3537008,2837839.00,2975231.00,550000.00,2287839.00,0.00,100000.00,400000.00,50000.00
3537107,13016564.00,13797153.69,12627708.00,388856.00,850000.00,8527712.00,2799996.00,1300000.00
3537156,3105613.00,3105613.00,2484856.00,620757.00,496000.00,400000.00,496000.00,1588856.00
3537206,5365246.00,5665246.00,5026390.00,338856.00,1190000.00,1540000.00,399084.00,3087306.00
3537305,10829862.00,10967669.00,9979862.00,850000.00,3235000.00,1300000.00,2439831.00,6240031.00
3537404,6608104.25,6684991.75,5982371.51,625732.74,2560000.00,2266104.00,570000.00,3146267.51
3537503,2338718.00,2338718.00,2138718.00,200000.00,1100000.00,0.00,99862.00,2038856.00
3537602,15727459.99,16546124.05,11512984.99,4214475.00,5910788.00,5657500.00,512288.00,5343196.99
3537701,3316131.00,3316131.00,2385306.00,930825.00,398000.00,350000.00,800000.00,1235306.00
3537800,19630278.58,21598917.34,15341543.00,4288735.58,5137000.00,350000.00,3498787.00,11492756.00
3537909,11157501.00,11171806.50,6332026.00,4825475.00,1837550.00,500000.00,862414.00,4969612.00
3538006,57016555.24,58110285.86,22350881.00,34665674.24,4911792.00,7530000.00,4769934.00,10050947.00
3538105,4036173.00,4084758.78,1741069.00,2295104.00,250000.00,300000.00,270000.00,1171069.00
3538204,6222839.00,6224853.94,3376000.00,2846839.00,2376000.00,100000.00,250000.00,3026000.00
3538303,2007267.00,2007267.00,2007267.00,0.00,1607267.00,0.00,350000.00,1657267.00
3538501,5386112.00,5386112.00,4486112.00,900000.00,3587813.00,100000.00,1143813.00,3242299.00
3538600,14547849.45,14553389.45,7570692.00,6977157.45,2826000.00,1450000.00,2439692.00,3681000.00
3538709,43575403.26,55474535.97,39606024.26,3969379.00,12358000.00,13120682.00,1854291.00,24465579.00
3538808,9973440.12,13950480.18,8042345.02,1931095.10,2394000.00,3266000.00,2351554.89,2424790.13
3538907,4588497.00,6019926.80,3057997.00,1530500.00,877500.00,517500.00,668729.00,1871768.00
3539004,2000000.00,2249400.00,2000000.00,0.00,0.00,950000.00,400000.00,650000.00
3539103,10429000.00,10429000.00,8029000.00,2400000.00,4705000.00,1774000.00,4505000.00,1650000.00
3539202,7452266.48,7756695.48,6621620.00,830646.48,3383500.00,1393500.00,1438750.00,3789370.00
3539301,8067603.30,9393666.06,5747222.38,2320380.92,1047000.00,2656023.56,800000.00,2291198.82
3539400,8154877.05,8157822.05,7082445.00,1072432.05,2040000.00,2234205.00,335755.00,4512485.00
3539509,6589878.69,6745995.36,4466414.00,2123464.69,838000.00,1226414.00,750000.00,2490000.00
3539608,1300000.00,1300000.00,1050000.00,250000.00,200000.00,350000.00,250000.00,450000.00
3539707,1716682.67,1716682.67,1416771.00,299911.67,150000.00,625985.00,200000.00,590786.00
3539806,34178110.45,37392035.26,26758110.45,7420000.00,8919172.36,7371162.36,6899992.00,12486956.09
3539905,1400000.00,1400000.00,1050000.00,350000.00,0.00,450000.00,0.00,600000.00
3540002,5230635.00,5995569.00,3586863.00,1643772.00,0.00,1050000.00,400000.00,2136863.00
3540101,1394000.00,1394000.00,1394000.00,0.00,1194000.00,300000.00,0.00,1094000.00
3540200,5568581.62,5640460.44,3791730.00,1776851.62,1027699.00,200000.00,0.00,3591730.00
3540259,849213.00,849213.00,849213.00,0.00,150000.00,0.00,0.00,849213.00
3540309,1167809.00,1167809.00,1067809.00,100000.00,350000.00,525228.00,0.00,542581.00
3540408,2971982.00,2971982.00,2471982.00,500000.00,497000.00,100000.00,400000.00,1971982.00
3540507,1756233.09,1756233.09,1443162.09,313071.00,800000.00,443162.09,200000.00,800000.00
3540606,6892533.00,6983603.50,5017446.00,1875087.00,2540000.00,1100000.00,949976.00,2967470.00
3540705,19305136.21,19784454.40,14478900.58,4826235.63,4114341.00,3568500.00,1279988.00,9630412.58
3540754,5982148.68,5982148.68,5002148.68,980000.00,0.00,499769.00,1780556.68,2721823.00
3540804,5123574.00,5578074.00,4347509.00,776065.00,2374119.00,2812899.00,0.00,1534610.00
3540853,992581.00,992581.00,992581.00,0.00,200000.00,300000.00,250000.00,442581.00
3540903,4172761.54,4188102.56,3659243.00,513518.54,1907404.00,548000.00,846000.00,2265243.00
3541000,82970451.80,83720899.52,74703216.80,8267235.00,37623247.80,4237500.00,175362.00,34194729.65
3541059,2382000.00,2382000.00,2082000.00,300000.00,0.00,700000.00,100000.00,1282000.00
3541109,1717965.00,1722060.00,1717965.00,0.00,398000.00,1178000.00,0.00,539965.00
3541208,4797783.00,4797783.00,4169335.00,628448.00,898750.00,1100000.00,600000.00,2469335.00
3541307,6992529.14,8473488.68,4345699.45,2646829.69,798164.00,300000.00,1346158.42,2699541.03
3541406,22029418.87,29364032.36,18551055.00,3478363.87,4819600.00,2028003.00,4057709.00,12465343.00
3541505,10537850.85,11056524.05,9657481.85,880369.00,2740000.00,1050000.00,996000.00,7611481.85
3541604,6120026.41,19138893.47,4532720.41,1587306.00,1908500.00,1110000.00,2358500.00,1064220.41
3541653,1794993.00,1794993.00,1544993.00,250000.00,795000.00,200000.00,100000.00,1244993.00
3541703,6316764.00,6320781.50,5766764.00,550000.00,798000.00,1098000.00,300000.00,4368764.00
3541802,8433286.00,8435003.31,7098282.00,1335004.00,5332250.00,0.00,5083354.00,2014928.00
3541901,4133223.29,4133223.29,3122276.16,1010947.13,452316.16,0.00,600000.00,2522276.16
3542008,3292539.00,3292539.00,1550000.00,1742539.00,200000.00,400000.00,150000.00,1000000.00
3542107,1847619.00,1847619.00,1749602.00,98017.00,500000.00,0.00,449659.00,1299943.00
3542206,4929882.00,5055812.21,4292576.00,637306.00,1977841.00,850000.00,948000.00,2494576.00
3542305,9817408.30,9817408.30,3025253.30,6792155.00,600000.00,2047541.30,0.00,977712.00
3542404,4355786.00,4355786.00,3534183.00,821603.00,799683.00,1548000.00,150000.00,1836183.00
3542503,3127079.08,3127079.08,3050156.00,76923.08,1247000.00,1580981.00,394175.00,1075000.00
3542602,28768372.35,30825447.40,26263278.32,2505094.03,16726265.82,7829940.05,7371190.77,11062147.50
3542701,1914820.00,1914820.00,1320120.00,594700.00,350000.00,300000.00,350000.00,670120.00
3542800,2253011.00,2253011.00,2053011.00,200000.00,544500.00,0.00,747500.00,1305511.00
3542909,3677081.00,3677081.00,3190581.00,486500.00,1678000.00,950000.00,548000.00,1692581.00
3543006,16329290.50,16729290.50,12503406.00,3825884.50,5933250.00,1850000.00,1618425.00,9034981.00
3543105,3066675.94,3066675.94,1897572.00,1169103.94,848000.00,549572.00,350000.00,998000.00
3543204,2813763.56,2813763.56,2159513.56,654250.00,500000.00,959831.56,400000.00,799682.00
3543238,1854228.00,1854228.00,1854228.00,0.00,300000.00,100000.00,712000.00,1042228.00
3543253,7983153.97,7983153.97,6853832.97,1129321.00,5043500.00,0.00,200000.00,6653832.97
3543303,45411442.91,46228122.52,24866928.24,20544514.67,4958000.00,3545341.00,11045551.00,8860000.00
3543402,58890545.00,105177713.27,52590545.00,6300000.00,9343500.00,9194485.00,7675019.00,20045056.00
3543501,476585.00,517238.00,276585.00,200000.00,0.00,176585.00,0.00,100000.00
3543600,1800000.00,1800000.00,1800000.00,0.00,1300000.00,200000.00,0.00,1600000.00
3543709,4113856.00,4113856.00,2880000.00,1233856.00,1280000.00,930000.00,1050000.00,900000.00
3543808,2611579.18,3152963.35,2411579.18,200000.00,995000.00,400000.00,0.00,2011579.18
3543907,31900211.25,34745017.76,27143930.09,4756281.16,7102000.00,9207000.00,3694000.00,14242930.09
3544004,5800821.00,5823761.00,5315443.00,485378.00,1539793.00,650000.00,2049665.00,2615778.00
3544103,11078926.50,11078926.50,9748917.00,1330009.50,699000.00,200000.00,4310917.00,5238000.00
3544202,6325151.00,6386777.00,3858827.00,2466324.00,1442000.00,200000.00,1292000.00,2366827.00
3544251,3853811.00,3853811.00,2836755.00,1017056.00,747000.00,0.00,1896990.00,939765.00
3544301,4484347.00,4484347.00,2367788.00,2116559.00,400000.00,900000.00,449892.00,1017896.00
3544400,2279908.00,2279908.00,2279908.00,0.00,350000.00,1029908.00,0.00,1250000.00
3544509,9618949.00,9618949.00,8462915.00,1156034.00,6820000.00,950000.00,300000.00,7212915.00
3544608,2100329.00,2100329.00,1900329.00,200000.00,480000.00,237497.00,363165.00,1299667.00
3544707,1131588.00,1131588.00,693000.00,438588.00,100000.00,100000.00,200000.00,393000.00
3544806,2452617.00,2452617.00,1871513.00,581104.00,0.00,650000.00,100000.00,1121513.00
3544905,2607426.00,2607426.00,2212926.00,394500.00,420000.00,650000.00,0.00,1462926.00
3545001,8272827.25,8272827.25,4594955.50,3677871.75,1452182.50,1602182.50,150000.00,2842773.00
3545100,3095162.00,3095162.00,2845162.00,250000.00,1100000.00,360000.00,500000.00,1985162.00
3545159,2010246.39,4535246.39,1545997.00,464249.39,596000.00,396000.00,99997.00,1050000.00
3545209,17888497.89,19569146.44,13509330.00,4379167.89,3827500.00,1960433.00,4079772.00,7469125.00
3545308,27578990.59,27594273.02,21676896.00,5902094.59,8038820.00,5802885.00,5383497.00,10490514.00
3545407,5210131.77,5210131.77,4524684.77,685447.00,1348000.00,2364186.77,712498.00,1448000.00
3545506,4258087.00,4308087.00,2377398.00,1880689.00,1210000.00,0.00,1727400.00,649998.00
3545605,3997251.00,3997251.00,3347251.00,650000.00,348000.00,398000.00,600000.00,1349251.00
3545704,2217321.00,2217321.00,1249785.00,967536.00,0.00,100000.00,200000.00,949785.00
3545803,14222056.00,20772980.55,12128556.00,2093500.00,1650000.00,5587306.00,2452394.00,4088856.00
3546009,2300000.00,2300000.00,1500000.00,800000.00,0.00,1500000.00,0.00,0.00
3546108,9301092.84,9301092.84,7475485.17,1825607.67,5928200.00,907903.17,167179.00,6400403.00
3546207,2170854.00,2170854.00,2020854.00,150000.00,150000.00,0.00,250000.00,1770854.00
3546256,2686500.00,2686500.00,2336500.00,350000.00,1350000.00,636500.00,0.00,1700000.00
3546306,7399495.00,8433119.88,7299495.00,100000.00,1816550.00,2075000.00,1066439.00,4158056.00
3546405,10182935.00,10579144.61,9648152.00,534783.00,1647000.00,3747000.00,2954573.00,2749899.00
3546504,5337565.00,5337565.00,5098985.00,238580.00,3456000.00,1013000.00,2197000.00,1888985.00
3546603,29676887.84,29937691.84,21837076.84,7839811.00,15869076.84,7638000.00,1000000.00,13199076.84
3546702,5185580.70,5185580.70,4080646.00,1104934.70,1245000.00,1550000.00,50000.00,2480646.00
3546801,21758013.43,23387875.56,12808110.43,8949903.00,4518000.00,4250000.00,2109124.00,6448986.43
3546900,2777508.00,2807543.31,2777508.00,0.00,1478000.00,778000.00,1450000.00,549508.00
3547007,2191456.70,2191456.70,1793516.00,397940.70,746000.00,0.00,97516.00,1696000.00
3547106,1318740.00,1318740.00,1318740.00,0.00,588762.00,150000.00,50000.00,1118740.00
3547205,4196856.34,4196856.34,3288583.00,908273.34,1748000.00,1086856.00,0.00,2201727.00
3547304,995000.00,8118166.47,995000.00,0.00,595000.00,0.00,0.00,995000.00
3547403,5273829.67,5273829.67,3941560.44,1332269.23,3042157.44,550000.00,150000.00,3241560.44
3547502,8190162.00,9589375.59,6412450.00,1777712.00,2912930.00,2094000.00,778520.00,3539930.00
3547601,6262048.00,6528613.51,4702029.00,1560019.00,848000.00,870000.00,550000.00,3282029.00
3547650,2488134.84,2488134.84,2082461.00,405673.84,800000.00,0.00,0.00,2082461.00
3547700,5731564.00,5734589.20,5631564.00,100000.00,1446000.00,450000.00,4035564.00,1146000.00
3547809,84200346.00,103226607.09,40320157.00,43880189.00,20001120.00,2105500.00,5648966.00,32565691.00
3547908,2886080.00,2929068.86,2686080.00,200000.00,300000.00,400000.00,620000.00,1666080.00
3548005,8477265.09,8814551.64,6587500.00,1889765.09,1987500.00,200000.00,2247500.00,3140000.00
3548054,7177414.98,7177414.98,6228864.00,948550.98,1796000.00,2003881.00,1628983.00,2596000.00
3548104,3304697.00,3304697.00,2804697.00,500000.00,1548450.00,200000.00,852450.00,1752247.00
3548203,4084174.00,4084174.00,3331092.00,753082.00,1350000.00,100000.00,0.00,3231092.00
3548302,500000.00,500000.00,500000.00,0.00,250000.00,0.00,250000.00,250000.00
3548401,4758605.00,4758605.00,4102105.00,656500.00,1607500.00,1400000.00,500000.00,2202105.00
3548500,22480902.43,85721871.13,13026056.43,9454846.00,1740000.00,4105103.43,1621587.00,7299366.00
3548609,3044750.00,3044750.00,2006000.00,1038750.00,996000.00,0.00,796000.00,1210000.00
3548708,87229054.18,168085397.64,32035814.18,55193240.00,500000.00,4931104.00,3464000.00,23640710.18
3548807,11595758.00,22667275.08,10907964.00,687794.00,2775000.00,150000.00,1283035.00,9474929.00
3548906,35346245.05,63706474.13,22457095.00,12889150.05,15139085.00,2506035.00,2290617.00,17660443.00
3549003,1156833.68,1156833.68,898000.00,258833.68,398000.00,100000.00,0.00,798000.00
3549102,20137285.60,20206648.67,6673739.00,13463546.60,1594000.00,1230000.00,3643739.00,1800000.00
3549201,3203010.20,3203010.20,2860898.00,342112.20,1842000.00,646000.00,498000.00,1716898.00
3549250,1817581.00,1817581.00,1317581.00,500000.00,500000.00,0.00,100000.00,1217581.00
3549300,508196.74,508196.74,308196.74,200000.00,0.00,100000.00,199976.00,0.00
3549409,2962320.91,4217336.47,2312320.91,650000.00,1495000.00,0.00,0.00,2312320.91
3549508,3400388.02,3400388.02,2071533.62,1328854.40,950000.00,350000.00,200000.00,1321533.62
3549607,6374306.46,6374306.46,4466708.46,1907598.00,2235691.46,1385691.46,200000.00,2881017.00
3549706,9310561.66,11639908.24,7246567.66,2063994.00,4464911.66,2870000.00,866693.58,3127874.08
3549805,33312556.74,46439301.85,28246319.74,5066237.00,8937750.00,16060972.74,2750000.00,8002847.00
3549904,35121156.54,68679862.32,25457571.94,9663584.60,8262571.94,3895000.00,3569790.94,17992781.00
3549953,15635323.22,15911721.66,12987298.48,2648024.74,6970459.30,546000.00,5334000.15,7107298.33
3550001,10066468.93,10067066.43,6075127.93,3991341.00,1644023.93,3094023.93,200000.00,2781104.00
3550100,7474433.13,10489983.44,6836630.13,637803.00,1499715.13,1575541.00,400000.00,4861089.13
3550209,6506380.29,7095705.29,4925276.29,1581104.00,1097000.00,200000.00,500000.00,4225276.29
3550308,239757545.52,2162447606.83,211707482.00,28050063.52,61815771.53,43097886.00,109169887.03,55007198.09
3550407,10648995.00,10722471.77,8689500.00,1959495.00,3189500.00,4539500.00,1500000.00,2650000.00
3550506,6732151.00,6732151.00,4376000.00,2356151.00,1346000.00,1300000.00,850000.00,2226000.00
3550605,30629678.07,31593089.53,25906966.45,4722711.62,8714313.01,2052942.70,7624486.00,14721731.02
3550704,15456713.86,15486724.56,14506713.86,950000.00,8136000.00,1098500.00,300000.00,13108213.86
3550803,6807992.00,7202649.12,6007992.00,800000.00,2590000.00,1800000.00,917992.00,3290000.00
3550902,6421479.00,37320051.72,4840980.00,1580499.00,1841500.00,200000.00,300000.00,4340980.00
3551009,68154586.73,74823576.26,51945077.93,16209508.80,18396159.00,12653974.00,9438310.00,29852793.93
3551108,6476200.00,6476200.00,4838314.00,1637886.00,400000.00,250000.00,150000.00,4438314.00
3551207,3028511.00,3028511.00,2244511.00,784000.00,548000.00,873000.00,0.00,1371511.00
3551306,3078566.00,3078566.00,2968566.00,110000.00,250000.00,538856.00,0.00,2429710.00
3551405,2692493.00,2692493.00,2592493.00,100000.00,1543000.00,300000.00,1197493.00,1095000.00
3551504,8993908.86,13109823.36,7811617.36,1182291.50,3379365.00,964365.00,2476327.36,4370925.00
3551603,9631400.52,10835217.25,2807029.00,6824371.52,1098000.00,529869.00,479288.00,1797872.00
3551702,7982058.00,9142181.56,6433308.00,1548750.00,3583500.00,2867972.00,997336.00,2568000.00
3551801,7491532.00,7491532.00,5886289.00,1605243.00,650000.00,2349973.00,450000.00,2886316.00
3551900,7520948.00,7520948.00,5992500.00,1528448.00,4092500.00,1997000.00,200000.00,3795500.00
3552007,8218682.00,8218682.00,6522000.00,1696682.00,4472000.00,3930000.00,0.00,2592000.00
3552106,11290168.12,11541717.52,8158481.00,3131687.12,5259000.00,900000.00,950000.00,6308481.00
3552205,54272456.41,95529762.50,48204556.91,6067899.50,17543002.50,11920893.54,1751451.87,34532211.50
3552304,8054335.28,8450715.28,3586362.40,4467972.88,1900000.00,335516.68,450845.72,2500000.00
3552403,16712164.00,18952083.99,9963959.00,6748205.00,3079500.00,1698500.00,3141000.00,5124459.00
3552502,123799574.62,132819133.67,49513100.00,74286474.62,28170000.00,6350000.00,15100000.00,27570000.00
3552551,1430569.00,1430569.00,840569.00,590000.00,348000.00,198000.00,250000.00,392569.00
3552601,3541263.00,3556943.00,2760159.00,781104.00,560159.00,510159.00,800000.00,1450000.00
3552700,3621820.79,3633889.79,2616000.00,1005820.79,1416000.00,600000.00,1266000.00,750000.00
3552809,73721818.00,79950613.90,46647153.00,27074665.00,13162930.00,13243841.00,10051256.00,21352056.00
3552908,6027482.21,6027482.21,5727482.21,300000.00,2576142.00,622366.00,2774749.00,2330367.21
3553005,3911929.28,4207329.28,2485737.00,1426192.28,435737.00,1185737.00,100000.00,1200000.00
3553104,2744671.00,2840157.15,2394671.00,350000.00,796000.00,200000.00,300000.00,1894671.00
3553203,1700000.00,2341000.00,1450000.00,250000.00,250000.00,250000.00,200000.00,1000000.00
3553302,11207249.32,11314653.02,7777324.47,3429924.85,3140500.00,255000.00,700000.00,6822324.47
3553401,2936856.00,2936856.00,2636856.00,300000.00,548000.00,588856.00,150000.00,1898000.00
3553500,2641084.00,2645784.00,2391084.00,250000.00,1392584.00,995000.00,100000.00,1216084.00
3553609,5196000.00,5207390.20,3446000.00,1750000.00,1196000.00,450000.00,748000.00,2248000.00
3553658,650000.00,650000.00,200000.00,450000.00,100000.00,100000.00,0.00,100000.00
3553708,5777600.00,7888466.40,5777600.00,0.00,855000.00,1430000.00,939000.00,3408600.00
3553807,7343091.00,8110696.86,5086812.00,2256279.00,1563000.00,1300000.00,1391812.00,2395000.00
3553856,2069989.00,2069989.00,1669989.00,400000.00,370000.00,500000.00,200000.00,969989.00
3553906,5423017.54,5423017.54,4996414.14,426603.40,2447683.00,851683.00,2361425.14,1783306.00
3553955,6568917.44,6568917.44,5267324.10,1301593.34,2344344.00,2057270.60,335787.00,2874266.50
3554003,21306203.36,21435558.36,15195370.36,6110833.00,2695000.00,3540000.00,2772356.00,8883014.36
3554102,19584346.81,21245024.01,12562913.81,7021433.00,4266500.00,5079026.00,3320405.00,4163482.81
3554201,1709798.00,1709798.00,1509798.00,200000.00,200000.00,200000.00,280000.00,1029798.00
3554300,12147115.36,12500820.36,5837623.02,6309492.34,1977100.00,684205.00,2896000.00,2257418.02
3554409,3008495.00,3008495.00,2528495.00,480000.00,396000.00,199426.00,796000.00,1533069.00
3554508,9818994.96,11645281.47,8837202.96,981792.00,3485500.00,1895000.00,1349340.00,5370005.82
3554607,2421001.95,2421001.95,1559818.00,861183.95,0.00,200000.00,500000.00,859818.00
3554656,2071666.50,2071666.50,700000.00,1371666.50,150000.00,0.00,0.00,700000.00
3554706,4064446.27,4064446.27,2075250.00,1989196.27,247500.00,200000.00,397500.00,1477750.00
3554755,888750.00,888750.00,450000.00,438750.00,0.00,350000.00,0.00,100000.00
3554805,5381137.50,8882878.43,4783137.50,598000.00,3529500.00,500000.00,496000.00,3787137.50
3554904,2350009.63,2350009.63,2040548.00,309461.63,697599.00,200000.00,100000.00,1740548.00
3554953,2249768.00,2249768.00,2249768.00,0.00,650000.00,180000.00,0.00,2069768.00
3555000,20606405.50,21548120.95,15923302.71,4683102.79,5044500.00,5483000.00,1712245.00,8230208.00
3555109,6693316.00,7193316.00,5503316.00,1190000.00,1677154.00,600000.00,1350000.00,3553316.00
3555208,1231224.00,1231224.00,1131224.00,100000.00,216585.00,316585.00,0.00,814639.00
3555307,2741376.04,2741376.04,2299998.00,441378.04,400000.00,200000.00,0.00,2099998.00
3555356,2888800.00,2888800.00,1899944.00,988856.00,600000.00,650000.00,699944.00,550000.00
3555406,40870259.00,43355538.76,34456226.00,6414033.00,22832299.00,7573626.00,4047500.00,22835100.00
3555505,3434012.00,3434012.00,2279012.00,1155000.00,300000.00,650000.00,299820.00,1329192.00
3555604,3334383.00,3334383.00,2074364.00,1260019.00,1094000.00,298000.00,399260.00,1377104.00
3555703,1105173.00,1105173.00,1105173.00,0.00,437592.00,350000.00,0.00,755173.00
3555802,1521829.00,1521829.00,1521829.00,0.00,180000.00,450000.00,280000.00,791829.00
3555901,2059875.00,2059875.00,1829875.00,230000.00,130000.00,300000.00,0.00,1529875.00
3556008,8441586.46,8441586.46,8367581.00,74005.46,5175000.00,6880000.00,200000.00,1287581.00
3556107,4059426.63,4059426.63,2656000.00,1403426.63,1456000.00,996000.00,400000.00,1260000.00
3556206,34187385.96,36344300.16,22881746.00,11305639.96,11543000.00,2849008.00,3495265.00,16537473.00
3556305,4586543.00,4718043.00,3575710.00,1010833.00,548000.00,1244000.00,300000.00,2031710.00
3556354,500000.00,500000.00,300000.00,200000.00,0.00,0.00,0.00,300000.00
3556404,9991703.70,11333638.32,7885541.70,2106162.00,2633000.00,1622000.00,2948941.00,3314600.70
3556453,8906843.00,9417299.64,7457930.00,1448913.00,1461930.00,398000.00,720000.00,5339930.00
3556503,11580994.00,15135639.28,10323719.00,1257275.00,820000.00,1711138.00,6800000.00,1812581.00
3556602,5469116.00,5469116.00,4487116.00,982000.00,1200000.00,1804840.00,500000.00,2182276.00
3556701,12009492.00,12598404.19,9685892.00,2323600.00,5093085.00,2963500.00,50000.00,6672392.00
3556800,11862480.00,11862480.00,10812480.00,1050000.00,5897500.00,1962500.00,5549980.00,3300000.00
3556909,1699211.11,1699211.11,1400000.00,299211.11,0.00,0.00,400000.00,1000000.00
3556958,1842153.00,1842153.00,1642153.00,200000.00,400000.00,700000.00,0.00,942153.00
3557006,18059504.70,18661875.53,11858353.97,6201150.73,4324400.00,694562.97,2700000.00,8463791.00
3557105,32462379.00,34103504.50,14467223.69,17995155.31,4616734.00,6457400.00,520000.00,7424183.69
3557154,787306.00,787306.00,500000.00,287306.00,0.00,300000.00,0.00,200000.00
3557204,3766066.00,4726629.00,2827210.00,938856.00,0.00,656000.00,335900.00,1835310.00
3557303,9323038.09,9323205.59,7294876.00,2028162.09,1300000.00,699197.00,3456837.00,3138842.00
4100103,2970057.00,3159910.00,2349750.00,620307.00,150000.00,0.00,400000.00,1949750.00
4100202,8577763.00,9973351.53,5680000.00,2897763.00,3060000.00,0.00,1270000.00,4410000.00
4100301,7621746.46,7821746.46,5374000.00,2247746.46,3135000.00,0.00,3035000.00,2339000.00
4100400,22760078.97,24833129.20,14208415.57,8551663.40,7921674.00,2100000.00,2688028.57,9420387.00
4100459,5095019.00,5095019.00,3935000.00,1160019.00,1000000.00,0.00,1110000.00,2825000.00
4100509,6321851.27,6321851.27,3397836.18,2924015.09,1219722.18,150000.00,523722.18,2724114.00
4100608,5730099.00,5730099.00,4939985.00,790114.00,1944000.00,0.00,850985.00,4089000.00
4100707,4827533.59,4827533.59,3903836.68,923696.91,1291000.00,297000.00,906836.68,2700000.00
4100806,13046780.00,13046780.00,9185801.00,3860979.00,7255801.00,500000.00,750651.00,7935150.00
4100905,8159311.54,8191211.54,5265158.00,2894153.54,1987000.00,0.00,330000.00,4935158.00
4101002,10157196.57,10353196.57,6410054.00,3747142.57,1640000.00,3171078.00,298976.00,2940000.00
4101051,3969093.70,3969093.70,2699110.00,1269983.70,476540.00,0.00,570000.00,2129110.00
4101101,9279236.19,9279236.19,6704290.26,2574945.93,2734424.00,495000.00,600000.00,5609290.26
4101150,8587955.00,8593639.00,7987942.00,600013.00,5959000.00,0.00,1269219.00,6718723.00
4101200,12752214.55,13135015.90,9827003.00,2925211.55,3250000.00,650000.00,1576226.00,7600777.00
4101309,5332101.56,5332101.56,4351405.56,980696.00,1501405.56,0.00,3343000.00,1008405.56
4101408,32187906.59,33939741.79,24737496.00,7450410.59,2747496.00,2000000.00,1798000.00,20939496.00
4101507,44626507.33,60638694.03,27376538.60,17249968.73,11192405.35,0.00,5124942.00,22251596.60
4101606,5605718.00,66492034.16,4769718.00,836000.00,2497627.00,0.00,320000.00,4449718.00
4101655,5802212.52,5802212.52,3808144.00,1994068.52,1833144.00,0.00,400000.00,3408144.00
4101705,7736468.71,7736468.71,5440940.00,2295528.71,2250940.00,100000.00,1017000.00,4323940.00
4101804,21328115.91,25244818.70,14943342.91,6384773.00,0.00,0.00,1343342.91,13600000.00
4101853,7315352.00,7315352.00,6441695.00,873657.00,5121695.00,0.00,320000.00,6121695.00
4101903,8435910.25,8596990.25,5912986.15,2522924.10,2373125.15,2714925.15,320000.00,2878061.00
4102000,14301324.00,14328366.00,9224062.00,5077262.00,5753140.00,2770922.00,1107600.00,5345540.00
4102109,12261617.90,17059163.83,10835161.00,1426456.90,5261940.00,0.00,5154030.00,5681131.00
4102208,8450703.67,8450703.67,8150703.67,300000.00,5932500.00,250000.00,3698750.00,4201953.67
4102307,3394045.13,3394045.13,2758045.13,636000.00,1198000.00,398000.00,860045.13,1500000.00
4102406,12869610.41,17020611.18,11290136.69,1579473.72,4397000.00,464000.00,500000.00,10326136.69
4102505,15195176.58,15195176.58,11929466.30,3265710.28,7434950.00,150000.00,2181300.00,9598166.30
4102604,8220603.79,8318076.70,6357403.00,1863200.79,2698500.00,1100000.00,200000.00,5057403.00
4102703,4671902.37,4671902.37,4156087.34,515815.03,2184130.00,0.00,593104.00,3562983.34
4102752,4940920.85,4940920.85,3292516.00,1648404.85,1245000.00,2245000.00,317516.00,730000.00
4102802,15709508.82,15709508.82,14362725.00,1346783.82,10628317.00,10397526.00,500000.00,3465199.00
4102901,52456943.14,52554943.14,31129601.00,21327342.14,28228663.00,500000.00,1400000.00,29229601.00
4103008,5085817.34,5085817.34,3036000.00,2049817.34,1641000.00,747000.00,100000.00,2189000.00
4103024,4649393.28,4649393.28,2509000.00,2140393.28,1759000.00,300000.00,1400000.00,809000.00
4103040,5755487.95,5755487.95,3553595.00,2201892.95,1592000.00,0.00,1688129.00,1865466.00
4103057,16340436.39,16340436.39,10958365.00,5382071.39,7682737.00,3730737.00,670000.00,6557628.00
4103107,7990033.68,8788188.61,4874500.00,3115533.68,1818000.00,0.00,1376500.00,3498000.00
4103156,7797881.80,7797881.80,5766545.50,2031336.30,3450000.00,2200000.00,847516.00,2719029.50
4103206,15508370.39,15508370.39,12170818.71,3337551.68,8003630.00,100000.00,932366.08,11138452.63
4103222,9709974.86,9709974.86,4534503.00,5175471.86,2247500.00,100000.00,300000.00,4134503.00
4103305,9122467.71,9122467.71,6227571.00,2894896.71,2532100.00,200000.00,1000000.00,5027571.00
4103354,4663266.00,4663266.00,3934266.00,729000.00,2336750.00,0.00,447516.00,3486750.00
4103370,6170205.00,6170205.00,5022000.00,1148205.00,3790000.00,0.00,2990000.00,2032000.00
4103404,2536366.00,2536366.00,1743847.00,792519.00,100000.00,0.00,430000.00,1313847.00
4103453,5770698.40,5803748.40,4355432.00,1415266.40,2223711.00,500000.00,797516.00,3057916.00
4103479,12721495.92,12721495.92,10319891.48,2401604.44,7610028.68,600000.00,4405710.80,5314180.68
4103503,7179586.49,7179586.49,5035111.66,2144474.83,1077000.00,100000.00,1050000.00,3885111.66
4103602,9937993.67,10451675.54,7277747.00,2660246.67,403750.00,1200000.00,1200000.00,4877747.00
4103701,19600016.63,22647610.21,13517213.65,6082802.98,4947000.00,3078000.00,1479949.00,8959264.65
4103800,7131632.00,7237140.00,6331632.00,800000.00,2927500.00,1114000.00,600000.00,4617632.00
4103909,6046716.00,6046716.00,5076998.00,969718.00,1797000.00,100000.00,0.00,4976998.00
4103958,7480818.10,7730818.10,5274226.42,2206591.68,2616892.00,100000.00,2126892.00,3047334.42
4104006,8922418.79,14228292.43,5383656.00,3538762.79,2290000.00,0.00,3178856.00,2204800.00
4104055,1997516.74,1997516.74,760000.00,1237516.74,260000.00,0.00,400000.00,360000.00
4104105,6456356.00,6456356.00,2933401.00,3522955.00,1700000.00,0.00,100000.00,2833401.00
4104204,13075869.51,13879830.58,10922990.86,2152878.65,2781365.00,250000.00,843417.00,9688038.00
4104253,8807907.49,8991912.49,7068305.50,1739601.99,2118317.50,0.00,2349988.00,4718317.50
4104303,30539236.00,38834916.58,24039323.00,6499913.00,5598319.00,600000.00,6223476.00,17215847.00
4104402,9280678.64,9280678.64,6254700.00,3025978.64,3190500.00,297000.00,414200.00,5543500.00
4104428,12387590.11,14599023.94,10258750.00,2128840.11,8820000.00,1900000.00,536750.00,7822000.00
4104451,5374461.77,5374461.77,3612007.00,1762454.77,1950000.00,0.00,1062007.00,2550000.00
4104501,10493931.06,10787039.82,5542934.00,4950997.06,3042934.00,1747000.00,1200934.00,2595000.00
4104600,5254543.85,5779173.75,4049110.00,1205433.85,2543040.00,500000.00,1077500.00,2471610.00
4104659,7448838.71,7448838.71,3592102.00,3856736.71,1310102.00,0.00,3082000.00,510102.00
4104709,6721600.73,6721600.73,4984000.00,1737600.73,2984000.00,198000.00,100000.00,4686000.00
4104808,29568982.91,64829688.27,23351742.40,6217240.51,10621140.00,6820498.00,4849038.00,11682206.40
4104907,6951498.47,10981712.86,3776446.00,3175052.47,935000.00,100000.00,920000.00,2756446.00
4105003,5902533.30,5902533.30,4242500.00,1660033.30,3842500.00,3242500.00,800000.00,200000.00
4105102,14843622.87,15218332.87,8241500.00,6602122.87,3576500.00,150000.00,2254000.00,5837500.00
4105201,5300748.91,5405117.52,4721250.00,579498.91,2375000.00,0.00,1180000.00,3207000.00
4105300,3211841.00,3811926.00,2459801.00,752040.00,300000.00,0.00,197104.00,2262697.00
4105409,25385632.22,26505482.22,12659242.00,12726390.22,6619500.00,2547000.00,670000.00,9442242.00
4105508,27154160.00,28695632.91,22104247.00,5049913.00,4488000.00,1450000.00,5268000.00,15386247.00
4105607,6804830.99,7147830.99,5474977.00,1329853.99,2754723.00,0.00,1317723.00,4157254.00
4105706,9409685.89,9533793.89,4450212.00,4959473.89,850000.00,2000000.00,250000.00,2200212.00
4105805,22352812.24,31830810.71,13218495.00,9134317.24,7432000.00,2000000.00,6376495.00,4842000.00
4105904,21013143.96,22216445.99,16859280.00,4153863.96,3390000.00,2500000.00,3632288.00,10726992.00
4106001,7941159.98,7941159.98,5205496.00,2735663.98,2692500.00,0.00,550000.00,4655496.00
4106100,2943055.00,2943055.00,1125000.00,1818055.00,250000.00,0.00,100000.00,1025000.00
4106209,11820549.30,11820549.30,6119334.00,5701215.30,3168500.00,0.00,1793750.00,4325584.00
4106308,6619488.25,6684033.31,4607000.00,2012488.25,2577000.00,750000.00,1010000.00,2847000.00
4106407,16389358.00,17862617.62,10187503.00,6201855.00,2846000.00,200000.00,4200003.00,5787500.00
4106456,7610226.90,7610226.90,5048000.00,2562226.90,2998000.00,0.00,1350000.00,3698000.00
4106506,34710628.64,35278478.64,8203710.00,26506918.64,2433710.00,3500000.00,2198000.00,2505710.00
4106555,6725709.10,6725709.10,6009897.00,715812.10,3817500.00,0.00,150000.00,5405317.00
4106571,3744283.00,3756683.00,1898000.00,1846283.00,498000.00,500000.00,100000.00,1298000.00
4106605,10303968.00,10403968.00,6863949.00,3440019.00,2144000.00,0.00,2669949.00,4194000.00
4106704,5869477.00,5869477.00,3639200.00,2230277.00,2025000.00,0.00,1499000.00,2140200.00
4106803,6968953.00,6968953.00,6143953.00,825000.00,2556000.00,0.00,1296000.00,4847953.00
4106852,2098516.82,2098516.82,1299000.00,799516.82,599000.00,0.00,0.00,1299000.00
4106902,150709792.03,1003391695.20,129376347.03,21333445.00,20658337.00,5600000.00,27987320.00,95789027.03
4107009,5378913.00,5378913.00,4407900.00,971013.00,1467900.00,0.00,0.00,4407900.00
4107108,6755548.49,6755548.49,6355535.49,400013.00,3058140.00,0.00,1357800.00,4997735.49
4107124,3173000.00,3173000.00,1750000.00,1423000.00,1150000.00,1350000.00,400000.00,0.00
4107157,4442647.56,4442647.56,2714400.00,1728247.56,2114400.00,0.00,220000.00,2494400.00
4107207,28475532.01,29630793.90,19426913.85,9048618.16,9929676.85,6458781.00,1810000.00,11158132.85
4107256,7155757.59,7891109.84,4982345.38,2173412.21,544500.00,346500.00,350000.00,4285845.38
4107306,4339692.83,4339692.83,3750929.83,588763.00,2368000.00,300000.00,768000.00,2682929.83
4107405,10884126.47,10885898.27,5722225.00,5161901.47,2632500.00,2583548.00,547516.00,2591161.00
4107504,14211166.74,14241348.02,10472216.00,3738950.74,5924500.00,200000.00,7206216.00,3066000.00
4107520,4589231.38,4589231.38,3420616.00,1168615.38,2129500.00,0.00,150000.00,3270616.00
4107538,2316812.20,2468537.58,1934812.20,382000.00,747500.00,0.00,447500.00,1487312.20
4107546,6692527.25,6692527.25,5207172.61,1485354.64,3935000.00,1100000.00,322172.61,3785000.00
4107553,4677968.14,4677968.14,4677968.14,0.00,1800000.00,100000.00,0.00,4577968.14
4107603,6570935.00,6570935.00,4970935.00,1600000.00,896000.00,496000.00,1067516.00,3407419.00
4107652,14613455.91,16016975.16,10447000.00,4166455.91,6747000.00,400000.00,1547000.00,8500000.00
4107702,3838274.23,3938274.23,1927000.00,1911274.23,297000.00,0.00,100000.00,1827000.00
4107736,3470000.00,3470000.00,3070000.00,400000.00,695000.00,0.00,1745000.00,1325000.00
4107751,5018141.45,5018141.45,4242141.45,776000.00,2039209.00,0.00,539209.00,3310000.00
4107801,4452003.85,4484563.85,2796009.00,1655994.85,650000.00,0.00,410000.00,2386009.00
4107850,11142029.76,11142029.76,7100682.76,4041347.00,2602000.00,2300000.00,310000.00,4490682.76
4107900,12166697.18,12166697.18,9033761.00,3132936.18,5894000.00,0.00,1682961.00,7350800.00
4108007,13163465.30,13163465.30,11275829.80,1887635.50,4520000.00,750000.00,1099844.80,9425985.00
4108106,5283223.15,5283223.15,4339005.15,944218.00,3489005.15,0.00,1000000.00,3339005.15
4108205,4785064.79,4785064.79,3798445.00,986619.79,2478445.00,0.00,350000.00,3448445.00
4108304,35185878.54,38545289.88,16186292.41,18999586.13,7745709.93,6040159.00,2025000.00,7921133.41
4108320,12386747.00,12576897.00,10329495.00,2057252.00,5947140.00,297000.00,1873600.00,8158895.00
4108403,35234091.96,40128246.61,25732384.51,9501707.45,13010919.75,6391666.05,2600192.75,16272727.00
4108452,5936748.00,5936748.00,3976729.00,1960019.00,1599000.00,0.00,2131104.00,1845625.00
4108502,6003102.86,6044576.86,3863850.00,2139252.86,750000.00,0.00,1513856.00,2349994.00
4108551,9132603.45,9132603.45,7289759.00,1842844.45,4999400.00,0.00,1545778.00,5743981.00
4108601,19726846.74,20494359.80,12645355.15,7081491.59,4681605.15,450000.00,2220000.00,9975355.15
4108650,7413567.07,7413567.07,5027500.00,2386067.07,1277500.00,0.00,3177500.00,1850000.00
4108700,7554052.64,7554052.64,5011245.95,2542806.69,1391250.00,0.00,500000.00,4511245.95
4108809,6626129.89,6972007.93,5331834.89,1294295.00,3082000.00,100000.00,720000.00,4511834.89
4108908,8841450.39,8841450.39,6793447.39,2048003.00,3078456.59,200000.00,1479844.80,5113602.59
4108957,7021939.84,7128745.97,4799235.97,2222703.87,2587000.00,0.00,1930735.97,2868500.00
4109005,4238610.71,4238610.71,2704468.00,1534142.71,198000.00,198000.00,999853.00,1506615.00
4109104,2264344.00,2264344.00,2264344.00,0.00,700000.00,214000.00,1050344.00,1000000.00
4109203,4612443.00,4612443.00,3553988.00,1058455.00,1523988.00,0.00,0.00,3553988.00
4109302,4165903.00,4843426.10,3166749.00,999154.00,1624540.00,0.00,742323.00,2424426.00
4109401,31247456.00,44932660.50,27414116.00,3833340.00,14550000.00,4250000.00,4374293.00,18789823.00
4109500,4316012.03,4462726.68,3296609.00,1019403.03,300000.00,200000.00,2499609.00,597000.00
4109609,13260195.70,13267395.70,11728697.00,1531498.70,6544000.00,0.00,2391000.00,9337697.00
4109658,6196764.03,6296764.03,1360000.00,4836764.03,210000.00,0.00,650000.00,710000.00
4109708,14359922.25,20561370.52,10696000.00,3663922.25,5546000.00,0.00,1970000.00,8726000.00
4109757,1818590.00,1828991.00,1199760.00,618830.00,560000.00,300000.00,270000.00,629760.00
4109807,14904967.03,16519188.70,13354967.03,1550000.00,9154967.03,5601698.00,400000.00,7353269.03
4109906,5479443.72,5479443.72,4829443.72,650000.00,2059448.72,1699995.00,815334.70,2314114.02
4110003,5230841.81,5230841.81,4757909.00,472932.81,1689500.00,0.00,1147500.00,3610409.00
4110052,2858250.00,2858250.00,2658250.00,200000.00,1458250.00,0.00,850000.00,1808250.00
4110078,6604625.00,6804925.00,4029000.00,2575625.00,2097500.00,0.00,786500.00,3242500.00
4110102,11393102.00,11688033.36,3830625.00,7562477.00,2384000.00,300000.00,300000.00,3230625.00
4110201,7041540.71,7141540.71,3843721.00,3197819.71,338000.00,40000.00,1330814.00,2472907.00
4110300,4527220.00,4527220.00,2776000.00,1751220.00,1476000.00,0.00,0.00,2776000.00
4110409,7020614.00,7020614.00,6620614.00,400000.00,4253233.00,300000.00,1720000.00,4600614.00
4110508,5020850.26,5020850.26,2832000.00,2188850.26,2112000.00,0.00,420000.00,2412000.00
4110607,9756703.08,9757637.48,8086703.08,1670000.00,3780000.00,1290000.00,270000.00,6526703.08
4110656,2883260.77,2883260.77,2285035.00,598225.77,1500000.00,0.00,500000.00,1785035.00
4110706,13096011.14,15222448.08,11163317.50,1932693.64,7176317.50,0.00,2527000.00,8636317.50
4110805,14044315.94,14715114.34,10413379.94,3630936.00,4634159.94,350000.00,1608752.94,8204627.00
4110904,8918402.40,8918402.40,6712692.00,2205710.40,4532692.00,0.00,350000.00,6362692.00
4110953,2850000.00,2850000.00,2650000.00,200000.00,250000.00,0.00,650000.00,2000000.00
4111001,4893787.04,4893787.04,3868774.04,1025013.00,2815682.00,200000.00,0.00,3668774.04
4111100,4214178.00,4214178.00,3845618.00,368560.00,1315300.00,100000.00,100000.00,3645618.00
4111209,11736057.15,11836033.82,8125912.08,3610145.07,6175912.08,1500000.00,300000.00,6325912.08
4111258,10241890.10,10394866.10,7899200.00,2342690.10,2085000.00,800000.00,2060000.00,5039200.00
4111308,4437328.00,4876566.54,3707315.00,730013.00,1031540.00,0.00,680000.00,3027315.00
4111407,7361000.00,7461000.00,5935000.00,1426000.00,3535000.00,0.00,3989000.00,1946000.00
4111506,24877307.82,29871037.36,10204880.18,14672427.64,6947040.00,0.00,400000.00,9804880.18
4111555,8611130.21,8611130.21,7911130.21,700000.00,5978600.00,947500.00,227230.21,6736400.00
4111605,3525647.17,3525647.17,2699794.00,825853.17,1016000.00,0.00,596488.00,2103306.00
4111704,5743576.09,5743576.09,4074880.00,1668696.09,1000000.00,0.00,550000.00,3524880.00
4111803,25028326.46,28255656.39,20068307.46,4960019.00,10520475.00,0.00,1464642.46,18603665.00
4111902,4806625.00,4806625.00,3283500.00,1523125.00,2133500.00,500000.00,100000.00,2683500.00
4112009,19210842.41,19210842.41,13993000.00,5217842.41,10538000.00,0.00,2700000.00,11293000.00
4112108,6025327.35,7362986.85,5364743.00,660584.35,1492750.00,500000.00,650000.00,4214743.00
4112207,2249361.71,2249361.71,1591018.99,658342.72,1432195.99,100000.00,250000.00,1241018.99
4112306,4550556.50,4655816.50,3418116.50,1132440.00,750000.00,0.00,995015.00,2423101.50
4112405,20889063.39,21046302.41,13233081.39,7655982.00,8771000.00,0.00,4438516.00,8794565.39
4112504,11379626.21,12444221.36,8991312.00,2388314.21,3397000.00,100000.00,1944312.00,6947000.00
4112603,3553054.00,3553054.00,3154041.00,399013.00,1887711.00,0.00,100000.00,3054041.00
4112702,6356342.45,6356342.45,4670000.00,1686342.45,2390000.00,1640000.00,530000.00,2500000.00
4112751,3320013.00,3320013.00,3120000.00,200013.00,500000.00,0.00,550000.00,2570000.00
4112801,6099004.00,6168417.37,5499004.00,600000.00,3378000.00,198000.00,100000.00,5201004.00
4112900,2357000.00,2357000.00,1475000.00,882000.00,700000.00,0.00,400000.00,1075000.00
4112959,4163371.00,4163371.00,4163371.00,0.00,2193000.00,0.00,300000.00,3863371.00
4113007,6915904.32,6915904.32,4664841.00,2251063.32,2329841.00,300000.00,809841.00,3555000.00
4113106,7207722.51,7207722.51,4214893.00,2992829.51,2197800.00,0.00,650000.00,3564893.00
4113205,14008753.27,14415048.57,9317859.00,4690894.27,2731500.00,200000.00,2536359.00,6581500.00
4113254,9372820.22,9372820.22,8336320.22,1036500.00,3904000.00,1650000.00,3993755.00,2692565.22
4113304,12861298.17,13401585.95,7407366.00,5453932.17,2241700.00,500000.00,3711666.00,3195700.00
4113403,4629995.00,4629995.00,4379995.00,250000.00,1295000.00,0.00,300000.00,4079995.00
4113429,8272998.50,8272998.50,7347243.50,925755.00,5546697.23,0.00,200000.00,7147243.50
4113452,7956090.69,8056090.69,5258735.29,2697355.40,4054735.29,270000.00,1206695.29,3782040.00
4113502,23954863.01,24474216.01,15316273.00,8638590.01,7373951.00,500000.00,4658175.00,10158098.00
4113601,12183589.00,12183589.00,9425509.00,2758080.00,6429000.00,0.00,930000.00,8495509.00
4113700,87023267.53,122546058.66,69256766.75,17766500.78,21570000.00,5709000.00,6627400.00,56920366.75
4113734,7269375.36,7269375.36,4717913.17,2551462.19,2547823.17,698000.00,450000.00,3569913.17
4113759,5373553.80,5381629.07,2871497.80,2502056.00,1250000.00,100000.00,257247.80,2514250.00
4113809,7091511.34,7091511.34,5589000.00,1502511.34,3239000.00,0.00,330000.00,5259000.00
4113908,5106244.15,5106244.15,4486751.00,619493.15,2267050.00,100000.00,1141000.00,3245751.00
4114005,9299589.60,9549555.61,6259713.60,3039876.00,2942000.00,1050000.00,239032.00,4970681.60
4114104,8037723.79,8067876.94,6205659.71,1832064.08,3038991.71,0.00,2897977.71,3307682.00
4114203,10061509.90,10314467.75,7425628.27,2635881.63,3530000.00,1782000.00,2494816.27,3148812.00
4114302,9527036.86,10149097.82,8384036.86,1143000.00,3743159.00,0.00,2286266.00,6097770.86
4114351,6912138.00,6912138.00,5452085.87,1460052.13,3010000.00,3192085.87,900000.00,1360000.00
4114401,16779896.19,17480803.16,9878443.00,6901453.19,4384683.00,451683.00,2608794.00,6817966.00
4114500,11204831.00,11400831.00,7443143.00,3761688.00,4848000.00,1726000.00,1070000.00,4647143.00
4114609,8959521.65,9767339.75,4239831.00,4719690.65,2165540.00,297000.00,1170000.00,2772831.00
4114708,5527962.27,5527962.27,3880955.15,1647007.12,1955955.15,0.00,550000.00,3330955.15
4114807,18701154.83,19406982.06,12698432.08,6002722.75,7038432.08,100000.00,3395982.08,9202450.00
4114906,6503219.94,6503219.94,4975529.00,1527690.94,2946500.00,547500.00,536500.00,3891529.00
4115002,11637248.40,11737248.40,9662519.03,1974729.37,5828393.03,198393.03,280000.00,8969251.00
4115101,6150997.41,6265182.13,4040737.74,2110259.67,1494000.00,994000.00,826737.74,2220000.00
4115200,65104086.54,87600518.69,35441074.29,29663012.25,15720155.00,300000.00,8945903.29,26072246.00
4115309,8874651.00,9613651.00,5012190.00,3862461.00,4662190.00,2567190.00,150000.00,2295000.00
4115358,4540091.97,4540091.97,3915000.00,625091.97,2465000.00,1370000.00,0.00,2545000.00
4115408,9813086.02,10161464.85,4150015.00,5663071.02,3102000.00,388985.00,708000.00,3053030.00
4115457,6730297.82,6730297.82,5571485.00,1158812.82,3584000.00,0.00,100000.00,5471485.00
4115507,2652306.00,2652306.00,1898000.00,754306.00,1168000.00,0.00,200000.00,1698000.00
4115606,11869243.14,12407374.52,9301500.00,2567743.14,2455500.00,5974000.00,350000.00,2977500.00
4115705,6132738.00,6154830.75,2632738.00,3500000.00,397000.00,297000.00,950000.00,1385738.00
4115739,6265471.86,6265471.86,4680452.86,1585019.00,3575841.00,200000.00,1295159.00,3185293.86
4115754,11005931.80,11005931.80,7777016.00,3228915.80,5108000.00,150000.00,907516.00,6719500.00
4115804,9719239.00,11099326.53,7225983.00,2493256.00,2875000.00,1500000.00,1430000.00,4295983.00
4115853,5790928.42,5790928.42,3445985.00,2344943.42,2370000.00,0.00,80000.00,3365985.00
4115903,6939092.04,6939092.04,5725476.00,1213616.04,2795365.00,0.00,1130111.00,4595365.00
4116000,2978112.31,2978112.31,1578840.10,1399272.21,949000.00,0.00,206046.00,1372794.10
4116059,7371625.89,7790752.55,5385649.00,1985976.89,3161045.00,1762069.00,260000.00,3363580.00
4116109,7517711.15,7517711.15,6564683.00,953028.15,3939683.00,597000.00,2066000.00,3901683.00
4116208,6432120.17,6532179.69,5509989.00,922131.17,2120000.00,100000.00,900000.00,4509989.00
4116307,4448461.00,4448461.00,4191151.00,257310.00,2359550.00,100000.00,0.00,4091151.00
4116406,6425017.00,6425017.00,5596471.00,828546.00,3606000.00,0.00,1194000.00,4402471.00
4116505,1798996.00,1798996.00,1798996.00,0.00,1396000.00,0.00,100000.00,1698996.00
4116604,2035833.00,2035833.00,1750000.00,285833.00,710000.00,0.00,200000.00,1550000.00
4116703,10764466.63,10764466.63,9483094.00,1281372.63,6741094.00,2064682.00,1402000.00,6016412.00
4116802,9432141.47,9432141.47,7699142.33,1732999.14,5784496.00,0.00,570000.00,7129142.33
4116901,17137222.78,17388205.78,11580375.00,5556847.78,6390000.00,1980000.00,1498000.00,8102375.00
4116950,8660993.56,8660993.56,5763756.00,2897237.56,3547500.00,200000.00,520000.00,5043756.00
4117008,4795564.30,4795564.30,4338000.00,457564.30,2638000.00,200000.00,200000.00,3938000.00
4117057,6959376.93,6959376.93,4980506.00,1978870.93,3003536.00,100000.00,1350719.00,3529787.00
4117107,12167303.00,12167303.00,9936067.00,2231236.00,3353159.00,0.00,3508019.00,6428048.00
4117206,10802677.58,10802677.58,8052129.23,2750548.35,4620500.00,200000.00,200000.00,7652129.23
4117214,3299903.00,3299903.00,2525000.00,774903.00,1000000.00,0.00,350000.00,2175000.00
4117222,2151938.00,2671827.00,1881938.00,270000.00,931938.00,100000.00,100000.00,1681938.00
4117255,12207335.45,12307335.45,8291597.00,3915738.45,4150183.00,4001683.00,700000.00,3589914.00
4117271,12844440.01,12844440.01,9099632.64,3744807.37,1600000.00,5573000.00,1900000.00,1092581.00
4117297,2831250.44,2831250.44,2046504.47,784745.97,1350029.05,254029.05,250000.00,1542475.42
4117305,5656872.00,5806872.00,4206872.00,1450000.00,1250000.00,0.00,3291500.00,915372.00
4117404,4855270.00,4855270.00,3539007.00,1316263.00,2488500.00,0.00,1336307.00,2202700.00
4117453,8191002.14,8191963.74,4822782.20,3368219.94,3231500.00,740357.00,1571500.00,2510925.20
4117503,12446373.88,12624736.65,7675773.00,4770600.88,3831000.00,0.00,2219773.00,5456000.00
4117602,9495008.00,11892354.17,7445095.00,2049913.00,682368.00,200000.00,2777618.00,4467477.00
4117701,10653034.31,12730489.19,8445296.38,2207737.93,2864000.00,0.00,2470000.00,5136625.00
4117800,8341484.82,8441484.82,4843267.01,3498217.81,1393267.01,2250000.00,1800000.00,793267.01
4117909,4504565.70,11145809.87,3426075.00,1078490.70,850000.00,500000.00,750000.00,2176075.00
4118006,11324177.00,11521174.20,9764755.00,1559422.00,5379000.00,100000.00,7664755.00,2000000.00
4118105,6691979.01,7091979.01,5406800.00,1285179.01,2202000.00,100000.00,300000.00,5006800.00
4118204,20802774.37,21861881.16,12283751.37,8519023.00,3990995.00,0.00,2447977.00,9835774.37
4118303,770000.00,770000.00,670000.00,100000.00,0.00,0.00,0.00,670000.00
4118402,20045691.00,25171787.05,14845678.00,5200013.00,3438540.00,250000.00,1274000.00,13321678.00
4118451,4691504.00,4722004.00,3891904.00,799600.00,3191904.00,1685054.00,0.00,2206850.00
4118501,44715508.83,56728387.26,20326446.00,24389062.83,6921500.00,4495000.00,4499946.00,11331500.00
4118600,3278104.00,3278104.00,1420000.00,1858104.00,670000.00,0.00,600000.00,820000.00
4118709,3226797.32,3249197.32,2147000.00,1079797.32,1097000.00,0.00,100000.00,2047000.00
4118808,11438530.19,18207737.70,9091940.00,2346590.19,4728128.00,400000.00,400000.00,8291940.00
4118857,8445568.80,8445568.80,6592051.00,1853517.80,5092051.00,100000.00,1894000.00,4598051.00
4118907,10427672.84,12025358.22,8064123.98,2363548.86,3244000.00,900000.00,850000.00,6314123.98
4119004,20049308.23,20049308.23,17134648.23,2914660.00,14095000.00,11585000.00,347516.00,5202132.23
4119103,11101166.83,11101166.83,6243253.00,4857913.83,4143500.00,0.00,1844000.00,4399253.00
4119152,12597737.44,18980219.20,8722329.44,3875408.00,4444000.00,100000.00,2696942.00,5925387.44
4119202,7934250.00,7934250.00,4341000.00,3593250.00,1496000.00,100000.00,520000.00,3721000.00
4119251,3282332.21,3282332.21,2521405.00,760927.21,1215000.00,0.00,722516.00,1798889.00
4119301,11257786.88,11720259.20,9089807.23,2167979.65,4467595.00,417900.00,5332407.23,3339500.00
4119400,12667000.00,12667000.00,10167000.00,2500000.00,6697000.00,0.00,3250000.00,6917000.00
4119509,12285410.00,14567117.69,10600000.00,1685410.00,6380000.00,0.00,1720000.00,8880000.00
4119608,17194322.11,18490148.13,9355093.00,7839229.11,3171000.00,0.00,3316000.00,6039093.00
4119657,4279970.00,4279970.00,3535470.00,744500.00,2236000.00,579426.00,100000.00,2856044.00
4119707,5964596.98,5964596.98,4524116.00,1440480.98,2242500.00,0.00,830000.00,3694116.00
4119806,14603535.00,14603535.00,9546000.00,5057535.00,4446000.00,3450000.00,946000.00,5150000.00
4119905,54523224.05,67711416.13,30363544.76,24159679.29,5837341.00,0.00,7002484.76,23361060.00
4119954,10354799.17,10354799.17,7766907.00,2587892.17,5635000.00,500000.00,1039776.00,6227131.00
4120002,4925427.00,4925427.00,4149677.00,775750.00,750000.00,0.00,0.00,4149677.00
4120101,4987226.80,5087226.80,4356122.80,631104.00,2592038.00,0.00,1342038.00,3014084.80
4120150,4537729.99,4537729.99,1898000.00,2639729.99,898000.00,500000.00,498000.00,900000.00
4120200,7276782.00,7276782.00,6410606.00,866176.00,5523000.00,1292000.00,1496000.00,3573856.00
4120309,2096516.40,2096516.40,1510000.00,586516.40,560000.00,0.00,450000.00,1060000.00
4120333,4243557.00,4243557.00,4143557.00,100000.00,2441500.00,198000.00,180000.00,3765557.00
4120358,5513822.00,5546357.00,3633022.00,1880800.00,1731015.00,1202022.00,300000.00,2131000.00
4120408,3102338.05,3102338.05,1585000.00,1517338.05,435000.00,0.00,735000.00,850000.00
4120507,10592230.35,10974230.35,8487880.35,2104350.00,4356082.50,1719682.50,750000.00,6018197.85
4120606,10978214.47,11494754.47,8606097.00,2372117.47,4278000.00,400000.00,1601097.00,6605000.00
4120655,2413599.00,2413599.00,2174849.00,238750.00,1590849.00,0.00,200000.00,1974849.00
4120705,5489060.00,5667451.37,5429060.00,60000.00,2125500.00,2097500.00,150000.00,3109935.00
4120804,9274612.12,10058526.38,5497500.00,3777112.12,3497500.00,0.00,1750000.00,3747500.00
4120853,1313082.84,1313082.84,1313082.84,0.00,759000.00,0.00,0.00,1313082.84
4120903,18705053.41,18818038.01,14286156.00,4418897.41,6777491.00,5304649.00,5048016.00,3933491.00
4121000,11904173.40,12365150.65,7985667.70,3918505.70,1367500.00,5723500.00,550000.00,1712167.70
4121109,7271856.00,7371856.00,6182000.00,1089856.00,4352000.00,150000.00,1296000.00,4736000.00
4121208,3951496.54,5788951.54,1664331.38,2287165.16,996000.00,0.00,200000.00,1464331.38
4121257,5459040.00,5459040.00,3628000.00,1831040.00,2203000.00,0.00,900000.00,2728000.00
4121307,2771903.00,2771903.00,2097000.00,674903.00,1847000.00,0.00,0.00,2097000.00
4121356,1877516.00,1877516.00,1495516.00,382000.00,398000.00,0.00,197516.00,1298000.00
4121406,15364674.72,20149507.88,9419044.32,5945630.40,1930000.00,5960000.00,528434.79,2930609.53
4121505,11490137.00,11590137.00,8372605.00,3117532.00,2052500.00,0.00,6095105.00,2277500.00
4121604,2560799.83,4019755.95,1500000.00,1060799.83,750000.00,750000.00,250000.00,500000.00
4121703,3543522.04,3543522.04,1998000.00,1545522.04,948000.00,0.00,850000.00,1148000.00
4121752,5667743.00,5814492.51,4086280.00,1581463.00,2446000.00,750000.00,2125580.00,1210700.00
4121802,9513041.30,9513041.30,7681450.00,1831591.30,3940200.00,0.00,688750.00,6895200.00
4121901,5257029.00,6093029.00,4231683.00,1025346.00,2301683.00,0.00,500000.00,3731683.00
4122008,10133570.00,11232565.85,6836000.00,3297570.00,4986000.00,0.00,900000.00,5936000.00
4122107,10012980.75,10012980.75,7056860.00,2956120.75,4089000.00,1108860.00,500000.00,5448000.00
4122156,17104552.14,17104552.14,14842774.49,2261777.65,10342652.49,600000.00,5647652.49,8595122.00
4122172,5357283.00,5357283.00,4407283.00,950000.00,2356591.00,0.00,550692.00,3856591.00
4122206,7120650.64,7513885.64,3326313.00,3794337.64,1200000.00,126490.00,2749823.00,450000.00
4122305,15291980.70,17009090.54,8725687.51,6566293.19,2387500.00,500000.00,5288187.51,2937500.00
4122404,10493672.12,12570031.62,8776724.80,1716947.32,5546100.00,2985000.00,750000.00,5041724.80
4122503,8745634.00,8745634.00,6710265.00,2035369.00,1715750.00,0.00,550000.00,6160265.00
4122602,6105094.85,6105094.85,4967000.00,1138094.85,2687000.00,0.00,4026000.00,941000.00
4122651,2197516.00,2197516.00,2197516.00,0.00,100000.00,0.00,447516.00,1750000.00
4122701,8830510.00,8865292.90,6773500.00,2057010.00,2681500.00,800000.00,100000.00,5491500.00
4122800,7367572.82,7367572.82,5155297.00,2212275.82,2577182.00,500000.00,370000.00,4285297.00
4122909,7390140.43,7390140.43,5259000.00,2131140.43,3289000.00,0.00,2270000.00,2989000.00
4123006,21488618.35,21488618.35,4881490.94,16607127.41,567290.94,3269290.94,500000.00,1112200.00
4123105,3415903.00,3415903.00,2741000.00,674903.00,2187000.00,0.00,0.00,2741000.00
4123204,4196006.00,4196006.00,4196006.00,0.00,2893000.00,400000.00,600000.00,3196006.00
4123303,13840494.89,13844430.78,7390000.00,6450494.89,3398000.00,5012000.00,280000.00,2098000.00
4123402,5938076.00,5938076.00,4757034.00,1181042.00,1000000.00,0.00,838750.00,3918284.00
4123501,2805017.49,2903820.07,2205017.49,600000.00,859429.49,0.00,250000.00,1955017.49
4123600,3573959.00,3573959.00,3373959.00,200000.00,1944500.00,0.00,250000.00,3123959.00
4123709,8711158.93,8711158.93,6091834.38,2619324.55,1340496.24,200000.00,490000.00,5401834.38
4123808,10495380.00,10495380.00,7361130.00,3134250.00,2981130.00,4331130.00,500000.00,2530000.00
4123824,3935635.24,3935635.24,2685000.00,1250635.24,688000.00,0.00,350000.00,2335000.00
4123857,12010720.21,12010720.21,7160656.40,4850063.81,2694000.00,0.00,6660656.40,500000.00
4123907,15310003.44,15510003.44,12820808.44,2489195.00,7207932.00,1000000.00,4942775.44,5961233.00
4123956,9647267.48,9647267.48,9200500.00,446767.48,6930500.00,0.00,1638500.00,7562000.00
4124004,3976550.08,3976550.08,2170124.00,1806426.08,1110124.00,0.00,400000.00,1770124.00
4124020,5000138.91,5051945.91,3787270.00,1212868.91,1541000.00,198000.00,700000.00,2889270.00
4124053,7803155.00,7866289.00,3595000.00,4208155.00,2495000.00,300000.00,0.00,3295000.00
4124103,12308126.56,14157907.90,10968200.84,1339925.72,4810328.84,1000000.00,550000.00,9418200.84
4124202,4293270.00,4293270.00,2696000.00,1597270.00,2046000.00,0.00,750000.00,1946000.00
4124301,3235000.00,3235000.00,3136000.00,99000.00,2336000.00,0.00,250000.00,2886000.00
4124400,16413514.89,16417714.89,10550000.00,5863514.89,4960000.00,2100000.00,200000.00,8250000.00
4124509,6895255.96,6895255.96,5275897.00,1619358.96,2539000.00,0.00,1839895.00,3436002.00
4124608,9791771.28,9791771.28,7448493.00,2343278.28,3601500.00,764000.00,3969000.00,2715493.00
4124707,6086660.38,6131223.99,5714993.00,371667.38,3140000.00,0.00,650000.00,5064993.00
4124806,2765334.00,2765334.00,2378000.00,387334.00,858000.00,100000.00,770000.00,1508000.00
4124905,8811168.08,8811168.08,8399490.00,411678.08,6099490.00,0.00,1298000.00,7101490.00
4125001,11448936.59,11448936.59,11248936.59,200000.00,3088500.00,500000.00,1036226.15,9712710.44
4125100,12456608.85,12852972.34,5409262.00,7047346.85,2804841.00,0.00,2586936.00,2822326.00
4125209,7675171.85,7675883.85,3851375.00,3823796.85,1941000.00,1298000.00,1464625.00,1088750.00
4125308,4819732.00,4819732.00,4246006.00,573726.00,2073525.00,1177525.00,1610481.00,1458000.00
4125357,7942712.00,7942712.00,4377212.00,3565500.00,2279500.00,247500.00,947712.00,3182000.00
4125407,3614443.00,3614443.00,3143223.00,471220.00,1791000.00,298000.00,273153.00,2568000.00
4125456,2680029.32,2680029.32,2097142.00,582887.32,755000.00,0.00,542142.00,1555000.00
4125506,29963803.43,86661540.84,14709805.00,15253998.43,4430865.00,0.00,7020440.00,7689365.00
4125555,2828030.00,2828030.00,2628030.00,200000.00,675500.00,0.00,733530.00,1894500.00
4125605,12350148.35,12350148.35,8333756.77,4016391.58,2440000.00,0.00,1686999.77,6408007.00
4125704,6441545.00,7036591.00,4627545.00,1814000.00,3290000.00,92545.00,290000.00,4245000.00
4125753,4499870.31,4518695.31,4206000.00,293870.31,3406000.00,1900000.00,340000.00,1966000.00
4125803,9506020.67,9631981.92,6618308.76,2887711.91,2282682.00,0.00,370000.00,6248308.76
4125902,3701356.00,3701356.00,2381526.00,1319830.00,995000.00,72326.00,250000.00,2059200.00
4126009,4653599.01,4653599.01,3443999.01,1209600.00,1893999.01,0.00,200000.00,3243999.01
4126108,7506628.88,7604463.10,6753665.50,752963.38,3859658.50,0.00,848500.00,5905165.50
4126207,3222000.00,3222000.00,2697000.00,525000.00,1247000.00,0.00,500000.00,2197000.00
4126256,25658295.28,27123877.72,21018368.00,4639927.28,14758000.00,0.00,10276938.00,10741430.00
4126272,3923443.06,4280186.89,3008543.06,914900.00,1728792.00,0.00,477751.06,2530792.00
4126306,8299375.01,8299375.01,4890148.79,3409226.22,2470934.53,0.00,1793214.26,3096934.53
4126355,3910144.00,3910144.00,3121381.00,788763.00,2141381.00,1249000.00,230000.00,1642381.00
4126405,3269756.80,3269756.80,2813256.80,456500.00,911600.00,0.00,100000.00,2713256.80
4126504,7700569.00,7700569.00,4935300.00,2765269.00,2255300.00,2540000.00,1230000.00,1165300.00
4126603,13476849.70,15406773.58,11501259.00,1975590.70,5016540.00,0.00,1506000.00,9995259.00
4126652,8257202.54,8257202.54,3971164.00,4286038.54,2155400.00,1000000.00,1502176.00,1468988.00
4126678,6581390.84,6581390.84,5129502.00,1451888.84,1800000.00,3310406.00,419105.00,1399991.00
4126702,5008712.14,5765111.99,4369856.14,638856.00,1492000.00,250000.00,1042856.14,3077000.00
4126801,21606986.94,21606986.94,18509791.94,3097195.00,13138658.00,7124185.00,3950198.00,6391791.00
4126900,5434673.70,5434673.70,4651853.70,782820.00,1661334.70,600000.00,3347037.70,704816.00
4127007,8025094.29,8150018.65,5426100.00,2598994.29,397000.00,0.00,3392100.00,2034000.00
4127106,12471168.00,15621724.55,7350000.00,5121168.00,200000.00,0.00,1350000.00,6000000.00
4127205,19949595.00,20995061.00,13427666.00,6521929.00,2042000.00,700004.00,7445000.00,5282662.00
4127304,14685986.41,14785986.41,10957251.28,3728735.13,5947793.00,300000.00,555000.00,10102251.28
4127403,8495315.00,8495315.00,6715412.00,1779903.00,4494000.00,2421412.00,650000.00,3644000.00
4127502,8902017.07,8902017.07,5490782.00,3411235.07,1766000.00,0.00,2296739.00,3194043.00
4127601,8102570.83,8102570.83,5223400.00,2879170.83,1703400.00,0.00,2175400.00,3048000.00
4127700,28415934.30,31140042.55,21020490.00,7395444.30,14629618.00,551118.00,2951710.00,17517662.00
4127809,2227837.88,2503815.88,1629103.93,598733.95,396000.00,198000.00,200000.00,1231103.93
4127858,6012714.00,13835310.43,2471000.00,3541714.00,546000.00,0.00,850000.00,1621000.00
4127882,6511586.00,6512183.50,3455000.00,3056586.00,2855000.00,0.00,400000.00,3055000.00
4127908,6476653.46,6476653.46,5378403.46,1098250.00,3098708.00,198000.00,3029554.00,2150849.46
4127957,4999625.00,4999625.00,3898625.00,1101000.00,3548625.00,600000.00,350000.00,2948625.00
4127965,5071156.28,5214709.55,3413700.00,1657456.28,993000.00,0.00,1350000.00,2063700.00
4128005,7669397.00,7766004.49,6644397.00,1025000.00,2910000.00,100000.00,1400000.00,5144397.00
4128104,57370133.00,69405494.35,35694349.00,21675784.00,8906604.00,7903604.00,7710000.00,20080745.00
4128203,17691299.16,19496328.12,7164272.88,10527026.28,3338613.88,0.00,3069717.88,4094555.00
4128302,1988225.00,1988225.00,1838225.00,150000.00,865709.00,0.00,97516.00,1740709.00
4128401,7987411.00,7987411.00,4586205.00,3401206.00,2300000.00,1000000.00,200000.00,3386205.00
4128500,7283652.00,7935564.93,5400800.00,1882852.00,2628000.00,0.00,800000.00,4600800.00
4128534,7609012.00,7609012.00,5520422.00,2088590.00,2050000.00,4550000.00,270540.00,699882.00
4128559,10305143.00,10865218.53,6710875.00,3594268.00,4410875.00,990000.00,2000000.00,3720875.00
4128609,6978983.33,7095741.33,4628950.00,2350033.33,2378950.00,500000.00,420000.00,3708950.00
4128625,2234848.92,2234848.92,2194780.00,40068.92,1163585.00,100000.00,700000.00,1394780.00
4128633,2546974.10,2546974.10,1350000.00,1196974.10,300000.00,0.00,300000.00,1050000.00
4128658,4100551.15,4100551.15,3364576.08,735975.07,1667612.08,0.00,1342964.00,2021612.08
4128708,10675624.00,11024069.86,1275000.00,9400624.00,0.00,0.00,100000.00,1175000.00
4128807,3234591.01,3234591.01,2527879.00,706712.01,916000.00,250000.00,290000.00,1987879.00
4200051,4241205.00,4241205.00,2447500.00,1793705.00,1947500.00,100000.00,0.00,2347500.00
4200101,7151066.00,9877558.94,5154928.00,1996138.00,3147500.00,1300000.00,777500.00,3077428.00
4200200,5344787.06,5362667.06,3743994.00,1600793.06,2083000.00,1392000.00,0.00,2351994.00
4200309,6124714.97,7346281.21,3883999.08,2240715.89,1956312.08,806271.00,312730.00,2764998.08
4200408,8637714.77,8637714.77,4396963.39,4240751.38,3250000.00,2096963.39,200000.00,2100000.00
4200507,4910887.00,4910887.00,2676722.00,2234165.00,798000.00,750000.00,0.00,1926722.00
4200556,3456283.00,3456283.00,2862294.00,593989.00,1744000.00,1514294.00,0.00,1348000.00
4200606,6653436.24,6728390.35,4973351.98,1680084.26,3523351.98,1592000.00,0.00,3381351.98
4200705,6782139.80,6808539.80,4559336.00,2222803.80,1995500.00,1220216.00,200000.00,3139120.00
4200754,4761812.00,5029648.10,1223812.00,3538000.00,100000.00,400000.00,0.00,823812.00
4200804,4037190.59,4145229.87,2552200.00,1484990.59,1638000.00,812200.00,0.00,1740000.00
4200903,4969437.00,5667548.01,4269437.00,700000.00,2341000.00,898000.00,1528437.00,1843000.00
4201000,5517754.00,5863754.00,3850496.00,1667258.00,2840500.00,907996.00,499000.00,2443500.00
4201109,3369180.05,3393980.05,2075700.00,1293480.05,1025700.00,600000.00,0.00,1475700.00
4201208,8506434.40,10156434.40,7187493.08,1318941.32,6085243.08,2798243.08,100000.00,4289250.00
4201257,9999542.86,9999542.86,5954017.00,4045525.86,2136000.00,1942000.00,468017.00,3544000.00
4201273,4728205.00,4728205.00,2739000.00,1989205.00,2239000.00,2142000.00,0.00,597000.00
4201307,6440108.00,10565309.86,5590108.00,850000.00,3061251.00,300000.00,0.00,5290108.00
4201406,10455106.81,10491254.93,6487613.00,3967493.81,3335000.00,1784455.00,481104.00,4222054.00
4201505,11538141.00,11538141.00,7344562.00,4193579.00,4375190.00,1144000.00,1255172.00,4945390.00
4201604,4276162.50,4276162.50,2761604.00,1514558.50,2092750.00,818854.00,0.00,1942750.00
4201653,3506882.00,3506882.00,3376000.00,130882.00,2676000.00,2630000.00,0.00,746000.00
4201703,7037956.00,7646133.07,6360244.00,677712.00,3775144.00,2279144.00,300000.00,3781100.00
4201802,5283723.00,5283723.00,4349304.00,934419.00,2639000.00,310923.00,399381.00,3639000.00
4201901,5726135.00,5726135.00,4187157.00,1538978.00,3005150.00,2209150.00,150000.00,1828007.00
4201950,4916301.00,4916301.00,2990205.00,1926096.00,2106000.00,1612000.00,584205.00,794000.00
4202008,15296105.00,16980801.88,9876822.00,5419283.00,4684572.00,2407500.00,499944.00,6969378.00
4202057,12286172.03,12286172.03,8550326.00,3735846.03,7436709.00,2374186.00,71625.00,6104515.00
4202073,14523104.72,14523104.72,10728230.00,3794874.72,8542507.00,6917723.00,200000.00,3610507.00
4202081,1683923.00,1683923.00,687000.00,996923.00,687000.00,87000.00,500000.00,100000.00
4202099,1746815.07,1746815.07,1596815.07,150000.00,1596815.07,398000.00,0.00,1198815.07
4202107,7940166.21,8008629.31,6889791.00,1050375.21,3483750.00,2701434.00,299607.00,3888750.00
4202131,6907044.21,6907044.21,4383656.90,2523387.31,1588000.00,600000.00,0.00,3067406.90
4202156,3079879.00,3079879.00,2213629.00,866250.00,648000.00,704842.00,0.00,1508787.00
4202206,12255251.23,12255251.23,9717374.40,2537876.83,5703200.00,2967700.00,300000.00,6449674.40
4202305,13569071.43,30260311.82,7658836.32,5910235.11,5182739.32,2990239.32,0.00,4668597.00
4202404,50448004.82,72981786.45,29714083.23,20733921.59,8400018.00,10448542.00,7217651.00,10054354.00
4202438,4127729.00,4127729.00,2598477.00,1529252.00,1048500.00,400000.00,0.00,1948477.00
4202453,9157903.00,9157903.00,8119959.00,1037944.00,4670000.00,6321959.00,0.00,1798000.00
4202503,8650893.08,8650893.08,6938793.00,1712100.08,5083000.00,2492000.00,319250.00,3731543.00
4202537,3531652.80,3531652.80,1800000.00,1731652.80,750000.00,750000.00,200000.00,850000.00
4202578,3744312.31,3744312.31,2544312.31,1200000.00,1503302.00,498000.00,200000.00,1846312.31
4202602,6839684.87,6937154.87,4489000.00,2350684.87,3639000.00,1398000.00,0.00,2791000.00
4202701,4801431.78,4801431.78,4372964.00,428467.78,1798000.00,600000.00,474974.00,3297990.00
4202800,13696455.72,15209665.35,10538638.72,3157817.00,6060353.00,2616350.00,0.00,7744003.00
4202859,4890710.00,4890710.00,4579913.00,310797.00,3329913.00,1793000.00,0.00,2786913.00
4202875,2557939.71,2557939.71,1398000.00,1159939.71,898000.00,698000.00,100000.00,600000.00
4202909,24882480.53,27251045.45,11289229.35,13593251.18,2639000.00,6295000.00,274229.35,4720000.00
4203006,17066375.00,21630505.24,8715512.00,8350863.00,3849400.00,1866400.00,513112.00,6336000.00
4203105,5689235.56,5698891.11,3754075.00,1935160.56,2207000.00,907000.00,0.00,2847075.00
4203154,4005427.00,4005427.00,2168000.00,1837427.00,1093000.00,525000.00,450000.00,1193000.00
4203204,16642410.00,17458739.53,12875098.00,3767312.00,9936242.00,3093000.00,100000.00,9682098.00
4203253,1963180.00,1963180.00,1374324.00,588856.00,875000.00,375000.00,0.00,999324.00
4203303,10847248.00,11188927.11,9384144.00,1463104.00,7500000.00,299939.00,0.00,9084205.00
4203402,3173507.00,3173507.00,1300000.00,1873507.00,350000.00,200000.00,0.00,800000.00
4203501,8387189.00,8387189.00,5143971.00,3243218.00,2444000.00,1148000.00,2449971.00,1546000.00
4203600,9213866.00,9649870.53,7244560.00,1969306.00,5544560.00,2531000.00,241560.00,4472000.00
4203709,25467139.08,25467139.08,24361930.08,1105209.00,23761930.08,12821012.08,150000.00,11390918.00
4203808,12104901.82,12556426.58,8480485.82,3624416.00,3670600.00,3372885.82,500000.00,3079600.00
4203907,8981193.41,8981193.41,4130308.00,4850885.41,1944000.00,1198000.00,700000.00,2232308.00
4203956,6588990.00,6654130.00,2284751.00,4304239.00,946000.00,1445895.00,0.00,838856.00
4204004,5624140.00,5624140.00,3803284.00,1820856.00,3328000.00,2630000.00,200000.00,973284.00
4204103,2743251.00,2868758.00,1692922.00,1050329.00,993000.00,199922.00,500000.00,993000.00
4204152,6754223.20,6754223.20,3594897.00,3159326.20,2721085.00,1075585.00,100000.00,2419312.00
4204178,4093518.46,4093518.46,3138913.50,954604.96,1713936.50,200000.00,0.00,2638913.50
4204194,7597342.30,7597342.30,6540588.75,1056753.55,2770292.00,100000.00,468358.00,5972230.75
4204202,15508072.67,60257432.68,5877511.00,9630561.67,3430159.00,2131659.00,996000.00,2749852.00
4204251,8104599.46,8254599.46,3471125.00,4633474.46,2271125.00,1890050.00,0.00,1581075.00
4204301,16182260.98,23229431.90,6893019.00,9289241.98,4463019.00,3868000.00,250000.00,2775019.00
4204350,3342576.15,3451764.37,1393000.00,1949576.15,1193000.00,100000.00,0.00,1293000.00
4204400,4313067.00,4313067.00,2692211.00,1620856.00,1674371.00,797000.00,300000.00,1595211.00
4204459,2400891.00,2400891.00,1113585.00,1287306.00,650000.00,200000.00,250000.00,663585.00
4204509,13986595.71,15019995.71,8216229.00,5770366.71,6318183.00,1486683.00,200000.00,6529546.00
4204558,8255528.30,8255528.30,5850676.79,2404851.51,2807500.00,1264000.00,199978.00,4386698.79
4204608,44372165.12,57101461.85,15166062.35,29206102.77,9277488.00,6624284.78,3910.57,8251367.00
4204707,6117512.72,6121997.72,3529000.00,2588512.72,2929000.00,1638000.00,0.00,1891000.00
4204756,3930000.00,3930000.00,2241500.00,1688500.00,1691500.00,450000.00,0.00,1791500.00
4204806,9724644.72,10072797.60,6751126.62,2973518.10,3991000.00,2104373.62,223335.00,4423418.00
4204905,6913973.83,6913973.83,4857250.00,2056723.83,3038000.00,800000.00,846000.00,3211250.00
4205001,14700758.69,14845338.17,9636500.00,5064258.69,4086500.00,3346000.00,500000.00,5790500.00
4205100,6389212.00,6389212.00,4729500.00,1659712.00,3229500.00,2431000.00,0.00,2298500.00
4205159,6380395.66,6380395.66,4491855.37,1888540.29,2788500.00,1000000.00,0.00,3341538.01
4205175,4735367.70,4735367.70,2258000.00,2477367.70,1568000.00,518000.00,0.00,1740000.00
4205191,4006028.00,4006028.00,3593498.00,412530.00,2993498.00,2688500.00,100000.00,804998.00
4205209,4291457.92,10326258.27,3055104.00,1236353.92,2755104.00,398000.00,0.00,2657104.00
4205308,2864390.10,2864390.10,2392900.00,471490.10,1651900.00,1401900.00,441000.00,550000.00
4205357,2785750.90,2785750.90,1899973.00,885777.90,450000.00,449973.00,450000.00,1000000.00
4205407,65391170.37,796602820.64,46773140.72,18618029.65,30060481.77,5704375.04,599757.00,40142608.68
4205431,5219572.09,5792572.09,2742500.00,2477072.09,1942500.00,300000.00,450000.00,1992500.00
4205456,58488725.37,58488725.37,34950277.00,23538448.37,32860289.00,4734988.00,598000.00,29617289.00
4205506,8982554.00,9290311.56,5882554.00,3100000.00,1695700.00,2497700.00,599853.00,2785001.00
4205555,3907165.00,3907165.00,2171490.00,1735675.00,400000.00,350000.00,0.00,1821490.00
4205605,4523868.95,4523868.95,1921056.10,2602812.85,1371112.10,663754.10,0.00,1257302.00
4205704,27903013.10,28421653.66,24932153.00,2970860.10,22146209.00,16328500.00,191000.00,8412653.00
4205803,12425527.87,12589143.23,7984641.00,4440886.87,6245529.00,3573321.00,191000.00,4220320.00
4205902,17462977.19,19896654.93,11665586.00,5797391.19,6339500.00,4154250.00,300000.00,7211336.00
4206009,16402085.39,17029085.39,14225288.39,2176797.00,7511585.39,4394397.00,238750.00,9592141.39
4206108,4712153.14,4749328.14,3039500.00,1672653.14,2039500.00,200000.00,0.00,2839500.00
4206207,7682139.31,7682139.31,5170150.00,2511989.31,3385000.00,1194000.00,550000.00,3426150.00
4206306,4540809.15,4565334.41,3733694.17,807114.98,2565694.17,997500.00,0.00,2736194.17
4206405,11063145.06,11063145.06,8806115.00,2257030.06,7720760.00,1690000.00,250000.00,6866115.00
4206504,14624313.27,15682871.10,7858764.00,6765549.27,3527500.00,1794577.00,561863.00,5359074.00
4206603,6332689.00,6502702.20,4255716.00,2076973.00,1942000.00,1694000.00,450000.00,2111716.00
4206652,3593127.00,3609228.55,2079474.00,1513653.00,759682.00,699792.00,0.00,1379682.00
4206702,11585748.17,13182426.13,6594000.00,4991748.17,4644000.00,2944000.00,450000.00,3200000.00
4206751,2630214.42,2630214.42,1789800.00,840414.42,985000.00,585000.00,0.00,1204800.00
4206801,5778786.32,5778786.32,3744500.00,2034286.32,2844500.00,800000.00,150000.00,2794500.00
4206900,13025860.16,13081220.30,9589999.00,3435861.16,3540000.00,2842000.00,0.00,6747999.00
4207007,24911807.10,25470961.63,15010767.57,9901039.53,8504449.57,4439804.00,800000.00,9770963.57
4207106,8236803.76,8236803.76,5945062.00,2291741.76,1593000.00,1696950.00,2767907.00,1480205.00
4207205,6497246.89,6497246.89,4755464.89,1741782.00,3786348.89,1582241.89,0.00,3173223.00
4207304,14058745.70,14257224.70,11866750.00,2191995.70,7161500.00,7791250.00,300000.00,3775500.00
4207403,5130402.00,5130402.00,3840000.00,1290402.00,2290000.00,798000.00,0.00,3042000.00
4207502,13483407.00,15080412.44,8279257.00,5204150.00,6046142.00,1919700.00,0.00,6359557.00
4207577,2445999.00,2445999.00,1801249.00,644750.00,1649840.00,100000.00,0.00,1701249.00
4207601,3806458.00,3872142.43,2444250.00,1362208.00,1345500.00,1348000.00,48750.00,1047500.00
4207650,4541186.60,4586527.37,2702900.00,1838286.60,1952900.00,557900.00,200000.00,1945000.00
4207684,4351567.00,4351567.00,2216000.00,2135567.00,1625000.00,150000.00,691000.00,1375000.00
4207700,3705699.00,3705699.00,2343939.00,1361760.00,1244000.00,100000.00,150000.00,2093939.00
4207759,7583606.88,7704256.33,5056202.00,2527404.88,3706202.00,2700900.00,0.00,2355302.00
4207809,5978280.00,5978280.00,4107575.00,1870705.00,1848000.00,500000.00,300000.00,3307575.00
4207858,3421827.56,3421827.56,2236214.00,1185613.56,1641000.00,996000.00,0.00,1240214.00
4207908,8878792.94,8878792.94,6032877.00,2845915.94,4242900.00,1044900.00,350000.00,4637977.00
4208005,4527240.48,5701550.32,3946136.48,581104.00,1346000.00,2046000.00,200000.00,1450000.00
4208104,11070299.57,11076295.06,7870915.00,3199384.57,6026251.00,2319500.00,300000.00,5251415.00
4208203,20455648.28,66211024.64,13139509.28,7316139.00,8489574.28,7575520.00,0.00,5563989.28
4208302,10598944.00,16107611.34,8577500.00,2021444.00,4277500.00,3638500.00,150000.00,4789000.00
4208401,5974043.17,7259153.86,4879512.08,1094531.09,2729512.08,2046000.00,200000.00,2633512.08
4208450,8112032.54,8170712.53,4240796.00,3871236.54,2045000.00,598490.00,0.00,3642306.00
4208500,11864661.48,13162541.24,6274995.00,5589666.48,4231000.00,787000.00,250000.00,5237995.00
4208609,4158769.79,4158769.79,1790074.00,2368695.79,914604.00,203845.00,71625.00,1514604.00
4208708,7711273.35,7724273.35,4893039.00,2818234.35,3199150.00,1563150.00,0.00,3329889.00
4208807,9368288.27,9668264.04,6793539.00,2574749.27,5373600.00,1285600.00,0.00,5507939.00
4208906,19188594.36,24956217.02,6858273.35,12330321.01,3751701.00,1200000.00,0.00,5658273.35
4208955,4796273.03,4796273.03,3840500.00,955773.03,2390500.00,750000.00,500000.00,2590500.00
4209003,5100012.00,14214461.64,3339993.00,1760019.00,2640000.00,1741993.00,0.00,1598000.00
4209102,71358675.39,119018045.30,55802372.99,15556302.40,41220689.79,14106627.15,0.00,37695254.22
4209151,7856279.00,7856279.00,5096567.00,2759712.00,2028000.00,933000.00,763625.00,3399942.00
4209177,1662401.38,1662401.38,847110.00,815291.38,598000.00,0.00,150000.00,697110.00
4209201,1404870.00,1404870.00,648000.00,756870.00,398000.00,0.00,0.00,648000.00
4209300,46843122.35,62693382.66,42989461.35,3853661.00,18415527.35,3937480.00,0.00,11315710.00
4209409,21735018.25,21833018.25,16630138.30,5104879.95,12801662.16,4435029.76,0.00,12195108.54
4209458,3813260.00,3813260.00,2981500.00,831760.00,1621500.00,1932500.00,699000.00,350000.00
4209508,6749460.00,6930937.55,5610034.00,1139426.00,3038500.00,0.00,1271534.00,4338500.00
4209607,8561172.00,8561172.00,6544967.00,2016205.00,3646000.00,1496000.00,199098.00,4849869.00
4209706,5700326.37,5908232.07,3895925.37,1804401.00,1997537.37,598388.00,347717.00,2949820.37
4209805,5772173.00,5772173.00,5372173.00,400000.00,4075000.00,2190000.00,347173.00,2835000.00
4209854,3318221.00,3924408.23,2339500.00,978721.00,1839500.00,1293500.00,0.00,848000.00
4209904,7549690.23,7549690.23,4190389.00,3359301.23,1700159.00,893000.00,790230.00,2507159.00
4210001,8858972.54,9125156.32,6372634.94,2486337.60,3903250.00,1543750.00,150000.00,4678884.94
4210035,4292072.15,4439692.10,1995505.15,2296567.00,845505.15,1095505.15,0.00,900000.00
4210050,2018200.00,2018200.00,1558200.00,460000.00,1044000.00,694000.00,200000.00,664200.00
4210100,14208086.80,28051649.49,11962360.00,2245726.80,4445039.00,1100980.00,828187.00,10033193.00
4210209,4819777.51,4819777.51,3068841.00,1750936.51,2368841.00,287000.00,0.00,2781841.00
4210308,3690100.00,3690100.00,870000.00,2820100.00,0.00,0.00,300000.00,570000.00
4210407,6977182.22,6977182.22,5093306.00,1883876.22,4506000.00,300000.00,0.00,4793306.00
4210506,21612485.26,24757712.68,14555047.00,7057438.26,13390654.00,5095000.00,639365.00,8820682.00
4210555,3444994.00,3444994.00,2994994.00,450000.00,1045000.00,915000.00,0.00,2079994.00
4210605,14297998.48,14465423.48,10277729.00,4020269.48,5774209.00,1497500.00,677410.00,8102819.00
4210704,1920000.00,1920000.00,900000.00,1020000.00,0.00,0.00,250000.00,650000.00
4210803,8539492.00,8752757.78,4800000.00,3739492.00,2790000.00,1295000.00,0.00,3505000.00
4210852,1396483.00,1396483.00,666733.00,729750.00,500000.00,100000.00,0.00,566733.00
4210902,4985698.00,5191270.67,3538442.00,1447256.00,2388500.00,650000.00,0.00,2888442.00
4211009,12146083.21,12158083.21,9040549.00,3105534.21,4381700.00,3437500.00,0.00,5603049.00
4211058,4270756.20,4270756.20,2407897.00,1862859.20,707900.00,1257900.00,200000.00,949997.00
4211108,6655991.35,6655991.35,3883863.00,2772128.35,1719000.00,375000.00,300000.00,3208863.00
4211207,11671793.52,12160734.86,9104156.00,2567637.52,6128500.00,4464156.00,0.00,4640000.00
4211256,3182965.00,3182965.00,1843500.00,1339465.00,1343500.00,697500.00,100000.00,1046000.00
4211306,12511235.16,13022090.02,10665100.00,1846135.16,3342500.00,7445000.00,400000.00,2820100.00
4211405,5312510.70,5467435.70,2747819.00,2564691.70,1448000.00,1050000.00,698000.00,999819.00
4211454,4705365.57,4705365.57,3109015.07,1596350.50,2809015.07,600000.00,620000.00,1889015.07
4211504,14760753.00,14771829.50,13860753.00,900000.00,8697792.00,7602292.00,200000.00,6058461.00
4211603,12110362.00,12110362.00,6435500.00,5674862.00,4735500.00,1395000.00,0.00,5040500.00
4211652,2433793.00,2433793.00,1398000.00,1035793.00,948000.00,250000.00,300000.00,848000.00
4211702,11609144.00,12239887.21,7072250.00,4536894.00,3433500.00,2543500.00,438750.00,4090000.00
4211751,9522341.53,9522341.53,6279764.00,3242577.53,4310000.00,1466000.00,200000.00,4413764.00
4211801,5942480.00,5942480.00,4914477.00,1028003.00,3599682.00,2096000.00,200000.00,2618477.00
4211850,3384105.52,3384105.52,1549197.00,1834908.52,900000.00,750000.00,0.00,799197.00
4211876,3701283.54,3701283.54,2010000.00,1691283.54,935000.00,512000.00,0.00,1498000.00
4211892,5313116.08,5313116.08,3380938.00,1932178.08,1799841.00,959841.00,0.00,2421097.00
4211900,13356805.15,49861804.36,7156173.85,6200631.30,2956173.85,3406000.00,0.00,3750173.85
4212007,6863374.42,6863374.42,5449132.37,1414242.05,2989132.37,3741132.37,0.00,1708000.00
4212056,5818443.46,5818443.46,3346000.00,2472443.46,2446000.00,1598000.00,0.00,1448000.00
4212106,7284212.64,8915217.71,5937500.00,1346712.64,3837500.00,2943500.00,450000.00,2544000.00
4212205,9394384.07,9638931.60,6246750.00,3147634.07,3624750.00,2718750.00,0.00,3528000.00
4212239,3266521.00,3266521.00,1550000.00,1716521.00,650000.00,400000.00,0.00,1150000.00
4212254,10553460.00,11448033.59,8458500.00,2094960.00,7758500.00,6712500.00,0.00,1746000.00
4212270,4500301.00,4500301.00,1400000.00,3100301.00,550000.00,500000.00,200000.00,700000.00
4212304,17242495.69,17242955.69,14462351.00,2780144.69,11214000.00,8739397.00,149954.00,5573000.00
4212403,5065788.00,5065788.00,4779288.00,286500.00,2945500.00,1381288.00,0.00,3048000.00
4212502,9369631.97,10179055.87,5471477.00,3898154.97,3211500.00,1291000.00,399977.00,3780500.00
4212601,3933176.71,4130176.71,2774187.00,1158989.71,1246000.00,1374187.00,0.00,1400000.00
4212650,12441403.96,12441403.96,10243113.00,2198290.96,8729000.00,6157200.00,0.00,4085913.00
4212700,7631504.38,7631504.38,5397255.00,2234249.38,3172500.00,337000.00,150000.00,4910255.00
4212809,10806855.29,11006855.29,7113879.00,3692976.29,4285000.00,900000.00,40023.00,6173856.00
4212908,4678352.00,5534632.94,3028352.00,1650000.00,1898370.00,1552352.00,200000.00,1276000.00
4213005,4575590.67,4575590.67,1998000.00,2577590.67,1798000.00,748000.00,0.00,1250000.00
4213104,3667083.00,3667083.00,2577916.00,1089167.00,2042500.00,1582039.00,0.00,995877.00
4213153,3862377.50,3879960.13,2652888.50,1209489.00,1910340.50,797500.00,464840.50,1390548.00
4213203,8685616.29,10395985.12,6099253.03,2586363.26,2721653.52,2377653.52,0.00,3721599.51
4213302,1612730.00,1612730.00,862730.00,750000.00,0.00,0.00,0.00,862730.00
4213351,2675329.00,2675329.00,1163121.00,1512208.00,850000.00,313121.00,0.00,850000.00
4213401,6712728.16,8015686.61,4274500.00,2438228.16,3724500.00,2234500.00,0.00,2040000.00
4213500,11791192.74,12923412.44,7772308.74,4018884.00,2747000.00,1548000.00,100000.00,6124308.74
4213609,3799903.00,4948901.97,2525000.00,1274903.00,350000.00,500000.00,0.00,2025000.00
4213708,6699604.00,7245968.50,5118500.00,1581104.00,1547500.00,1000000.00,541000.00,3577500.00
4213807,13088560.85,14902466.25,9612806.00,3475754.85,8075500.00,937000.00,0.00,8675806.00
4213906,3148802.00,3148802.00,2898802.00,250000.00,1942302.00,587000.00,536500.00,1775302.00
4214003,8039168.82,8194927.78,6488205.00,1550963.82,2563000.00,1650000.00,575205.00,4263000.00
4214102,3988675.00,3988675.00,3546974.00,441701.00,2090000.00,994000.00,312730.00,2240244.00
4214151,2499367.31,2499367.31,1300000.00,1199367.31,600000.00,350000.00,0.00,950000.00
4214201,7700602.00,7700602.00,6191084.00,1509518.00,3632000.00,2242839.00,350000.00,3598245.00
4214300,10152035.38,10152035.38,6519555.60,3632479.78,4653921.60,4959921.60,0.00,1559634.00
4214409,5594504.30,5594504.30,3972522.00,1621982.30,2629000.00,1958522.00,150000.00,1864000.00
4214508,3577580.84,3577580.84,2244000.00,1333580.84,1544000.00,200000.00,200000.00,1844000.00
4214607,8764302.00,8764302.00,7603882.00,1160420.00,5539682.00,746000.00,200000.00,6657882.00
4214706,19890389.08,20994489.08,15226757.08,4663632.00,13364112.08,1315000.00,199789.00,13711968.08
4214805,27178440.83,32204109.65,16252315.20,10926125.63,4492440.00,5895000.00,698.20,10307447.00
4214904,5735102.06,7386657.06,3640500.00,2094602.06,3340500.00,800000.00,0.00,2840500.00
4215000,8841478.77,8841733.65,5433723.00,3407755.77,2996000.00,1796000.00,0.00,3637723.00
4215059,5705228.00,5705228.00,4055242.00,1649986.00,2973904.00,192588.00,100000.00,3562654.00
4215075,2284239.00,3773214.93,1094933.00,1189306.00,995000.00,399933.00,0.00,695000.00
4215109,7589021.14,7589021.14,5172500.00,2416521.14,2942500.00,800000.00,0.00,4372500.00
4215208,4997908.21,4997908.21,2870730.00,2127178.21,1248000.00,545000.00,142007.00,2183723.00
4215307,8157349.00,8427728.00,5472995.00,2684354.00,2211644.00,1400000.00,162694.00,3910301.00
4215356,3258981.00,3258981.00,2108981.00,1150000.00,1199000.00,509981.00,750000.00,849000.00
4215406,5433130.00,5433130.00,3528682.00,1904448.00,2758682.00,1712682.00,0.00,1816000.00
4215455,9720196.00,9820196.00,3642000.00,6078196.00,1142000.00,450000.00,150000.00,3042000.00
4215505,4822710.93,4822710.93,2102000.00,2720710.93,1202000.00,700000.00,200000.00,1202000.00
4215554,4034480.10,4034480.10,2877507.00,1156973.10,1551500.00,276007.00,500000.00,2101500.00
4215604,2483013.36,2683013.36,1065612.00,1417401.36,600000.00,465612.00,0.00,600000.00
4215653,12361570.88,12473570.88,9901396.97,2460173.91,8301396.97,1563396.97,150000.00,8188000.00
4215679,5776976.78,5776976.78,3872277.50,1904699.28,2672317.50,100000.00,549960.00,3222317.50
4215687,4142697.00,4142697.00,2869000.00,1273697.00,2269000.00,550000.00,450000.00,1869000.00
4215695,2506701.00,3620701.00,2003294.00,503407.00,1155302.00,450000.00,200000.00,1353294.00
4215703,12240593.10,13096981.07,6325268.00,5915325.10,4872283.00,2262000.00,132814.00,3930454.00
4215752,3237132.00,3237132.00,1824068.00,1413064.00,950000.00,500000.00,549849.00,774219.00
4215802,8954401.00,11100820.65,6592641.00,2361760.00,3390448.00,2692000.00,1550000.00,2350641.00
4215901,2619682.00,2810560.95,2219682.00,400000.00,419682.00,500000.00,0.00,1719682.00
4216008,5636851.29,5903220.71,3740500.00,1896351.29,2840500.00,550000.00,200000.00,2990500.00
4216057,7257704.00,7257704.00,4936600.00,2321104.00,4082000.00,2390000.00,0.00,2546600.00
4216107,6597500.00,6597500.00,5161000.00,1436500.00,3221000.00,3674000.00,297000.00,1190000.00
4216206,11809041.61,24852909.68,7940722.51,3868319.10,2616500.00,1042641.00,559802.00,6338279.51
4216255,3970338.59,4192702.64,2740415.00,1229923.59,1573379.00,1053220.00,177822.00,1509373.00
4216305,16334688.00,17112197.12,11915877.00,4418811.00,9289600.00,1541000.00,436500.00,9938377.00
4216354,7168994.00,7168994.00,6085949.00,1083045.00,4035951.00,1995000.00,299998.00,3790951.00
4216404,4257318.00,4270218.00,3157318.00,1100000.00,1888000.00,896000.00,0.00,2261318.00
4216503,8796287.09,8911667.09,6025086.00,2771201.09,4047425.00,1847949.00,250000.00,3627137.00
4216602,52286296.08,108026723.33,39022256.00,13264040.08,34569964.00,10028066.00,25838190.00,3156000.00
4216701,6376410.00,6563458.41,4928275.00,1448135.00,4128275.00,1890275.00,396000.00,2642000.00
4216800,5166368.18,5183168.18,4050986.15,1115382.03,2901986.15,640000.00,1064486.15,2346500.00
4216909,17883212.08,21204258.31,14375501.00,3507711.08,11885501.00,4485000.00,200000.00,9690501.00
4217006,10668361.23,10668361.23,7515920.00,3152441.23,3190500.00,4228723.00,0.00,3287197.00
4217105,4397450.75,4397450.75,2740000.00,1657450.75,1840000.00,1790000.00,0.00,950000.00
4217154,4782571.00,4782571.00,3133861.00,1648710.00,2020841.00,2021000.00,200000.00,912861.00
4217204,9616052.42,9660743.63,6984704.00,2631348.42,3883000.00,4092000.00,1001704.00,1891000.00
4217253,6512606.62,6512606.62,3913500.00,2599106.62,3663500.00,2363500.00,0.00,1550000.00
4217303,2629991.10,2629991.10,1336084.00,1293907.10,300000.00,250000.00,486084.00,600000.00
4217402,14439242.50,14454302.00,9683653.50,4755589.00,8813617.00,3853653.50,300000.00,5530000.00
4217501,3959742.07,3959742.07,2759742.07,1200000.00,1789000.00,600000.00,0.00,2159742.07
4217550,2329277.00,2329277.00,1493277.00,836000.00,694000.00,598000.00,0.00,895277.00
4217600,6135680.77,6235680.77,4603245.87,1532434.90,3450000.00,3099910.00,0.00,1350000.00
4217709,6297192.67,6304944.37,2613000.00,3684192.67,1893750.00,1417500.00,0.00,1195500.00
4217758,4626455.20,4626455.20,2460812.00,2165643.20,1687000.00,537000.00,500000.00,1423812.00
4217808,10282228.69,10760487.48,7091712.00,3190516.69,4364000.00,2916000.00,400000.00,3775712.00
4217907,9079438.40,9079438.40,5982249.40,3097189.00,3542400.00,3338322.40,0.00,2643927.00
4217956,1258947.00,1258947.00,674982.00,583965.00,575000.00,274982.00,0.00,400000.00
4218004,13148807.88,13889462.96,9400938.90,3747868.98,5540300.00,1941000.00,728985.00,6362192.00
4218103,6310218.10,6409827.58,2948627.00,3361591.10,1844000.00,598000.00,0.00,2350627.00
4218202,11690889.00,12470993.30,7599721.00,4091168.00,4126000.00,1626723.00,300000.00,5672998.00
4218251,7343130.00,7343130.00,3954068.00,3389062.00,1794000.00,1125000.00,399996.00,2429072.00
4218301,8649164.00,8907774.96,4810450.00,3838714.00,2688000.00,700000.00,0.00,4110450.00
4218350,3224972.00,3224972.00,2234972.00,990000.00,1334000.00,1184000.00,99979.00,950993.00
4218400,5818830.36,5818830.36,2990159.00,2828671.36,1190159.00,900000.00,0.00,2090159.00
4218509,7677513.29,7677513.29,5154654.00,2522859.29,3392000.00,2359000.00,0.00,2795654.00
4218608,10261394.70,10300178.50,7406262.00,2855132.70,4786487.00,829805.00,238750.00,6337707.00
4218707,22331836.43,27448926.23,16977655.91,5354180.52,7398962.15,6570960.15,5191084.80,5215610.96
4218756,3985442.00,3985442.00,1919369.00,2066073.00,1245000.00,1134158.00,250000.00,535211.00
4218806,7062600.00,7874192.98,3836000.00,3226600.00,2986000.00,447500.00,0.00,3388500.00
4218855,4510138.00,4510138.00,3637408.00,872730.00,2637500.00,200000.00,199000.00,3238408.00
4218905,8519742.52,8708316.52,5988605.99,2531136.53,4449872.99,735000.00,238750.00,5014855.99
4218954,4790985.45,4790985.45,3402290.00,1388695.45,2283000.00,1118000.00,0.00,1888290.00
4219002,6101199.61,6739641.61,4049452.81,2051746.80,2597500.00,600000.00,0.00,3449452.81
4219101,2246253.50,2247723.50,1318000.00,928253.50,589000.00,429000.00,0.00,889000.00
4219150,5146001.01,5146001.01,3641793.01,1504208.00,2194000.00,1497878.01,0.00,2143915.00
4219176,3007526.02,3008726.02,1405900.00,1601626.02,1005900.00,855900.00,200000.00,350000.00
4219200,6093097.79,6093097.79,4843704.94,1249392.85,2903704.94,900000.00,100000.00,3843704.94
4219309,8324677.00,10136620.88,7009677.00,1315000.00,3312182.00,1799921.00,300000.00,4909756.00
4219358,5336909.63,5451215.63,3695000.00,1641909.63,2695000.00,300000.00,200000.00,3195000.00
4219408,5896892.10,5937891.60,3534159.00,2362733.10,1834159.00,100000.00,0.00,3434159.00
4219507,14507902.00,16677212.31,11367000.00,3140902.00,9517000.00,7019000.00,1000000.00,3348000.00
4219606,3565349.38,3565349.38,750000.00,2815349.38,650000.00,750000.00,0.00,0.00
4219705,9267213.10,10130111.49,5407995.00,3859218.10,3255000.00,3487995.00,0.00,1920000.00
4219853,3560366.45,3560366.45,2586000.00,974366.45,2586000.00,1541000.00,0.00,1045000.00
4220000,17155592.08,17266592.08,12614841.08,4540751.00,9872720.08,5096000.00,425975.00,7092866.08
4300034,5602736.00,5782943.88,4479512.00,1123224.00,2155700.00,400000.00,529000.00,3550512.00
4300059,3159641.81,3239641.81,2856641.81,303000.00,1694000.00,449000.00,732129.81,1675512.00
4300109,6296513.40,6395242.33,4816036.48,1480476.92,2791000.00,1695000.00,1277020.32,1844016.16
4300208,3835565.54,3935565.54,2907218.00,928347.54,1294000.00,0.00,1436856.00,1470362.00
4300307,3772147.00,3772147.00,3191043.00,581104.00,1764000.00,70000.00,1241655.00,1879388.00
4300406,17201720.75,17458670.94,13321916.13,3879804.62,7603500.00,1198000.00,5947599.81,6176316.32
4300455,3673922.00,4000775.37,2305512.00,1368410.00,1175000.00,350000.00,100000.00,1855512.00
4300471,3055191.87,3055191.87,2490137.29,565054.58,999000.00,100000.00,1388856.00,1001281.29
4300505,2297268.00,2297268.00,1756268.00,541000.00,300000.00,0.00,642939.00,1113329.00
4300554,3668252.91,3668252.91,3429396.91,238856.00,1428500.00,530000.00,1573840.91,1325556.00
4300570,6963545.00,6963545.00,5304786.00,1658759.00,3188000.00,292581.00,2332205.00,2680000.00
4300604,25349256.15,28620314.23,22504742.15,2844514.00,12560075.15,3194040.00,4951357.00,14359345.15
4300638,4013461.41,4013461.41,3722461.41,291000.00,1445000.00,398000.00,1594568.00,1729893.41
4300646,5262890.84,5262890.84,3680998.84,1581892.00,1621500.00,0.00,2638230.00,1042768.84
4300661,2142750.72,2142750.72,1183934.72,958816.00,500000.00,100000.00,261353.72,822581.00
4300703,9316211.00,9425830.14,7964256.00,1351955.00,5580320.00,846000.00,566000.00,6552256.00
4300802,21456105.66,22099328.66,7048116.21,14407989.45,2855000.00,1150000.00,1135000.00,4763116.21
4300851,4992782.00,4992782.00,4392782.00,600000.00,2030000.00,528566.00,2356197.00,1508019.00
4300877,12283191.39,12283191.39,6700151.39,5583040.00,3704689.00,1889250.00,860511.39,3950390.00
4300901,4637017.79,4999570.99,4236017.79,401000.00,2688000.00,0.00,1006856.00,3229161.79
4301008,12569820.89,12569820.89,9812579.12,2757241.77,3490000.00,745000.00,1215000.00,7852579.12
4301057,6499952.30,6577428.30,5473836.30,1026116.00,2888411.11,149904.00,429640.80,4894291.50
4301073,3458522.78,3458522.78,2458352.00,1000170.78,1194000.00,0.00,167389.00,2290963.00
4301107,5743332.02,5743332.02,4971903.02,771429.00,2182500.00,250000.00,1896164.02,2825739.00
4301206,10549348.21,10643848.21,8348249.21,2201099.00,5788250.00,2890000.00,798278.21,4659971.00
4301305,8588351.16,8708058.35,6916430.00,1671921.16,2577250.00,640000.00,5096734.00,1179696.00
4301404,10476785.43,10776777.43,8343089.00,2133696.43,3987500.00,2564200.00,863275.00,4915614.00
4301503,3519708.00,3519708.00,3038604.00,481104.00,1694500.00,1644500.00,150000.00,1244104.00
4301552,6407470.00,6407470.00,4491750.00,1915720.00,1645000.00,360000.00,2281750.00,1850000.00
4301602,30489099.54,31579045.44,26694766.88,3794332.66,16952358.28,5129079.00,11192889.00,10372798.88
4301636,8706575.00,8706575.00,7328075.00,1378500.00,3558000.00,849978.00,1948979.00,4529118.00
4301651,6316853.00,6420631.00,4701835.00,1615018.00,1814000.00,344000.00,1153980.00,3203855.00
4301701,6482711.67,6858932.24,5677510.00,805201.67,3938000.00,734162.00,798948.00,4144400.00
4301750,3882875.31,3882875.31,3787875.31,95000.00,1145000.00,947000.00,1284838.71,1556036.60
4301800,2920325.00,2920325.00,2920325.00,0.00,844000.00,198000.00,670000.00,2052325.00
4301859,4288052.76,4288052.76,3897052.76,391000.00,1137500.00,200000.00,3093452.44,603600.32
4301875,2929273.28,2929273.28,2682320.28,246953.00,1754000.00,200000.00,2005713.14,10000.00
4301909,4630686.24,4830686.24,4077303.24,553383.00,1842000.00,50000.00,1397381.67,2629921.57
4301925,4091460.00,4091460.00,3761460.00,330000.00,2457940.00,243000.00,1324809.00,2193651.00
4301958,3364469.18,3364469.18,2294907.00,1069562.18,846000.00,0.00,1120531.00,1174376.00
4302006,7797808.28,7797808.28,5691594.09,2106214.19,3016205.09,585600.00,1867561.09,3238433.00
4302055,2646171.97,2646171.97,2246171.97,400000.00,598000.00,0.00,856659.97,1389512.00
4302105,22783608.16,32829410.29,17344202.16,5439406.00,5801000.96,1596000.00,3860008.00,11888194.16
4302154,3100722.20,3550722.20,2850394.28,250327.92,1570223.00,0.00,1041315.28,1809079.00
4302204,4707575.08,4707575.08,4504575.08,203000.00,3870370.08,400000.00,300000.00,3804575.08
4302220,3276215.41,3276215.41,2783889.41,492326.00,1495500.00,1247853.00,351730.41,1184306.00
4302238,2651793.00,2651793.00,1506394.00,1145399.00,781159.00,349945.00,200000.00,956449.00
4302253,4207036.00,4207036.00,2604188.00,1602848.00,1792000.00,348000.00,347026.00,1909162.00
4302303,7258124.92,7258124.92,4986975.92,2271149.00,2985500.00,0.00,1172782.14,3814193.78
4302352,7408777.15,8886466.82,5879134.15,1529643.00,3031846.58,250000.00,1132327.57,4496806.58
4302378,5428634.80,5428634.80,4949201.80,479433.00,695000.00,0.00,788856.00,4160345.80
4302402,10220266.63,10368049.04,8245187.00,1975079.63,3063000.00,2109975.00,2142581.00,3992631.00
4302451,6956806.00,10691109.16,4685132.00,2271674.00,2311313.00,948813.00,1200000.00,2536319.00
4302501,4589231.00,4589231.00,3750375.00,838856.00,2040000.00,0.00,1882000.00,1868375.00
4302584,2632000.00,2632000.00,2632000.00,0.00,2091000.00,450000.00,1197000.00,985000.00
4302600,2875363.30,2876402.80,2106953.30,768410.00,850000.00,0.00,518097.30,1588856.00
4302659,6053519.80,6053519.80,3950288.36,2103231.44,1584450.00,350000.00,1721288.36,1879000.00
4302709,10811867.64,10811867.64,7262916.64,3548951.00,2153000.00,442581.00,4223083.64,2597252.00
4302808,12745240.00,12945240.00,11173347.00,1571893.00,6106591.00,981091.00,4738769.00,5453487.00
4302907,7120281.00,7122381.00,5357531.00,1762750.00,1595000.00,1392571.00,500000.00,3464960.00
4303004,21698816.25,23042433.31,19345402.00,2353414.25,11095534.00,9118496.00,4229809.00,5758347.00
4303103,7733220.78,9377470.27,7233220.78,500000.00,3766000.00,1296682.00,2820869.87,2746907.00
4303202,3708571.58,3708571.58,3320007.07,388564.51,1730600.00,697000.00,1725438.00,897569.07
4303301,4251655.00,4251655.00,3630146.00,621509.00,1594000.00,400000.00,1296856.00,1933290.00
4303400,7569972.00,7784855.70,6774668.00,795304.00,3948800.00,667300.00,3486618.00,2620750.00
4303509,25006684.00,25348248.37,20014683.00,4992001.00,12548000.00,2322356.00,3887696.00,13804631.00
4303558,4548686.20,4548686.20,3720072.20,828614.00,2742750.00,648750.00,338856.00,2732466.20
4303608,4089023.00,4089023.00,2829004.00,1260019.00,2204986.00,100000.00,120461.00,2608543.00
4303673,3349059.13,3356058.13,2225287.00,1123772.13,341000.00,0.00,448370.00,1776917.00
4303707,6492333.22,6864354.32,6492333.22,0.00,5262300.00,2727856.00,1755177.22,2009300.00
4303806,12327285.34,12327285.34,5383803.49,6943481.85,2943104.00,571689.00,249924.00,4562190.49
4303905,11950501.81,14994622.02,9445451.81,2505050.00,4740343.01,879000.00,1700000.00,6866451.81
4304002,5070941.55,5070941.55,4478234.05,592707.50,2633500.00,396000.00,1222883.05,2859351.00
4304101,3031441.21,3031441.21,2931441.21,100000.00,1305000.00,734000.00,1212441.21,985000.00
4304200,17579551.22,17975505.85,15769343.22,1810208.00,10798417.42,4101729.33,1966000.00,9620013.89
4304309,7403282.98,7937116.42,6861426.98,541856.00,4437696.00,893696.00,1584424.98,4383306.00
4304358,10713264.82,11154164.82,8020589.00,2692675.82,4994000.00,600000.00,2996384.00,4424205.00
4304408,10208518.25,11426390.85,8326913.25,1881605.00,3330750.00,504800.00,2394730.00,5427383.25
4304507,15987075.66,16862874.63,12696260.66,3290815.00,8650219.00,1295000.00,4005230.00,7396030.66
4304606,54855952.41,64342424.06,34093328.68,20762623.73,10778512.73,8643333.00,13792069.76,11657925.92
4304614,4204474.00,4204474.00,2744455.00,1460019.00,599000.00,250000.00,1636555.00,857900.00
4304622,2335619.12,2335619.12,1982383.12,353236.00,845500.00,0.00,1020145.32,962237.80
4304630,11178949.00,11754833.71,10478949.00,700000.00,5118650.00,749816.00,1777900.00,7951233.00
4304655,1443403.62,1443403.62,1291553.00,151850.62,496000.00,0.00,1126000.00,83953.00
4304663,8223250.64,8233849.13,7282983.25,940267.39,6602000.00,100000.00,1506983.25,5676000.00
4304671,1955771.00,1956571.00,1955771.00,0.00,725700.00,0.00,734871.00,1220900.00
4304689,13937160.87,13937160.87,10725785.87,3211375.00,7097025.00,100000.00,1020000.00,9605785.87
4304697,3781368.00,3781368.00,2217368.00,1564000.00,848000.00,0.00,688856.00,1528512.00
4304705,16157505.33,17220054.53,11494312.33,4663193.00,4545006.33,1262000.00,1302312.33,8930000.00
4304713,8377311.05,8377311.05,7118747.05,1258564.00,4230995.00,0.00,1998290.05,5120457.00
4304804,9802441.79,9811740.79,8088845.79,1713596.00,3939105.79,1045500.00,2215303.00,4828042.79
4304853,5097421.70,5097421.70,3461928.00,1635493.70,1686000.00,124000.00,981518.00,2356410.00
4304903,6193422.65,6195605.15,4698546.00,1494876.65,1902000.00,609000.00,663275.00,3426271.00
4304952,3988328.00,3988328.00,2678868.00,1309460.00,1180000.00,100000.00,668856.00,1910012.00
4305009,5119107.18,5122540.37,4814697.00,304410.18,2639000.00,100000.00,1963271.00,2751426.00
4305108,86775707.96,122492711.02,49426736.65,37348971.31,25846188.67,3459265.00,16939355.58,28786016.07
4305116,4324830.56,4324830.56,3422638.00,902192.56,2048000.00,1150000.00,694126.00,1578512.00
4305124,5387034.54,5387034.54,4417515.67,969518.87,2612000.00,100000.00,719802.00,3597713.67
4305132,5308808.96,5326173.96,3615293.26,1693515.70,1826000.00,900000.00,1489051.26,1226242.00
4305157,5554391.83,5554391.83,4398846.83,1155545.00,1944000.00,400000.00,749935.00,3248911.83
4305173,5485650.00,6339650.00,3862501.00,1623149.00,417500.00,1129504.00,1069774.00,1663223.00
4305207,7778445.13,8888590.96,7397520.13,380925.00,4376750.00,644750.00,1898604.13,4854166.00
4305306,6159390.94,6159390.94,5297174.46,862216.48,3344297.46,550000.00,1130205.00,3616969.46
4305355,9622489.62,14015084.62,6916228.00,2706261.62,2623015.00,536800.00,2587292.00,3792136.00
4305371,2343034.00,2536674.30,2343034.00,0.00,1376000.00,0.00,528005.00,1815029.00
4305405,4419386.00,4419386.00,4419386.00,0.00,3221709.00,0.00,938856.00,3480530.00
4305439,5643801.25,5643801.25,4188237.00,1455564.25,2514885.00,0.00,749868.00,3438369.00
4305447,3867874.21,3867874.21,3647874.21,220000.00,2225950.00,583750.00,1043865.21,2020259.00
4305454,4267922.00,4269122.00,3967922.00,300000.00,1425341.00,1100000.00,400000.00,2467922.00
4305504,4487125.00,4487125.00,3609625.00,877500.00,1496000.00,0.00,2305813.00,1303812.00
4305587,3024826.91,3024826.91,2349121.10,675705.81,1098000.00,300000.00,230000.00,1819121.10
4305603,4155418.00,4155418.00,3286112.00,869306.00,646000.00,784000.00,724401.00,1777711.00
4305702,5363465.00,5757330.63,2856839.00,2506626.00,700000.00,100000.00,400000.00,2356839.00
4305801,9686692.04,9976631.42,8915046.04,771646.00,4053806.04,698000.00,3227976.00,4989070.04
4305835,2350929.40,2350929.40,2250929.40,100000.00,936000.00,0.00,514410.40,1736519.00
4305850,1680080.00,1680080.00,1490080.00,190000.00,250000.00,100000.00,319761.00,1070319.00
4305871,2935000.25,2935000.25,2497694.25,437306.00,1442500.00,350000.00,996500.00,1151194.25
4305900,4345295.37,4372992.87,3482810.86,862484.51,1459159.00,362000.00,1528000.00,1592810.86
4305934,5227515.83,5227515.83,4685171.83,542344.00,2272318.88,231091.00,2666179.83,1787901.00
4305959,8197590.28,9515490.28,6207590.28,1990000.00,3180500.00,485000.00,985873.28,4736717.00
4305975,2149859.06,2149859.06,2049859.06,100000.00,900000.00,350000.00,577343.06,1122516.00
4306007,8895788.00,9094088.00,8454788.00,441000.00,5359500.00,1393000.00,954676.00,6107112.00
4306056,8101856.97,8101856.97,5642829.00,2459027.97,2003445.00,567117.00,2092752.00,2982960.00
4306072,3274146.61,3274146.61,2055436.61,1218710.00,918000.00,0.00,1487436.61,568000.00
4306106,30551318.11,32344888.92,27438170.00,3113148.11,19191385.00,13395500.00,2523190.00,11519480.00
4306130,9088781.85,9088781.85,2954960.05,6133821.80,1438500.00,690500.00,1033333.76,1231126.29
4306205,7876480.00,8320534.99,7476480.00,400000.00,5442500.00,939124.00,766000.00,5771356.00
4306304,4019366.00,4019366.00,2616262.00,1403104.00,1197000.00,200000.00,498000.00,1918262.00
4306320,3397509.00,3397509.00,2997242.00,400267.00,1769750.00,0.00,838370.00,2158872.00
4306353,3473081.00,3473081.00,2988876.00,484205.00,1005000.00,0.00,1431586.00,1557290.00
4306379,5091332.04,5091332.04,3111220.76,1980111.28,2116000.00,0.00,686010.00,2425210.76
4306403,6375571.10,6729647.69,4982982.00,1392589.10,2026000.00,0.00,1334856.00,3648126.00
4306429,3810721.00,3810721.00,3081167.00,729554.00,1173792.00,0.00,1076863.00,2004304.00
4306452,7793428.00,8032456.30,6644349.00,1149079.00,3931000.00,1445000.00,834205.00,4365144.00
4306502,5486784.56,5787375.13,4195736.00,1291048.56,2456000.00,1416000.00,2529736.00,250000.00
4306551,6301050.46,6301050.46,5185741.46,1115309.00,4129000.00,0.00,385288.46,4800453.00
4306601,12655727.81,12662966.15,11037834.81,1617893.00,7750110.00,348000.00,899960.87,9540318.06
4306700,2242335.00,2242335.00,2142335.00,100000.00,736000.00,0.00,300000.00,1842335.00
4306734,5111328.37,5111328.37,4194829.00,916499.37,3166683.00,746000.00,648000.00,2800829.00
4306759,6775552.98,6775552.98,5306806.39,1468746.59,2656411.00,300000.00,1256564.39,3750242.00
4306767,12074569.77,18393489.55,10174569.77,1900000.00,6436500.00,1738294.00,3934075.77,4502200.00
4306809,19926918.90,21083982.55,12174664.99,7752253.91,4936750.00,1450000.00,3247971.99,7476693.00
4306908,13486554.07,13809421.72,10866678.07,2619876.00,5437000.00,3159250.00,3159344.07,4548084.00
4306924,4693093.44,4693093.44,3163396.93,1529696.51,1474000.00,0.00,2497842.93,665554.00
4306932,9572555.93,9572555.93,6793246.33,2779309.60,4037000.00,850000.00,1310911.00,4632335.33
4306957,6649335.57,6649335.57,3787902.57,2861433.00,1774000.00,180000.00,2917902.57,690000.00
4306973,3516558.00,3516558.00,3141558.00,375000.00,1945500.00,0.00,1048542.00,2093016.00
4307005,8504835.05,32375620.18,5512509.05,2992326.00,1048000.00,548000.00,2672793.05,2291716.00
4307054,5213564.64,5213564.64,3613594.50,1599970.14,1932800.00,1255349.00,1910729.50,447516.00
4307104,6194410.81,6194410.81,5197294.81,997116.00,4486500.00,150000.00,2113438.01,2933856.80
4307203,6838928.61,6848553.61,5096850.00,1742078.61,2098000.00,150000.00,1348850.00,3598000.00
4307302,4880649.16,4944654.16,3863904.00,1016745.16,1692500.00,818500.00,1906548.00,1138856.00
4307401,2891550.11,2891550.11,2407795.07,483755.04,1385869.07,0.00,435162.00,1972633.07
4307450,2463717.00,2463717.00,2313717.00,150000.00,933000.00,0.00,1010717.00,1303000.00
4307500,5790861.60,5790861.60,5121295.50,669566.10,2863282.50,1096000.00,1323808.00,2701487.50
4307559,4535068.42,5089317.08,3403964.42,1131104.00,497500.00,480000.00,407800.42,2516164.00
4307609,10559217.00,11104622.70,8472178.00,2087039.00,4865000.00,1183796.00,408236.00,6880146.00
4307708,14831510.92,16401685.44,12783135.00,2048375.92,5231085.00,4501729.00,2452900.00,5828506.00
4307807,18108798.00,20547179.11,13275459.99,4833338.01,9630411.99,2750000.00,1045048.00,9480411.99
4307815,3292565.75,3292565.75,2724565.75,568000.00,1497500.00,200000.00,618253.75,1906312.00
4307831,4607486.48,4607486.48,3578924.69,1028561.79,1620000.00,999799.69,820000.00,1759125.00
4307864,5420610.96,5420610.96,4643110.96,777500.00,2591000.00,0.00,1638728.00,3004382.96
4307906,29355357.90,33500965.15,23074560.13,6280797.77,12058915.00,6244759.00,5521748.80,11240908.92
4308003,7822487.73,8453861.23,6373643.42,1448844.31,3346000.00,0.00,2599402.00,3774241.42
4308052,3631169.58,3631169.58,3046964.58,584205.00,1641000.00,350000.00,555964.58,2141000.00
4308078,4261122.00,4261122.00,3588122.00,673000.00,1644500.00,602892.00,1795230.00,1190000.00
4308102,13736302.55,14152835.32,9176279.59,4560022.96,4970896.08,1223822.00,1453180.51,6499277.08
4308201,15615643.85,21929731.35,13636460.85,1979183.00,7132439.85,848000.00,2904000.00,9884460.85
4308250,2355891.50,2355891.50,2077472.56,278418.94,198000.00,100000.00,348530.56,1628942.00
4308300,9613143.29,9613143.29,8703643.29,909500.00,5280423.00,1050000.00,2782220.29,4871423.00
4308409,3647024.00,3647259.80,3019524.00,627500.00,1718000.00,0.00,438856.00,2580668.00
4308433,2385972.23,2385972.23,2149556.00,236416.23,1294750.00,0.00,0.00,2149556.00
4308458,9070045.96,9070045.96,4052073.15,5017972.81,1851000.00,0.00,800000.00,3252073.15
4308508,9968478.00,24103140.97,8967374.00,1001104.00,4488000.00,1496000.00,2280717.00,5190657.00
4308607,16099346.00,18639229.37,11575897.00,4523449.00,3842000.00,2246000.00,2364000.00,6965897.00
4308656,3438712.00,3438712.00,2588108.00,850604.00,1835500.00,0.00,1343916.00,1244192.00
4308706,2942652.14,2942652.14,2496000.00,446652.14,1296000.00,600000.00,550000.00,1346000.00
4308805,5860320.04,5860585.54,5382820.04,477500.00,3727500.00,0.00,653748.04,4729072.00
4308854,3499994.38,3499994.38,3206994.38,293000.00,1330000.00,700000.00,2139088.38,367906.00
4308904,4055390.00,4857694.25,3240645.00,814745.00,951430.00,1000139.00,250000.00,1990506.00
4309001,15226011.28,15226011.28,13151645.20,2074366.08,9257500.00,1895000.00,1406974.60,9849670.60
4309050,2674856.00,2674856.00,2434856.00,240000.00,1046000.00,300000.00,200000.00,1934856.00
4309100,23723171.28,23808895.49,9092658.28,14630513.00,5110941.71,847693.57,500459.00,7744505.71
4309126,5082691.05,5082691.05,4151858.05,930833.00,1950000.00,200000.00,1088745.00,2863113.05
4309159,5426821.92,5426821.92,4175717.92,1251104.00,1885000.00,110000.00,3156592.92,909125.00
4309209,13509411.62,31117179.70,10522358.48,2987053.14,4526452.48,2485295.00,2828412.00,5208651.48
4309258,3554809.00,3554809.00,2423167.00,1131642.00,1064000.00,0.00,582499.00,1840668.00
4309308,15890026.79,16673996.10,14444935.89,1445090.90,8633290.00,3668189.75,3247284.00,7529462.14
4309407,20366522.84,22056590.17,17247979.84,3118543.00,9565410.04,1930380.00,2360371.00,12957228.84
4309506,6492258.61,6603098.49,5390740.61,1101518.00,2509696.23,878000.00,964563.38,3548177.23
4309555,5754574.00,5927181.50,4748220.00,1006354.00,3085000.00,100000.00,934864.00,3713356.00
4309571,3919565.95,3919565.95,3919565.95,0.00,2180000.00,2080000.00,758361.95,1081204.00
4309605,4902490.77,5379542.77,3882750.39,1019740.38,2486766.39,288178.00,1143606.00,2450966.39
4309654,5651632.77,5651632.77,4550950.00,1100682.77,2966750.00,805000.00,2213000.00,1532950.00
4309704,4302901.30,4302901.30,4210850.30,92051.00,1967000.00,746000.00,717342.28,2747508.02
4309753,5422677.00,5422677.00,4046422.00,1376255.00,2229841.00,1133000.00,1038856.00,1874566.00
4309803,4123344.74,4123344.74,3454632.74,668712.00,1296000.00,100000.00,1914051.74,1440581.00
4309902,7085913.71,7085913.71,6004076.71,1081837.00,2079500.00,691591.00,1091269.96,4221215.75
4309951,4241712.22,4241712.22,2240539.00,2001173.22,951683.00,350000.00,300000.00,1590539.00
4310009,10963109.80,11498178.56,10278904.80,684205.00,4709732.00,2478912.00,1300000.00,6499992.80
4310108,12913505.20,13762636.36,11413254.95,1500250.25,3007500.00,699000.00,1470910.15,9243344.80
4310207,15948600.79,21731988.76,14199827.79,1748773.00,8542500.00,2162000.00,4543952.80,7493874.99
4310306,2357078.12,2357078.12,2001811.96,355266.16,744421.96,344421.96,238856.00,1418534.00
4310330,11354644.56,11354644.56,5344487.36,6010157.20,2940000.00,0.00,1364327.80,3980159.56
4310363,6245054.00,6245054.00,4856344.00,1388710.00,3883100.00,0.00,1732856.00,3123488.00
4310405,6806881.00,6806881.00,6464345.00,342536.00,3177999.00,0.00,1749974.00,4714371.00
4310413,5263866.34,5263866.34,4502762.34,761104.00,2698183.34,398000.00,630000.00,3474762.34
4310439,3661770.81,4358270.81,2830856.00,830914.81,1792000.00,0.00,1296000.00,1534856.00
4310462,3647361.28,3647361.28,2149108.00,1498253.28,781792.00,30000.00,200000.00,1919108.00
4310504,7636278.91,8890377.16,6631485.91,1004793.00,3434000.00,198000.00,1394205.00,5039280.91
4310538,2841298.00,2841298.00,2430465.00,410833.00,537000.00,920812.00,1169653.00,340000.00
4310553,5102609.15,5102609.15,4624897.15,477712.00,3424365.15,0.00,2829990.15,1794907.00
4310579,2488897.43,2488897.43,2130483.00,358414.43,1792000.00,200000.00,1046000.00,884483.00
4310603,4211705.00,4983337.65,3511705.00,700000.00,1541000.00,933306.00,1142649.00,1435750.00
4310652,4461100.58,4711043.82,4222244.58,238856.00,2003901.53,250000.00,1099949.05,2872295.53
4310702,6597257.00,6597257.00,5542036.00,1055221.00,2584604.00,300000.00,4211432.00,1030604.00
4310751,3146617.07,3146617.07,2405622.07,740995.00,598000.00,0.00,1595110.07,810512.00
4310801,6748981.00,7098278.35,6598981.00,150000.00,3785500.00,600000.00,1138839.00,4860142.00
4310850,4292224.85,4292224.85,4191896.93,100327.92,2588000.00,100000.00,1506346.93,2585550.00
4310876,3840332.80,3840332.80,2875807.00,964525.80,997000.00,499000.00,1233856.00,1142951.00
4310900,7450462.11,7455682.11,5988606.11,1461856.00,3184000.00,0.00,1208650.11,4779956.00
4311007,7004621.49,7009840.85,4761782.49,2242839.00,2946500.00,0.00,2509770.49,2252012.00
4311106,5099279.01,5137120.20,4011319.98,1087959.03,2439500.00,396000.00,650883.98,2964436.00
4311122,3159349.00,3159349.00,2872043.00,287306.00,948000.00,0.00,1010000.00,1862043.00
4311130,1836122.00,1836122.00,1585622.00,250500.00,666000.00,0.00,120000.00,1465622.00
4311155,5745253.00,6065174.88,4756396.00,988857.00,3489500.00,0.00,2525606.00,2230790.00
4311205,7882548.00,8506387.25,6478169.00,1404379.00,2865150.00,625241.00,2990642.00,2862286.00
4311239,3768984.00,3768984.00,3045923.00,723061.00,1446000.00,696000.00,750000.00,1599923.00
4311254,5181066.00,5181066.00,4265712.00,915354.00,1942000.00,1096000.00,1723048.00,1446664.00
4311270,2968223.00,2968223.00,1332712.00,1635511.00,400000.00,100000.00,513275.00,719437.00
4311304,8789934.60,9039934.60,7533024.00,1256910.60,4145000.00,2534500.00,1688856.00,3309668.00
4311403,18341213.41,20720841.68,15385796.41,2955417.00,7374308.61,2007000.00,3122910.00,10255886.41
4311429,3279113.08,3279113.08,2500306.04,778807.04,2450306.04,347500.00,300000.00,1852806.04
4311502,4241240.00,4241240.00,3448670.00,792570.00,2174091.00,331091.00,598000.00,2519579.00
4311601,4834419.79,4834419.79,3437127.47,1397292.32,1829283.42,333000.00,1615639.05,1488488.42
4311627,5530450.69,5530450.69,4539527.00,990923.69,1611500.00,898000.00,1691668.00,1949859.00
4311643,1775772.15,1775772.15,1475772.15,300000.00,546000.00,0.00,1468329.15,7443.00
4311700,5387056.94,5387056.94,3447443.56,1939613.38,1599790.00,150000.00,472095.56,2825348.00
4311718,2711176.00,2711176.00,1691500.00,1019676.00,1341500.00,150000.00,100000.00,1441500.00
4311734,8672513.12,8672513.12,6048003.06,2624510.06,3610161.04,348000.00,1132709.02,4567294.04
4311759,4469498.24,4469498.24,2353763.24,2115735.00,1694000.00,550000.00,1503763.24,300000.00
4311775,7881496.76,7881496.76,6737182.00,1144314.76,3474500.00,100000.00,3920965.00,2716217.00
4311791,7019263.74,7019263.74,5429771.80,1589491.94,3532604.00,700000.00,420000.00,4309771.80
4311809,5308409.83,5925913.07,4201159.83,1107250.00,1413890.00,397000.00,1728659.83,2075500.00
4311908,11982391.60,11982391.60,5147556.00,6834835.60,4209000.00,0.00,1047700.00,4099856.00
4311981,3056434.00,3056434.00,2574434.00,482000.00,1349000.00,400000.00,1399000.00,775434.00
4312005,5570651.57,5570651.57,3748446.57,1822205.00,2116223.00,90453.00,1587770.57,2070223.00
4312054,5282380.00,5402179.45,3561988.00,1720392.00,1100000.00,400000.00,1020000.00,2141988.00
4312104,3848592.80,3848667.80,3050907.80,797685.00,1141000.00,695000.00,404888.00,1951019.80
4312138,3791290.92,3791290.92,2590547.92,1200743.00,1494000.00,0.00,318750.00,2271797.92
4312153,2949695.69,2949695.69,2354856.00,594839.69,1219000.00,100000.00,1012275.00,1242581.00
4312179,1964552.78,1964552.78,1760380.00,204172.78,870682.00,100000.00,120330.00,1540050.00
4312203,4937602.00,4937602.00,4098827.00,838775.00,1890000.00,238856.00,647971.00,3212000.00
4312252,4932166.49,4932166.49,3713186.00,1218980.49,1242000.00,199943.00,800000.00,2713243.00
4312302,6781033.18,8292900.61,6187684.80,593348.38,2612725.15,500000.00,2489236.65,3198448.15
4312351,1885717.80,1885717.80,1742717.80,143000.00,548000.00,71656.80,923061.00,748000.00
4312377,5558794.50,5558794.50,5219938.50,338856.00,2273000.00,50000.00,1039373.50,4130565.00
4312385,3125543.02,3330043.02,2266200.00,859343.02,952000.00,314200.00,500000.00,1452000.00
4312401,14087781.37,15832364.87,13056915.99,1030865.38,8056188.99,952222.99,1900000.00,9965943.00
4312427,3030709.00,3030709.00,2680709.00,350000.00,1398000.00,0.00,708236.00,1972473.00
4312443,9212168.00,9212168.00,8109968.00,1102200.00,6022500.00,500000.00,630000.00,6979968.00
4312450,6392120.71,6492092.16,4527611.00,1864509.71,3646174.00,100000.00,1041792.00,3385819.00
4312476,11087916.17,11088477.77,10887085.00,200831.17,6504500.00,2062000.00,1210000.00,7615085.00
4312500,5135062.84,5386102.84,3872463.00,1262599.84,932850.00,0.00,939753.00,2932710.00
4312609,8322317.00,8703145.77,7008317.00,1314000.00,4484000.00,712200.00,1298205.00,4997912.00
4312617,3525900.54,3525900.54,2698928.55,826971.99,1379574.96,1298000.00,723061.59,677866.96
4312625,3921162.00,3921162.00,3521162.00,400000.00,400000.00,137500.00,1091000.00,2292662.00
4312658,11389415.87,12896115.20,10400933.87,988482.00,7850489.00,4291477.00,1290744.87,4818712.00
4312674,5538557.71,5538557.71,4877331.00,661226.71,2954000.00,0.00,1494559.00,3382772.00
4312708,2998500.00,3067213.95,2668500.00,330000.00,2123500.00,647500.00,675000.00,1346000.00
4312757,5164806.23,5164806.23,4317266.53,847539.70,2706751.53,696000.00,458199.00,3163067.53
4312807,5394513.00,5394513.00,5154688.00,239825.00,2344000.00,1248000.00,450000.00,3456688.00
4312906,9348385.66,9348385.66,6872489.66,2475896.00,4471604.00,850000.00,500000.00,5522489.66
4312955,5332528.56,5332528.56,4895222.56,437306.00,2950000.00,100000.00,1969848.00,2825374.56
4313003,4026068.00,4082865.17,3127250.00,898818.00,2242000.00,0.00,166000.00,2961250.00
4313011,3407638.44,3407638.44,2616933.44,790705.00,965000.00,0.00,1028421.44,1588512.00
4313037,6606964.23,6606964.23,4472857.44,2134106.79,2433000.00,795000.00,1597861.44,2079996.00
4313060,8078394.15,8509485.71,6338578.15,1739816.00,2050700.00,350000.00,900000.00,5088578.15
4313086,5893699.34,5893699.34,5600690.60,293008.74,4122350.00,0.00,480202.80,5120487.80
4313102,3746588.74,4324688.41,2839142.76,907445.98,450000.00,150000.00,1303419.76,1385723.00
4313201,16887084.39,17285881.43,12905022.59,3982061.80,7907250.00,695000.00,2441756.59,9768266.00
4313300,15221041.47,16671143.28,12059129.00,3161912.47,6928175.00,950000.00,1416593.00,9692536.00
4313334,3947804.54,3947804.54,3100566.50,847238.04,2290500.00,0.00,1668595.50,1431971.00
4313359,17373603.93,17373603.93,5132264.00,12241339.93,3143500.00,0.00,2532264.00,2600000.00
4313375,11966552.67,17280799.90,9301512.67,2665040.00,4973000.00,680000.00,5763076.01,2858436.66
4313391,2806109.61,2905985.61,2016259.61,789850.00,1050000.00,150000.00,1592736.71,273522.90
4313409,24647220.59,30774365.65,20250903.59,4396317.00,11879288.59,1252456.40,3241902.00,15756545.19
4313425,2480541.96,2480541.96,2241685.96,238856.00,1310500.00,0.00,400000.00,1841685.96
4313441,8346818.26,8346818.26,6467842.76,1878975.50,3627792.00,0.00,963717.00,5504125.76
4313466,3697848.00,3697848.00,2663756.00,1034092.00,1757900.00,100000.00,2171175.00,392581.00
4313490,8068599.87,8068599.87,7211377.18,857222.69,5210300.18,200000.00,1029999.00,5981378.18
4313508,7715499.67,7759392.51,7115499.67,600000.00,4847800.00,0.00,3317036.64,3798463.03
4313607,5989259.71,6133869.79,3730478.00,2258781.71,1753000.00,0.00,3232978.00,497500.00
4313656,6364090.00,6417935.00,5712986.00,651104.00,3068500.00,398000.00,2394601.00,2920385.00
4313706,12225884.42,16560595.24,8538680.42,3687204.00,4565000.00,1562000.00,4843820.81,2132859.61
4313805,6377649.46,6753539.68,5165455.57,1212193.89,3119000.00,400000.00,2070007.57,2695448.00
4313904,13503280.93,14800844.77,9226961.93,4276319.00,3237329.67,1282738.00,2068650.00,5875573.93
4313953,8870460.29,8870460.29,7908252.29,962208.00,5399968.26,1499000.00,3006270.00,3402982.29
4314001,3748434.40,4030138.25,3214048.40,534386.00,596982.08,546780.08,839390.32,1827878.00
4314027,5736115.33,5986115.33,5400360.33,335755.00,2941451.23,944000.00,1746702.00,2709658.33
4314035,6224167.00,6224167.00,5488917.00,735250.00,3033500.00,1438856.00,1048146.00,3001915.00
4314050,11652857.00,12211739.66,11058257.00,594600.00,5077500.00,1661926.00,2937200.00,6459131.00
4314068,2328114.37,2328114.37,2328114.37,0.00,925000.00,396000.00,980229.37,951885.00
4314076,8346104.47,8646049.39,6371464.30,1974640.17,3766682.50,1484581.00,1479108.30,3407775.00
4314100,7090826.01,23031285.46,6814426.01,276400.00,3501791.00,1893997.00,2145865.00,2764912.00
4314134,2983878.58,2996596.08,2883878.58,100000.00,1489000.00,358000.00,648000.00,1877878.58
4314159,7466383.66,7466383.66,6059178.66,1407205.00,4178000.00,1595783.00,1127432.66,3335963.00
4314175,4101887.73,4101887.73,3370783.73,731104.00,1598500.00,1459.00,2403324.73,966000.00
4314209,6218721.82,6218721.82,5417617.82,801104.00,2374000.00,0.00,3230949.82,2186668.00
4314308,5489727.06,5592163.08,4821227.06,668500.00,2835000.00,640000.00,823061.00,3358166.06
4314407,62767352.75,91412049.29,43176252.75,19591100.00,21864358.50,500000.00,15005038.15,27671214.60
4314423,4531102.91,9200102.91,3806561.46,724541.45,2085000.00,0.00,911180.46,2895381.00
4314456,9799612.58,9799612.58,7906397.48,1893215.10,5595000.00,200000.00,2314565.48,5391832.00
4314464,2945728.00,2945728.00,2445728.00,500000.00,1518020.00,0.00,707826.00,1737902.00
4314472,4772303.72,4772303.72,3856303.72,916000.00,1945500.00,0.00,2040858.72,1815445.00
4314498,4837760.02,4837760.02,4321760.02,516000.00,1330612.08,400000.00,2227757.02,1694003.00
4314506,8492799.57,8492799.57,7733103.98,759695.59,6093159.00,498000.00,1508219.63,5726884.35
4314548,6643549.00,7427541.90,6304799.00,338750.00,5138000.00,0.00,438856.00,5865943.00
4314555,2297425.00,2297425.00,2297425.00,0.00,647000.00,0.00,1166913.00,1130512.00
4314605,8997865.37,9610180.05,8027268.46,970596.91,5586497.45,560000.00,3736181.38,3731087.08
4314704,3457501.96,3457501.96,2532465.57,925036.39,994500.00,100000.00,437453.57,1995012.00
4314753,3071308.32,3071308.32,2391437.00,679871.32,1005000.00,150000.00,1328856.00,912581.00
4314779,4115545.00,5503685.49,3531529.00,584016.00,2637000.00,495000.00,2142529.00,894000.00
4314787,4926560.86,4926560.86,3714223.80,1212337.06,1537000.00,0.00,2198579.00,1515644.80
4314803,11423310.00,11958500.34,10835310.00,588000.00,7761502.00,2749731.00,2598000.00,5487579.00
4314902,208198128.00,935415692.06,117805368.61,90392759.39,42085197.00,6986853.27,30648897.71,79051528.63
4315008,4812518.00,4812518.00,3891768.00,920750.00,2270000.00,0.00,1827013.00,2064755.00
4315057,3925548.37,3925548.37,3328398.85,597149.52,1833000.00,0.00,624886.85,2703512.00
4315073,3677545.59,3677545.59,3577545.59,100000.00,2642500.00,0.00,990689.59,2586856.00
4315107,12779011.16,12928392.54,10527126.16,2251885.00,5665292.76,1650000.00,966526.62,7910599.54
4315131,4644014.00,4644014.00,3111495.00,1532519.00,1844000.00,250000.00,708750.00,2152745.00
4315149,4174363.34,4174363.34,4074363.34,100000.00,2940000.00,0.00,1519659.31,2554704.03
4315156,5971707.00,6155914.14,5182723.00,788984.00,2554000.00,1746000.00,910000.00,2526723.00
4315172,1935750.00,1935750.00,1697000.00,238750.00,850000.00,200000.00,200000.00,1297000.00
4315206,7762121.93,8023211.83,4918551.36,2843570.57,2894000.00,800000.00,193041.36,3925510.00
4315305,12143470.55,12148139.04,9123609.00,3019861.55,6081000.00,1000000.00,1536609.00,6587000.00
4315313,1595453.60,1595453.60,1495453.60,100000.00,400000.00,0.00,551903.60,943550.00
4315321,4318206.00,4318206.00,4318206.00,0.00,2212324.00,300000.00,562730.00,3455476.00
4315354,5349064.64,5349064.64,4864862.64,484202.00,3183500.00,594000.00,1000000.00,3270862.64
4315404,7117800.29,7117800.29,6637085.20,480715.09,5006500.00,1300000.00,3234585.20,2102500.00
4315453,3640972.10,3640972.10,3114065.97,526906.13,1415682.00,100000.00,557287.97,2456778.00
4315503,6621865.43,6937815.37,4951210.08,1670655.35,2642232.08,400000.00,1408978.00,3142232.08
4315552,2225246.57,2225246.57,1421911.08,803335.49,650000.00,0.00,535411.08,886500.00
4315602,43245037.38,59659103.65,34590846.60,8654190.78,18084547.00,1892000.00,26216554.60,6482292.00
4315701,11803766.00,11817886.00,10289662.00,1514104.00,7944000.00,3211356.00,712581.00,6365725.00
4315750,7354439.26,7456154.22,6066574.26,1287865.00,3370659.00,250000.00,2746681.26,3069893.00
4315800,7421827.00,7925957.00,6721903.00,699924.00,3542000.00,1049949.00,686786.00,4985168.00
4315909,5743824.21,5988824.21,3771578.92,1972245.29,1335000.00,250000.00,928866.92,2592712.00
4315958,1824646.40,1824646.40,1824646.40,0.00,646000.00,0.00,0.00,1824646.40
4316006,8950369.66,8954869.66,7031292.66,1919077.00,4252397.00,1529253.00,2769071.66,2732968.00
4316105,7144295.89,7723921.29,6844295.89,300000.00,3535000.00,966000.00,3491439.89,2386856.00
4316204,5692025.99,5692025.99,2950440.99,2741585.00,1741000.00,0.00,1305440.99,1645000.00
4316303,5586858.69,5605146.04,3955989.26,1630869.43,2861500.00,200000.00,1085877.99,2670111.27
4316402,11188711.08,11188713.11,10469102.08,719609.00,5821955.44,807304.64,5185893.44,4475904.00
4316428,6247098.10,6437494.59,4604702.73,1642395.37,3284500.00,0.00,2753500.00,1851202.73
4316436,2464158.00,2805818.00,1979953.00,484205.00,746000.00,200000.00,550000.00,1229953.00
4316451,5730980.11,6630980.11,3549312.24,2181667.87,526000.00,198000.00,2357748.00,993564.24
4316477,4354872.80,4354872.80,3389450.00,965422.80,1708500.00,400000.00,898000.00,2091450.00
4316501,6717538.67,6768335.23,5370229.67,1347309.00,2676925.00,192581.00,200000.00,4977648.67
4316600,6756379.60,9085381.18,5235434.60,1520945.00,3484000.00,1443000.00,1775000.00,2017434.60
4316709,5989025.00,6378271.00,4835926.00,1153099.00,2777186.00,350000.00,1916042.00,2569884.00
4316733,3086849.00,3236849.00,2546985.00,539864.00,1598000.00,0.00,1094032.00,1452953.00
4316758,5242834.00,5242834.00,4315742.00,927092.00,1350000.00,550000.00,220000.00,3545742.00
4316808,50523354.21,57364997.66,35481769.21,15041585.00,10456199.23,17992560.00,8647786.15,8841423.06
4316907,38084687.43,50392226.62,28533225.24,9551462.19,20780741.71,3412855.68,9037674.27,15859838.15
4316956,3123106.63,3123106.63,3123106.63,0.00,1925492.48,0.00,1857802.15,1265304.48
4316972,3519521.20,3519521.20,2897241.20,622280.00,1903000.00,0.00,1817951.20,1079290.00
4317004,6646371.46,6718276.02,5357714.00,1288657.46,3536514.00,600000.00,1136856.00,3620858.00
4317103,19491415.35,22415549.48,17892085.35,1599330.00,8213470.44,5594906.00,5744637.35,5884042.00
4317202,44639643.92,46949871.64,21533809.52,23105834.40,11082500.00,1477000.00,2614395.10,17442414.42
4317251,7279061.05,7279061.05,6511743.05,767318.00,5174000.00,1192500.00,981687.05,4337556.00
4317301,12363059.80,12363059.80,8956559.80,3406500.00,6955500.00,1787084.80,3471463.00,3698012.00
4317400,13666125.88,14023635.84,10217657.59,3448468.29,6097950.00,2068149.00,948703.00,7200805.59
4317509,21159512.00,23932274.84,20189512.00,970000.00,12248985.00,10851611.00,2712056.00,6513573.00
4317558,6566803.17,6966803.17,5895992.17,670811.00,3657540.17,0.00,1595634.00,4300358.17
4317608,15326440.98,16312590.98,13840722.24,1485718.74,8650860.00,1100000.00,2358488.48,10382233.76
4317707,4455634.13,4455634.13,4407124.13,48510.00,2427000.00,0.00,1963124.13,2444000.00
4317756,2720389.00,2777289.00,2112783.00,607606.00,497000.00,200000.00,647283.00,1265500.00
4317806,14623407.96,16775176.12,14031433.07,591974.89,11048145.00,3012004.00,2084660.07,8934769.00
4317905,5715802.00,5991804.31,5185992.00,529810.00,3948000.00,0.00,865992.00,4320000.00
4317954,2906476.61,2906476.61,2609461.00,297015.61,1148000.00,900000.00,929992.00,779469.00
4318002,25786374.83,26705612.56,22395269.23,3391105.60,15178500.00,1928604.00,3967660.31,16499004.92
4318051,2824435.00,2824435.00,2028734.00,795701.00,779000.00,0.00,999973.00,1028761.00
4318101,9295336.67,9819473.76,7155505.00,2139831.67,4334039.00,1870133.00,2998516.00,2286856.00
4318200,13841623.53,14587308.69,12767012.53,1074611.00,8978595.73,800000.00,4917365.73,7049646.80
4318309,9484297.26,13407705.40,7517263.89,1967033.37,2084792.00,1428344.00,2197310.89,3891609.00
4318408,15524218.00,15723218.00,8796240.00,6727978.00,5957650.00,1680744.00,1960540.00,5154956.00
4318424,3512365.00,3512365.00,3049532.00,462833.00,1611000.00,200000.00,908856.00,1940676.00
4318432,2415342.00,2419182.00,2415342.00,0.00,994000.00,100000.00,238856.00,2076486.00
4318440,3759418.00,3759418.00,3659418.00,100000.00,2496000.00,0.00,100000.00,3559418.00
4318457,4267325.84,4267325.84,3137785.00,1129540.84,1797000.00,1701348.00,953856.00,482581.00
4318465,2812699.00,2812699.00,1991249.00,821450.00,1246000.00,392581.00,884856.00,713812.00
4318481,2334205.00,2334205.00,1834205.00,500000.00,500000.00,300000.00,650000.00,884205.00
4318499,1433306.00,1433306.00,1433306.00,0.00,846000.00,0.00,846000.00,587306.00
4318507,11438470.64,11444874.14,7967517.51,3470953.13,4635690.51,0.00,2978137.51,4989380.00
4318606,3931856.57,3931856.57,3390856.57,541000.00,1468000.00,550000.00,698000.00,2142856.57
4318614,5010700.00,5010700.00,4110495.00,900205.00,2625360.00,159808.00,457795.00,3492892.00
4318622,4151926.88,4151926.88,2800700.00,1351226.88,948000.00,150000.00,1274672.00,1376028.00
4318705,26191909.90,30460004.52,20800568.50,5391341.40,5191122.50,2352014.00,9528263.00,8920291.50
4318804,10480844.90,74814803.29,9293916.00,1186928.90,5025250.00,700000.00,6704501.00,1889415.00
4318903,17968048.90,19462144.76,8527722.00,9440326.90,6076331.00,100000.00,2618187.00,5809535.00
4319000,7056428.00,7861843.40,6239627.00,816801.00,2749700.00,549999.00,1476950.00,4212678.00
4319109,6566615.39,6566615.39,5955453.39,611162.00,4557000.00,100000.00,1093653.39,4761800.00
4319125,3203031.00,3203031.00,2429970.00,773061.00,568000.00,150000.00,738101.00,1541869.00
4319158,6925167.25,7025247.25,6121237.80,803929.45,3588500.00,1442500.00,1150000.00,3528737.80
4319208,4678437.34,4678437.34,3446860.34,1231577.00,1914000.00,0.00,669938.00,2776922.34
4319307,4211538.97,4211538.97,3216332.70,995206.27,2030437.70,896000.00,1120024.00,1200308.70
4319356,4227019.87,4227019.87,3366749.87,860270.00,1796000.00,0.00,350000.00,3016749.87
4319364,3341002.29,3341002.29,1962350.13,1378652.16,400000.00,100000.00,1514834.13,347516.00
4319372,5324731.00,5324731.00,4821731.00,503000.00,3527585.00,0.00,3231731.00,1590000.00
4319406,11022169.93,11064173.92,9184731.00,1837438.93,6424500.00,1747500.00,2532078.00,4905153.00
4319505,7983815.78,9534233.11,6833815.78,1150000.00,3596664.78,1098000.00,1986905.78,3748910.00
4319604,6407054.26,7183456.29,5295950.26,1111104.00,2489256.26,200000.00,2206004.00,2889946.26
4319703,4274269.22,4274269.22,3396664.00,877605.22,350000.00,170000.00,350000.00,2876664.00
4319711,5110856.74,5110856.74,4612225.99,498630.75,3016000.00,500000.00,1152955.00,2959270.99
4319737,3834029.00,3834029.00,3346723.00,487306.00,3019209.00,0.00,349998.00,2996725.00
4319752,6212076.07,6212076.07,3099112.07,3112964.00,200000.00,0.00,1130637.07,1968475.00
4319802,5730648.99,5872982.32,4533914.02,1196734.97,2388000.00,550000.00,1371726.02,2612188.00
4319901,14625160.69,15611994.91,11410568.84,3214591.85,4250250.00,1432455.00,2616084.56,7055431.00
4320008,19143654.05,20123786.26,16350425.05,2793229.00,8886264.00,996990.00,2639635.00,12713800.05
4320107,16783956.12,19036638.58,12896182.00,3887774.12,8719025.00,3423500.00,3472981.00,5999701.00
4320206,6622770.12,6801490.43,4664094.12,1958676.00,3470000.00,533344.12,1350000.00,2780750.00
4320230,3292596.82,3292596.82,3053740.82,238856.00,1603901.53,0.00,952388.29,2101352.53
4320263,6651367.00,6651367.00,5185117.00,1466250.00,2857048.00,550000.00,636856.00,3998261.00
4320305,4725167.00,4725167.00,4432867.00,292300.00,2889000.00,700000.00,488856.00,3244011.00
4320321,3478834.00,3478834.00,2928834.00,550000.00,1301000.00,0.00,834205.00,2094629.00
4320354,2768939.29,2768939.29,2171283.29,597656.00,430000.00,0.00,1044125.31,1127157.98
4320404,11820047.80,12117938.69,10059592.80,1760455.00,4780500.00,848000.00,1543481.00,7668111.80
4320453,3030416.74,19243876.10,1977620.45,1052796.29,768000.00,100000.00,1207620.45,670000.00
4320503,4382480.07,4903361.46,2821586.07,1560894.00,908274.28,1258080.28,0.00,1563505.79
4320552,3880401.00,4180325.03,3541651.00,338750.00,1238000.00,400000.00,2175678.00,965973.00
4320578,1730169.75,1730169.75,1491313.75,238856.00,629000.00,0.00,789000.00,702313.75
4320602,3959996.00,4090050.65,3175791.00,784205.00,1546000.00,400000.00,1747791.00,1028000.00
4320651,1797019.91,1797019.91,1237797.28,559222.63,258000.00,0.00,688856.00,548941.28
4320677,7417436.97,7696709.62,6136211.97,1281225.00,3935506.97,2414500.00,1893506.97,1828205.00
4320701,9030608.56,10530608.56,8299504.56,731104.00,4354500.00,3209000.00,2162434.56,2928070.00
4320800,9545107.47,9545107.47,7633940.24,1911167.23,5196500.00,1290000.00,340486.39,6003453.85
4320859,4573306.53,4573306.53,3621035.00,952271.53,1685000.00,450000.00,1700721.00,1470314.00
4320909,8852071.06,9120958.10,7322127.00,1529944.06,4306000.00,620000.00,2013557.00,4688570.00
4321006,5200231.10,5302318.10,4482649.00,717582.10,2635000.00,0.00,1146000.00,3336649.00
4321105,5963379.00,6240379.00,4712073.00,1251306.00,1703000.00,800000.00,1278856.00,2633217.00
4321204,16089520.82,16291020.82,14268126.00,1821394.82,9240000.00,2779306.00,3039500.00,8449320.00
4321303,13388257.18,13400257.18,9351112.18,4037145.00,4999375.00,0.00,1934072.02,7396695.60
4321329,3787256.00,9693187.20,3429256.00,358000.00,2046000.00,0.00,2831256.00,598000.00
4321352,5646033.17,5646033.17,3879542.81,1766490.36,1324850.00,0.00,978000.00,2901542.81
4321402,9529802.85,10344210.12,6752221.00,2777581.85,2534000.00,650000.00,3054160.00,3048061.00
4321436,5370691.00,5421535.00,3629568.00,1741123.00,1496000.00,0.00,1000000.00,2629568.00
4321451,12529578.00,13502932.44,9765410.00,2764168.00,3957500.00,1647496.00,2039914.00,6078000.00
4321469,2661750.06,2661750.06,2299453.06,362297.00,1248000.00,648000.00,981078.06,670375.00
4321477,3978883.60,3978883.60,2356943.60,1621940.00,650000.00,0.00,904840.00,1452103.60
4321493,3632545.47,3632545.47,2396244.20,1236301.27,893920.20,100000.00,199946.00,2096298.20
4321501,12462992.08,12518933.66,9976590.08,2486402.00,6156000.00,130000.00,2819017.51,6916144.00
4321600,11465073.00,11724159.49,10598339.00,866734.00,6630500.00,1100000.00,2139990.00,7358349.00
4321626,2365049.00,2365049.00,1197000.00,1168049.00,447000.00,0.00,350000.00,847000.00
4321634,1594725.00,1594725.00,1445000.00,149725.00,875000.00,350000.00,895000.00,200000.00
4321667,14618877.46,15677632.46,13652882.00,965995.46,9606000.00,1206000.00,1220000.00,11226882.00
4321709,8261719.29,9290664.83,7343867.29,917852.00,3640001.29,2100001.29,1043866.00,4200000.00
4321808,9564622.00,10338539.85,8488910.00,1075712.00,5170383.00,100000.00,1722431.00,6666479.00
4321832,3623436.00,3623436.00,2951332.00,672104.00,1776000.00,0.00,130000.00,2821332.00
4321857,5338014.45,5338014.45,4429621.96,908392.49,2846000.00,200000.00,1143898.96,3085723.00
4321907,7913429.00,7913429.00,7713429.00,200000.00,4972284.00,2699000.00,894000.00,4120429.00
4321956,3947287.00,3947287.00,3529525.00,417762.00,2161500.00,0.00,2379525.00,1150000.00
4322004,6054065.30,6731812.54,5495209.30,558856.00,2952216.00,1539962.00,790500.00,3164747.30
4322103,4039945.00,4039945.00,3718445.00,321500.00,2529000.00,986750.00,967645.00,1764050.00
4322152,3775243.00,3775243.00,3259243.00,516000.00,1556000.00,259547.00,1143696.00,1856000.00
4322186,2382951.10,2382951.10,1954385.00,428566.10,947000.00,100000.00,746003.00,1108382.00
4322202,8512225.07,9247651.23,7270859.00,1241366.07,5242841.00,1004000.00,1902341.00,4364518.00
4322251,5542387.13,5542387.13,4591411.00,950976.13,2401000.00,893000.00,888750.00,2809661.00
4322301,4457551.27,4503041.27,4020245.27,437306.00,1870546.00,346500.00,1461468.27,2212277.00
4322327,3801069.65,3801069.65,3166819.65,634250.00,2045000.00,100000.00,771819.65,2295000.00
4322343,5086109.33,5086109.33,4205005.33,881104.00,2336068.04,0.00,2742081.29,1462924.04
4322350,3603209.62,3603209.62,2732000.00,871209.62,2342000.00,0.00,100000.00,2632000.00
4322376,4815368.54,4815368.54,4273285.09,542083.45,2089000.00,100000.00,983856.00,3189429.09
4322400,20440854.00,21170107.69,18806509.00,1634345.00,8205150.00,1350900.00,3748750.00,13706859.00
4322509,18720977.00,23484252.81,12843705.00,5877272.00,6988750.00,1935250.00,2584955.00,8323500.00
4322525,6045607.64,6045607.64,5895607.64,150000.00,3241500.00,1767645.00,1187907.00,2940055.64
4322533,7127893.14,7127893.14,6841393.14,286500.00,3936500.00,1298000.00,2892331.14,2651062.00
4322541,5981478.00,5981478.00,5681478.00,300000.00,3842792.00,795000.00,1388686.00,3497792.00
4322558,5433693.31,5733647.98,4817414.31,616279.00,3179500.00,100000.00,1914652.31,2802762.00
4322608,23991780.44,25392816.58,18481322.85,5510457.59,10814999.50,7311111.50,6835322.35,4334889.00
4322707,12454652.20,13341947.74,10199987.57,2254664.63,6383000.00,2698000.00,2489651.04,5012336.53
4322806,19434229.81,20002821.36,14830066.00,4604163.81,8901445.00,650000.00,1902750.00,12277316.00
4322855,4475622.00,4475622.00,3907672.00,567950.00,2808467.00,198000.00,884205.00,2825467.00
4322905,6574482.29,6855515.33,6416416.29,158066.00,3592755.29,450000.00,1214126.00,4752290.29
4323002,10871846.49,14717011.90,9724597.90,1147248.59,3342000.00,1358816.00,2929148.24,3424120.00
4323101,3802320.86,3802320.86,3702170.86,100150.00,1550000.00,350000.00,1725810.00,1626360.86
4323200,2708459.19,2708459.19,1577355.19,1131104.00,748000.00,400000.00,450000.00,727355.19
4323309,6057573.99,6057573.99,5651170.98,406403.01,3736000.00,998000.00,582205.00,4070965.98
4323358,2467817.00,2467817.00,2367817.00,100000.00,1645000.00,0.00,497817.00,1870000.00
4323408,7518416.80,35922139.27,6393416.80,1125000.00,5579367.00,0.00,472965.00,5920451.80
4323457,2863457.00,2863457.00,2763457.00,100000.00,1577805.00,700000.00,529929.00,1533528.00
4323507,3762430.00,3762430.00,3562430.00,200000.00,1296000.00,448000.00,2118914.00,995516.00
4323606,3892972.00,3930583.60,3264358.00,628614.00,1997000.00,200000.00,899990.00,2164368.00
4323705,2462050.59,2462050.59,1506838.59,955212.00,0.00,100000.00,588856.59,817982.00
4323754,11005476.20,11005476.20,4467167.00,6538309.20,2530000.00,935000.00,1795877.00,1736290.00
4323770,4992468.47,4992468.47,2839223.47,2153245.00,1236159.00,150000.00,754205.00,1935018.47
4323804,8010546.00,8010546.00,7421690.00,588856.00,2447500.00,532062.00,333763.00,6555865.00
5000203,5727333.64,5727850.95,5093089.85,634243.79,2566219.85,419663.00,987207.00,3686219.85
5000252,8151690.10,8151690.10,6485353.80,1666336.30,2785000.00,326500.00,300000.00,5858853.80
5000609,16185415.07,16185415.07,11985274.07,4200141.00,3833500.00,1757992.00,1300000.00,8927282.07
5000708,13266486.39,13268521.01,9519914.05,3746572.34,1985000.00,1352906.00,542933.00,6946575.05
5000807,6355649.00,6580735.00,4960291.00,1395358.00,2231000.00,100000.00,0.00,4860291.00
5000856,12332382.43,12333382.43,8448954.43,3883428.00,5076220.00,225000.00,0.00,8223954.43
5000906,9466576.00,9466576.00,6522446.00,2944130.00,3791000.00,600000.00,510000.00,5412446.00
5001003,25050103.81,25294483.81,12059116.33,12990987.48,8438706.33,170000.00,410659.00,11257633.33
5001102,45007048.61,45259284.53,22374000.61,22633048.00,3109026.61,5030000.00,3076526.61,14267474.00
5001243,9515045.08,9515045.08,7815045.08,1700000.00,2039500.00,539914.00,1656041.08,5619090.00
5001508,10548458.01,10548458.01,8911815.00,1636643.01,2445750.00,430000.00,370976.00,8110839.00
5001904,17435959.03,17435962.49,11211574.74,6224384.29,3500000.00,160000.00,0.00,11051574.74
5002001,10270712.00,11815746.43,8262524.00,2008188.00,3990682.00,35000.00,413682.00,7813842.00
5002100,17490149.77,17490349.77,13439087.09,4051062.68,6022653.43,2723195.05,1274908.00,9440984.04
5002159,11059240.19,11059240.19,7646117.19,3413123.00,4619974.19,716761.00,2337986.00,4591370.19
5002209,21008935.87,21008935.87,14559477.18,6449458.69,5532000.00,876292.00,2049984.00,11145781.60
5002308,5524887.00,5712605.90,3524887.00,2000000.00,595000.00,250000.00,0.00,3274887.00
5002407,40560381.90,40561741.90,33018538.73,7541843.17,18962149.09,17707022.47,2594500.00,12717016.26
5002605,10812132.84,10812132.84,8711317.99,2100814.85,3844611.09,1449947.00,315000.00,6946370.99
5002704,288649874.81,885260967.40,118212814.46,170437060.35,42739234.51,10735553.00,24925869.90,82551391.56
5002803,10560368.54,10560368.54,6519085.54,4041283.00,1825630.00,262000.00,0.00,6257085.54
5002902,14873017.49,14880830.42,13080591.00,1792426.49,3042000.00,695000.00,349992.00,11953999.00
5002951,15197805.00,15197805.00,10452215.00,4745590.00,898000.00,4090000.00,0.00,6362215.00
5003108,4953068.50,5063666.07,4953068.50,0.00,1409350.00,0.00,0.00,4953068.50
5003157,15283401.72,15283401.72,13290793.00,1992608.72,2000000.00,400000.00,1063002.00,11647791.00
5003207,17834989.00,20054064.46,9771946.00,8063043.00,3627750.00,788000.00,1983000.00,7000946.00
5003256,27852359.36,27852359.36,20091749.00,7760610.36,1596250.00,1996193.00,1000000.00,17095556.00
5003306,17599039.27,18531825.45,13753504.00,3845535.27,2013300.00,467300.00,3000000.00,10286204.00
5003454,22127529.52,22135001.45,10638250.00,11489279.52,2888000.00,255000.00,0.00,10383250.00
5003488,10989858.62,10989858.62,9554858.62,1435000.00,3377611.09,230000.00,1500000.00,7824858.62
5003504,4725795.80,4729760.42,3978225.80,747570.00,870000.00,294000.00,0.00,3684225.80
5003702,104264792.18,131905338.54,61947796.49,42316995.69,36203820.00,27792768.00,3250000.00,30905028.49
5003751,13841647.38,13841647.38,11696667.99,2144979.39,6657750.00,749799.00,2909000.00,7940368.99
5003801,8698066.27,9329558.68,6718643.38,1979422.89,3081750.00,1540069.00,313965.38,4864609.00
5003900,3822586.00,3822586.00,3822586.00,0.00,1100000.00,1130433.00,0.00,2692153.00
5004007,14922186.36,14929030.98,13003144.36,1919042.00,5392310.36,534000.00,2692817.00,9776327.36
5004106,7379555.71,7380755.71,5548451.71,1831104.00,1491000.00,910000.00,500000.00,4138451.71
5004304,16942094.39,16942094.39,9584077.00,7358017.39,5826950.00,99995.00,1020000.00,8464082.00
5004403,9390344.69,9390344.69,8083831.28,1306513.41,2192000.00,597950.00,1400000.00,6085881.28
5004502,24675306.73,24786671.02,16219668.00,8455638.73,11020000.00,3640000.00,1350000.00,11229668.00
5004601,12463629.02,12463629.02,7869515.00,4594114.02,6325000.00,200000.00,850000.00,6819515.00
5004700,23982650.90,23984868.21,15149820.90,8832830.00,10082154.00,3343813.00,0.00,11806007.90
5004809,5717814.65,5717814.65,4736710.65,981104.00,1895500.00,100000.00,298057.29,4189494.00
5004908,12715797.83,12715797.83,8223476.26,4492321.57,3898030.26,1148368.00,1137981.00,5937127.26
5005004,32334732.45,33072935.84,23969078.00,8365654.45,10307500.00,2556925.00,4212993.00,16960410.00
5005103,6178444.55,6184256.48,3665469.06,2512975.49,1595850.00,100000.00,18690.13,3546778.93
5005152,9476325.27,9476325.27,5668387.00,3807938.27,1644000.00,2457000.00,600000.00,2541387.00
5005202,19200727.48,19217829.50,14302246.00,4898481.48,4800000.00,0.00,1500000.00,12662246.00
5005251,7949204.50,7949204.50,6696803.00,1252401.50,2363100.00,693000.00,1000000.00,5003803.00
5005400,21547257.00,21547257.00,18974478.90,2572778.10,7207317.82,2577581.00,800000.00,15596897.90
5005608,17468338.66,17469455.97,15645336.52,1823002.14,9012365.00,0.00,1325000.00,14078938.43
5005681,12967894.89,22620150.74,8947856.89,4020038.00,3528500.00,899848.00,0.00,7598008.89
5005707,24437120.20,25244332.88,18229257.00,6207863.20,6440000.00,2714968.00,2350000.00,13164289.00
5005806,9872373.32,9881209.32,9159461.00,712912.32,3953750.00,1160386.00,2125200.00,5873875.00
5006002,11853009.55,11880821.71,9538150.34,2314859.21,2514700.00,1246250.00,1019913.00,7265428.99
5006200,30816760.20,32085971.70,17959902.00,12856858.20,2700000.00,1460000.00,1450000.00,14480469.00
5006259,10173324.00,10173324.00,9213305.00,960019.00,6080045.00,100000.00,1196500.00,7916805.00
5006275,5549033.99,5549033.99,4426054.81,1122979.18,550000.00,490000.00,0.00,3936054.81
5006309,21992336.33,23339463.05,14502798.82,7489537.51,6953773.50,809353.50,0.00,13693445.32
5006358,4725321.30,4725321.30,3794570.00,930751.30,1000000.00,224387.00,749595.00,2721968.00
5006408,5474656.00,5474656.00,4465906.00,1008750.00,1400000.00,765000.00,0.00,3700906.00
5006606,63633452.96,63968890.73,22059244.55,41574208.41,5852234.82,1250000.00,4736572.00,13212017.51
5006903,18773416.03,18773416.03,11095212.00,7678204.03,3942000.00,249961.00,1860019.00,8985232.00
5007109,22419715.43,22419715.43,19056100.30,3363615.13,12139000.00,60000.00,1000000.00,17566350.30
5007208,17376530.91,17955557.71,13379897.61,3996633.30,6631655.61,2449898.00,300000.00,10629999.61
5007307,5474143.24,5474143.24,3680416.00,1793727.24,943500.00,50000.00,1000000.00,2630416.00
5007406,15757552.06,15953552.06,12655700.06,3101852.00,4247225.06,882686.00,400000.00,11373014.06
5007505,5071394.50,5071394.50,3953984.50,1117410.00,1943500.00,150000.00,0.00,3803984.50
5007554,8001619.14,8001619.14,5470723.00,2530896.14,3495000.00,200000.00,100000.00,5170723.00
5007695,16961703.11,16961703.11,13961703.11,3000000.00,4719550.50,3707302.23,1394500.00,8799233.50
5007703,8557178.00,8557178.00,6323498.00,2233680.00,1695000.00,978498.00,0.00,5345000.00
5007802,6856720.79,6856720.79,5301475.00,1555245.79,694000.00,190000.00,857864.00,4253611.00
5007901,23581726.78,23582644.09,19746324.60,3835402.18,7269500.00,5430094.00,999984.00,13316246.60
5007935,15239337.00,15255291.67,12859262.00,2380075.00,6555709.00,2821665.00,2349963.00,7687634.00
5007950,4656384.65,5937174.65,4056384.65,600000.00,800000.00,129990.00,400000.00,3526394.65
5007976,3269367.00,3270167.00,2252026.00,1017341.00,200000.00,0.00,0.00,2252026.00
5008008,7564671.01,7564671.01,6601922.00,962749.01,2742500.00,400000.00,1000000.00,5201922.00
5008305,51951507.23,54962276.31,26306245.00,25645262.23,15311707.00,3238466.00,521000.00,21965179.00
5008404,27238551.23,27244173.16,15057758.00,12180793.23,6369023.00,4323023.00,200089.00,7475586.00
5100102,10516537.78,10516537.78,10516537.78,0.00,7477493.78,1000000.00,250000.00,9266537.78
5100201,23292874.86,23303122.24,15010080.86,8282794.00,2392000.00,1233625.86,100000.00,13676455.00
5100250,14376354.76,14401684.84,10913912.76,3462442.00,7591587.56,4137306.20,0.00,6776606.56
5100300,28629391.12,29520688.12,24429347.12,4200044.00,18375587.12,3403738.00,0.00,21025609.12
5100359,4397573.09,4397573.09,3565938.18,831634.91,1793217.18,1172248.00,0.00,2393690.18
5100409,5134779.36,5134779.36,4634779.36,500000.00,2235043.56,1986993.00,0.00,1984992.56
5100508,3545183.00,3545183.00,2256951.00,1288232.00,2006951.00,250000.00,711951.00,1295000.00
5100607,8946316.92,8946316.92,2349973.00,6596343.92,0.00,1999976.00,0.00,349997.00
5100805,5406679.45,5406679.45,2599416.57,2807262.88,1164000.00,250000.00,0.00,2153988.00
5101001,5742763.60,5742763.60,2599918.13,3142845.47,298500.00,280087.00,0.00,2319831.13
5101209,3985308.56,3985308.56,2953183.56,1032125.00,1936087.56,1657230.00,0.00,1295953.56
5101258,12072859.14,12072859.14,8580850.28,3492008.86,6211101.28,5297500.00,200000.00,3083350.28
5101308,7403164.42,7403164.42,3539569.00,3863595.42,3139525.00,1182000.00,0.00,2357569.00
5101407,17290417.36,17290417.36,10915357.76,6375059.60,1885637.56,5509565.20,450000.00,4543792.56
5101605,8017100.63,8017100.63,4589717.00,3427383.63,2480000.00,700000.00,0.00,3889717.00
5101704,53273430.90,53281434.35,22059011.32,31214419.58,5662948.56,7055030.00,150000.00,14853981.32
5101803,36148557.12,36490876.67,29213263.12,6935294.00,7220631.12,6790000.00,150000.00,22273263.12
5101837,1147032.56,1147032.56,1147032.56,0.00,297043.56,500000.00,0.00,647032.56
5101852,3139195.37,3139195.37,1368159.00,1771036.37,918159.00,918159.00,0.00,450000.00
5101902,5525941.31,5525941.31,4825897.31,700044.00,450000.00,2594936.31,0.00,2230961.00
5102504,24441895.95,31698009.65,14277482.94,10164413.01,4903188.84,3749356.00,100000.00,10299814.84
5102603,6569827.49,6569827.49,4944972.44,1624855.05,1945087.56,877000.00,0.00,4067972.44
5102637,7310814.56,7336814.56,5300751.56,2010063.00,2392543.56,4229708.00,0.00,1071043.56
5102678,18786398.84,19107604.40,15448321.84,3338077.00,13468796.84,14450000.00,0.00,998321.84
5102686,1413161.00,1413961.00,1125161.00,288000.00,350000.00,575161.00,0.00,550000.00
5102694,2309156.00,2309156.00,1710062.00,599094.00,1000044.00,209974.00,0.00,1500088.00
5102702,18370775.85,18430775.85,13033537.85,5337238.00,7609512.85,995000.00,100000.00,11938537.85
5102793,3216557.20,3216557.20,2808087.56,408469.64,843043.56,600000.00,0.00,2208087.56
5102850,2628070.00,2628070.00,1333794.00,1294276.00,300000.00,250000.00,300000.00,783794.00
5103007,34439199.10,34439199.10,33439459.10,999740.00,9184038.78,22436133.32,0.00,11003325.78
5103056,5588192.67,5588192.67,2500088.00,3088104.67,0.00,1600000.00,0.00,900088.00
5103106,6783145.25,6783145.25,6645060.50,138084.75,2080000.00,2211380.50,500000.00,3933680.00
5103205,8949680.66,8949680.66,7571531.56,1378149.10,1394087.56,4040904.00,0.00,3530627.56
5103254,10477440.89,10477440.89,7477352.89,3000088.00,4677087.56,2846377.33,660000.00,3970975.56
5103304,7095784.47,7292584.39,5951739.07,1144045.40,3475000.00,1600000.00,276950.00,4074789.07
5103353,13697861.68,13839622.36,9626675.68,4071186.00,2789130.68,4400000.00,400000.00,4826675.68
5103361,3773428.88,3773428.88,3195425.00,578003.88,1590000.00,2204437.00,0.00,990988.00
5103379,3163977.00,3163977.00,2665789.00,498188.00,0.00,1250000.00,0.00,1273839.00
5103403,154587598.49,1080629494.85,67160926.41,87426672.08,13583907.25,26532120.00,1600000.00,16439322.25
5103437,5289649.59,5289649.59,2850296.59,2439353.00,2766588.59,583708.00,0.00,2266588.59
5103452,6586515.56,6586515.56,5584398.56,1002117.00,3426393.56,699961.00,0.00,4884437.56
5103502,9320639.40,9320639.40,8051897.00,1268742.40,4558633.00,3691633.00,400000.00,3960264.00
5103601,7368697.00,7368697.00,6408678.00,960019.00,4500000.00,308887.00,0.00,6099791.00
5103700,21294960.00,21294960.00,19358728.00,1936232.00,17915044.00,449973.00,0.00,18908755.00
5103809,5303822.66,5303822.66,2230930.06,3072892.60,1543601.06,200000.00,0.00,2030930.06
5103858,4550704.56,4550704.56,3320704.56,1230000.00,1096087.56,1175191.00,0.00,2145513.56
5103908,5149981.34,5149981.34,3885797.34,1264184.00,2191131.34,994631.00,0.00,2891166.34
5103957,2406226.50,2406226.50,2406226.50,0.00,1813601.50,497500.00,0.00,1908726.50
5104104,15596616.00,15635266.00,12044218.00,3552398.00,8260000.00,1334192.00,50000.00,10660026.00
5104203,15056014.27,15056014.27,13025813.27,2030201.00,9208750.00,11327019.27,0.00,1698794.00
5104500,3034951.36,3034951.36,1936763.36,1098188.00,910101.06,597950.00,0.00,1338813.36
5104526,3364639.00,3364639.00,2532514.00,832125.00,600000.00,1523405.00,0.00,1009109.00
5104542,4030943.00,4030943.00,2132755.00,1898188.00,895044.00,200000.00,100000.00,1832755.00
5104559,6953944.00,6953944.00,4209693.00,2744251.00,2970000.00,71605.00,0.00,4138088.00
5104609,4243678.00,4243678.00,3813678.00,430000.00,600000.00,1772840.00,0.00,2040838.00
5104807,34235778.80,34238868.35,28170564.00,6065214.80,21138000.00,1835258.00,0.00,26335306.00
5104906,30649683.78,30649683.78,30266778.78,382905.00,29916808.78,0.00,200000.00,30066778.78
5105002,8122748.28,8122748.28,2938954.82,5183793.46,1712101.50,796000.00,300000.00,1842954.82
5105101,12696639.00,12696639.00,8667541.00,4029098.00,2537544.00,8067497.00,0.00,600044.00
5105150,12209291.20,13344296.87,8162242.20,4047049.00,1650044.00,2036000.00,385755.00,5136632.00
5105176,2725013.00,2725013.00,1399967.00,1325046.00,300000.00,500000.00,300000.00,599967.00
5105200,10695259.56,10695259.56,7764945.56,2930314.00,4813787.56,3010000.00,160000.00,4094945.56
5105234,9362840.42,9362840.42,4163205.15,5199635.27,2559468.50,1069000.00,0.00,3094205.15
5105259,19178903.46,19190103.46,13848617.46,5330286.00,1300000.00,3653404.30,0.00,10195213.16
5105309,3560797.56,3560797.56,2915909.56,644888.00,2297043.56,69000.00,0.00,2846909.56
5105507,9571380.99,9740715.13,5879924.90,3691456.09,2089130.90,350000.00,200000.00,5329924.90
5105580,8194359.78,8194359.78,5409918.78,2784441.00,1495043.78,318000.00,300000.00,4791918.78
5105606,3737154.56,3737154.56,2496840.56,1240314.00,0.00,500000.00,0.00,1996840.56
5105622,15038548.57,15053498.54,6157237.30,8881311.27,2258509.30,2692451.80,300000.00,3164785.50
5105903,12149032.34,12149032.34,8890781.34,3258251.00,3275087.34,2687546.00,0.00,6203235.34
5106000,3315525.12,3315525.12,2117293.12,1198232.00,792087.12,1325206.00,0.00,792087.12
5106109,10822527.60,10822527.60,7240048.00,3582479.60,2800044.00,250000.00,300000.00,6690048.00
5106158,7151015.00,7151015.00,4520701.00,2630314.00,1690203.00,2680639.00,250000.00,1590062.00
5106174,2657973.07,2657973.07,1669848.07,988125.00,1150044.00,88558.48,350000.00,1231289.59
5106182,2768915.82,2768915.82,2768915.82,0.00,900044.00,1680000.00,0.00,1088915.82
5106190,2573348.95,2573348.95,480000.00,2093348.95,0.00,230000.00,0.00,250000.00
5106208,3929105.16,3929105.16,3196980.16,732125.00,1599787.56,627781.00,476000.00,2093199.16
5106216,5504394.05,5504394.05,3624523.00,1879871.05,1200044.00,1774503.00,300000.00,1550020.00
5106224,4277938.68,4286368.38,4000000.00,277938.68,2750000.00,4000000.00,0.00,0.00
5106232,5160776.26,5160776.26,4326526.26,834250.00,796043.56,2107179.50,400000.00,1819346.76
5106240,4780962.56,4780962.56,1744543.56,3036419.00,894543.56,250000.00,350000.00,1144543.56
5106257,9000102.00,9017622.00,5300044.00,3700058.00,1750000.00,1000000.00,0.00,4300044.00
5106265,1976914.50,1976914.50,1478726.50,498188.00,469682.50,509000.00,160000.00,809726.50
5106273,3164243.78,3165443.78,2232118.78,932125.00,1075043.78,0.00,80000.00,2152118.78
5106281,3663905.00,3675905.00,1359997.00,2303908.00,0.00,1359997.00,0.00,0.00
5106299,7897910.34,7897910.34,4906922.34,2990988.00,2440631.34,1449962.00,0.00,3456960.34
5106307,7144581.10,7144581.10,4494537.10,2650044.00,14470.10,2179979.00,0.00,2314558.10
5106315,3727694.28,3727694.28,2915587.56,812106.72,2326543.56,179000.00,0.00,2736587.56
5106372,2635766.30,2635766.30,1093842.30,1541924.00,0.00,693798.30,0.00,400044.00
5106422,29701297.72,29701297.72,27684897.72,2016400.00,9666631.34,3400000.00,150000.00,24134897.72
5106455,2048231.56,2048231.56,1100043.56,948188.00,645043.56,455000.00,150000.00,495043.56
5106505,27539160.74,27539160.74,23943116.74,3596044.00,4558199.64,5092000.00,200000.00,18651116.74
5106653,9519008.13,9519808.13,6001119.03,3517889.10,5271924.73,2128818.39,150000.00,3722300.64
5106703,5793943.00,5793943.00,1196642.00,4597301.00,450044.00,746598.00,0.00,450044.00
5106752,5899852.00,5911832.78,5399852.00,500000.00,500000.00,3999808.00,0.00,1400044.00
5106778,3551721.00,3551721.00,3351721.00,200000.00,500000.00,1951415.00,0.00,1400306.00
5106802,2120522.00,2120522.00,690208.00,1430314.00,0.00,300000.00,335755.00,54453.00
5106828,12571422.53,12571422.53,5974024.09,6597398.44,5011516.50,3014849.00,0.00,2959175.09
5106851,2395035.56,2395035.56,1895035.56,500000.00,1195043.56,149992.00,0.00,1745043.56
5107008,8123939.68,8123939.68,5429707.68,2694232.00,2919682.00,2653616.44,450000.00,1996091.24
5107040,14421782.56,14455396.41,9225595.56,5196187.00,1980043.56,0.00,0.00,7504975.56
5107065,6291046.00,6321046.00,3808942.00,2482104.00,350044.00,2587057.00,0.00,1221885.00
5107107,10160128.22,10160128.22,6325317.09,3834811.13,1741101.50,1749955.00,300000.00,4275362.09
5107156,4367378.06,4367378.06,2885836.06,1481542.00,1562101.06,374609.00,0.00,2511227.06
5107180,7761311.15,7763311.15,2948047.88,4813263.27,1042000.00,1748003.88,250000.00,950044.00
5107198,4694051.56,4694051.56,4061882.56,632169.00,3158065.56,466739.00,0.00,3595143.56
5107206,2701976.06,2701976.06,2501976.06,200000.00,712101.06,1312625.00,0.00,1189351.06
5107248,2733369.00,2733369.00,326000.00,2407369.00,0.00,326000.00,0.00,0.00
5107263,2848232.00,2848232.00,1800000.00,1048232.00,1500000.00,300000.00,500000.00,1000000.00
5107297,3072195.97,3072195.97,1974007.97,1098188.00,660044.00,1313963.97,150000.00,510044.00
5107305,14863533.12,14928533.12,9983489.12,4880044.00,8789087.12,2900000.00,0.00,7083489.12
5107354,3374486.00,3374486.00,3374486.00,0.00,650044.00,899687.00,0.00,2474799.00
5107404,8472787.56,8472787.56,7774599.56,698188.00,7024599.56,1050000.00,0.00,6724599.56
5107578,13386313.56,13387353.56,12786269.56,600044.00,12563269.56,113000.00,400000.00,12273269.56
5107602,37986760.55,48482135.28,13523545.92,24463214.63,1537500.00,7487500.00,300000.00,10172.00
5107701,1586223.77,1586223.77,1088035.77,498188.00,850000.00,238035.77,0.00,850000.00
5107743,1512462.80,1512462.80,1112454.80,400008.00,0.00,699819.00,0.00,412635.80
5107750,2545334.00,2545334.00,1585363.00,959971.00,756057.50,904000.00,0.00,681363.00
5107768,2439124.00,2439124.00,671944.00,1767180.00,400044.00,271900.00,0.00,400044.00
5107776,4672293.56,4702293.56,2695916.56,1976377.00,1291587.56,695879.00,200000.00,1741587.56
5107792,1683582.00,1683582.00,685394.00,998188.00,600044.00,85350.00,300000.00,300044.00
5107800,21448526.22,29061472.87,18951570.00,2496956.22,10216090.00,8946046.00,0.00,10005524.00
5107859,17650838.56,17650838.56,9438381.56,8212457.00,3537837.56,3893750.00,150000.00,5394631.56
5107875,3304395.00,3306395.00,2304351.00,1000044.00,100000.00,1655181.00,0.00,649170.00
5107883,2188293.00,2188293.00,130000.00,2058293.00,0.00,130000.00,0.00,0.00
5107909,22811083.29,23998452.37,17460000.00,5351083.29,790000.00,14670000.00,40000.00,2750000.00
5107925,46578203.73,47381070.60,37125276.00,9452927.73,15579250.00,4725188.00,100000.00,32300088.00
5107941,2246804.67,2246804.67,1800000.00,446804.67,300000.00,1500000.00,300000.00,0.00
5107958,17138926.12,17459062.24,11844569.12,5294357.00,2453725.56,8443557.00,276011.56,3125000.56
5108006,10140626.00,10140630.29,9440582.00,700044.00,8500000.00,940582.00,0.00,8500000.00
5108055,10900179.10,10900179.10,2777582.10,8122597.00,360000.00,150000.00,677582.10,1950000.00
5108105,3610312.00,3610312.00,1626575.00,1983737.00,565836.00,1060739.00,0.00,565836.00
5108204,2960871.00,2960871.00,1702639.00,1258232.00,990000.00,1702639.00,0.00,0.00
5108303,8501323.88,8501323.88,1807933.56,6693390.32,594043.56,1213890.00,0.00,594043.56
5108352,2007423.00,2007423.00,660253.00,1347170.00,400000.00,60253.00,0.00,600000.00
5108402,81851703.58,95139583.35,24252158.00,57599545.58,18816935.00,1072900.00,0.00,20585258.00
5108501,5737863.78,5737863.78,3449674.78,2288189.00,1471043.78,2378631.00,374000.00,697043.78
5108600,3633717.36,3633717.36,3633717.36,0.00,952414.36,1483673.36,0.00,2150044.00
5108808,4747679.02,4747679.02,1089899.00,3657780.02,500000.00,240000.00,500000.00,349899.00
5108857,3134475.37,3134475.37,2036287.37,1098188.00,920000.00,856341.04,620000.00,559946.33
5108907,1886540.72,1887136.72,590000.00,1296540.72,400000.00,190000.00,0.00,400000.00
5108956,36532623.00,36532623.00,10461859.00,26070764.00,8122186.00,6495054.00,0.00,3880980.00
5200050,15278326.00,26458181.40,10738242.00,4540084.00,6812500.00,423812.00,4520775.00,5793655.00
5200100,14272664.00,14375633.97,8090167.00,6182497.00,4798971.00,5402971.00,0.00,2687196.00
5200134,15234289.00,15354284.01,10267469.00,4966820.00,3865000.00,1537993.00,3214200.00,5515276.00
5200159,6254225.79,6254225.79,4380384.99,1873840.80,3273511.99,1428511.99,300000.00,2651873.00
5200175,4416833.00,4416833.00,3496873.00,919960.00,992500.00,0.00,0.00,3496873.00
5200209,3876234.00,3876234.00,3276234.00,600000.00,2791000.00,100000.00,0.00,3176234.00
5200258,104653710.83,128188738.03,58765868.77,45887842.06,8217980.03,9541151.00,2076805.41,47147912.36
5200308,21581298.00,29173581.43,14383155.00,7198143.00,6517500.00,3625961.00,1027000.00,9730194.00
5200506,3333500.00,3333500.00,1286500.00,2047000.00,936500.00,0.00,250000.00,1036500.00
5200555,5111318.23,5111318.23,4161318.23,950000.00,3311288.00,2766318.23,995000.00,400000.00
5200605,11522629.00,12622629.00,5647495.00,5875134.00,1816942.00,2587270.00,1004978.00,2055247.00
5200803,9038253.80,9038253.80,3472307.00,5565946.80,548000.00,1600000.00,154307.00,1718000.00
5200829,3318513.00,3318513.00,2994465.00,324048.00,950000.00,400000.00,1394075.00,1200390.00
5200852,8696686.00,8696686.00,5656127.00,3040559.00,3143000.00,200000.00,598000.00,4858127.00
5200902,3335854.32,3335854.32,2229882.95,1105971.37,944250.00,1763250.00,0.00,248000.00
5201108,93017686.95,169884588.08,68545067.51,24472619.44,20265211.08,12600000.00,25669274.13,27668085.00
5201207,1880238.00,1880238.00,1571966.00,308272.00,472000.00,0.00,549966.00,1022000.00
5201306,17072608.00,17072608.00,12835151.00,4237457.00,8835120.00,2930000.00,2640000.00,6865151.00
5201405,65441350.47,117476067.61,47616524.03,17824826.44,23292927.53,15186983.96,24781832.00,7376083.07
5201454,4718217.00,4718217.00,4118217.00,600000.00,3180000.00,595000.00,1048000.00,2475217.00
5201504,6364467.00,6364467.00,4864989.00,1499478.00,1828350.00,0.00,200000.00,3678318.00
5201603,4136651.93,4136651.93,3405569.00,731082.93,2293000.00,0.00,500000.00,2905569.00
5201702,11670760.10,11671330.10,8030969.00,3639791.10,3238000.00,4450000.00,1190000.00,2390969.00
5201801,6197341.61,6197341.61,4147981.00,2049360.61,2000000.00,1199990.00,1100000.00,1547991.00
5202155,5565652.61,5565652.61,3478575.00,2087077.61,999384.00,350000.00,629914.00,2498661.00
5202353,4553950.00,4553950.00,2530144.00,2023806.00,698000.00,200000.00,0.00,2330144.00
5202502,8839350.22,8839350.22,4292650.72,4546699.50,1090000.00,2467394.72,0.00,1825256.00
5202601,5108072.37,5108072.37,1624611.00,3483461.37,500000.00,0.00,0.00,1624611.00
5202809,11002787.00,11002787.00,8951687.00,2051100.00,5672400.00,4127282.00,1774367.00,3050038.00
5203104,7524667.08,7524667.08,4353710.00,3170957.08,995000.00,600000.00,1633750.00,2119960.00
5203203,11430665.00,11430665.00,7146406.00,4284259.00,3443000.00,0.00,2342000.00,4804406.00
5203302,10494522.98,16106150.15,8412408.00,2082114.98,4752100.00,2137250.00,549745.00,5725413.00
5203401,8511743.24,8700171.47,5585163.24,2926580.00,2991500.00,496000.00,2735068.00,2354095.24
5203500,23151428.64,23151433.64,11705261.99,11446166.65,2979491.99,9961807.99,0.00,1743454.00
5203559,8084519.00,8088481.00,5229952.00,2854567.00,1516000.00,1000000.00,149752.00,4080200.00
5203575,4993181.00,4993181.00,3528750.00,1464431.00,1700000.00,650000.00,300000.00,2578750.00
5203609,4570474.00,4570474.00,2768562.00,1801912.00,1139750.00,495000.00,1003000.00,1270562.00
5203807,14098318.83,14098318.83,11726500.00,2371818.83,7691500.00,5953000.00,555000.00,5218500.00
5203906,10883432.61,11481820.61,5975718.00,4907714.61,2134000.00,3481718.00,500000.00,1994000.00
5203939,12210621.86,12610621.86,7926847.86,4283774.00,4986500.00,3990000.00,1250723.00,2604982.00
5203962,3351608.18,3802408.18,2229594.00,1122014.18,816000.00,0.00,637705.00,1591889.00
5204003,7809097.40,7809097.40,4801400.00,3007697.40,2146307.00,600000.00,1421063.00,2780337.00
5204102,5256883.00,5263087.00,2789374.00,2467509.00,997500.00,1673641.00,300000.00,815733.00
5204201,4319226.61,4319226.61,3952490.00,366736.61,1910500.00,1770449.00,945000.00,1237041.00
5204250,12630147.98,12630147.98,8035841.13,4594306.85,4535893.13,5539842.13,1096000.00,1149999.00
5204300,9754513.00,9754513.00,6292029.00,3462484.00,2230000.00,2444800.00,1407373.00,2201000.00
5204409,4124992.00,4374910.08,3309992.00,815000.00,250000.00,0.00,2080000.00,1150000.00
5204508,27608998.66,28087565.96,18537525.44,9071473.22,7218214.04,11407364.44,1113759.00,6016402.00
5204557,5156995.46,5156995.46,2932168.00,2224827.46,1640000.00,100000.00,0.00,2632168.00
5204607,5606906.49,5610257.99,3078239.49,2528667.00,1224200.00,100000.00,1945246.49,1032993.00
5204656,6339536.32,6339536.32,5039536.32,1300000.00,3640239.32,4321797.00,200000.00,517739.32
5204706,7566289.14,7566289.14,3481559.00,4084730.14,1287000.00,0.00,1483773.00,1997786.00
5204805,6480501.61,6480501.61,5865820.00,614681.61,3381000.00,3904945.00,495875.00,1465000.00
5204854,12261301.11,12261301.11,8743129.00,3518172.11,3842688.00,1249971.00,100000.00,7343988.00
5204904,10031163.21,10181962.60,7890699.80,2140463.41,4001975.00,863781.84,1060966.00,5765951.96
5204953,12638662.00,12834662.00,8763136.00,3875526.00,4276244.00,3679932.00,1320000.00,3125749.00
5205000,2950597.00,2950597.00,2258597.00,692000.00,1098000.00,300000.00,770970.00,1187627.00
5205059,9206987.19,9206987.19,5672447.00,3534540.19,2132500.00,2330209.00,0.00,3342238.00
5205109,17440257.00,218371984.59,9244058.00,8196199.00,7431236.00,0.00,5953004.00,3291054.00
5205208,3995987.00,3995987.00,2241174.00,1754813.00,242883.00,100000.00,0.00,2141174.00
5205307,11277246.00,11277246.00,9643500.00,1633746.00,3488500.00,700000.00,5746000.00,3197500.00
5205406,17084922.97,52006103.34,8716599.97,8368323.00,3963600.00,700000.00,4352999.97,3263600.00
5205455,14029793.04,14029793.04,8881092.00,5148701.04,5180000.00,3938500.00,2863032.00,2020500.00
5205471,6080894.82,6097379.82,4697793.00,1383101.82,2329855.00,2339855.00,490000.00,1867938.00
5205497,43562703.66,45169945.26,23570857.66,19991846.00,9300915.39,5897669.89,5043191.00,12629996.34
5205513,18563115.94,18688106.20,11206805.94,7356310.00,4106742.39,4354087.94,1838695.00,5014023.00
5205521,5824386.00,5824386.00,2435379.00,3389007.00,1385400.00,849998.00,299981.00,1285400.00
5205703,6382848.00,6382848.00,4423163.00,1959685.00,3679431.00,496301.00,0.00,3764287.00
5205802,17459446.61,17459446.61,11049691.00,6409755.61,5802000.00,7869666.00,650038.00,2529987.00
5205901,7822083.05,7822083.05,5173069.56,2649013.49,3055305.56,1395000.00,1526419.56,2251650.00
5206206,42784087.34,42916508.78,28862572.56,13921514.78,14144333.00,3693713.00,6187389.00,18679527.31
5206305,10724223.17,10724223.17,7374750.80,3349472.37,3790000.00,2060200.00,2521042.00,2793508.80
5206404,22459946.94,22459946.94,11140697.69,11319249.25,4868000.00,990148.69,3472549.00,6678000.00
5206503,8258834.00,8258834.00,5762643.00,2496191.00,3308500.00,697500.00,1493500.00,3189643.00
5206602,5315765.00,5315765.00,4452452.00,863313.00,2588750.00,993000.00,1865727.00,1593725.00
5206701,9751473.00,9751473.00,7414784.00,2336689.00,3573500.00,3287500.00,1945642.00,2181642.00
5206800,2139953.00,2139953.00,1210000.00,929953.00,500000.00,200000.00,500000.00,510000.00
5206909,10781376.00,10781376.00,10481396.00,299980.00,9440625.00,1755771.00,860625.00,7865000.00
5207105,4190237.72,4444237.72,3519920.00,670317.72,2184000.00,0.00,0.00,3519920.00
5207253,15618059.61,15930460.92,11101822.00,4516237.61,5955000.00,1000000.00,2605000.00,6935772.00
5207352,6562681.61,6562681.61,4762945.00,1799736.61,1243000.00,2718000.00,0.00,2044945.00
5207402,9650244.00,9650244.00,5217508.00,4432736.00,1847500.00,3359472.00,300000.00,1558036.00
5207501,15830719.28,15830719.28,12153187.67,3677531.61,8856182.00,4265000.00,3791688.00,4096499.67
5207535,5903439.86,5903439.86,3797364.86,2106075.00,2496000.00,100000.00,1600000.00,1969789.86
5207600,23474447.20,25663247.20,17488912.15,5985535.05,12158905.15,1590000.00,2046566.00,13852346.15
5207808,6650202.00,6877265.75,4495997.00,2154205.00,2396000.00,299997.00,2846000.00,1350000.00
5207907,8304351.23,8429351.23,7238872.24,1065478.99,6148506.33,2076000.00,668000.00,4494872.24
5208004,21307115.53,23677029.93,15033208.54,6273906.99,5471909.00,2695254.00,3078484.68,9259469.86
5208103,6921976.37,6921976.37,4833752.00,2088224.37,2450000.00,0.00,408625.00,4125127.00
5208152,9445515.22,9445515.22,2840814.00,6604701.22,1950000.00,880814.00,100000.00,1860000.00
5208301,6098021.00,6394021.00,3797779.00,2300242.00,1548000.00,500002.00,3098000.00,199777.00
5208400,14815624.52,14815624.52,11228863.52,3586761.00,6285346.05,500000.00,1324727.00,7755346.05
5208509,3871752.00,3871752.00,3260869.00,610883.00,1798000.00,0.00,2910869.00,350000.00
5208608,21673263.55,21794513.39,14373263.55,7300000.00,4010340.55,0.00,6537840.55,7835423.00
5208707,106521010.02,923081082.10,74854448.76,31666561.26,4950000.00,16308780.00,25953108.00,31928400.00
5208806,39222995.05,39595034.96,26260146.00,12962849.05,19285000.00,5950000.00,3691039.00,16619107.00
5208905,18437931.17,18797907.39,9566530.49,8871400.68,3972049.41,800000.00,3063155.08,5703375.41
5209101,16290051.00,16919893.69,8794333.00,7495718.00,850000.00,2427000.00,2947333.00,3000000.00
5209150,6001308.00,6001308.00,4170630.00,1830678.00,700633.00,468000.00,2219633.00,1482997.00
5209200,11050199.86,11057619.84,5239046.86,5811153.00,2239000.00,3729000.00,928904.00,500000.00
5209291,6312831.61,6312831.61,4286172.00,2026659.61,2429350.00,500000.00,701027.00,2964350.00
5209408,11966685.29,11966685.29,9033826.64,2932858.65,6036000.00,2692000.00,3244000.00,2858970.64
5209457,5415339.00,5415339.00,3687664.00,1727675.00,1793000.00,300000.00,439664.00,2948000.00
5209606,2889046.00,2889046.00,1901992.00,987054.00,1352000.00,396000.00,200000.00,1305992.00
5209705,16263909.30,16277619.30,3275228.06,12988681.24,1271500.00,0.00,1508277.00,1766951.06
5209804,5355371.40,5355371.40,3644745.40,1710626.00,1793000.00,0.00,600000.00,3044745.40
5209903,16042430.54,16042430.54,10427482.54,5614948.00,4655043.00,4819492.54,1227989.00,4380001.00
5209937,7131500.61,7131500.61,4884320.00,2247180.61,1966322.00,2100000.00,2348597.00,435723.00
5209952,10255877.00,10405854.81,7121259.00,3134618.00,995000.00,1987306.00,300000.00,4833953.00
5210000,23677238.40,24501883.86,15460931.40,8216307.00,7403000.00,0.00,8123005.00,5038000.00
5210109,12932641.40,13830272.29,5272099.05,7660542.35,1944999.50,1350000.00,2263413.00,1658686.05
5210158,11098621.00,11098621.00,7175430.00,3923191.00,4454159.00,1098460.00,1049941.00,5027029.00
5210208,18262760.57,31653321.84,11089767.58,7172992.99,4914500.00,1297628.00,4421000.00,5371139.58
5210307,3594597.63,3594597.63,1642500.00,1952097.63,992500.00,100000.00,500000.00,1042500.00
5210406,16106235.84,16444859.97,7187605.89,8918629.95,2636000.00,200000.00,1499985.00,5224248.33
5210562,9752925.38,9752925.38,7346073.77,2406851.61,4720350.77,0.00,2522000.00,4824073.77
5210604,8045959.00,8195929.04,6451449.00,1594510.00,3137000.00,400000.00,4972172.00,789277.00
5210802,6954479.00,6954479.00,4946229.00,2008250.00,1427678.00,283953.00,1477678.00,3184598.00
5210901,27013055.00,27013055.00,20815393.00,6197662.00,11389334.00,5118141.00,3328000.00,11869252.00
5211008,16272528.61,16282529.26,4289015.00,11983513.61,0.00,3014030.00,574985.00,450000.00
5211206,8342155.00,8692224.74,5906432.00,2435723.00,1649000.00,599968.00,4158731.00,1147733.00
5211305,5999461.00,5999461.00,3227737.00,2771724.00,1289000.00,199945.00,1195000.00,1832792.00
5211404,13709396.43,13709396.43,10295092.00,3414304.43,4652423.00,1258475.00,1299874.00,6936743.00
5211503,23272958.80,23419268.80,12687335.21,10585623.59,3572500.00,7510788.00,2874012.00,1848931.79
5211602,9044156.03,9044156.03,5141115.00,3903041.03,3065000.00,1768115.00,398000.00,2975000.00
5211701,6414723.00,6414723.00,2985089.00,3429634.00,485500.00,400000.00,240000.00,2345089.00
5211800,27842981.99,28360707.04,15772133.04,12070848.95,12461196.47,200000.00,2011000.00,13494778.47
5211909,16428986.48,17636832.16,7649954.14,8779032.34,2716500.00,3245986.00,228548.00,4175420.14
5212006,3168637.00,3168637.00,2244401.00,924236.00,698000.00,0.00,350000.00,1894401.00
5212055,2920415.40,2920415.40,2850415.40,70000.00,1950415.40,300000.00,0.00,2550415.40
5212105,9131126.00,9131126.00,6868726.00,2262400.00,4245000.00,2095000.00,1600000.00,3173726.00
5212204,8287644.36,8420110.06,6084084.80,2203559.56,2038000.00,2250000.00,555000.00,3279084.80
5212253,5908532.00,5908532.00,4785181.00,1123351.00,2243500.00,0.00,2553981.00,1467200.00
5212303,8684366.31,8684366.31,7172583.00,1511783.31,3740244.00,883500.00,199996.00,6089087.00
5212501,123373670.30,126059287.85,39271967.57,84101702.73,13324000.00,8907000.00,9137940.89,17734058.00
5212600,5369686.00,5469684.82,3541917.00,1827769.00,2642000.00,0.00,209917.00,3332000.00
5212709,14189537.61,14189537.61,9727667.00,4461870.61,5456339.00,6676312.00,1214839.00,1836516.00
5212808,7866871.65,7866871.65,6931116.65,935755.00,2862222.00,516651.42,773950.23,5640515.00
5212907,5105930.00,5105930.00,5105930.00,0.00,2518000.00,199996.00,0.00,4905934.00
5212956,14269973.93,14269973.93,11138643.31,3131330.62,9114100.00,2050550.00,150000.00,8834060.00
5213004,14678505.00,14678505.00,9868234.00,4810271.00,3338000.00,3343000.00,624330.00,5900904.00
5213053,2455708.00,2455708.00,1193500.00,1262208.00,1093500.00,0.00,0.00,1193500.00
5213087,21390782.50,21503838.76,14490744.50,6900038.00,7166951.50,2972252.00,2350000.00,9168492.50
5213103,19849027.61,20870016.61,18549291.00,1299736.61,2990000.00,500000.00,5534382.00,11590000.00
5213400,4275075.00,4275075.00,3222543.00,1052532.00,2491750.00,699949.00,29329.00,2493265.00
5213509,4210841.09,4330345.09,2747158.00,1463683.09,1246000.00,0.00,101158.00,2646000.00
5213707,6251685.36,6251685.36,5551685.36,700000.00,3143000.00,985404.00,0.00,3816056.36
5213756,5747638.80,5747638.80,4362647.60,1384991.20,1400000.00,1100000.00,829009.60,673686.00
5213772,7807491.22,7807491.22,6061742.00,1745749.22,3877500.00,2237451.00,704794.00,3119497.00
5213806,24425534.76,24801764.88,10534243.02,13891291.74,3241700.00,4388000.00,1907700.00,4238543.02
5213855,4695174.61,4695174.61,1485474.00,3209700.61,576618.00,0.00,0.00,1485474.00
5213905,4265423.00,10717140.63,3215423.00,1050000.00,1881500.00,83953.00,992000.00,2139470.00
5214002,8779642.92,8779642.92,4908476.92,3871166.00,1288000.00,821188.92,649177.00,3438111.00
5214051,5523674.26,5523674.26,3336448.00,2187226.26,1486500.00,199948.00,0.00,3136500.00
5214101,2513537.00,2513537.00,2163537.00,350000.00,563556.00,0.00,500000.00,1663537.00
5214408,6981174.61,7431018.56,3506188.00,3474986.61,1545000.00,0.00,529195.00,2976993.00
5214507,9692213.00,9712658.77,7583106.00,2109107.00,4449000.00,3650000.00,1899944.00,2033162.00
5214606,25238507.28,25358507.28,18302784.28,6935723.00,10945792.00,1450000.00,1595000.00,14200532.00
5214705,8284722.59,8284722.59,6156480.00,2128242.59,5456500.00,1295000.00,697493.00,4163987.00
5214804,3169634.00,3169634.00,2769634.00,400000.00,1794000.00,0.00,1238750.00,1530884.00
5214838,8387574.44,8387574.44,4547721.44,3839853.00,2239000.00,1639060.44,573000.00,2335661.00
5214861,5700977.00,6024877.00,4462227.00,1238750.00,1829500.00,800000.00,898500.00,2763727.00
5214879,4647315.26,4679579.33,3307367.26,1339948.00,2542500.00,32.26,1095000.00,2212335.00
5214903,3640180.00,3640180.00,2490180.00,1150000.00,1843500.00,0.00,0.00,2293500.00
5215009,9193782.62,9193782.62,3534149.00,5659633.62,1069000.00,1000000.00,1150324.00,1383825.00
5215207,6378038.40,6378038.40,4689182.40,1688856.00,2106982.40,0.00,500000.00,4189182.40
5215231,98601189.54,104963043.97,71600367.00,27000822.54,39946363.00,24673325.00,9051363.00,35875679.00
5215256,8691187.91,8691187.91,6163044.91,2528143.00,4973765.91,300000.00,1000000.00,4863044.91
5215306,6824159.61,7012585.68,4355806.00,2468353.61,2193500.00,600000.00,315000.00,3440806.00
5215405,7347732.00,7347732.00,6029748.00,1317984.00,4118716.00,3616366.00,0.00,2413382.00
5215504,4964618.18,5000527.43,4526051.18,438567.00,2224220.43,0.00,1947220.43,1471049.00
5215603,13248601.34,14555151.34,7431911.00,5816690.34,2995000.00,0.00,500000.00,6931911.00
5215652,3506126.00,3506126.00,2363247.00,1142879.00,200000.00,200000.00,400000.00,1763247.00
5215702,13014064.95,13014064.95,9492421.00,3521643.95,5702500.00,6126587.00,400000.00,2165834.00
5215801,4446742.00,4446742.00,2089992.00,2356750.00,1487285.00,0.00,100000.00,1904042.00
5215900,6586996.00,6686988.22,4101665.00,2485331.00,3141494.00,0.00,500000.00,3601665.00
5216007,6358228.86,6358228.86,5124448.86,1233780.00,3596000.00,2864448.86,400000.00,1860000.00
5216304,7301823.00,7301823.00,4114959.00,3186864.00,3139051.00,0.00,500000.00,3614959.00
5216403,7633504.66,7633504.66,3043457.00,4590047.66,1840445.00,1393457.00,0.00,1650000.00
5216452,1648680.00,1648680.00,1020990.00,627690.00,350000.00,0.00,350000.00,670990.00
5216809,7171125.30,7171125.30,5890650.30,1280475.00,3882923.00,0.00,297685.00,5533244.00
5216908,4666331.31,4666331.31,3367857.31,1298474.00,2524000.00,697607.31,649000.00,2021250.00
5217104,4231714.00,7456113.40,2651752.00,1579962.00,554537.00,400000.00,1228753.00,1022999.00
5217203,10134212.61,10134212.61,5626654.00,4507558.61,3029500.00,1640000.00,1202954.00,2783700.00
5217302,10973562.00,11373562.00,8450013.00,2523549.00,5111209.00,597000.00,3968065.00,3407448.00
5217401,10669449.40,12055107.19,5579755.40,5089694.00,2226641.00,0.00,515835.00,5063920.40
5217609,83366994.26,85139245.16,56705087.26,26661907.00,29787854.26,2302543.00,6090000.00,48312544.26
5217708,9375030.00,9375030.00,7286093.00,2088937.00,3385000.00,3197215.00,1343500.00,2745378.00
5218003,24194888.27,24764819.34,11124971.00,13069917.27,2250571.00,2664100.00,4050000.00,4410871.00
5218052,7543290.00,7543290.00,4701273.00,2842017.00,1114000.00,1487306.00,1219960.00,1994007.00
5218102,5961075.00,5961075.00,5234913.00,726162.00,3235750.00,2991163.00,100000.00,2143750.00
5218300,32348958.73,32349758.73,17224198.90,15124759.83,4768500.00,5390000.00,5100000.00,6734198.90
5218391,4789337.00,4789337.00,3774437.00,1014900.00,2712682.00,1269656.00,1909781.00,595000.00
5218508,21323196.17,21327596.17,11209487.15,10113709.02,6603486.15,1450000.00,7355001.00,2404486.15
5218607,13667827.07,22196513.59,7788038.00,5879789.07,3165000.00,1095000.00,3098819.00,3594219.00
5218706,5386639.00,5386639.00,3756000.00,1630639.00,2446000.00,0.00,0.00,3756000.00
5218789,5531208.00,5531208.00,4511248.00,1019960.00,2287000.00,650000.00,0.00,3861248.00
5218805,22025540.00,29715409.53,12108989.00,9916551.00,0.00,3450000.00,5500000.00,3158989.00
5218904,15373145.36,15373145.36,10236372.80,5136772.56,5821000.00,1418412.80,1795000.00,6768350.00
5219001,7043312.00,7058381.27,4760812.00,2282500.00,1987000.00,0.00,900000.00,3860812.00
5219100,3891227.29,4235461.38,2462522.68,1428704.61,700000.00,0.00,1432712.68,1029810.00
5219209,3434672.69,3434672.69,2872812.00,561860.69,1649000.00,0.00,1250000.00,1422812.00
5219258,6210829.22,6210829.22,5158653.00,1052176.22,3375500.00,3478000.00,500000.00,1180653.00
5219308,32410939.18,32462759.18,18080448.58,14330490.60,12121191.58,1032197.00,1925460.00,15122791.58
5219357,3063000.00,3063000.00,2013000.00,1050000.00,796000.00,0.00,100000.00,1913000.00
5219407,7348708.14,7369323.14,5298708.14,2050000.00,3255085.00,1330917.14,412730.00,3555061.00
5219456,1932000.00,1932000.00,1382000.00,550000.00,1382000.00,0.00,0.00,1382000.00
5219506,4480822.00,4480822.00,4222972.00,257850.00,2891500.00,300000.00,2351500.00,1571472.00
5219605,5301512.10,5301512.10,3621287.10,1680225.00,1597000.00,587276.10,1260004.00,1774007.00
5219704,8243364.00,8243364.00,6429290.00,1814074.00,3934500.00,1395000.00,399970.00,4634320.00
5219712,10418687.00,10418687.00,6311185.00,4107502.00,4666000.00,1190000.00,300000.00,4821185.00
5219738,4430317.16,4499828.29,1597039.16,2833278.00,1239208.16,697039.16,250000.00,650000.00
5219753,40639450.51,40939173.11,29719987.51,10919463.00,12417039.51,1950174.00,3721350.00,24048463.51
5219803,13507054.00,13507054.00,6949986.00,6557068.00,5619160.00,4084010.00,0.00,2865976.00
5219902,5707419.00,5707419.00,3847400.00,1860019.00,3377400.00,1000000.00,650000.00,2197400.00
5220009,10884660.61,10884660.61,8821093.00,2063567.61,4801300.00,4788500.00,650000.00,3382593.00
5220058,3370940.00,3370940.00,2797965.00,572975.00,1471000.00,600000.00,0.00,2197965.00
5220108,24294978.35,24928922.35,11835349.50,12459628.85,7529344.50,688762.00,2153681.00,8872224.00
5220157,8627269.00,8627269.00,5865646.00,2761623.00,3705800.00,990000.00,425015.00,4450631.00
5220207,15395204.01,15395204.01,12325265.01,3069939.00,3994812.08,2250000.00,616115.00,8793776.08
5220264,3632017.00,3632017.00,2593000.00,1039017.00,1793000.00,550000.00,1546000.00,497000.00
5220280,4292567.26,4292567.26,3198283.03,1094284.23,2498283.03,0.00,200000.00,2998283.03
5220405,6169177.00,6361607.34,4364177.00,1805000.00,2500000.00,664177.00,1200000.00,2500000.00
5220454,39138175.56,41882668.96,32339065.35,6799110.21,6425244.00,13109390.14,6755947.00,12473728.21
5220504,3803249.22,3803249.22,2431430.00,1371819.22,948000.00,400000.00,0.00,1743000.00
5220603,9846977.00,11072264.07,6060902.00,3786075.00,3572250.00,1796750.00,449831.00,3814321.00
5220686,9056047.12,9056047.12,3597623.00,5458424.12,1045000.00,0.00,268823.00,2578928.00
5220702,3236951.00,3236951.00,1830095.00,1406856.00,150000.00,1055484.00,0.00,774611.00
5221007,5225700.00,5225700.00,4275700.00,950000.00,2815000.00,1683000.00,1906200.00,686500.00
5221080,11195020.61,11195020.61,7335703.00,3859317.61,3789700.00,1495000.00,2743000.00,3097703.00
5221197,9306974.00,9306974.00,7623800.00,1683174.00,4651800.00,0.00,1051209.00,6572591.00
5221304,4477281.85,4477281.85,2927545.24,1549736.61,2047779.05,319858.00,2047779.05,343632.00
5221403,17913138.73,138082940.63,11971656.12,5941482.61,5730747.12,4471108.12,300000.00,6901139.00
5221452,10580337.00,10580337.00,9804132.00,776205.00,5973533.00,6270667.00,500000.00,3033465.00
5221502,5711616.44,5711616.44,3700356.00,2011260.44,995000.00,200000.00,525356.00,2975000.00
5221551,15891271.34,15891271.34,10722611.70,5168659.64,5019000.00,6993937.70,669250.00,2859424.00
5221577,6366293.00,6366293.00,5727543.00,638750.00,4361000.00,1418380.00,1141163.00,3168000.00
5221601,41303876.32,41790079.32,27668231.00,13635645.32,8384000.00,6275000.00,3957000.00,17436231.00
5221700,17644219.00,17645177.20,15795660.00,1848559.00,10406500.00,2963998.00,1500000.00,11282492.00
5221809,3944398.51,3944598.51,3195170.51,749228.00,1421872.99,1723872.99,399999.00,1071298.52
5221858,166630368.72,171999761.92,114169738.30,52460630.42,22321772.05,15386093.00,2115035.71,85708590.59
5221908,6546205.00,6546205.00,5175300.00,1370905.00,3248300.00,0.00,1700000.00,3475300.00
5222005,9190904.61,9230162.42,7124480.90,2066423.71,3682500.00,599986.00,1982749.90,4541745.00
5222054,5225321.00,5225321.00,2605250.00,2620071.00,1386000.00,400000.00,0.00,2205250.00
5222203,6416148.85,6416148.85,4068280.00,2347868.85,2012000.00,350000.00,2068288.00,1649992.00
5222302,3605291.59,3605291.59,2866700.59,738591.00,1440000.00,250000.00,238856.59,2377844.00
5300108,0.00,37485883527.86,0.00,0.00,0.00,0.00,0.00,0.00
