cod_autor,autor,v,nome_n,id,casa,leg,partido_2023,partido_2026,n,status
1048,JOSE ANIBAL,7114867.04,JOSE ANIBAL,S878,Senado,56.0,PSDB,,1.0,ok
1063,VALDIR COLATTO,268286.1,VALDIR COLATTO,,,,,,,sem_par
1064,VILMAR ROCHA,57675.84,VILMAR ROCHA,,,,,,,sem_par
1071,CARLOS EDUARDO CADOCA,1034763.45,CARLOS EDUARDO CADOCA,,,,,,,sem_par
1074,ANDRE DE PAULA,37392890.71,ANDRE DE PAULA,74471,Câmara,56.0,PSD,,1.0,ok
1117,JOSE OTAVIO GERMANO,336285.85,JOSE OTAVIO GERMANO,,,,,,,sem_par
1124,MARIA HELENA,8038959.75,MARIA HELENA,,,,,,,sem_par
1135,JANETE CAPIBERIBE,797959.0,JANETE CAPIBERIBE,,,,,,,sem_par
1141,WLADIMIR COSTA,542727.24,WLADIMIR COSTA,,,,,,,sem_par
1142,ZE GERALDO,136462.65,ZE GERALDO,,,,,,,sem_par
1159,SARNEY FILHO,1207704.36,SARNEY FILHO,,,,,,,sem_par
1168,PAES LANDIM,4522595.02,PAES LANDIM,74319,Câmara,56.0,UNIÃO,,1.0,ok
1197,PERPETUA ALMEIDA,45987500.35,PERPETUA ALMEIDA,73943,Câmara,56.0,PCdoB,,1.0,ok
1218,GONZAGA PATRIOTA,41295822.19,GONZAGA PATRIOTA,74419,Câmara,56.0,PSB,,1.0,ok
1246,JULIO CESAR,139180348.13,JULIO CESAR,74317,Câmara,57.0,PSD,PSD,1.0,ok
1257,BENITO GAMA,5328481.28,BENITO GAMA,,,,,,,sem_par
1268,BENJAMIN MARANHAO,141218.97,BENJAMIN MARANHAO,,,,,,,sem_par
1270,JOAO CARLOS BACELAR,142658443.97,JOAO CARLOS BACELAR,141458,Câmara,57.0,PL,PL,1.0,ok
1271,LUIZ COUTO,72442090.75,LUIZ COUTO,74041,Câmara,57.0,PT,PT,1.0,ok
1277,WELLINGTON ROBERTO,146552951.25,WELLINGTON ROBERTO,74043,Câmara,57.0,PL,PSD,1.0,ok
1283,WILSON SANTIAGO,142386086.22,WILSON SANTIAGO,74044,Câmara,57.0,REPUBLICANOS,REPUBLICANOS,1.0,ok
1303,JOAO LYRA,93789.37,JOAO LYRA,,,,,,,sem_par
1308,AROLDE DE OLIVEIRA,1898195.93,AROLDE DE OLIVEIRA,S751,Senado,57.0,PSD,PSD,1.0,ok
1310,BENEDITA DA SILVA,130097736.35,BENEDITA DA SILVA,73701,Câmara,57.0,PT,PT,1.0,ok
1313,BOSCO COSTA,36950095.1,BOSCO COSTA,74052,Câmara,57.0,PSDB,PL,1.0,ok
1313,JOAO BOSCO DA COSTA,260062.5,JOAO BOSCO DA COSTA,,,,,,,sem_par
1331,ALICE PORTUGAL,138571843.75,ALICE PORTUGAL,74057,Câmara,57.0,PCdoB,PCdoB,1.0,ok
1334,MIRO TEIXEIRA,546977.73,MIRO TEIXEIRA,,,,,,,sem_par
1338,PAULO RAMOS,40571446.9,PAULO RAMOS,133968,Câmara,56.0,PDT,,1.0,ok
1339,DANIEL ALMEIDA,144165549.74,DANIEL ALMEIDA,74060,Câmara,57.0,PCdoB,PCdoB,1.0,ok
1345,SIMAO SESSIM,57619.24,SIMAO SESSIM,,,,,,,sem_par
1346,FABIO SOUTO,429000.0,FABIO SOUTO,,,,,,,sem_par
1349,AECIO NEVES,139668517.95,AECIO NEVES,74646,Câmara,57.0,PSDB,PSDB,1.0,ok
1355,JOSE CARLOS ARAUJO,2297357.39,JOSE CARLOS ARAUJO,74140,Câmara,57.0,PR,DC,1.0,ok
1362,JOSIAS GOMES,32811132.650000002,JOSIAS GOMES,74141,Câmara,57.0,PT,PT,1.0,ok
1403,LEONARDO MONTEIRO,145320460.66,LEONARDO MONTEIRO,74156,Câmara,57.0,PT,PT,1.0,ok
1405,MARIO HERINGER,134572900.58,MARIO HERINGER,74158,Câmara,57.0,PDT,PDT,1.0,ok
1407,ODAIR CUNHA,128675279.52,ODAIR CUNHA,74159,Câmara,57.0,PT,PT,1.0,ok
1408,PATRUS ANANIAS,134720103.11,PATRUS ANANIAS,74160,Câmara,57.0,PT,PT,1.0,ok
1410,ARNALDO FARIA DE SA,1027572.88,ARNALDO FARIA DE SA,,,,,,,sem_par
1411,REGINALDO LOPES,131970243.27,REGINALDO LOPES,74161,Câmara,57.0,PT,PT,1.0,ok
1413,CARLOS MANATO,323149.31999999995,CARLOS MANATO,,,,,,,sem_par
1418,NEUCIMAR FRAGA,34141731.92,NEUCIMAR FRAGA,74165,Câmara,56.0,PP,,1.0,ok
1445,GERALDO RESENDE,100894855.62,GERALDO RESENDE,74374,Câmara,57.0,PSDB,UNIÃO,1.0,ok
1451,VANDER LOUBET,119704520.74,VANDER LOUBET,74376,Câmara,57.0,PT,PT,1.0,ok
1468,CHICO ALENCAR,68206227.57,CHICO ALENCAR,74171,Câmara,57.0,PSOL,PSOL,1.0,ok
1473,DELEY,2166916.73,DELEY,,,,,,,sem_par
1478,ROBERTO BALESTRA,2382097.95,ROBERTO BALESTRA,,,,,,,sem_par
1479,AUGUSTO CARVALHO,3742753.4200000004,AUGUSTO CARVALHO,,,,,,,sem_par
1492,EDUARDO CUNHA,4342.57,EDUARDO CUNHA,,,,,,,sem_par
1504,JULIO LOPES,111855685.34,JULIO LOPES,74253,Câmara,57.0,PP,PP,1.0,ok
1508,LEONARDO PICCIANI,2558781.01,LEONARDO PICCIANI,74254,Câmara,56.0,MDB,,1.0,ok
1527,CARLOS SAMPAIO,136423026.01,CARLOS SAMPAIO,74262,Câmara,57.0,PSDB,PSD,1.0,ok
1568,GILBERTO NASCIMENTO,132022536.36,GILBERTO NASCIMENTO,74270,Câmara,57.0,PSC,PODE,1.0,ok
1581,JEFFERSON CAMPOS,129589563.8,JEFFERSON CAMPOS,74273,Câmara,57.0,PL,PL,1.0,ok
1592,FREIRE JUNIOR,741113.27,FREIRE JUNIOR,,,,,,,sem_par
1593,JOSE MENTOR,168836.52,JOSE MENTOR,,,,,,,sem_par
1599,LOBBE NETO,421242.8,LOBBE NETO,,,,,,,sem_par
1619,ATILA LINS,121118512.08,ATILA LINS,74090,Câmara,57.0,PSD,PSD,1.0,ok
1622,PAUDERNEY AVELINO,1269476.05,PAUDERNEY AVELINO,74095,Câmara,57.0,PPR,UNIÃO,1.0,ok
1646,JOSE REINALDO,717456.6699999999,JOSE REINALDO,,,,,,,sem_par
1651,DEP. ROSEANA SARNEY,37871585.0,DEP ROSEANA SARNEY,,,,,,,sem_par
1651,ROSEANA SARNEY,37220070.12,ROSEANA SARNEY,73806,Câmara,57.0,MDB,MDB,1.0,ok
1653,ARIOSTO HOLANDA,527016.78,ARIOSTO HOLANDA,,,,,,,sem_par
1690,RENILDO CALHEIROS,147349294.89,RENILDO CALHEIROS,73801,Câmara,57.0,PCdoB,PCdoB,1.0,ok
1718,JOSE CARLOS ALELUIA,1772508.49,JOSE CARLOS ALELUIA,,,,,,,sem_par
1744,NILMARIO MIRANDA,60800.0,NILMARIO MIRANDA,,,,,,,sem_par
1745,ODELMO LEAO,102400.0,ODELMO LEAO,,,,,,,sem_par
1773,JAIR BOLSONARO,33000.0,JAIR BOLSONARO,,,,,,,sem_par
1775,JANDIRA FEGHALI,97940065.34,JANDIRA FEGHALI,74848,Câmara,57.0,PCdoB,PCdoB,1.0,ok
1799,BETO MANSUR,215624.16,BETO MANSUR,,,,,,,sem_par
1808,JORGE TADEU MUDALEN,451788.45,JORGE TADEU MUDALEN,,,,,,,sem_par
1818,NELSON MARQUEZELLI,734070.15,NELSON MARQUEZELLI,,,,,,,sem_par
1846,RONALDO CAIADO,48750.0,RONALDO CAIADO,S456,Senado,56.0,DEM,,1.0,ok
1867,LUIZ CARLOS HAULY,74966330.75,LUIZ CARLOS HAULY,73778,Câmara,57.0,PP,PODE,1.0,ok
1874,REINHOLD STEPHANES,92437.64,REINHOLD STEPHANES,205865,Câmara,57.0,PSD,PL,1.0,ok
1876,RUBENS BUENO,38814059.67,RUBENS BUENO,73466,Câmara,56.0,CIDADANIA,,1.0,ok
1880,ANGELA AMIN,35872026.07,ANGELA AMIN,73696,Câmara,56.0,PP,,1.0,ok
1881,CESAR SOUZA,10726.810000000001,CESAR SOUZA,,,,,,,sem_par
1886,LUCI CHOINACKI,1460735.89,LUCI CHOINACKI,,,,,,,sem_par
1928,BONIFACIO DE ANDRADA,1767419.99,BONIFACIO DE ANDRADA,,,,,,,sem_par
1935,ATILA LIRA,41016007.61,ATILA LIRA,123086,Câmara,57.0,PP,PP,1.0,ok
1955,JOAO CAMPOS,39374123.24,JOAO CAMPOS,74366,Câmara,56.0,REPUBLICANOS,,1.0,ok
1960,RUBENS OTONI,140590961.37,RUBENS OTONI,74371,Câmara,57.0,PT,PT,1.0,ok
1961,SANDES JUNIOR,3078903.92,SANDES JUNIOR,,,,,,,sem_par
1963,ASSIS DO COUTO,467798.71,ASSIS DO COUTO,,,,,,,sem_par
1968,GIACOBO,132493490.52,GIACOBO,74383,Câmara,57.0,PL,PSD,1.0,ok
1970,TAKAYAMA,1142041.4100000001,TAKAYAMA,,,,,,,sem_par
1973,JORGE BOEIRA,878129.58,JORGE BOEIRA,,,,,,,sem_par
1983,MARIA DO ROSARIO,123549781.0,MARIA DO ROSARIO,74398,Câmara,57.0,PT,PT,1.0,ok
1984,ONYX LORENZONI,40651471.53,ONYX LORENZONI,74399,Câmara,56.0,PL,,1.0,ok
1986,PAULO PIMENTA,64181405.31,PAULO PIMENTA,74400,Câmara,57.0,PT,PT,1.0,ok
1997,VICENTINHO,128690608.35,VICENTINHO,74283,Câmara,57.0,PT,PT,1.0,ok
2018,AELTON FREITAS,37718263.72,AELTON FREITAS,141372,Câmara,56.0,PP,,1.0,ok
2021,LUCIA VANIA,6337270.63,LUCIA VANIA,,,,,,,sem_par
2023,PAULO PAIM,208321475.65,PAULO PAIM,S825,Senado,57.0,PT,PT,1.0,ok
2025,TASSO JEREISSATI,68140772.84,TASSO JEREISSATI,S3396,Senado,56.0,PSDB,,1.0,ok
2028,JOSE MARANHAO,2016577.56,JOSE MARANHAO,S3361,Senado,56.0,MDB,,1.0,ok
2029,MAGNO MALTA,156286511.39,MAGNO MALTA,S631,Senado,57.0,PL,PL,1.0,ok
2033,GARIBALDI ALVES FILHO,1475348.53,GARIBALDI ALVES FILHO,,,,,,,sem_par
2038,FLAVIO ARNS,249346777.78,FLAVIO ARNS,S345,Senado,57.0,PSB,PSB,1.0,ok
2042,DELCIDIO DO AMARAL,98620.0,DELCIDIO DO AMARAL,,,,,,,sem_par
2047,JOAO CAPIBERIBE,2712912.52,JOAO CAPIBERIBE,,,,,,,sem_par
2048,VALDIR RAUPP,4984341.29,VALDIR RAUPP,,,,,,,sem_par
2052,ALVARO DIAS,70220021.26,ALVARO DIAS,S945,Senado,56.0,PODE,,1.0,ok
2069,CRISTOVAM BUARQUE,771934.28,CRISTOVAM BUARQUE,,,,,,,sem_par
2070,GORETE PEREIRA,3169109.91,GORETE PEREIRA,129618,Câmara,57.0,PR,MDB,1.0,ok
2075,ADEMIR CAMILO,254643.12,ADEMIR CAMILO,,,,,,,sem_par
2077,MARCO MAIA,3523660.83,MARCO MAIA,133373,Câmara,56.0,PT,,1.0,ok
2083,ANDRE FIGUEIREDO,142171263.33,ANDRE FIGUEIREDO,133439,Câmara,57.0,PDT,PDT,1.0,ok
2091,FLEXA RIBEIRO,2211870.45,FLEXA RIBEIRO,,,,,,,sem_par
2098,AFONSO HAMM,139351330.42,AFONSO HAMM,136811,Câmara,57.0,PP,PP,1.0,ok
2123,JOSE AGRIPINO,2956973.03,JOSE AGRIPINO,,,,,,,sem_par
2127,RAIMUNDO LIRA,2673255.26,RAIMUNDO LIRA,,,,,,,sem_par
2152,BETO FARO,42822390.91,BETO FARO,S4639,Senado,57.0,PT,PT,1.0,ok
2170,DAGOBERTO,277267.01,DAGOBERTO,,,,,,,sem_par
2170,DAGOBERTO NOGUEIRA,129016693.14,DAGOBERTO NOGUEIRA,141411,Câmara,57.0,PSDB,PP,1.0,ok
2172,JOSE FOGACA,201352.7,JOSE FOGACA,,,,,,,sem_par
2183,DUARTE NOGUEIRA,7835.89,DUARTE NOGUEIRA,,,,,,,sem_par
2210,ESPERIDIAO AMIN,218151545.71,ESPERIDIAO AMIN,S22,Senado,57.0,PP,PP,1.0,ok
2215,BILAC PINTO,40542000.19,BILAC PINTO,141513,Câmara,56.0,UNIÃO,,1.0,ok
2246,ANTONIO CARLOS VALADARES,464351.46,ANTONIO CARLOS VALADARES,,,,,,,sem_par
2254,EDISON LOBAO,460952.38,EDISON LOBAO,,,,,,,sem_par
2263,JADER BARBALHO,271119166.33,JADER BARBALHO,S35,Senado,57.0,MDB,MDB,1.0,ok
2281,ROBERTO REQUIAO,140465.68,ROBERTO REQUIAO,,,,,,,sem_par
2282,ROMERO JUCA,1935281.0,ROMERO JUCA,,,,,,,sem_par
2289,RENAN CALHEIROS,262919199.8,RENAN CALHEIROS,S70,Senado,57.0,MDB,MDB,1.0,ok
2295,JOSE SERRA,63863395.71,JOSE SERRA,S90,Senado,56.0,PSDB,,1.0,ok
2324,JOAO ALBERTO SOUZA,1428898.75,JOAO ALBERTO SOUZA,,,,,,,sem_par
2331,MARIA DO CARMO ALVES,67748229.09,MARIA DO CARMO ALVES,S1023,Senado,56.0,PP,,1.0,ok
2340,BLAIRO MAGGI,128312.1,BLAIRO MAGGI,,,,,,,sem_par
2355,SILVIO COSTA,1678369.17,SILVIO COSTA,S4768,Senado,57.0,AVANTE,AVANTE,1.0,ok
2356,ARNALDO JARDIM,133624423.27,ARNALDO JARDIM,141391,Câmara,57.0,CIDADANIA,CIDADANIA,1.0,ok
2359,KATIA ABREU,11174156.91,KATIA ABREU,S1249,Senado,56.0,PP,,1.0,ok
2363,IZALCI LUCAS,359804.0,IZALCI LUCAS,S4770,Senado,57.0,PSDB,PL,1.0,ok
2365,MIGUEL CORREA,4371.02,MIGUEL CORREA,,,,,,,sem_par
2366,VANDERLEI MACRIS,40306211.36,VANDERLEI MACRIS,141553,Câmara,56.0,PSDB,,1.0,ok
2367,MANOEL JUNIOR,592356.5599999999,MANOEL JUNIOR,,,,,,,sem_par
2368,FABIO RAMALHO,39222688.83,FABIO RAMALHO,141427,Câmara,56.0,MDB,,1.0,ok
2370,EDIO LOPES,33892947.42,EDIO LOPES,141417,Câmara,56.0,PL,,1.0,ok
2376,JAYME CAMPOS,241002286.47,JAYME CAMPOS,S4531,Senado,57.0,UNIÃO,UNIÃO,1.0,ok
2377,CICERO LUCENA,875385.0,CICERO LUCENA,,,,,,,sem_par
2378,JOAO VICENTE CLAUDINO,394530.53,JOAO VICENTE CLAUDINO,,,,,,,sem_par
2384,MAURO MARIANI,82606.48999999999,MAURO MARIANI,,,,,,,sem_par
2385,LUCIO VALE,2975.0,LUCIO VALE,,,,,,,sem_par
2388,CLEBER VERDE,145867183.51,CLEBER VERDE,141408,Câmara,57.0,REPUBLICANOS,MDB,1.0,ok
2389,EUDES XAVIER,1701954.15,EUDES XAVIER,,,,,,,sem_par
2392,FERNANDO COELHO FILHO,126228369.72,FERNANDO COELHO FILHO,141431,Câmara,57.0,UNIÃO,UNIÃO,1.0,ok
2397,HUGO LEAL,132580270.9,HUGO LEAL,141450,Câmara,57.0,PSD,PSD,1.0,ok
2399,ALFREDO KAEFER,827651.3,ALFREDO KAEFER,,,,,,,sem_par
2400,PEPE VARGAS,1379565.9,PEPE VARGAS,,,,,,,sem_par
2407,LUIZ CARLOS BUSATO,89025073.16,LUIZ CARLOS BUSATO,141485,Câmara,57.0,UNIÃO,UNIÃO,1.0,ok
2409,FABIO FARIA,4316818.51,FABIO FARIA,141428,Câmara,56.0,PP,,1.0,ok
2418,SABINO CASTELO BRANCO,1136622.8,SABINO CASTELO BRANCO,,,,,,,sem_par
2420,LINDOMAR GARCON,3355984.98,LINDOMAR GARCON,,,,,,,sem_par
2421,MAURO NAZIF,37671954.37,MAURO NAZIF,141508,Câmara,56.0,PSB,,1.0,ok
2424,FLAVIANO MELO,36871420.61,FLAVIANO MELO,141434,Câmara,56.0,MDB,,1.0,ok
2429,LAZARO BOTELHO,38694959.63,LAZARO BOTELHO,141480,Câmara,57.0,PP,PP,1.0,ok
2429,"TIAGO DIMAS (EX-PARLAMENTAR LAZARO BOTELHO, NOS TERMOS ART. 78 LDO 2025 E DA MENSAGEM 95-CN, DE 06.11.25)",35438657.35,TIAGO DIMAS EX PARLAMENTAR LAZARO BOTELHO NOS TERMOS ART LDO E DA MENSAGEM CN DE,,,,,,,sem_par
2435,WALDIR MARANHAO,1930617.34,WALDIR MARANHAO,,,,,,,sem_par
2436,JULIAO AMIN,12324.86,JULIAO AMIN,,,,,,,sem_par
2437,CHICO LOPES,1670080.45,CHICO LOPES,,,,,,,sem_par
2441,JOSE AIRTON CIRILO,548964.34,JOSE AIRTON CIRILO,,,,,,,sem_par
2441,JOSE AIRTON FELIX CIRILO,136856413.57,JOSE AIRTON FELIX CIRILO,141464,Câmara,57.0,PT,PT,1.0,ok
2442,JOSE GUIMARAES,134077371.45,JOSE GUIMARAES,141470,Câmara,57.0,PT,PT,1.0,ok
2446,JOAO MAIA,142795763.96,JOAO MAIA,141459,Câmara,57.0,PL,PP,1.0,ok
2447,ROGERIO MARINHO,916853.53,ROGERIO MARINHO,S4694,Senado,57.0,PL,PL,1.0,ok
2448,FELIPE MAIA,2620168.13,FELIPE MAIA,,,,,,,sem_par
2449,EFRAIM FILHO,42476536.4,EFRAIM FILHO,S4642,Senado,57.0,UNIÃO,PL,1.0,ok
2450,ROMULO GOUVEIA,462117.24,ROMULO GOUVEIA,,,,,,,sem_par
2453,BRUNO ARAUJO,1172676.51,BRUNO ARAUJO,,,,,,,sem_par
2456,EDUARDO DA FONTE,151303732.54,EDUARDO DA FONTE,141421,Câmara,57.0,PP,PP,1.0,ok
2457,RAUL HENRY,30941007.25,RAUL HENRY,141523,Câmara,56.0,MDB,,1.0,ok
2462,VALADARES FILHO,365420.44,VALADARES FILHO,,,,,,,sem_par
2468,LIDICE DA MATA,121428853.18,LIDICE DA MATA,139285,Câmara,57.0,PSB,PSB,1.0,ok
2470,ROBERTO BRITTO,1998964.17,ROBERTO BRITTO,,,,,,,sem_par
2471,SERGIO BRITO,134329405.35,SERGIO BRITO,73808,Câmara,57.0,PSD,PSD,1.0,ok
2477,GEORGE HILTON,382867.37,GEORGE HILTON,,,,,,,sem_par
2478,JO MORAES,1700244.8,JO MORAES,,,,,,,sem_par
2481,LEONARDO QUINTAO,11281.25,LEONARDO QUINTAO,,,,,,,sem_par
2482,LUIZ FERNANDO FARIA,92458079.06,LUIZ FERNANDO FARIA,141487,Câmara,57.0,PSD,UNIÃO,1.0,ok
2483,MARCOS MONTES,77284.54000000001,MARCOS MONTES,,,,,,,sem_par
2487,PAULO ABI-ACKEL,139114960.65,PAULO ABI ACKEL,141516,Câmara,57.0,PSDB,PSDB,1.0,ok
2488,RODRIGO DE CASTRO,130444236.1,RODRIGO DE CASTRO,141531,Câmara,57.0,UNIÃO,UNIÃO,1.0,ok
2491,LELO COIMBRA,1159665.75,LELO COIMBRA,,,,,,,sem_par
2497,CHICO D'ANGELO,30046523.54,CHICO D ANGELO,141439,Câmara,56.0,PDT,,1.0,ok
2497,CHICO DANGELO,8014533.95,CHICO DANGELO,,,,,,,sem_par
2502,FELIPE BORNIER,7067.52,FELIPE BORNIER,,,,,,,sem_par
2505,INDIO DA COSTA,386043.52999999997,INDIO DA COSTA,,,,,,,sem_par
2510,OTAVIO LEITE,920055.7200000001,OTAVIO LEITE,141515,Câmara,56.0,PSDB,,1.0,ok
2517,VINICIUS CARVALHO,132607359.2,VINICIUS CARVALHO,141555,Câmara,57.0,REPUBLICANOS,PL,1.0,ok
2519,ANTONIO BULHOES,495077.72,ANTONIO BULHOES,,,,,,,sem_par
2520,CARLOS ZARATTINI,142488105.64,CARLOS ZARATTINI,141398,Câmara,57.0,PT,PT,1.0,ok
2527,GUILHERME CAMPOS,42565.56,GUILHERME CAMPOS,,,,,,,sem_par
2528,JILMAR TATTO,99543811.64,JILMAR TATTO,141456,Câmara,57.0,PT,PT,1.0,ok
2531,PAULO MALUF,7680.4,PAULO MALUF,,,,,,,sem_par
2532,PAULINHO DA FORCA,122631567.77,PAULINHO DA FORCA,141518,Câmara,57.0,PDT,SOLIDARIEDADE,1.0,ok
2532,PAULO PEREIRA DA SILVA,12346782.08,PAULO PEREIRA DA SILVA,141518,Câmara,56.0,SOLIDARIEDADE,,1.0,ok
2534,PAULO TEIXEIRA,36354935.56,PAULO TEIXEIRA,141488,Câmara,57.0,PT,PT,1.0,ok
2538,RICARDO TRIPOLI,354207.76,RICARDO TRIPOLI,,,,,,,sem_par
2539,ROBERTO SANTIAGO,495843.11,ROBERTO SANTIAGO,,,,,,,sem_par
2541,CANDIDO VACCAREZZA,246550.0,CANDIDO VACCAREZZA,,,,,,,sem_par
2545,WALTER IHOSHI,193975.0,WALTER IHOSHI,,,,,,,sem_par
2547,CARLOS BEZERRA,39069547.11,CARLOS BEZERRA,141401,Câmara,56.0,MDB,,1.0,ok
2550,VALTENIR PEREIRA,2703109.0,VALTENIR PEREIRA,141552,Câmara,56.0,MDB,,1.0,ok
2551,LAERTE BESSA,7314399.13,LAERTE BESSA,141478,Câmara,56.0,PL,,1.0,ok
2553,RODRIGO ROLLEMBERG,19973680.96,RODRIGO ROLLEMBERG,141533,Câmara,57.0,PSB,PSB,1.0,ok
2565,RENATO MOLLING,461081.48,RENATO MOLLING,,,,,,,sem_par
2566,SERGIO MORAES,35776.0,SERGIO MORAES,,,,,,,sem_par
2569,CELSO MALDANER,37309174.3,CELSO MALDANER,141405,Câmara,56.0,MDB,,1.0,ok
2570,DECIO LIMA,2179451.77,DECIO LIMA,,,,,,,sem_par
2573,JARBAS VASCONCELOS,65995679.46,JARBAS VASCONCELOS,S4545,Senado,57.0,MDB,MDB,1.0,ok
2579,FERNANDO AFFONSO COLLOR DE MELLO,2067042.42,FERNANDO AFFONSO COLLOR DE MELLO,,,,,,,sem_par
2579,FERNANDO COLLOR,59240007.69,FERNANDO COLLOR,S4525,Senado,56.0,PTB,,1.0,ok
2586,NERI GELLER,35253875.3,NERI GELLER,146307,Câmara,56.0,PP,,1.0,ok
2597,MAJOR FABIO,596800.0,MAJOR FABIO,,,,,,,sem_par
2601,MARCIO MARINHO,133022855.86,MARCIO MARINHO,150418,Câmara,57.0,REPUBLICANOS,REPUBLICANOS,1.0,ok
2608,LAERCIO OLIVEIRA,41588160.910000004,LAERCIO OLIVEIRA,S4811,Senado,57.0,PP,PP,1.0,ok
2611,MAINHA,825343.47,MAINHA,,,,,,,sem_par
2614,ZE VIEIRA,406020.16,ZE VIEIRA,,,,,,,sem_par
2615,ROBERTO ALVES,45943116.92,ROBERTO ALVES,152610,Câmara,56.0,REPUBLICANOS,,1.0,ok
2616,GLAUBER BRAGA,77909875.33,GLAUBER BRAGA,152605,Câmara,57.0,PSOL,PSOL,1.0,ok
2620,MILTON VIEIRA,36188232.0,MILTON VIEIRA,154178,Câmara,57.0,REPUBLICANOS,REPUBLICANOS,1.0,ok
2633,ACIR GURGACZ,71299719.65,ACIR GURGACZ,S4981,Senado,56.0,PDT,,1.0,ok
2661,JOSE HUMBERTO,81600.0,JOSE HUMBERTO,,,,,,,sem_par
2662,ROGERIO ROSSO,270444.75,ROGERIO ROSSO,,,,,,,sem_par
2670,JHONATAN DE JESUS,43687051.65,JHONATAN DE JESUS,160531,Câmara,57.0,REPUBLICANOS,REPUBLICANOS,1.0,ok
2674,LUIZ CARLOS,26013872.98,LUIZ CARLOS,160645,Câmara,56.0,PSDB,,1.0,ok
2675,PROFESSORA MARCIVANIA,74229733.56,PROFESSORA MARCIVANIA,160641,Câmara,57.0,PT,PCdoB,1.0,ok
2676,VINICIUS GURGEL,90496766.99,VINICIUS GURGEL,160591,Câmara,57.0,PL,PL,1.0,ok
2678,ARNALDO JORDY,399871.25,ARNALDO JORDY,,,,,,,sem_par
2686,ANTONIA LUCIA,84382335.58,ANTONIA LUCIA,123756,Câmara,57.0,REPUBLICANOS,MDB,1.0,ok
2690,CESAR HALUM,1345223.57,CESAR HALUM,,,,,,,sem_par
2691,IRAJA ABREU,364036.75,IRAJA ABREU,,,,,,,sem_par
2693,PROFESSORA DORINHA SEABRA REZENDE,44536652.31,PROFESSORA DORINHA SEABRA REZENDE,160639,Câmara,56.0,UNIÃO,,1.0,ok
2694,ALBERTO FILHO,555500.0,ALBERTO FILHO,,,,,,,sem_par
2700,DANILO FORTE,132649925.64,DANILO FORTE,62881,Câmara,57.0,UNIÃO,PP,1.0,ok
2701,DOMINGOS NETO,154717116.72,DOMINGOS NETO,143632,Câmara,57.0,PSD,PSD,1.0,ok
2702,GENECIAS NORONHA,37369767.879999995,GENECIAS NORONHA,160669,Câmara,56.0,PL,,1.0,ok
2703,JOAO ANANIAS,36093.86,JOAO ANANIAS,,,,,,,sem_par
2705,ASSIS CARVALHO,1577848.0,ASSIS CARVALHO,159237,Câmara,56.0,PT,,1.0,ok
2706,HUGO NAPOLEAO,138792.06,HUGO NAPOLEAO,,,,,,,sem_par
2707,IRACEMA PORTELLA,38964010.08,IRACEMA PORTELLA,67138,Câmara,56.0,PP,,1.0,ok
2711,AGUINALDO RIBEIRO,144201753.28,AGUINALDO RIBEIRO,160527,Câmara,57.0,PP,PP,1.0,ok
2712,HUGO MOTTA,149004055.58,HUGO MOTTA,160674,Câmara,57.0,REPUBLICANOS,REPUBLICANOS,1.0,ok
2713,NILDA GONDIM,81600.0,NILDA GONDIM,S5281,Senado,56.0,MDB,,1.0,ok
2714,ROMERO RODRIGUES,105629967.44,ROMERO RODRIGUES,160629,Câmara,57.0,PSC,PODE,1.0,ok
2715,RUY CARNEIRO,122629420.72,RUY CARNEIRO,160635,Câmara,57.0,PSC,PODE,1.0,ok
2716,WILSON FILHO,1572773.96,WILSON FILHO,,,,,,,sem_par
2717,ANDERSON FERREIRA,855104.6699999999,ANDERSON FERREIRA,,,,,,,sem_par
2718,AUGUSTO COUTINHO,141885446.47,AUGUSTO COUTINHO,160665,Câmara,57.0,REPUBLICANOS,REPUBLICANOS,1.0,ok
2719,DANILO CABRAL,36785114.3,DANILO CABRAL,160528,Câmara,56.0,PSB,,1.0,ok
2721,JORGE CORTE REAL,3255335.75,JORGE CORTE REAL,,,,,,,sem_par
2723,LUCIANA SANTOS,3130055.6,LUCIANA SANTOS,,,,,,,sem_par
2724,PASTOR EURICO,139176077.74,PASTOR EURICO,160642,Câmara,57.0,PL,PSDB,1.0,ok
2726,ARTHUR LIRA,134227869.96,ARTHUR LIRA,160541,Câmara,57.0,PP,PP,1.0,ok
2729,ROSINHA DA ADEFAL,930368.48,ROSINHA DA ADEFAL,,,,,,,sem_par
2732,ANDRE MOURA,1119116.81,ANDRE MOURA,,,,,,,sem_par
2733,MARCIO MACEDO,26593193.14,MARCIO MACEDO,160542,Câmara,56.0,PT,,1.0,ok
2737,ANTONIO BRITO,145386381.15,ANTONIO BRITO,160553,Câmara,57.0,PSD,PSD,1.0,ok
2738,ANTONIO IMBASSAHY,2678898.81,ANTONIO IMBASSAHY,,,,,,,sem_par
2739,ARTHUR OLIVEIRA MAIA,113092778.26,ARTHUR OLIVEIRA MAIA,160600,Câmara,57.0,UNIÃO,UNIÃO,1.0,ok
2741,ERIVELTON SANTANA,514070.39,ERIVELTON SANTANA,,,,,,,sem_par
2742,FELIX MENDONCA JUNIOR,137371934.78,FELIX MENDONCA JUNIOR,160666,Câmara,57.0,PDT,PDT,1.0,ok
2743,FERNANDO TORRES,1155059.68,FERNANDO TORRES,,,,,,,sem_par
2745,JOSE NUNES,38666672.13,JOSE NUNES,160619,Câmara,56.0,PSD,,1.0,ok
2746,LUCIO VIEIRA LIMA,660103.3200000001,LUCIO VIEIRA LIMA,,,,,,,sem_par
2750,VALMIR ASSUNCAO,147444239.46,VALMIR ASSUNCAO,160610,Câmara,57.0,PT,PT,1.0,ok
2751,WALDENOR PEREIRA,141792037.93,WALDENOR PEREIRA,160569,Câmara,57.0,PT,PT,1.0,ok
2754,DIEGO ANDRADE,137380722.97,DIEGO ANDRADE,160588,Câmara,57.0,PSD,PSD,1.0,ok
2755,DIMAS FABIANO,132584080.79,DIMAS FABIANO,160599,Câmara,57.0,PP,PP,1.0,ok
2756,DOMINGOS SAVIO,131769134.26,DOMINGOS SAVIO,160758,Câmara,57.0,PL,PL,1.0,ok
2759,EROS BIONDINI,128706478.12,EROS BIONDINI,160640,Câmara,57.0,PL,PL,1.0,ok
2760,GABRIEL GUIMARAES,381974.18,GABRIEL GUIMARAES,,,,,,,sem_par
2762,LUIS TIBE,141383316.28,LUIS TIBE,160510,Câmara,57.0,AVANTE,AVANTE,1.0,ok
2763,MARCUS PESTANA,1399.38,MARCUS PESTANA,,,,,,,sem_par
2764,PADRE JOAO,123571662.89,PADRE JOAO,160556,Câmara,57.0,PT,PT,1.0,ok
2765,RENZO BRAZ,278289.02,RENZO BRAZ,S5257,Senado,57.0,PP,PP,1.0,ok
2766,TONINHO PINHEIRO,906378.8,TONINHO PINHEIRO,,,,,,,sem_par
2768,WELITON PRADO,125419370.7,WELITON PRADO,160518,Câmara,57.0,PROS,PSD,1.0,ok
2769,ZE SILVA,130831689.27,ZE SILVA,160632,Câmara,57.0,SOLIDARIEDADE,UNIÃO,1.0,ok
2772,DR. JORGE SILVA,1998438.92,DR JORGE SILVA,,,,,,,sem_par
2773,LAURIETE,27249047.64,LAURIETE,160534,Câmara,56.0,PSC,,1.0,ok
2774,PAULO FOLETTO,32467347.66,PAULO FOLETTO,160517,Câmara,57.0,PSB,PSB,1.0,ok
2774,PAULO FOLLETTO,105432431.97,PAULO FOLLETTO,160517,Câmara,57.0,PSB,PSB,1.0,ok
2776,ALESSANDRO MOLON,39069691.339999996,ALESSANDRO MOLON,160511,Câmara,56.0,PSB,,1.0,ok
2778,AUREO,1348519.3,AUREO,160512,Câmara,56.0,SOLIDARIEDADE,,1.0,ok
2778,AUREO RIBEIRO,141853304.17,AUREO RIBEIRO,160512,Câmara,57.0,SOLIDARIEDADE,SOLIDARIEDADE,1.0,ok
2784,JEAN WYLLYS,243400.0,JEAN WYLLYS,,,,,,,sem_par
2785,LILIAM SA,154806.49,LILIAM SA,,,,,,,sem_par
2786,MARCELO MATOS,142057.9,MARCELO MATOS,,,,,,,sem_par
2787,PEDRO PAULO,136223357.19,PEDRO PAULO,122158,Câmara,57.0,PSD,PSD,1.0,ok
2789,SERGIO ZVEITER,1064050.05,SERGIO ZVEITER,,,,,,,sem_par
2792,VITOR PAULO,503720.0,VITOR PAULO,,,,,,,sem_par
2793,WALNEY ROCHA,1785955.01,WALNEY ROCHA,,,,,,,sem_par
2795,ZOINHO,2148874.04,ZOINHO,,,,,,,sem_par
2796,ALEXANDRE LEITE,103661773.53,ALEXANDRE LEITE,160545,Câmara,57.0,UNIÃO,UNIÃO,1.0,ok
2797,BRUNA FURLAN,41721370.35,BRUNA FURLAN,160589,Câmara,56.0,PSDB,,1.0,ok
2799,ELI CORREA FILHO,35012604.14,ELI CORREA FILHO,160532,Câmara,56.0,UNIÃO,,1.0,ok
2801,GUILHERME MUSSI,37913135.78,GUILHERME MUSSI,160667,Câmara,56.0,PP,,1.0,ok
2802,JONAS DONIZETTE,106872530.76,JONAS DONIZETTE,160548,Câmara,57.0,PSB,PSB,1.0,ok
2804,JUNJI ABE,1177662.84,JUNJI ABE,,,,,,,sem_par
2805,KEIKO OTA,291054.91,KEIKO OTA,,,,,,,sem_par
2807,MARA GABRILLI,1299579.8900000001,MARA GABRILLI,S5376,Senado,57.0,PSD,PSD,1.0,ok
2808,MARCELO AGUIAR,337876.44,MARCELO AGUIAR,,,,,,,sem_par
2809,MISSIONARIO JOSE OLIMPIO,1468308.7,MISSIONARIO JOSE OLIMPIO,160561,Câmara,57.0,PP,PL,1.0,ok
2812,PR. MARCO FELICIANO,132854639.58,PR MARCO FELICIANO,160601,Câmara,57.0,PL,PL,1.0,ok
2813,PAULO FREIRE,109593.61,PAULO FREIRE,,,,,,,sem_par
2813,PAULO FREIRE COSTA,118576447.93,PAULO FREIRE COSTA,160558,Câmara,57.0,PL,PL,1.0,ok
2814,PENNA,1799852.23,PENNA,,,,,,,sem_par
2815,RICARDO IZAR,36942095.23,RICARDO IZAR,160655,Câmara,56.0,REPUBLICANOS,,1.0,ok
2816,ROBERTO DE LUCENA,44957796.19,ROBERTO DE LUCENA,160653,Câmara,56.0,REPUBLICANOS,,1.0,ok
2818,TIRIRICA,114208157.5,TIRIRICA,160976,Câmara,57.0,PL,PSD,1.0,ok
2820,VICENTE CANDIDO,921502.84,VICENTE CANDIDO,,,,,,,sem_par
2825,SAGUAS MORAES,1329501.7,SAGUAS MORAES,,,,,,,sem_par
2826,ERIKA KOKAY,131183802.92,ERIKA KOKAY,160575,Câmara,57.0,PT,PT,1.0,ok
2831,RONALDO FONSECA,209187.03,RONALDO FONSECA,,,,,,,sem_par
2833,FLAVIA MORAIS,136913829.74,FLAVIA MORAIS,160598,Câmara,57.0,PDT,MDB,1.0,ok
2834,HEULER CRUVINEL,1240010.21,HEULER CRUVINEL,,,,,,,sem_par
2835,THIAGO PEIXOTO,216276.19,THIAGO PEIXOTO,,,,,,,sem_par
2836,FABIO TRAD,44438385.55,FABIO TRAD,160587,Câmara,56.0,PSD,,1.0,ok
2838,MANDETTA,1199069.86,MANDETTA,,,,,,,sem_par
2841,EDMAR ARRUDA,1018907.86,EDMAR ARRUDA,,,,,,,sem_par
2842,DELEGADO FRANCISCHINI,912002.34,DELEGADO FRANCISCHINI,,,,,,,sem_par
2843,JOAO ARRUDA,1755211.8900000001,JOAO ARRUDA,,,,,,,sem_par
2844,LEOPOLDO MEYER,70955.8,LEOPOLDO MEYER,,,,,,,sem_par
2845,NELSON PADOVANI,1506245.69,NELSON PADOVANI,,,,,,,sem_par
2847,SANDRO ALEX,132082981.32,SANDRO ALEX,160621,Câmara,57.0,PSD,PSD,1.0,ok
2849,ZECA DIRCEU,133864243.05,ZECA DIRCEU,160592,Câmara,57.0,PT,PT,1.0,ok
2850,ESPERIDIAO AMIN,5031.25,ESPERIDIAO AMIN,S22,Senado,57.0,PP,PP,1.0,ok
2851,JOAO RODRIGUES,205294.59,JOAO RODRIGUES,,,,,,,sem_par
2852,JORGINHO MELLO,221016.36,JORGINHO MELLO,S5350,Senado,57.0,PL,PL,1.0,ok
2853,MARCO TEBALDI,1105646.57,MARCO TEBALDI,,,,,,,sem_par
2855,PEDRO UCZAI,131469973.85,PEDRO UCZAI,160604,Câmara,57.0,PT,PT,1.0,ok
2856,ROGERIO PENINHA MENDONCA,37457821.74,ROGERIO PENINHA MENDONCA,160651,Câmara,56.0,MDB,,1.0,ok
2857,RONALDO BENEDET,36772.38,RONALDO BENEDET,,,,,,,sem_par
2858,ALCEU MOREIRA,132448527.67,ALCEU MOREIRA,160559,Câmara,57.0,MDB,MDB,1.0,ok
2861,DANRLEI DE DEUS HINTERHOLZ,135875458.41,DANRLEI DE DEUS HINTERHOLZ,160552,Câmara,57.0,PSD,PSD,1.0,ok
2862,BOHN GASS,130075944.41,BOHN GASS,160538,Câmara,57.0,PT,PT,1.0,ok
2863,GIOVANI CHERINI,131650631.08,GIOVANI CHERINI,160673,Câmara,57.0,PL,PL,1.0,ok
2864,JERONIMO GOERGEN,36850778.55,JERONIMO GOERGEN,160570,Câmara,56.0,PP,,1.0,ok
2865,JOSE STEDILE,2888598.71,JOSE STEDILE,,,,,,,sem_par
2867,MARCON,143966469.58,MARCON,160535,Câmara,57.0,PT,PT,1.0,ok
2868,NELSON MARCHEZAN JUNIOR,249555.88,NELSON MARCHEZAN JUNIOR,,,,,,,sem_par
2871,AFONSO FLORENCE,140699044.77,AFONSO FLORENCE,160508,Câmara,57.0,PT,PT,1.0,ok
2873,MAURICIO DZIEDRICKI,44298798.339999996,MAURICIO DZIEDRICKI,75431,Câmara,56.0,PODE,,1.0,ok
2874,LUIZ NISHIMORI,137646723.57,LUIZ NISHIMORI,162332,Câmara,57.0,PSD,PSD,1.0,ok
2875,RODRIGO GARCIA,1741625.71,RODRIGO GARCIA,,,,,,,sem_par
2879,LIDICE DA MATA,965612.63,LIDICE DA MATA,139285,Câmara,57.0,PSB,PSB,1.0,ok
2880,WALTER PINHEIRO,3595635.64,WALTER PINHEIRO,,,,,,,sem_par
2881,LINDBERGH FARIAS,2747800.0,LINDBERGH FARIAS,74858,Câmara,57.0,PT,PT,1.0,ok
2884,ARMANDO MONTEIRO,2331124.62,ARMANDO MONTEIRO,,,,,,,sem_par
2885,HUMBERTO COSTA,234290164.9,HUMBERTO COSTA,S5008,Senado,57.0,PT,PT,1.0,ok
2887,MARTA SUPLICY,14750.0,MARTA SUPLICY,,,,,,,sem_par
2889,AECIO NEVES,32153.870000000003,AECIO NEVES,74646,Câmara,57.0,PSDB,PSDB,1.0,ok
2893,ANA AMELIA,3720.0,ANA AMELIA,,,,,,,sem_par
2894,EUNICIO OLIVEIRA,2256333.85,EUNICIO OLIVEIRA,74454,Câmara,57.0,MDB,MDB,1.0,ok
2895,JOSE PIMENTEL,1810100.94,JOSE PIMENTEL,,,,,,,sem_par
2896,VITAL DO REGO,81600.0,VITAL DO REGO,,,,,,,sem_par
2899,RICARDO FERRACO,37388.97,RICARDO FERRACO,,,,,,,sem_par
2900,CIRO NOGUEIRA,201466272.94,CIRO NOGUEIRA,S739,Senado,57.0,PP,PP,1.0,ok
2905,LUIZ HENRIQUE,326400.0,LUIZ HENRIQUE,,,,,,,sem_par
2906,PAULO BAUER,552466.36,PAULO BAUER,,,,,,,sem_par
2907,BENEDITO DE LIRA,798659.3,BENEDITO DE LIRA,,,,,,,sem_par
2908,EDUARDO AMORIM,3361130.72,EDUARDO AMORIM,,,,,,,sem_par
2909,EDUARDO BRAGA,274368699.17,EDUARDO BRAGA,S4994,Senado,57.0,MDB,MDB,1.0,ok
2910,VANESSA GRAZZIOTIN,435391.06,VANESSA GRAZZIOTIN,,,,,,,sem_par
2911,GLEISI HOFFMANN,1489933.47,GLEISI HOFFMANN,107283,Câmara,57.0,PT,PT,1.0,ok
2912,ANIBAL DINIZ,317008.18,ANIBAL DINIZ,,,,,,,sem_par
2913,JORGE VIANA,1192115.69,JORGE VIANA,,,,,,,sem_par
2914,SERGIO PETECAO,236460274.51,SERGIO PETECAO,S4560,Senado,57.0,PSD,PSD,1.0,ok
2915,WALDEMIR MOKA,4672068.67,WALDEMIR MOKA,,,,,,,sem_par
2917,IVO CASSOL,780995.0,IVO CASSOL,,,,,,,sem_par
2918,VICENTINHO ALVES,1297401.02,VICENTINHO ALVES,,,,,,,sem_par
2919,RANDOLFE RODRIGUES,207431991.79,RANDOLFE RODRIGUES,S5012,Senado,57.0,REDE,PT,1.0,ok
2920,ANGELA PORTELA,6548660.06,ANGELA PORTELA,,,,,,,sem_par
2922,RONALDO NOGUEIRA,1126030.45,RONALDO NOGUEIRA,163321,Câmara,57.0,PTB,REPUBLICANOS,1.0,ok
2923,FERNANDO JORDAO,40000.0,FERNANDO JORDAO,,,,,,,sem_par
2924,STEFANO AGUIAR,129574668.04,STEFANO AGUIAR,92776,Câmara,57.0,PSD,PSD,1.0,ok
2925,CARMEN ZANOTTO,74935083.85,CARMEN ZANOTTO,164360,Câmara,57.0,CIDADANIA,CIDADANIA,1.0,ok
2925,"GEOVANIA DE SA (EX-PARLAMENTAR CARMEN ZANOTTO, NOS TERMOS ART. 78 LDO 2025 E DA MENSAGEM 95-CN, DE 06.11.25)",32210758.35,GEOVANIA DE SA EX PARLAMENTAR CARMEN ZANOTTO NOS TERMOS ART LDO E DA MENSAGEM CN DE,,,,,,,sem_par
2927,DELEGADO WALDIR,41786308.82,DELEGADO WALDIR,164359,Câmara,56.0,UNIÃO,,1.0,ok
2931,ATAIDES OLIVEIRA,1944106.19,ATAIDES OLIVEIRA,,,,,,,sem_par
2935,MAGDA MOFATTO,130847611.28,MAGDA MOFATTO,166402,Câmara,57.0,PL,PL,1.0,ok
2936,NILSON LEITAO,344828.43,NILSON LEITAO,,,,,,,sem_par
2938,ZEZE PERRELLA,1588369.16,ZEZE PERRELLA,,,,,,,sem_par
2942,WEVERTON ROCHA,826238.04,WEVERTON ROCHA,,,,,,,sem_par
2946,CASSIO CUNHA LIMA,2638463.9,CASSIO CUNHA LIMA,,,,,,,sem_par
2947,MARCOS ROGERIO,1679962.4,MARCOS ROGERIO,S5422,Senado,57.0,PL,PL,1.0,ok
2955,EDUARDO LOPES,781760.0,EDUARDO LOPES,,,,,,,sem_par
2960,PAULO MARINHO JR,37866781.86,PAULO MARINHO JR,128760,Câmara,57.0,PMDB,PL,1.0,ok
2968,CIDINHO SANTOS,1111781.47,CIDINHO SANTOS,,,,,,,sem_par
2969,WILDER MORAIS,152167830.76,WILDER MORAIS,S5070,Senado,57.0,PL,PL,1.0,ok
2973,PAULAO,134737330.77,PAULAO,171617,Câmara,57.0,PT,PT,1.0,ok
2975,MARGARIDA SALOMAO,4998804.2,MARGARIDA SALOMAO,171619,Câmara,56.0,PT,,1.0,ok
2976,RENATO ANDRADE,591644.15,RENATO ANDRADE,,,,,,,sem_par
2979,FABIO REIS,131075739.23,FABIO REIS,171623,Câmara,57.0,PSD,PSD,1.0,ok
2980,ERON BEZERRA,1227464.0,ERON BEZERRA,,,,,,,sem_par
2994,SUBTENENTE GONZAGA,43497468.4,SUBTENENTE GONZAGA,177282,Câmara,56.0,PSD,,1.0,ok
3020,AFONSO MOTTA,129142803.2,AFONSO MOTTA,178835,Câmara,57.0,PDT,PDT,1.0,ok
3026,DR. SINVAL MALHEIROS,1304004.85,DR SINVAL MALHEIROS,178830,Câmara,56.0,PODE,,1.0,ok
3028,BEBETO,2295673.5100000002,BEBETO,220612,Câmara,57.0,PP,PP,2.0,ambiguo
3030,ABEL MESQUITA JR.,5662472.390000001,ABEL MESQUITA JR,,,,,,,sem_par
3031,ADAIL CARNEIRO,3456121.63,ADAIL CARNEIRO,,,,,,,sem_par
3032,ADALBERTO CAVALCANTI,211248.79,ADALBERTO CAVALCANTI,,,,,,,sem_par
3033,ADELMO CARNEIRO LEAO,309641.4,ADELMO CARNEIRO LEAO,,,,,,,sem_par
3034,ADELSON BARRETO,1780335.38,ADELSON BARRETO,,,,,,,sem_par
3035,ADILTON SACHETTI,765796.99,ADILTON SACHETTI,,,,,,,sem_par
3036,ALAN RICK,47307612.42,ALAN RICK,S5672,Senado,57.0,UNIÃO,REPUBLICANOS,1.0,ok
3037,ALEX MANENTE,140464430.95,ALEX MANENTE,178972,Câmara,57.0,CIDADANIA,CIDADANIA,1.0,ok
3038,ALEXANDRE BALDY,1824276.96,ALEXANDRE BALDY,,,,,,,sem_par
3039,ALEXANDRE SERFIOTIS,1187837.31,ALEXANDRE SERFIOTIS,178833,Câmara,56.0,PSD,,1.0,ok
3040,ALEXANDRE VALLE,25377.33,ALEXANDRE VALLE,,,,,,,sem_par
3041,ALIEL MACHADO,138936385.33,ALIEL MACHADO,178927,Câmara,57.0,PV,PV,1.0,ok
3042,ALTINEU CORTES,130968328.58,ALTINEU CORTES,178937,Câmara,57.0,PL,PL,1.0,ok
3043,ALUISIO MENDES,133469670.4,ALUISIO MENDES,178881,Câmara,57.0,PSC,REPUBLICANOS,1.0,ok
3045,ANDRE ABDON,56311884.88,ANDRE ABDON,178831,Câmara,57.0,PP,PP,1.0,ok
3046,ANDRE FUFUCA,103099194.88,ANDRE FUFUCA,178882,Câmara,57.0,PP,PP,1.0,ok
3047,ANDRES SANCHEZ,2988297.15,ANDRES SANCHEZ,,,,,,,sem_par
3048,ANGELIM,2636544.32,ANGELIM,,,,,,,sem_par
3049,ANTONIO JACOME,1477209.67,ANTONIO JACOME,,,,,,,sem_par
3050,ARTHUR VIRGILIO BISNETO,2787361.89,ARTHUR VIRGILIO BISNETO,,,,,,,sem_par
3051,BACELAR,143403893.32,BACELAR,69871,Câmara,57.0,PV,PV,1.0,ok
3052,BALEIA ROSSI,136457276.34,BALEIA ROSSI,178975,Câmara,57.0,MDB,MDB,1.0,ok
3053,BETINHO GOMES,1251015.24,BETINHO GOMES,,,,,,,sem_par
3054,BETO ROSADO,41286010.63,BETO ROSADO,178948,Câmara,56.0,PP,,1.0,ok
3055,BETO SALAME,3318002.34,BETO SALAME,,,,,,,sem_par
3056,BRUNNY,455912.02,BRUNNY,,,,,,,sem_par
3057,BRUNO COVAS,107037.97,BRUNO COVAS,,,,,,,sem_par
3058,CABO DACIOLO,7625.0,CABO DACIOLO,,,,,,,sem_par
3059,CABO SABINO,481445.69,CABO SABINO,,,,,,,sem_par
3060,CABUCU BORGES,39.07,CABUCU BORGES,,,,,,,sem_par
3061,CACA LEAO,37364562.74,CACA LEAO,93083,Câmara,56.0,PP,,1.0,ok
3062,CAETANO,3991363.35,CAETANO,,,,,,,sem_par
3063,CAIO NARCIO,438019.49,CAIO NARCIO,,,,,,,sem_par
3064,CAPITAO AUGUSTO,135675634.78,CAPITAO AUGUSTO,178829,Câmara,57.0,PL,PL,1.0,ok
3065,CAPITAO FABIO ABREU,40279087.59,CAPITAO FABIO ABREU,178924,Câmara,56.0,PSD,,1.0,ok
3066,CARLOS ANDRADE,1403571.72,CARLOS ANDRADE,,,,,,,sem_par
3067,CARLOS GOMES,140274809.64,CARLOS GOMES,178962,Câmara,57.0,REPUBLICANOS,REPUBLICANOS,1.0,ok
3068,CARLOS HENRIQUE GAGUIM,147462019.41,CARLOS HENRIQUE GAGUIM,178993,Câmara,57.0,UNIÃO,UNIÃO,1.0,ok
3069,CARLOS MARUN,337048.93,CARLOS MARUN,,,,,,,sem_par
3070,CELIO SILVEIRA,108111495.82,CELIO SILVEIRA,178876,Câmara,57.0,MDB,MDB,1.0,ok
3072,CESAR MESSIAS,4366829.28,CESAR MESSIAS,,,,,,,sem_par
3073,CHRISTIANE DE SOUZA YARED,42904772.75,CHRISTIANE DE SOUZA YARED,178928,Câmara,56.0,PP,,1.0,ok
3074,CICERO ALMEIDA,587484.01,CICERO ALMEIDA,,,,,,,sem_par
3075,CLARISSA GAROTINHO,38494952.57,CLARISSA GAROTINHO,178939,Câmara,56.0,UNIÃO,,1.0,ok
3076,CONCEICAO SAMPAIO,566207.3300000001,CONCEICAO SAMPAIO,,,,,,,sem_par
3077,COVATTI FILHO,142187410.12,COVATTI FILHO,178963,Câmara,57.0,PP,PP,1.0,ok
3078,CRISTIANE BRASIL,1238724.82,CRISTIANE BRASIL,,,,,,,sem_par
3079,DAMINA PEREIRA,459961.06999999995,DAMINA PEREIRA,,,,,,,sem_par
3080,DANIEL COELHO,30069980.77,DANIEL COELHO,178916,Câmara,56.0,CIDADANIA,,1.0,ok
3081,DANIEL VILELA,3627546.99,DANIEL VILELA,,,,,,,sem_par
3082,DELEGADO EDER MAURO,138754667.33,DELEGADO EDER MAURO,178908,Câmara,57.0,PL,PL,1.0,ok
3083,DELEGADO EDSON MOREIRA,1086479.48,DELEGADO EDSON MOREIRA,,,,,,,sem_par
3084,DIEGO GARCIA,117357168.76,DIEGO GARCIA,178929,Câmara,57.0,REPUBLICANOS,UNIÃO,1.0,ok
3085,DR. JOAO,1349348.0,DR JOAO,213679,Câmara,56.0,PROS,,1.0,ok
3086,DULCE MIRANDA,43709659.97,DULCE MIRANDA,178994,Câmara,56.0,MDB,,1.0,ok
3087,EDMILSON RODRIGUES,772224.77,EDMILSON RODRIGUES,134812,Câmara,56.0,PSOL,,1.0,ok
3088,EDUARDO BOLSONARO,96684975.25,EDUARDO BOLSONARO,92346,Câmara,57.0,PL,PL,1.0,ok
3088,"MISSIONARIO JOSE OLIMPIO (EX-PARLAMENTAR EDUARDO BOLSONARO, NOS TERMOS DA DECISAO ADPF 854, DE 03",4332007.0,MISSIONARIO JOSE OLIMPIO EX PARLAMENTAR EDUARDO BOLSONARO NOS TERMOS DA DECISAO ADPF DE,,,,,,,sem_par
3089,EDUARDO CURY,32162263.59,EDUARDO CURY,178977,Câmara,56.0,PSDB,,1.0,ok
3090,ELIZIANE GAMA,168876.91,ELIZIANE GAMA,S5718,Senado,57.0,PSD,PSD,1.0,ok
3091,ELMAR NASCIMENTO,129241737.75,ELMAR NASCIMENTO,178854,Câmara,57.0,UNIÃO,UNIÃO,1.0,ok
3092,ENIO VERRI,39537188.51,ENIO VERRI,132504,Câmara,57.0,PT,PT,1.0,ok
3093,EVAIR DE MELO,6250.0,EVAIR DE MELO,,,,,,,sem_par
3093,EVAIR VIEIRA DE MELO,141513350.48,EVAIR VIEIRA DE MELO,178871,Câmara,57.0,PP,REPUBLICANOS,1.0,ok
3094,EVANDRO GUSSI,4236670.71,EVANDRO GUSSI,,,,,,,sem_par
3095,EVANDRO ROMAN,4970770.67,EVANDRO ROMAN,178930,Câmara,56.0,PP,,1.0,ok
3095,ROMAN,5392498.5,ROMAN,178930,Câmara,56.0,PP,,1.0,ok
3096,EXPEDITO NETTO,42827157.47,EXPEDITO NETTO,178953,Câmara,56.0,PSD,,1.0,ok
3097,EZEQUIEL FONSECA,3023.9,EZEQUIEL FONSECA,,,,,,,sem_par
3098,EZEQUIEL TEIXEIRA,42449.13,EZEQUIEL TEIXEIRA,,,,,,,sem_par
3099,FABIANO HORTA,12426.0,FABIANO HORTA,,,,,,,sem_par
3100,FABIO MITIDIERI,44231406.449999996,FABIO MITIDIERI,178969,Câmara,56.0,PSD,,1.0,ok
3101,FABIO GARCIA,114602616.73,FABIO GARCIA,178905,Câmara,57.0,UNIÃO,UNIÃO,1.0,ok
3103,FABIO SOUSA,2460407.79,FABIO SOUSA,,,,,,,sem_par
3115,ALEXANDRE SANTOS,221868.51,ALEXANDRE SANTOS,,,,,,,sem_par
3122,ANIBAL GOMES,876705.6599999999,ANIBAL GOMES,74212,Câmara,56.0,UNIÃO,,1.0,ok
3125,ANTONIO BALHMANN,349616.35,ANTONIO BALHMANN,,,,,,,sem_par
3134,FAUSTO PINATO,133073632.85,FAUSTO PINATO,66828,Câmara,57.0,PP,UNIÃO,1.0,ok
3135,ARLINDO CHINAGLIA,140739638.64,ARLINDO CHINAGLIA,73433,Câmara,57.0,PT,PT,1.0,ok
3155,CARLOS MELLES,289372.6,CARLOS MELLES,,,,,,,sem_par
3160,CELSO RUSSOMANNO,117845029.08,CELSO RUSSOMANNO,73441,Câmara,57.0,REPUBLICANOS,REPUBLICANOS,1.0,ok
3166,CLAUDIO CAJADO,131744644.11,CLAUDIO CAJADO,74537,Câmara,57.0,PP,PP,1.0,ok
3173,DARCISIO PERONDI,907630.99,DARCISIO PERONDI,73891,Câmara,56.0,MDB,,1.0,ok
3176,DILCEU SPERAFICO,93227362.32000001,DILCEU SPERAFICO,73768,Câmara,57.0,PP,PP,1.0,ok
3184,EDSON EZEQUIEL,2971781.37,EDSON EZEQUIEL,,,,,,,sem_par
3186,EDUARDO BARBOSA,35024588.93,EDUARDO BARBOSA,74655,Câmara,56.0,PSDB,,1.0,ok
3187,FELIPE CARRERAS,141822180.23,FELIPE CARRERAS,72442,Câmara,57.0,PSB,PSB,1.0,ok
3188,ELCIONE BARBALHO,144934616.62,ELCIONE BARBALHO,74075,Câmara,57.0,MDB,MDB,1.0,ok
3191,FLAVINHO,1995033.6,FLAVINHO,,,,,,,sem_par
3214,FRANCISCO CHAPADINHA,168204.73,FRANCISCO CHAPADINHA,,,,,,,sem_par
3218,HERACLITO FORTES,4071227.67,HERACLITO FORTES,,,,,,,sem_par
3220,HERMES PARCIANELLO,43401666.87,HERMES PARCIANELLO,73772,Câmara,56.0,MDB,,1.0,ok
3228,IVAN VALENTE,111457180.45,IVAN VALENTE,73531,Câmara,57.0,PT,PSOL,1.0,ok
3230,JAIME MARTINS,1104117.86,JAIME MARTINS,,,,,,,sem_par
3235,GEOVANIA DE SA,66345495.91,GEOVANIA DE SA,178966,Câmara,57.0,PSDB,REPUBLICANOS,1.0,ok
3239,JOAO LEAO,75817488.9,JOAO LEAO,74550,Câmara,57.0,PP,PP,1.0,ok
3240,GIOVANI FELTES,40054050.3,GIOVANI FELTES,178996,Câmara,56.0,MDB,,1.0,ok
3257,GIUSEPPE VECCI,2147152.15,GIUSEPPE VECCI,,,,,,,sem_par
3260,JOSE PRIANTE,147890384.32,JOSE PRIANTE,74079,Câmara,57.0,MDB,MDB,1.0,ok
3262,JOSE ROCHA,137090088.2,JOSE ROCHA,74554,Câmara,57.0,UNIÃO,UNIÃO,1.0,ok
3264,GIVALDO VIEIRA,228738.26,GIVALDO VIEIRA,,,,,,,sem_par
3265,JOVAIR ARANTES,4260397.46,JOVAIR ARANTES,,,,,,,sem_par
3268,LAURA CARNEIRO,104383885.2,LAURA CARNEIRO,74856,Câmara,57.0,PSD,PSD,1.0,ok
3270,LEONIDAS CRISTINO,71927860.23,LEONIDAS CRISTINO,74299,Câmara,57.0,PPS,PDT,1.0,ok
3273,LINDBERGH FARIAS,91054568.18,LINDBERGH FARIAS,74858,Câmara,57.0,PT,PT,1.0,ok
3283,GOULART,262885.99,GOULART,,,,,,,sem_par
3297,MAURO LOPES,38080410.65,MAURO LOPES,74749,Câmara,56.0,PP,,1.0,ok
3298,HEITOR SCHUCH,128978637.44,HEITOR SCHUCH,178964,Câmara,57.0,PSB,PSD,1.0,ok
3299,MENDONCA FILHO,99978655.46,MENDONCA FILHO,74428,Câmara,57.0,UNIÃO,PL,1.0,ok
3309,NELSON MEURER,388035.64,NELSON MEURER,,,,,,,sem_par
3312,HELDER SALOMAO,138605404.16,HELDER SALOMAO,178873,Câmara,57.0,PT,PT,1.0,ok
3322,PAULO FEIJO,1621882.54,PAULO FEIJO,,,,,,,sem_par
3328,RAIMUNDO SANTOS,106643418.16,RAIMUNDO SANTOS,74084,Câmara,57.0,PSD,PSD,1.0,ok
3332,RICARDO BARROS,134409092.3,RICARDO BARROS,73788,Câmara,57.0,PP,PP,1.0,ok
3339,HELIO LEITE,44381956.65,HELIO LEITE,178909,Câmara,57.0,DEM,UNIÃO,1.0,ok
3340,ROBERTO PESSOA,2056049.64,ROBERTO PESSOA,74305,Câmara,56.0,PSDB,,1.0,ok
3346,HERCULANO PASSOS,28754742.96,HERCULANO PASSOS,178981,Câmara,56.0,REPUBLICANOS,,1.0,ok
3350,SANDRO MABEL,59721.3,SANDRO MABEL,,,,,,,sem_par
3351,SARAIVA FELIPE,3759.15,SARAIVA FELIPE,,,,,,,sem_par
3357,SILAS BRASILEIRO,215527.76,SILAS BRASILEIRO,,,,,,,sem_par
3360,SILVIO TORRES,842674.91,SILVIO TORRES,,,,,,,sem_par
3376,VICENTE ARRUDA,5295428.11,VICENTE ARRUDA,,,,,,,sem_par
3387,WOLNEY QUEIROZ,38437542.09,WOLNEY QUEIROZ,74439,Câmara,56.0,PDT,,1.0,ok
3388,YEDA CRUSIUS,165124.0,YEDA CRUSIUS,,,,,,,sem_par
3393,HILDO ROCHA,71890659.04,HILDO ROCHA,178884,Câmara,57.0,MDB,MDB,1.0,ok
3396,HIRAN GONCALVES,43967564.49,HIRAN GONCALVES,178959,Câmara,56.0,PP,,1.0,ok
3398,HISSA ABRAHAO,763952.1699999999,HISSA ABRAHAO,,,,,,,sem_par
3420,ABELARDO LUPION,376507.04000000004,ABELARDO LUPION,,,,,,,sem_par
3430,MARINHA RAUPP,1223232.45,MARINHA RAUPP,,,,,,,sem_par
3433,RAIMUNDO GOMES DE MATOS,234096.47,RAIMUNDO GOMES DE MATOS,,,,,,,sem_par
3446,MARCUS VICENTE,1112614.26,MARCUS VICENTE,,,,,,,sem_par
3463,GASTAO VIEIRA,2827017.98,GASTAO VIEIRA,74200,Câmara,56.0,PROS,,1.0,ok
3477,JUTAHY JUNIOR,1247634.01,JUTAHY JUNIOR,,,,,,,sem_par
3487,IRMAO LAZARO,1718221.58,IRMAO LAZARO,,,,,,,sem_par
3491,JOSUE BENGTSON,622484.28,JOSUE BENGTSON,,,,,,,sem_par
3492,NILSON PINTO,40061121.32,NILSON PINTO,74352,Câmara,56.0,PSDB,,1.0,ok
3496,SILAS CAMARA,135509334.39,SILAS CAMARA,74356,Câmara,57.0,REPUBLICANOS,REPUBLICANOS,1.0,ok
3499,NILTON CAPIXABA,3142033.0,NILTON CAPIXABA,,,,,,,sem_par
3508,JOAO CASTELO,620262.94,JOAO CASTELO,,,,,,,sem_par
3511,PEDRO FERNANDES,1317213.46,PEDRO FERNANDES,S674,Senado,57.0,PTB,PTB,1.0,ok
3514,MAX FILHO,942459.76,MAX FILHO,,,,,,,sem_par
3520,EUNICIO OLIVEIRA,109147340.94,EUNICIO OLIVEIRA,74454,Câmara,57.0,MDB,MDB,1.0,ok
3523,MARCELO CASTRO,1517266.16,MARCELO CASTRO,S742,Senado,57.0,MDB,MDB,1.0,ok
3530,DAMIAO FELICIANO,144451186.61,DAMIAO FELICIANO,74467,Câmara,57.0,UNIÃO,UNIÃO,1.0,ok
3533,MARCONDES GADELHA,966383.1699999999,MARCONDES GADELHA,,,,,,,sem_par
3539,LUCIANO BIVAR,139737989.59,LUCIANO BIVAR,74478,Câmara,57.0,UNIÃO,MDB,1.0,ok
3551,CELSO JACOB,149036.08000000002,CELSO JACOB,,,,,,,sem_par
3564,NELSON PELLEGRINO,4751894.09,NELSON PELLEGRINO,74571,Câmara,56.0,PT,,1.0,ok
3568,PAULO MAGALHAES,102053824.87,PAULO MAGALHAES,74574,Câmara,57.0,PSD,PSD,1.0,ok
3573,LUIZ SERGIO,388860.0,LUIZ SERGIO,,,,,,,sem_par
3578,RODRIGO MAIA,38813841.04,RODRIGO MAIA,74693,Câmara,56.0,PSDB,,1.0,ok
3595,LINCOLN PORTELA,131784620.74,LINCOLN PORTELA,74585,Câmara,57.0,PL,PL,1.0,ok
3597,ALBERTO MOURAO,37871585.0,ALBERTO MOURAO,74696,Câmara,57.0,MDB,MDB,1.0,ok
3597,"JOAO CURY NETO (EX-PARLAMENTAR ALBERTO MOURAO, NOS TERMOS ART. 78 LDO 2025 E DA MENSAGEM 95-CN, DE 06.11.25)",37275984.129999995,JOAO CURY NETO EX PARLAMENTAR ALBERTO MOURAO NOS TERMOS ART LDO E DA MENSAGEM CN DE,,,,,,,sem_par
3611,LUIZA ERUNDINA,108865367.13,LUIZA ERUNDINA,74784,Câmara,57.0,PSOL,PSOL,1.0,ok
3614,MILTON MONTI,1663244.46,MILTON MONTI,,,,,,,sem_par
3630,ALBERTO FRAGA,93205719.23,ALBERTO FRAGA,73579,Câmara,57.0,PL,PL,1.0,ok
3640,JESSICA SALES,43440622.72,JESSICA SALES,178839,Câmara,56.0,MDB,,1.0,ok
3646,GUSTAVO FRUET,38020632.269999996,GUSTAVO FRUET,73460,Câmara,56.0,PDT,,1.0,ok
3650,OSMAR SERRAGLIO,37375437.89,OSMAR SERRAGLIO,73463,Câmara,56.0,PP,,1.0,ok
3661,HENRIQUE FONTANA,40457161.65,HENRIQUE FONTANA,73482,Câmara,56.0,PT,,1.0,ok
3662,LUIS CARLOS HEINZE,511561.01,LUIS CARLOS HEINZE,S1186,Senado,57.0,PP,PP,1.0,ok
3666,POMPEO DE MATTOS,133278260.26,POMPEO DE MATTOS,73486,Câmara,57.0,PDT,PDT,1.0,ok
3672,PEDRO CHAVES,1670819.6,PEDRO CHAVES,S453,Senado,57.0,MDB,MDB,1.0,ok
3672,PEDRO PINHEIRO CHAVES,488822.61999999994,PEDRO PINHEIRO CHAVES,,,,,,,sem_par
3680,ALEX CANZIANI,2619666.26,ALEX CANZIANI,,,,,,,sem_par
3682,JULIO DELGADO,39658148.47,JULIO DELGADO,73586,Câmara,56.0,PV,,1.0,ok
3684,JHC,3349494.62,JHC,178842,Câmara,56.0,PSB,,1.0,ok
3685,JOAO DERLY,1846711.38,JOAO DERLY,,,,,,,sem_par
3686,JOAO FERNANDO COUTINHO,1151639.08,JOAO FERNANDO COUTINHO,,,,,,,sem_par
3687,JOAO GUALBERTO,324154.8,JOAO GUALBERTO,,,,,,,sem_par
3688,JOAO MARCELO SOUZA,44790758.67,JOAO MARCELO SOUZA,112437,Câmara,56.0,MDB,,1.0,ok
3689,JOAO PAULO KLEINUBING,1640620.98,JOAO PAULO KLEINUBING,,,,,,,sem_par
3690,JOAO PAULO PAPA,560000.0,JOAO PAULO PAPA,,,,,,,sem_par
3691,JOAO DANIEL,144368177.54,JOAO DANIEL,178970,Câmara,57.0,PT,PT,1.0,ok
3692,JOAQUIM PASSARINHO,134208034.7,JOAQUIM PASSARINHO,178910,Câmara,57.0,PL,PL,1.0,ok
3693,JONY MARCOS,1984262.0,JONY MARCOS,,,,,,,sem_par
3694,JORGE SOLLA,141219330.33,JORGE SOLLA,178857,Câmara,57.0,PT,PT,1.0,ok
3695,JOSI NUNES,1118718.4,JOSI NUNES,,,,,,,sem_par
3696,JOZI ARAUJO,2752590.66,JOZI ARAUJO,,,,,,,sem_par
3697,JULIA MARINHO,1177541.76,JULIA MARINHO,,,,,,,sem_par
3698,JUNIOR MARRECA,606165.1699999999,JUNIOR MARRECA,,,,,,,sem_par
3699,JUSCELINO FILHO,69402791.23,JUSCELINO FILHO,178886,Câmara,57.0,UNIÃO,PSDB,1.0,ok
3700,KAIO MANICOBA,2608975.55,KAIO MANICOBA,,,,,,,sem_par
3701,LAUDIVIO CARVALHO,1012333.56,LAUDIVIO CARVALHO,,,,,,,sem_par
3702,LEANDRE,130200323.08,LEANDRE,178832,Câmara,57.0,PSD,PSD,1.0,ok
3703,LEO DE BRITO,40971924.72,LEO DE BRITO,178825,Câmara,56.0,PT,,1.0,ok
3704,LUCAS VERGILIO,48974653.82,LUCAS VERGILIO,178879,Câmara,56.0,SOLIDARIEDADE,,1.0,ok
3705,LUCIANO DUCCI,144631418.04,LUCIANO DUCCI,178931,Câmara,57.0,PSB,PSB,1.0,ok
3706,LUCIO MOSQUINI,143019793.58,LUCIO MOSQUINI,178954,Câmara,57.0,MDB,PL,1.0,ok
3707,LUIZ CARLOS RAMOS,346743.67,LUIZ CARLOS RAMOS,,,,,,,sem_par
3708,LUIZ CLAUDIO,2676094.1,LUIZ CLAUDIO,,,,,,,sem_par
3709,LUIZ LAURO FILHO,1381444.99,LUIZ LAURO FILHO,178982,Câmara,56.0,PSDB,,1.0,ok
3710,LUIZIANNE LINS,135760292.47,LUIZIANNE LINS,178866,Câmara,57.0,PT,REDE,1.0,ok
3711,MACEDO,2030029.39,MACEDO,,,,,,,sem_par
3712,MAJOR OLIMPIO,489026.7,MAJOR OLIMPIO,S5666,Senado,57.0,,,1.0,ok
3713,MARCELO ALVARO ANTONIO,147029485.55,MARCELO ALVARO ANTONIO,179000,Câmara,57.0,PL,PL,1.0,ok
3714,MARCELO ARO,39232962.24,MARCELO ARO,146788,Câmara,56.0,PP,,1.0,ok
3715,MARCELO BELINATI,267449.52,MARCELO BELINATI,,,,,,,sem_par
3716,MARCELO SQUASSONI,322296.73,MARCELO SQUASSONI,118594,Câmara,56.0,REPUBLICANOS,,1.0,ok
3717,MARCIO ALVINO,120082911.75,MARCIO ALVINO,178983,Câmara,57.0,PL,PL,1.0,ok
3718,MARCIO BIOLCHI,135744761.15,MARCIO BIOLCHI,179001,Câmara,57.0,MDB,MDB,1.0,ok
3720,MARCO ANTONIO CABRAL,12900.18,MARCO ANTONIO CABRAL,,,,,,,sem_par
3721,MARCOS ABRAO,1647436.59,MARCOS ABRAO,,,,,,,sem_par
3722,MARCOS REATEGUI,2548000.0,MARCOS REATEGUI,,,,,,,sem_par
3723,MARCOS ROTTA,125800.13,MARCOS ROTTA,,,,,,,sem_par
3724,MARCOS SOARES,106650604.85,MARCOS SOARES,178943,Câmara,57.0,UNIÃO,PSDB,1.0,ok
3725,MARIANA CARVALHO,43135511.19,MARIANA CARVALHO,227275,Câmara,57.0,PSC,REPUBLICANOS,2.0,ambiguo
3726,MARINALDO ROSENDO,1500360.8199999998,MARINALDO ROSENDO,,,,,,,sem_par
3727,MARIO NEGROMONTE JR.,144463003.64,MARIO NEGROMONTE JR,178858,Câmara,57.0,PP,PSB,1.0,ok
3728,MARX BELTRAO,144262131.15,MARX BELTRAO,178843,Câmara,57.0,PP,UNIÃO,1.0,ok
3729,MIGUEL HADDAD,1454383.32,MIGUEL HADDAD,178984,Câmara,56.0,PSDB,,1.0,ok
3730,MIGUEL LOMBARDI,131040932.31,MIGUEL LOMBARDI,178985,Câmara,57.0,PL,PL,1.0,ok
3731,MISAEL VARELLA,130614768.69,MISAEL VARELLA,178895,Câmara,57.0,PSD,PSD,1.0,ok
3732,MOEMA GRAMACHO,23718.11,MOEMA GRAMACHO,,,,,,,sem_par
3733,MOSES RODRIGUES,112928845.57,MOSES RODRIGUES,178997,Câmara,57.0,UNIÃO,UNIÃO,1.0,ok
3734,NEWTON CARDOSO JR,145599265.94,NEWTON CARDOSO JR,178896,Câmara,57.0,MDB,MDB,1.0,ok
3735,NILTO TATTO,143734061.33,NILTO TATTO,178986,Câmara,57.0,PT,PT,1.0,ok
3736,ODORICO MONTEIRO,791556.23,ODORICO MONTEIRO,178868,Câmara,56.0,PSB,,1.0,ok
3737,ORLANDO SILVA,133367025.51,ORLANDO SILVA,178987,Câmara,57.0,PCdoB,PCdoB,1.0,ok
3738,PAULO AZI,143083008.32,PAULO AZI,178860,Câmara,57.0,UNIÃO,UNIÃO,1.0,ok
3739,PEDRO CUNHA LIMA,38752807.81,PEDRO CUNHA LIMA,178912,Câmara,56.0,PSDB,,1.0,ok
3740,PEDRO VILELA,42322231.92,PEDRO VILELA,178844,Câmara,56.0,PSDB,,1.0,ok
3741,PROFESSOR VICTORIO GALLI,30000.0,PROFESSOR VICTORIO GALLI,,,,,,,sem_par
3742,RAFAEL MOTTA,39523873.0,RAFAEL MOTTA,178951,Câmara,56.0,PSB,,1.0,ok
3743,RAQUEL MUNIZ,9419.3,RAQUEL MUNIZ,,,,,,,sem_par
3744,REJANE DIAS,47186605.78,REJANE DIAS,178925,Câmara,56.0,PT,,1.0,ok
3745,REMIDIO MONAI,3466495.29,REMIDIO MONAI,,,,,,,sem_par
3746,RENATA ABREU,138323340.57,RENATA ABREU,178989,Câmara,57.0,PODE,PODE,1.0,ok
3747,RICARDO TEOBALDO,37791066.76,RICARDO TEOBALDO,178920,Câmara,56.0,PODE,,1.0,ok
3748,ROBERTO GOES,2622437.19,ROBERTO GOES,,,,,,,sem_par
3749,ROBERTO SALES,102769.06,ROBERTO SALES,,,,,,,sem_par
3750,RODRIGO MARTINS,3280356.89,RODRIGO MARTINS,,,,,,,sem_par
3751,RODRIGO PACHECO,350562.77,RODRIGO PACHECO,S5732,Senado,57.0,PSD,PSB,1.0,ok
3752,RONALDO CARLETTO,40340830.3,RONALDO CARLETTO,178861,Câmara,56.0,PP,,1.0,ok
3753,RONALDO LESSA,1701480.8699999999,RONALDO LESSA,,,,,,,sem_par
3754,RONALDO MARTINS,27786420.2,RONALDO MARTINS,122466,Câmara,56.0,REPUBLICANOS,,1.0,ok
3755,RONEY NEMER,120889.08,RONEY NEMER,,,,,,,sem_par
3756,ROSANGELA GOMES,139189660.04,ROSANGELA GOMES,178945,Câmara,57.0,REPUBLICANOS,REPUBLICANOS,1.0,ok
3757,ROSSONI,37608225.15,ROSSONI,178935,Câmara,56.0,PSDB,,1.0,ok
3758,RUBENS PEREIRA JUNIOR,141905982.8,RUBENS PEREIRA JUNIOR,178887,Câmara,57.0,PT,PT,1.0,ok
3759,SAMUEL MOREIRA,46533663.59,SAMUEL MOREIRA,178990,Câmara,56.0,PSDB,,1.0,ok
3760,SEBASTIAO OLIVEIRA,36951926.02,SEBASTIAO OLIVEIRA,178921,Câmara,56.0,AVANTE,,1.0,ok
3761,SERGIO REIS,50125.49,SERGIO REIS,,,,,,,sem_par
3762,SERGIO VIDIGAL,1154653.23,SERGIO VIDIGAL,178874,Câmara,56.0,PDT,,1.0,ok
3763,SHERIDAN,40195918.58,SHERIDAN,178961,Câmara,56.0,PSDB,,1.0,ok
3764,SIMONE MORGADO,434920.08,SIMONE MORGADO,,,,,,,sem_par
3765,SORAYA SANTOS,128639067.5,SORAYA SANTOS,178946,Câmara,57.0,PL,PL,1.0,ok
3766,SOSTENES CAVALCANTE,124851066.16,SOSTENES CAVALCANTE,178947,Câmara,57.0,PL,PL,1.0,ok
3767,TADEU ALENCAR,40518526.89,TADEU ALENCAR,178922,Câmara,56.0,PSB,,1.0,ok
3768,TENENTE LUCIO,3132030.66,TENENTE LUCIO,,,,,,,sem_par
3769,TEREZA CRISTINA,31088288.07,TEREZA CRISTINA,S5736,Senado,57.0,PP,PP,1.0,ok
3770,TIA ERON,632337.14,TIA ERON,178862,Câmara,56.0,REPUBLICANOS,,1.0,ok
3771,TONINHO WANDSCHEER,112665365.82,TONINHO WANDSCHEER,178934,Câmara,57.0,PP,PP,1.0,ok
3772,ULDURICO JUNIOR,40644680.13,ULDURICO JUNIOR,178863,Câmara,56.0,MDB,,1.0,ok
3773,VALMIR PRASCIDELLI,3480783.0999999996,VALMIR PRASCIDELLI,,,,,,,sem_par
3774,VENEZIANO VITAL DO REGO,416025.0,VENEZIANO VITAL DO REGO,S5748,Senado,57.0,MDB,MDB,1.0,ok
3775,VICENTINHO JUNIOR,143482470.93,VICENTINHO JUNIOR,137070,Câmara,57.0,PP,PSDB,1.0,ok
3776,VICTOR MENDES,280855.01,VICTOR MENDES,178888,Câmara,56.0,MDB,,1.0,ok
3777,VITOR LIPPI,140757831.72,VITOR LIPPI,178992,Câmara,57.0,PSDB,PSD,1.0,ok
3778,VITOR VALIM,26395.43,VITOR VALIM,,,,,,,sem_par
3779,WALTER ALVES,41906924.14,WALTER ALVES,178952,Câmara,56.0,MDB,,1.0,ok
3780,ROCHA,7782633.84,ROCHA,,,,,,,sem_par
3781,ZE CARLOS,43154567.05,ZE CARLOS,178889,Câmara,56.0,PT,,1.0,ok
3782,ZECA CAVALCANTI,658725.17,ZECA CAVALCANTI,178923,Câmara,56.0,PTB,,1.0,ok
3783,ZECA DO PT,429058.7,ZECA DO PT,,,,,,,sem_par
3784,ZENAIDE MAIA,1513801.3900000001,ZENAIDE MAIA,S5783,Senado,57.0,PSD,PSD,1.0,ok
3786,DARIO BERGER,54707228.34,DARIO BERGER,S5537,Senado,56.0,PSB,,1.0,ok
3787,DAVI ALCOLUMBRE,273066703.74,DAVI ALCOLUMBRE,S3830,Senado,57.0,UNIÃO,UNIÃO,1.0,ok
3788,ELMANO FERRER,65630513.21,ELMANO FERRER,234406,Câmara,57.0,PP,PP,1.0,ok
3789,FERNANDO BEZERRA COELHO,66486863.06,FERNANDO BEZERRA COELHO,S5540,Senado,56.0,MDB,,1.0,ok
3790,GLADSON CAMELI,2300000.0,GLADSON CAMELI,S4558,Senado,56.0,PP,,1.0,ok
3791,HELIO JOSE,137793.75,HELIO JOSE,,,,,,,sem_par
3792,JOSE MEDEIROS,624288.58,JOSE MEDEIROS,204472,Câmara,57.0,PL,PL,1.0,ok
3793,LASIER MARTINS,70134744.13,LASIER MARTINS,S5533,Senado,56.0,PODE,,1.0,ok
3794,OMAR AZIZ,261915154.28,OMAR AZIZ,S5525,Senado,57.0,PSD,PSD,1.0,ok
3795,OTTO ALENCAR,263413331.55,OTTO ALENCAR,S5523,Senado,57.0,PSD,PSD,1.0,ok
3796,PAULO ROCHA,68720812.83,PAULO ROCHA,S374,Senado,56.0,PT,,1.0,ok
3797,REGINA SOUSA,2434258.81,REGINA SOUSA,,,,,,,sem_par
3798,REGUFFE,66465501.03,REGUFFE,S5236,Senado,56.0,S/Partido,,1.0,ok
3799,ROMARIO,231868941.21,ROMARIO,S5322,Senado,57.0,PL,PL,1.0,ok
3800,RONALDO CAIADO,261701.74,RONALDO CAIADO,S456,Senado,56.0,DEM,,1.0,ok
3801,ROSE DE FREITAS,69985711.21,ROSE DE FREITAS,S2331,Senado,56.0,MDB,,1.0,ok
3803,SIMONE TEBET,72803142.86,SIMONE TEBET,S5527,Senado,56.0,MDB,,1.0,ok
3804,TELMARIO MOTA,62545367.0,TELMARIO MOTA,S5535,Senado,56.0,PROS,,1.0,ok
3805,WELLINGTON FAGUNDES,196164473.34,WELLINGTON FAGUNDES,S1173,Senado,57.0,PL,PL,1.0,ok
3806,FATIMA BEZERRA,1948011.16,FATIMA BEZERRA,S3713,Senado,56.0,PT,,1.0,ok
3807,ALFREDO NASCIMENTO,3560192.65,ALFREDO NASCIMENTO,,,,,,,sem_par
3808,JARBAS VASCONCELOS,1603604.77,JARBAS VASCONCELOS,S4545,Senado,57.0,MDB,MDB,1.0,ok
3809,SERGIO SOUZA,136454837.81,SERGIO SOUZA,178933,Câmara,57.0,MDB,MDB,1.0,ok
3810,ANTONIO ANASTASIA,5616699.3,ANTONIO ANASTASIA,S5529,Senado,56.0,PSD,,1.0,ok
3811,ROBERTO ROCHA,66767432.230000004,ROBERTO ROCHA,S677,Senado,56.0,PTB,,1.0,ok
3812,DAVIDSON MAGALHAES,166857.15,DAVIDSON MAGALHAES,S5837,Senado,57.0,PCdoB,PCdoB,1.0,ok
3813,FERNANDO MONTEIRO,131795099.95,FERNANDO MONTEIRO,92699,Câmara,57.0,PP,PSD,1.0,ok
3815,MARQUINHO MENDES,3417300.65,MARQUINHO MENDES,,,,,,,sem_par
3816,ELIZEU DIONIZIO,532707.75,ELIZEU DIONIZIO,,,,,,,sem_par
3818,MAURO PEREIRA,82545.67,MAURO PEREIRA,,,,,,,sem_par
3820,FRANKLIN LIMA,5031.25,FRANKLIN LIMA,,,,,,,sem_par
3821,SILAS FREIRE,1452313.56,SILAS FREIRE,,,,,,,sem_par
3822,MERLONG SOLANO,137008411.36,MERLONG SOLANO,188097,Câmara,57.0,PT,PT,1.0,ok
3823,WADIH DAMOUS,1087036.46,WADIH DAMOUS,,,,,,,sem_par
3824,DALIRIO BEBER,516330.0,DALIRIO BEBER,,,,,,,sem_par
3827,FLAVIO NOGUEIRA,152499438.52,FLAVIO NOGUEIRA,191923,Câmara,57.0,PT,PT,1.0,ok
3828,ZE AUGUSTO NALIN,237987.71000000002,ZE AUGUSTO NALIN,191945,Câmara,56.0,UNIÃO,,1.0,ok
3836,PAULO EDUARDO MARTINS,37772740.53,PAULO EDUARDO MARTINS,193726,Câmara,56.0,PL,,1.0,ok
3839,NIVALDO ALBUQUERQUE,29895853.61,NIVALDO ALBUQUERQUE,194260,Câmara,57.0,PTB,UNIÃO,1.0,ok
3840,CAJAR NARDES,839246.8800000001,CAJAR NARDES,,,,,,,sem_par
3841,JONES MARTINS,415224.0,JONES MARTINS,,,,,,,sem_par
3843,PEDRO CHAVES,4465721.800000001,PEDRO CHAVES,S453,Senado,57.0,MDB,MDB,1.0,ok
3843,PEDRO CHAVES DOS SANTOS FILHO,220824.0,PEDRO CHAVES DOS SANTOS FILHO,,,,,,,sem_par
3847,ANDRE AMARAL,291310.23,ANDRE AMARAL,S6366,Senado,57.0,,UNIÃO,1.0,ok
3848,MOISES DINIZ,1200000.0,MOISES DINIZ,,,,,,,sem_par
3850,DECA,471324.65,DECA,,,,,,,sem_par
3851,PASTOR VALADARES,838185.0,PASTOR VALADARES,S5617,Senado,57.0,PDT,PDT,1.0,ok
3852,RICARDO BENTINHO,503400.0,RICARDO BENTINHO,,,,,,,sem_par
3856,LUANA COSTA,124071.02,LUANA COSTA,,,,,,,sem_par
3858,NORMA AYUB,34456971.11,NORMA AYUB,66179,Câmara,56.0,PP,,1.0,ok
3859,VAIDON OLIVEIRA,36245009.39,VAIDON OLIVEIRA,195866,Câmara,56.0,UNIÃO,,1.0,ok
3861,LOURIVAL GOMES,33244702.05,LOURIVAL GOMES,196358,Câmara,56.0,PP,,1.0,ok
3866,AIRTON SANDOVAL,299918.99,AIRTON SANDOVAL,,,,,,,sem_par
3878,GIVAGO TENORIO,317497.07,GIVAGO TENORIO,,,,,,,sem_par
3882,GUARACY SILVEIRA,29512765.0,GUARACY SILVEIRA,S5639,Senado,56.0,PP,,1.0,ok
3886,JEAN PAUL PRATES,68473880.64,JEAN PAUL PRATES,S5627,Senado,56.0,PT,,1.0,ok
3892,MAILZA GOMES,60793257.83,MAILZA GOMES,S5557,Senado,56.0,PP,,1.0,ok
3893,MARCIO JERRY,137819523.03,MARCIO JERRY,81055,Câmara,57.0,PCdoB,PCdoB,1.0,ok
3894,JOSE MARIO SCHREINER,35048312.7,JOSE MARIO SCHREINER,204386,Câmara,56.0,MDB,,1.0,ok
3895,ABILIO SANTANA,37138111.68,ABILIO SANTANA,204554,Câmara,56.0,PSC,,1.0,ok
3896,ABOU ANNI,36454020.33,ABOU ANNI,204521,Câmara,56.0,UNIÃO,,1.0,ok
3897,ACACIO FAVACHO,118385408.95,ACACIO FAVACHO,204379,Câmara,57.0,MDB,MDB,1.0,ok
3898,ADOLFO VIANA,133144539.18,ADOLFO VIANA,204560,Câmara,57.0,PSDB,PSDB,1.0,ok
3899,ADRIANA VENTURA,101251428.83,ADRIANA VENTURA,204528,Câmara,57.0,NOVO,NOVO,1.0,ok
3900,ADRIANO DO BALDY,130733401.49,ADRIANO DO BALDY,121948,Câmara,57.0,PP,PP,1.0,ok
3901,AIRTON FALEIRO,131617857.47,AIRTON FALEIRO,204495,Câmara,57.0,PT,PT,1.0,ok
3902,AJ ALBUQUERQUE,144691603.33,AJ ALBUQUERQUE,204549,Câmara,57.0,PP,PP,1.0,ok
3903,ALCIDES RODRIGUES,35826334.5,ALCIDES RODRIGUES,204413,Câmara,56.0,PATRIOTA,,1.0,ok
3904,ALE SILVA,41733997.57,ALE SILVA,204545,Câmara,56.0,REPUBLICANOS,,1.0,ok
3905,ALENCAR SANTANA,125197564.12,ALENCAR SANTANA,204501,Câmara,57.0,PT,PT,1.0,ok
3905,ALENCAR SANTANA BRAGA,9568414.99,ALENCAR SANTANA BRAGA,204501,Câmara,56.0,PT,,1.0,ok
3906,ALEX SANTANA,137001893.21,ALEX SANTANA,204571,Câmara,57.0,REPUBLICANOS,REPUBLICANOS,1.0,ok
3907,ALEXANDRE FROTA,36327352.04,ALEXANDRE FROTA,204544,Câmara,56.0,PROS,,1.0,ok
3908,ALEXANDRE PADILHA,36496740.22,ALEXANDRE PADILHA,204503,Câmara,57.0,PT,PT,1.0,ok
3909,ALEXIS FONTEYNE,33664709.72,ALEXIS FONTEYNE,204516,Câmara,56.0,NOVO,,1.0,ok
3910,ALINE GURGEL,39248436.67,ALINE GURGEL,204353,Câmara,57.0,REPUBLICANOS,UNIÃO,1.0,ok
3911,ALINE SLEUTJES,44121337.46,ALINE SLEUTJES,204400,Câmara,56.0,PROS,,1.0,ok
3912,AMARO NETO,135837048.22,AMARO NETO,204356,Câmara,57.0,REPUBLICANOS,PP,1.0,ok
3913,ANDRE FERREIRA,136150762.05,ANDRE FERREIRA,204423,Câmara,57.0,PL,PL,1.0,ok
3914,ANDRE JANONES,138392436.0,ANDRE JANONES,204515,Câmara,57.0,AVANTE,REDE,1.0,ok
3915,AROLDO MARTINS,38601193.43,AROLDO MARTINS,204414,Câmara,56.0,REPUBLICANOS,,1.0,ok
3916,AUREA CAROLINA,39131699.57,AUREA CAROLINA,204509,Câmara,56.0,PSOL,,1.0,ok
3917,BENES LEOCADIO,136862177.46,BENES LEOCADIO,109429,Câmara,57.0,UNIÃO,UNIÃO,1.0,ok
3918,BETO PEREIRA,143646954.03,BETO PEREIRA,204358,Câmara,57.0,PSDB,REPUBLICANOS,1.0,ok
3919,BIA KICIS,98002044.53,BIA KICIS,204374,Câmara,57.0,PL,PL,1.0,ok
3920,BIBO NUNES,121930052.18,BIBO NUNES,204388,Câmara,57.0,PL,PL,1.0,ok
3921,BIRA DO PINDARE,38411206.99,BIRA DO PINDARE,204561,Câmara,56.0,PSB,,1.0,ok
3922,BOCA ABERTA,1247130.0,BOCA ABERTA,204397,Câmara,56.0,PROS,,1.0,ok
3923,BOSCO SARAIVA,35323529.0,BOSCO SARAIVA,204551,Câmara,56.0,SOLIDARIEDADE,,1.0,ok
3924,CABO JUNIO AMARAL,2194284.27,CABO JUNIO AMARAL,204520,Câmara,56.0,PL,,1.0,ok
3924,JUNIO AMARAL,132011186.87,JUNIO AMARAL,204520,Câmara,57.0,PL,PL,1.0,ok
3925,CAMILO CAPIBERIBE,40606337.79,CAMILO CAPIBERIBE,204352,Câmara,56.0,PSB,,1.0,ok
3926,CAPITAO ALBERTO NETO,148613960.16,CAPITAO ALBERTO NETO,204572,Câmara,57.0,PL,PL,1.0,ok
3927,CAPITAO WAGNER,36629509.09,CAPITAO WAGNER,204487,Câmara,56.0,UNIÃO,,1.0,ok
3928,CARLA ZAMBELLI,102809820.09,CARLA ZAMBELLI,204507,Câmara,57.0,PL,PL,1.0,ok
3929,CARLOS CHIODINI,138254479.21,CARLOS CHIODINI,204361,Câmara,57.0,MDB,MDB,1.0,ok
3930,CARLOS JORDY,120034022.11,CARLOS JORDY,204460,Câmara,57.0,PL,PL,1.0,ok
3931,CARLOS VERAS,143493254.42,CARLOS VERAS,204426,Câmara,57.0,PT,PT,1.0,ok
3932,CAROLINE DE TONI,136106053.46,CAROLINE DE TONI,204369,Câmara,57.0,PL,PL,1.0,ok
3933,CASSIO ANDRADE,41017983.62,CASSIO ANDRADE,204499,Câmara,56.0,PSB,,1.0,ok
3934,CELINA LEAO,23508163.1,CELINA LEAO,204380,Câmara,56.0,PP,,1.0,ok
3935,CELIO MOURA,36428861.59,CELIO MOURA,204370,Câmara,56.0,PT,,1.0,ok
3936,CELIO STUDART,142453604.47,CELIO STUDART,204488,Câmara,57.0,PSD,PSD,1.0,ok
3937,CELSO SABINO,138593978.47,CELSO SABINO,204496,Câmara,57.0,UNIÃO,PDT,1.0,ok
3938,CEZINHA DE MADUREIRA,139833765.1,CEZINHA DE MADUREIRA,204504,Câmara,57.0,PSD,PL,1.0,ok
3939,CHARLES FERNANDES,38122890.12,CHARLES FERNANDES,205476,Câmara,57.0,PSD,PSD,1.0,ok
3940,CHARLLES EVANGELISTA,38751995.01,CHARLLES EVANGELISTA,204490,Câmara,56.0,PP,,1.0,ok
3941,CHIQUINHO BRAZAO,60408057.95,CHIQUINHO BRAZAO,204476,Câmara,57.0,UNIÃO,S.PART.,1.0,ok
3942,CHRIS TONIETTO,109584668.27,CHRIS TONIETTO,204462,Câmara,57.0,PL,PL,1.0,ok
3943,CHRISTINO AUREO,40841568.89,CHRISTINO AUREO,204440,Câmara,56.0,PP,,1.0,ok
3944,CORONEL ARMANDO,38291752.87,CORONEL ARMANDO,204376,Câmara,57.0,PL,PP,1.0,ok
3945,CORONEL CHRISOSTOMO,125189653.69,CORONEL CHRISOSTOMO,204378,Câmara,57.0,PL,PL,1.0,ok
3946,CORONEL TADEU,38147985.71,CORONEL TADEU,204514,Câmara,57.0,PL,PL,1.0,ok
3947,CRISTIANO VALE,38088885.08,CRISTIANO VALE,135054,Câmara,56.0,PP,,1.0,ok
3948,DA VITORIA,129960932.11,DA VITORIA,204355,Câmara,57.0,PP,PP,1.0,ok
3949,DANIEL FREITAS,135537507.13,DANIEL FREITAS,204367,Câmara,57.0,PL,PL,1.0,ok
3950,DANIEL SILVEIRA,31802707.27,DANIEL SILVEIRA,204454,Câmara,56.0,PTB,,1.0,ok
3951,DANIEL TRZECIAK,126381544.63,DANIEL TRZECIAK,204409,Câmara,57.0,PSDB,PSDB,1.0,ok
3952,DANIELA DO WAGUINHO,144185595.0,DANIELA DO WAGUINHO,204459,Câmara,57.0,UNIÃO,REPUBLICANOS,1.0,ok
3953,DARCI DE MATOS,38927618.27,DARCI DE MATOS,116379,Câmara,57.0,PSD,PSD,1.0,ok
3954,DAVID MIRANDA,32927635.49,DAVID MIRANDA,205548,Câmara,56.0,PDT,,1.0,ok
3955,DAVID SOARES,140088059.34,DAVID SOARES,204511,Câmara,57.0,UNIÃO,PODE,1.0,ok
3956,DELEGADO ANTONIO FURTADO,44157477.05,DELEGADO ANTONIO FURTADO,204451,Câmara,56.0,UNIÃO,,1.0,ok
3957,DELEGADO MARCELO FREITAS,129412952.57,DELEGADO MARCELO FREITAS,204512,Câmara,57.0,UNIÃO,UNIÃO,1.0,ok
3958,DELEGADO PABLO,40848435.78,DELEGADO PABLO,204569,Câmara,56.0,UNIÃO,,1.0,ok
3959,DENIS BEZERRA,38397334.22,DENIS BEZERRA,204542,Câmara,56.0,PSB,,1.0,ok
3960,DR. FREDERICO,133853709.33,DR FREDERICO,204518,Câmara,57.0,PATRIOTA,PL,1.0,ok
3961,DR. JAZIEL,143467729.51,DR JAZIEL,204481,Câmara,57.0,PL,PL,1.0,ok
3962,DR. LEONARDO,45032121.269999996,DR LEONARDO,204439,Câmara,56.0,REPUBLICANOS,,1.0,ok
3963,DOUTOR LUIZINHO,128560514.32000001,DOUTOR LUIZINHO,204450,Câmara,57.0,PP,PP,1.0,ok
3963,DR. LUIZ ANTONIO TEIXEIRA JR.,2624000.0,DR LUIZ ANTONIO TEIXEIRA JR,204450,Câmara,56.0,PP,,1.0,ok
3964,DR. LUIZ OVANDO,139092826.21,DR LUIZ OVANDO,204351,Câmara,57.0,PP,PP,1.0,ok
3965,DR. ZACHARIAS CALIL,133076322.7,DR ZACHARIAS CALIL,204412,Câmara,57.0,UNIÃO,MDB,1.0,ok
3966,DRA. SORAYA MANATO,41925847.54,DRA SORAYA MANATO,81297,Câmara,56.0,PTB,,1.0,ok
3967,DRA. VANDA MILANI,29653073.0,DRA VANDA MILANI,204434,Câmara,56.0,PROS,,1.0,ok
3968,EDILAZIO JUNIOR,36867522.9,EDILAZIO JUNIOR,204562,Câmara,56.0,PSD,,1.0,ok
3969,EDNA HENRIQUE,39836880.65,EDNA HENRIQUE,204421,Câmara,56.0,REPUBLICANOS,,1.0,ok
3970,EDUARDO BISMARCK,149122917.48,EDUARDO BISMARCK,204541,Câmara,57.0,PDT,PV,1.0,ok
3971,EDUARDO BRAIDE,2270681.0,EDUARDO BRAIDE,204552,Câmara,56.0,PODE,,1.0,ok
3972,EDUARDO COSTA,36942880.6,EDUARDO COSTA,204500,Câmara,56.0,PSD,,1.0,ok
3973,ELI BORGES,138108805.01,ELI BORGES,204364,Câmara,57.0,PL,REPUBLICANOS,1.0,ok
3974,ELIAS VAZ,40752680.82,ELIAS VAZ,204389,Câmara,56.0,PSB,,1.0,ok
3975,EMANUEL PINHEIRO NETO,148323009.52,EMANUEL PINHEIRO NETO,198783,Câmara,57.0,MDB,PSD,1.0,ok
3976,EMIDINHO MADEIRA,133922804.8,EMIDINHO MADEIRA,161550,Câmara,57.0,PL,PL,1.0,ok
3977,ENRICO MISASI,45401844.46,ENRICO MISASI,204537,Câmara,56.0,MDB,,1.0,ok
3978,EUCLYDES PETTERSEN,146213498.88,EUCLYDES PETTERSEN,204482,Câmara,57.0,PSC,REPUBLICANOS,1.0,ok
3979,FABIO HENRIQUE,35581656.07,FABIO HENRIQUE,68720,Câmara,57.0,UNIÃO,UNIÃO,1.0,ok
3980,FABIO SCHIOCHET,144240503.47,FABIO SCHIOCHET,204368,Câmara,57.0,UNIÃO,UNIÃO,1.0,ok
3981,FELICIO LATERCA,36462983.13,FELICIO LATERCA,204477,Câmara,56.0,PP,,1.0,ok
3982,FELIPE FRANCISCHINI,125851920.56,FELIPE FRANCISCHINI,204398,Câmara,57.0,UNIÃO,PODE,1.0,ok
3983,FELIPE RIGONI,42381958.96,FELIPE RIGONI,204371,Câmara,56.0,UNIÃO,,1.0,ok
3984,FERNANDA MELCHIONNA,109283770.65,FERNANDA MELCHIONNA,204407,Câmara,57.0,PSOL,PSOL,1.0,ok
3985,FERNANDO RODOLFO,133793230.38,FERNANDO RODOLFO,204427,Câmara,57.0,PL,PRD,1.0,ok
3986,FILIPE BARROS,122403685.19,FILIPE BARROS,204411,Câmara,57.0,PL,PL,1.0,ok
3987,FLAVIA ARRUDA,35524892.15,FLAVIA ARRUDA,204354,Câmara,56.0,PL,,1.0,ok
3989,FRANCISCO JR.,36852519.31,FRANCISCO JR,204392,Câmara,56.0,PSD,,1.0,ok
3990,FRANCO CARTAFINA,39172604.17,FRANCO CARTAFINA,204510,Câmara,56.0,PP,,1.0,ok
3991,FRED COSTA,134496413.78,FRED COSTA,204494,Câmara,57.0,PATRIOTA,PRD,1.0,ok
3992,FREI ANASTACIO RIBEIRO,38629418.97,FREI ANASTACIO RIBEIRO,204393,Câmara,56.0,PT,,1.0,ok
3993,GELSON AZEVEDO,35357817.5,GELSON AZEVEDO,115746,Câmara,56.0,PL,,1.0,ok
3994,GENERAL GIRAO,134789732.02,GENERAL GIRAO,204473,Câmara,57.0,PL,PL,1.0,ok
3995,GENERAL PETERNELLI,33701113.72,GENERAL PETERNELLI,204484,Câmara,56.0,UNIÃO,,1.0,ok
3996,GENINHO ZULIANI,41378306.03,GENINHO ZULIANI,204527,Câmara,56.0,UNIÃO,,1.0,ok
3997,GERVASIO MAIA,137053642.92,GERVASIO MAIA,204394,Câmara,57.0,PSB,PCdoB,1.0,ok
3998,GIL CUTRIM,37249034.01,GIL CUTRIM,204575,Câmara,56.0,REPUBLICANOS,,1.0,ok
3999,GILBERTO ABRAMO,146825955.21,GILBERTO ABRAMO,204491,Câmara,57.0,REPUBLICANOS,REPUBLICANOS,1.0,ok
4010,GLAUSTIN DA FOKUS,105827035.52,GLAUSTIN DA FOKUS,204419,Câmara,57.0,PSC,PODE,1.0,ok
4010,GLAUSTIN FOKUS,99777.0,GLAUSTIN FOKUS,204419,Câmara,56.0,PSC,,1.0,ok
4011,GLEISI HOFFMANN,100475300.88,GLEISI HOFFMANN,107283,Câmara,57.0,PT,PT,1.0,ok
4012,GUIGA PEIXOTO,36598206.13,GUIGA PEIXOTO,204513,Câmara,56.0,PSC,,1.0,ok
4013,GURGEL,42248847.53,GURGEL,204442,Câmara,56.0,PL,,1.0,ok
4014,GUTEMBERG REIS,134180585.23,GUTEMBERG REIS,204456,Câmara,57.0,MDB,MDB,1.0,ok
4015,HELIO COSTA,38284925.64,HELIO COSTA,204373,Câmara,56.0,PSD,,1.0,ok
4016,HERCILIO COELHO DINIZ,140626290.87,HERCILIO COELHO DINIZ,204539,Câmara,57.0,MDB,MDB,1.0,ok
4017,IGOR KANNARIO,37929308.26,IGOR KANNARIO,204564,Câmara,56.0,UNIÃO,,1.0,ok
4018,ISNALDO BULHOES JR.,139219483.53,ISNALDO BULHOES JR,204436,Câmara,57.0,MDB,MDB,1.0,ok
4019,JESUS SERGIO,39196516.72,JESUS SERGIO,204435,Câmara,56.0,PDT,,1.0,ok
4020,JOAO ROMA,36402958.19,JOAO ROMA,204576,Câmara,56.0,PL,,1.0,ok
4021,JOICE HASSELMANN,38377578.64,JOICE HASSELMANN,204546,Câmara,56.0,PSDB,,1.0,ok
4023,JOSE NELTO,145616177.07,JOSE NELTO,204391,Câmara,57.0,PP,UNIÃO,1.0,ok
4024,JOSIMAR MARANHAOZINHO,89016843.62,JOSIMAR MARANHAOZINHO,204563,Câmara,57.0,PL,PL,1.0,ok
4025,JULIAN LEMOS,36973149.5,JULIAN LEMOS,204420,Câmara,56.0,UNIÃO,,1.0,ok
4026,JUNINHO DO PNEU,124188870.93,JUNINHO DO PNEU,204457,Câmara,57.0,UNIÃO,PSDB,1.0,ok
4027,JUNIOR FERRARI,134589661.4,JUNIOR FERRARI,204497,Câmara,57.0,PSD,PSD,1.0,ok
4028,JUNIOR MANO,106138876.63,JUNIOR MANO,204550,Câmara,57.0,PL,PSB,1.0,ok
4029,LAFAYETTE DE ANDRADA,138730731.88,LAFAYETTE DE ANDRADA,98057,Câmara,57.0,REPUBLICANOS,PL,1.0,ok
4030,LEO MORAES,43754171.699999996,LEO MORAES,204359,Câmara,56.0,PODE,,1.0,ok
4031,LEUR LOMANTO JUNIOR,140588244.47,LEUR LOMANTO JUNIOR,92102,Câmara,57.0,UNIÃO,UNIÃO,1.0,ok
4032,LOESTER TRUTIS,37430172.55,LOESTER TRUTIS,204382,Câmara,56.0,PL,,1.0,ok
4033,LUCAS REDECKER,134520761.58,LUCAS REDECKER,204404,Câmara,57.0,PSDB,PSD,1.0,ok
4034,LUISA CANZIANI,142585435.04,LUISA CANZIANI,204410,Câmara,57.0,PSD,UNIÃO,1.0,ok
4035,LUIZ CARLOS MOTTA,131955553.96,LUIZ CARLOS MOTTA,204485,Câmara,57.0,PL,PL,1.0,ok
4036,LUIZ PHILIPPE DE ORLEANS E BRAGANCA,92167403.46,LUIZ PHILIPPE DE ORLEANS E BRAGANCA,204526,Câmara,57.0,PL,PL,1.0,ok
4037,MAJOR VITOR HUGO,32741679.56,MAJOR VITOR HUGO,179587,Câmara,56.0,PL,,1.0,ok
4037,VITOR HUGO,8501794.09,VITOR HUGO,179587,Câmara,56.0,PL,,1.0,ok
4038,MARA ROCHA,26351404.77,MARA ROCHA,204471,Câmara,56.0,MDB,,1.0,ok
4039,MARCELO CALERO,38546435.36,MARCELO CALERO,204433,Câmara,57.0,PSD,PSD,1.0,ok
4040,MARCELO MORAES,130260075.87,MARCELO MORAES,133810,Câmara,57.0,PL,PL,1.0,ok
4041,MARCIO LABRE,37812694.81,MARCIO LABRE,204452,Câmara,56.0,PL,,1.0,ok
4042,MARCOS AURELIO SAMPAIO,147531988.35999998,MARCOS AURELIO SAMPAIO,204431,Câmara,57.0,PSD,MDB,1.0,ok
4043,MARGARETE COELHO,36928272.980000004,MARGARETE COELHO,204430,Câmara,56.0,PP,,1.0,ok
4044,MARILIA ARRAES,37527396.16,MARILIA ARRAES,204428,Câmara,56.0,SOLIDARIEDADE,,1.0,ok
4045,MARLON SANTOS,36377806.6,MARLON SANTOS,204403,Câmara,56.0,PL,,1.0,ok
4046,MAURO BENEVIDES FILHO,140759585.9,MAURO BENEVIDES FILHO,204486,Câmara,57.0,PDT,UNIÃO,1.0,ok
4047,NELSON BARBUDO,84916942.99,NELSON BARBUDO,204449,Câmara,57.0,PL,PODE,1.0,ok
4048,NEY LEPREVOST,30839355.0,NEY LEPREVOST,204384,Câmara,56.0,UNIÃO,,1.0,ok
4049,OLIVAL MARQUES,137824735.82,OLIVAL MARQUES,204498,Câmara,57.0,MDB,PODE,1.0,ok
4050,OSSESIO SILVA,142879653.74,OSSESIO SILVA,204422,Câmara,57.0,REPUBLICANOS,REPUBLICANOS,1.0,ok
4051,OTONI DE PAULA,124120770.59,OTONI DE PAULA,204441,Câmara,57.0,MDB,PSD,1.0,ok
4052,PASTOR GIL,134464653.54,PASTOR GIL,204570,Câmara,57.0,PL,PL,1.0,ok
4052,PASTOR GILDENEMYR,1548464.57,PASTOR GILDENEMYR,204570,Câmara,56.0,PL,,1.0,ok
4053,PAULA BELMONTE,32782625.099999998,PAULA BELMONTE,204377,Câmara,56.0,CIDADANIA,,1.0,ok
4054,PAULO GANIME,32289920.56,PAULO GANIME,204461,Câmara,56.0,NOVO,,1.0,ok
4055,PEDRO AUGUSTO BEZERRA,42439361.3,PEDRO AUGUSTO BEZERRA,90201,Câmara,56.0,PDT,,1.0,ok
4056,PEDRO LUPION,133967551.26,PEDRO LUPION,204395,Câmara,57.0,PP,REPUBLICANOS,1.0,ok
4057,PINHEIRINHO,139774555.43,PINHEIRINHO,204524,Câmara,57.0,PP,PP,1.0,ok
4058,PROFESSOR ALCIDES,144846958.97,PROFESSOR ALCIDES,204390,Câmara,57.0,PL,PSDB,1.0,ok
4059,PROFESSOR JOZIEL,35683756.73,PROFESSOR JOZIEL,204446,Câmara,56.0,PATRIOTA,,1.0,ok
4060,LUIZAO GOULART,37733152.45,LUIZAO GOULART,204418,Câmara,56.0,SOLIDARIEDADE,,1.0,ok
4061,PROFESSORA ROSA NEIDE,39216733.42,PROFESSORA ROSA NEIDE,204467,Câmara,56.0,PT,,1.0,ok
4062,RICARDO GUIDI,137876608.26,RICARDO GUIDI,204362,Câmara,57.0,PSD,PL,1.0,ok
4063,RODRIGO AGOSTINHO,41669559.81,RODRIGO AGOSTINHO,204530,Câmara,56.0,PSB,,1.0,ok
4064,ROGERIO CORREIA,130922408.38,ROGERIO CORREIA,204480,Câmara,57.0,PT,PT,1.0,ok
4065,ROSE MODESTO,39587557.59,ROSE MODESTO,204357,Câmara,56.0,UNIÃO,,1.0,ok
4066,SARGENTO FAHUR,123785762.85,SARGENTO FAHUR,204387,Câmara,57.0,PSD,PL,1.0,ok
4067,SERGIO TOLEDO,38827046.99,SERGIO TOLEDO,204438,Câmara,56.0,PV,,1.0,ok
4068,SIDNEY LEITE,145675995.19,SIDNEY LEITE,204557,Câmara,57.0,PSD,PSD,1.0,ok
4069,SILVIO COSTA FILHO,38725208.07,SILVIO COSTA FILHO,204425,Câmara,57.0,REPUBLICANOS,REPUBLICANOS,1.0,ok
4070,TALIRIA PETRONE,120242892.26,TALIRIA PETRONE,204464,Câmara,57.0,PSOL,PSOL,1.0,ok
4071,TIAGO DIMAS,67452043.18,TIAGO DIMAS,143084,Câmara,57.0,PODE,PODE,1.0,ok
4072,TITO,39057776.18,TITO,197438,Câmara,56.0,AVANTE,,1.0,ok
4073,SANDERSON,127739751.4,SANDERSON,204416,Câmara,57.0,PL,PL,1.0,ok
4074,VERMELHO,135810564.45,VERMELHO,204396,Câmara,57.0,PL,PL,1.0,ok
4075,VINICIUS FARAH,34509658.0,VINICIUS FARAH,204478,Câmara,56.0,UNIÃO,,1.0,ok
4077,ZE VITOR,141931536.42,ZE VITOR,204517,Câmara,57.0,PL,PL,1.0,ok
4078,MARCIO BITTAR,224692253.97,MARCIO BITTAR,S285,Senado,57.0,UNIÃO,PL,1.0,ok
4079,LUCAS BARRETO,201627376.0,LUCAS BARRETO,S5926,Senado,57.0,PSD,PSD,1.0,ok
4080,JAQUES WAGNER,245777421.73999998,JAQUES WAGNER,S581,Senado,57.0,PT,PT,1.0,ok
4081,CID GOMES,212333014.45,CID GOMES,S5973,Senado,57.0,PDT,PSB,1.0,ok
4082,LEILA BARROS,199915955.79,LEILA BARROS,S5979,Senado,57.0,PDT,PDT,1.0,ok
4083,VANDERLAN CARDOSO,213892787.16,VANDERLAN CARDOSO,S5899,Senado,57.0,PSD,PSD,1.0,ok
4084,WEVERTON,258598346.82,WEVERTON,S5411,Senado,57.0,PDT,PDT,1.0,ok
4085,JUIZA SELMA,1873636.55,JUIZA SELMA,S5929,Senado,57.0,PODE,PODE,1.0,ok
4086,SORAYA THRONICKE,248608183.38,SORAYA THRONICKE,S5988,Senado,57.0,UNIÃO,PSB,1.0,ok
4087,CARLOS VIANA,246722007.67000002,CARLOS VIANA,S5990,Senado,57.0,PODE,PSD,1.0,ok
4088,VENEZIANO VITAL DO REGO,255626655.82,VENEZIANO VITAL DO REGO,S5748,Senado,57.0,MDB,MDB,1.0,ok
4089,ORIOVISTO GUIMARAES,227679137.73,ORIOVISTO GUIMARAES,S5924,Senado,57.0,PODE,PSDB,1.0,ok
4090,AROLDE DE OLIVEIRA,698095.69,AROLDE DE OLIVEIRA,S751,Senado,57.0,PSD,PSD,1.0,ok
4091,ZENAIDE MAIA,250440975.29,ZENAIDE MAIA,S5783,Senado,57.0,PSD,PSD,1.0,ok
4092,CONFUCIO MOURA,228578608.39,CONFUCIO MOURA,S475,Senado,57.0,MDB,MDB,1.0,ok
4093,MECIAS DE JESUS,248673225.55,MECIAS DE JESUS,S6027,Senado,57.0,REPUBLICANOS,REPUBLICANOS,1.0,ok
4094,MARA GABRILLI,235228826.73,MARA GABRILLI,S5376,Senado,57.0,PSD,PSD,1.0,ok
4095,ROGERIO CARVALHO,264001363.57,ROGERIO CARVALHO,S5352,Senado,57.0,PT,PT,1.0,ok
4096,IRAJA,210406365.47,IRAJA,S5385,Senado,57.0,PSD,PSD,1.0,ok
4097,TED CONTI,6112685.61,TED CONTI,206231,Câmara,56.0,PSB,,1.0,ok
4098,ENEIAS REIS,161128.13,ENEIAS REIS,207309,Câmara,56.0,UNIÃO,,1.0,ok
4099,LUIZ CARLOS DO CARMO,58801446.08,LUIZ CARLOS DO CARMO,S5585,Senado,56.0,PSC,,1.0,ok
4099,LUIZ DO CARMO,8147216.1899999995,LUIZ DO CARMO,,,,,,,sem_par
4100,GREYCE ELIAS,133078886.07000001,GREYCE ELIAS,198197,Câmara,57.0,AVANTE,PL,1.0,ok
4101,GUSTINHO RIBEIRO,131187529.61,GUSTINHO RIBEIRO,204408,Câmara,57.0,REPUBLICANOS,PP,1.0,ok
4102,HELIO LOPES,109287246.56,HELIO LOPES,204444,Câmara,57.0,PL,PL,1.0,ok
4109,JOSE RICARDO,40146308.98,JOSE RICARDO,204555,Câmara,56.0,PT,,1.0,ok
4110,JULIO CESAR RIBEIRO,75339835.11,JULIO CESAR RIBEIRO,204372,Câmara,57.0,REPUBLICANOS,REPUBLICANOS,1.0,ok
4111,JUNIOR LOURENCO,145595860.79,JUNIOR LOURENCO,204574,Câmara,57.0,PL,MDB,1.0,ok
4112,LEDA SADALA,38185635.19,LEDA SADALA,204375,Câmara,56.0,PP,,1.0,ok
4113,LIZIANE BAYER,41844503.480000004,LIZIANE BAYER,S6112,Senado,57.0,REPUBLICANOS,REPUBLICANOS,1.0,ok
4114,LUIZ ANTONIO CORREA,34382201.370000005,LUIZ ANTONIO CORREA,204448,Câmara,57.0,PP,PP,1.0,ok
4115,MAJOR FABIANA,17594809.79,MAJOR FABIANA,204458,Câmara,56.0,PL,,1.0,ok
4116,MARCEL VAN HATTEM,105950259.6,MARCEL VAN HATTEM,156190,Câmara,57.0,NOVO,NOVO,1.0,ok
4117,MARCELO NILO,37569121.0,MARCELO NILO,204558,Câmara,57.0,REPUBLICANOS,REPUBLICANOS,1.0,ok
4118,MARCO BERTAIOLLI,37792587.1,MARCO BERTAIOLLI,204522,Câmara,57.0,PSD,PSD,1.0,ok
4119,MARIA ROSAS,122227937.66,MARIA ROSAS,204540,Câmara,57.0,REPUBLICANOS,REPUBLICANOS,1.0,ok
4120,MARRECA FILHO,142613099.54,MARRECA FILHO,204566,Câmara,57.0,PATRIOTA,PRD,1.0,ok
4121,NEREU CRISPIM,38784875.58,NEREU CRISPIM,204415,Câmara,56.0,PSD,,1.0,ok
4122,OSIRES DAMASO,37262555.0,OSIRES DAMASO,204363,Câmara,56.0,PSC,,1.0,ok
4123,OTTO ALENCAR FILHO,133621745.67,OTTO ALENCAR FILHO,204573,Câmara,57.0,PSD,PSD,1.0,ok
4124,PAULO BENGTSON,37180635.15,PAULO BENGTSON,204538,Câmara,56.0,PTB,,1.0,ok
4125,PEDRO LUCAS FERNANDES,147692310.59,PEDRO LUCAS FERNANDES,122974,Câmara,57.0,UNIÃO,UNIÃO,1.0,ok
4126,POLICIAL KATIA SASTRE,36073510.75,POLICIAL KATIA SASTRE,204529,Câmara,56.0,PL,,1.0,ok
4127,LUIZ FLAVIO GOMES,55115.72,LUIZ FLAVIO GOMES,204543,Câmara,56.0,PSB,,1.0,ok
4128,RAIMUNDO COSTA,139412058.18,RAIMUNDO COSTA,204567,Câmara,57.0,PODE,PSD,1.0,ok
4129,RODRIGO COELHO,45716027.58,RODRIGO COELHO,204366,Câmara,56.0,PODE,,1.0,ok
4130,SAMIA BOMFIM,105852514.54,SAMIA BOMFIM,204535,Câmara,57.0,PSOL,PSOL,1.0,ok
4131,SEVERINO PESSOA,39739694.15,SEVERINO PESSOA,204437,Câmara,56.0,MDB,,1.0,ok
4132,TABATA AMARAL,118726236.65,TABATA AMARAL,204534,Câmara,57.0,PSB,PSB,1.0,ok
4133,TIAGO MITRAUD,40895091.42,TIAGO MITRAUD,204519,Câmara,56.0,NOVO,,1.0,ok
4134,VALDEVAN NOVENTA,10907487.92,VALDEVAN NOVENTA,204385,Câmara,56.0,PL,,1.0,ok
4135,VINICIUS POIT,39241194.699999996,VINICIUS POIT,204532,Câmara,56.0,NOVO,,1.0,ok
4136,IZALCI LUCAS,198026444.25,IZALCI LUCAS,S4770,Senado,57.0,PSDB,PL,1.0,ok
4137,PLINIO VALERIO,246971932.54999998,PLINIO VALERIO,S5502,Senado,57.0,PSDB,PSDB,1.0,ok
4138,EDUARDO GIRAO,215465093.4,EDUARDO GIRAO,S5976,Senado,57.0,PODE,NOVO,1.0,ok
4139,ELIZIANE GAMA,266799559.45,ELIZIANE GAMA,S5718,Senado,57.0,PSD,PSD,1.0,ok
4140,RODRIGO PACHECO,228213130.79999998,RODRIGO PACHECO,S5732,Senado,57.0,PSD,PSB,1.0,ok
4141,DANIELLA RIBEIRO,218544696.07,DANIELLA RIBEIRO,S5998,Senado,57.0,PSD,PP,1.0,ok
4142,STYVENSON VALENTIM,266313866.58,STYVENSON VALENTIM,S5959,Senado,57.0,PODE,PODE,1.0,ok
4143,CHICO RODRIGUES,253573865.35999998,CHICO RODRIGUES,S470,Senado,57.0,PSB,PSB,1.0,ok
4144,ALESSANDRO VIEIRA,235082328.7,ALESSANDRO VIEIRA,S5982,Senado,57.0,PSDB,MDB,1.0,ok
4145,BIA CAVASSA,9425755.56,BIA CAVASSA,207176,Câmara,56.0,PSDB,,1.0,ok
4146,HAROLDO CATHEDRAL,37733819.31,HAROLDO CATHEDRAL,204465,Câmara,56.0,PSD,,1.0,ok
4147,IDILVAN ALENCAR,110850244.54,IDILVAN ALENCAR,204533,Câmara,57.0,PDT,PSB,1.0,ok
4148,IGOR TIMO,141832113.5,IGOR TIMO,204508,Câmara,57.0,PODE,UNIÃO,1.0,ok
4149,JAQUELINE CASSOL,39039993.36,JAQUELINE CASSOL,108338,Câmara,56.0,PP,,1.0,ok
4151,JOENIA WAPICHANA,34462519.24,JOENIA WAPICHANA,204468,Câmara,56.0,REDE,,1.0,ok
4152,JORGE BRAZ,118467753.94,JORGE BRAZ,205550,Câmara,57.0,REPUBLICANOS,REPUBLICANOS,1.0,ok
4153,JOSE MEDEIROS,123032940.11,JOSE MEDEIROS,204472,Câmara,57.0,PL,PL,1.0,ok
4154,JUAREZ COSTA,107502969.09,JUAREZ COSTA,204474,Câmara,57.0,MDB,REPUBLICANOS,1.0,ok
4155,KIM KATAGUIRI,119592196.04,KIM KATAGUIRI,204536,Câmara,57.0,UNIÃO,MISSÃO,1.0,ok
4156,LEO MOTTA,36457851.52,LEO MOTTA,204547,Câmara,56.0,REPUBLICANOS,,1.0,ok
4157,LUCAS GONZALEZ,36283582.57,LUCAS GONZALEZ,204523,Câmara,56.0,NOVO,,1.0,ok
4158,LUIZ LIMA,115862817.82,LUIZ LIMA,204455,Câmara,57.0,PL,NOVO,1.0,ok
4159,MANUEL MARCOS,2923747.89,MANUEL MARCOS,204469,Câmara,56.0,REPUBLICANOS,,1.0,ok
4160,MARCELO FREIXO,38065429.28,MARCELO FREIXO,76874,Câmara,56.0,PSB,,1.0,ok
4161,MARCOS PEREIRA,136074112.22,MARCOS PEREIRA,204506,Câmara,57.0,REPUBLICANOS,REPUBLICANOS,1.0,ok
4162,MARINA SANTOS,36919601.13,MARINA SANTOS,204432,Câmara,56.0,REPUBLICANOS,,1.0,ok
4163,NATALIA BONAVIDES,114292054.64,NATALIA BONAVIDES,204453,Câmara,57.0,PT,PT,1.0,ok
4164,NICOLETTI,139086980.76,NICOLETTI,204479,Câmara,57.0,UNIÃO,PL,1.0,ok
4165,OTACI NASCIMENTO,13752.0,OTACI NASCIMENTO,204475,Câmara,56.0,SOLIDARIEDADE,,1.0,ok
4165,OTTACI NASCIMENTO,44255585.72,OTTACI NASCIMENTO,204475,Câmara,56.0,SOLIDARIEDADE,,1.0,ok
4166,PASTOR SARGENTO ISIDORIO,128710452.53999999,PASTOR SARGENTO ISIDORIO,204553,Câmara,57.0,AVANTE,AVANTE,1.0,ok
4167,PAULO GUEDES,136983321.68,PAULO GUEDES,204492,Câmara,57.0,PT,PT,1.0,ok
4168,PEDRO WESTPHALEN,134990156.08,PEDRO WESTPHALEN,204406,Câmara,57.0,PP,PP,1.0,ok
4169,PROFESSOR ISRAEL BATISTA,37808891.07,PROFESSOR ISRAEL BATISTA,204383,Câmara,56.0,PSB,,1.0,ok
4170,PROFESSORA DAYANE PIMENTEL,33993937.15,PROFESSORA DAYANE PIMENTEL,204565,Câmara,56.0,UNIÃO,,1.0,ok
4171,ROSANA VALLE,126584503.8,ROSANA VALLE,204525,Câmara,57.0,PL,PL,1.0,ok
4172,SCHIAVINATO,253186.0,SCHIAVINATO,204399,Câmara,56.0,PP,,1.0,ok
4173,SILVIA CRISTINA,121273541.5,SILVIA CRISTINA,204360,Câmara,57.0,PL,PP,1.0,ok
4174,TEREZA NELMA,41047541.1,TEREZA NELMA,204466,Câmara,56.0,PSD,,1.0,ok
4175,TULIO GADELHA,117895249.67,TULIO GADELHA,157130,Câmara,57.0,REDE,PSD,1.0,ok
4176,VILSON DA FETAEMG,37715788.39,VILSON DA FETAEMG,204483,Câmara,56.0,PSB,,1.0,ok
4177,WLADIMIR GAROTINHO,7020.0,WLADIMIR GAROTINHO,204463,Câmara,56.0,PSD,,1.0,ok
4178,RODRIGO CUNHA,204991726.57,RODRIGO CUNHA,S5905,Senado,57.0,UNIÃO,PODE,1.0,ok
4179,ANGELO CORONEL,257861796.2,ANGELO CORONEL,S5967,Senado,57.0,PSD,REPUBLICANOS,1.0,ok
4180,FABIANO CONTARATO,212389442.43,FABIANO CONTARATO,S5953,Senado,57.0,PT,PT,1.0,ok
4181,NELSINHO TRAD,251979756.97,NELSINHO TRAD,S5985,Senado,57.0,PSD,PSD,1.0,ok
4181,NELSINHO TRAD FILHO,3658630.79,NELSINHO TRAD FILHO,,,,,,,sem_par
4182,ZEQUINHA MARINHO,240095037.3,ZEQUINHA MARINHO,S3806,Senado,57.0,PL,PODE,1.0,ok
4183,MARCELO CASTRO,264448383.51,MARCELO CASTRO,S742,Senado,57.0,MDB,MDB,1.0,ok
4184,LUIS CARLOS HEINZE,238728207.14,LUIS CARLOS HEINZE,S1186,Senado,57.0,PP,PP,1.0,ok
4185,JORGINHO MELLO,7066613.02,JORGINHO MELLO,S5350,Senado,57.0,PL,PL,1.0,ok
4186,EDUARDO GOMES,246368033.19,EDUARDO GOMES,S3777,Senado,57.0,PL,PL,1.0,ok
4187,VAVA MARTINS,36723179.53,VAVA MARTINS,204505,Câmara,56.0,REPUBLICANOS,,1.0,ok
4190,JOSEILDO RAMOS,146742297.88,JOSEILDO RAMOS,209189,Câmara,57.0,PT,PT,1.0,ok
4192,REINHOLD STEPHANES JUNIOR,8667877.52,REINHOLD STEPHANES JUNIOR,205865,Câmara,56.0,PSD,,1.0,ok
4196,PATRICIA FERRAZ,31437251.0,PATRICIA FERRAZ,205535,Câmara,56.0,PL,,1.0,ok
4200,"RIBAMAR ANTONIO DA SILVA (EX-PARLAMENTAR RICARDO SILVA, NOS TERMOS ART. 78 LDO 2025 E DA MENSAGEM 95-CN, DE 06.11.25)",37175985.0,RIBAMAR ANTONIO DA SILVA EX PARLAMENTAR RICARDO SILVA NOS TERMOS ART LDO E DA MENSAGEM CN DE,,,,,,,sem_par
4200,RICARDO SILVA,71038035.32,RICARDO SILVA,213274,Câmara,57.0,PSD,PSD,1.0,ok
4201,CARLOS FAVARO,260344875.21,CARLOS FAVARO,S6295,Senado,57.0,PSD,PSD,1.0,ok
4202,CARLA DICKSON,54981583.21,CARLA DICKSON,213762,Câmara,57.0,UNIÃO,PL,1.0,ok
4209,JORGE GOETTEN,91372434.02,JORGE GOETTEN,214694,Câmara,57.0,PL,REPUBLICANOS,1.0,ok
4210,CARLOS PORTINHO,237842020.74,CARLOS PORTINHO,S5936,Senado,57.0,PL,PL,1.0,ok
4211,RICARDO DA KAROL,21856538.12,RICARDO DA KAROL,215042,Câmara,56.0,PDT,,1.0,ok
4212,DEP. JOSIVALDO JP,37871440.44,DEP JOSIVALDO JP,,,,,,,sem_par
4212,JOSIVALDO JP,104145000.11,JOSIVALDO JP,215043,Câmara,57.0,PSD,UNIÃO,1.0,ok
4213,MILTON COELHO,41046865.03,MILTON COELHO,92172,Câmara,56.0,PSB,,1.0,ok
4214,PEDRO AUGUSTO PALARETI,37874450.48,PEDRO AUGUSTO PALARETI,215045,Câmara,56.0,PP,,1.0,ok
4215,VIVI REIS,24632799.77,VIVI REIS,215044,Câmara,56.0,PSOL,,1.0,ok
4216,DR. GONCALO,7085000.0,DR GONCALO,212625,Câmara,57.0,REPUBLICANOS,PODE,1.0,ok
4218,NILDA GONDIM,70783179.69,NILDA GONDIM,S5281,Senado,56.0,MDB,,1.0,ok
4221,GIORDANO,274051672.43,GIORDANO,S6008,Senado,57.0,MDB,PODE,1.0,ok
4225,PEDRO DALUA,6735555.0,PEDRO DALUA,217330,Câmara,56.0,PSC,,1.0,ok
4226,JONES MOURA,33481891.490000002,JONES MOURA,217480,Câmara,57.0,PSD,PSD,1.0,ok
4227,MARIA ELIZA,7057671.73,MARIA ELIZA,S6019,Senado,57.0,MDB,MDB,1.0,ok
4228,ELIANE NOGUEIRA,63757997.5,ELIANE NOGUEIRA,S5898,Senado,57.0,PP,PP,1.0,ok
4229,ELY SANTOS,104020244.81,ELY SANTOS,218086,Câmara,57.0,REPUBLICANOS,REPUBLICANOS,1.0,ok
4232,ALEXANDRE SILVEIRA,48291063.980000004,ALEXANDRE SILVEIRA,S4610,Senado,56.0,PSD,,1.0,ok
4239,DRA. EUDOCIA,39038688.57,DRA EUDOCIA,S5906,Senado,57.0,PSB,PSDB,1.0,ok
4250,JULIO VENTURA,58548153.230000004,JULIO VENTURA,S5972,Senado,57.0,PDT,PDT,1.0,ok
4251,IVETE DA SILVEIRA,239114037.48,IVETE DA SILVEIRA,S6010,Senado,57.0,MDB,MDB,1.0,ok
4252,FERNANDO DUEIRE,173353182.69,FERNANDO DUEIRE,S5917,Senado,57.0,MDB,PSD,1.0,ok
4258,ALFREDINHO,84672719.0,ALFREDINHO,221148,Câmara,57.0,PT,PT,1.0,ok
4265,ASTRONAUTA MARCOS PONTES,143788299.5,ASTRONAUTA MARCOS PONTES,S6009,Senado,57.0,PL,PL,1.0,ok
4266,BETO FARO,199625622.35,BETO FARO,S4639,Senado,57.0,PT,PT,1.0,ok
4267,CLEITINHO,182704452.21,CLEITINHO,S6337,Senado,57.0,REPUBLICANOS,REPUBLICANOS,1.0,ok
4268,DAMARES ALVES,112880925.86,DAMARES ALVES,S6335,Senado,57.0,REPUBLICANOS,REPUBLICANOS,1.0,ok
4269,DR. HIRAN,127445660.06,DR HIRAN,S5793,Senado,57.0,PP,PP,1.0,ok
4270,EFRAIM FILHO,167063989.86,EFRAIM FILHO,S4642,Senado,57.0,UNIÃO,PL,1.0,ok
4271,HAMILTON MOURAO,163983801.06,HAMILTON MOURAO,S6341,Senado,57.0,REPUBLICANOS,REPUBLICANOS,1.0,ok
4272,JAIME BAGATTOLI,170036816.28,JAIME BAGATTOLI,S6340,Senado,57.0,PL,PL,1.0,ok
4273,JORGE SEIF,140181666.24,JORGE SEIF,S6342,Senado,57.0,PL,PL,1.0,ok
4274,LAERCIO OLIVEIRA,181031374.49,LAERCIO OLIVEIRA,S4811,Senado,57.0,PP,PP,1.0,ok
4275,PROFESSORA DORINHA SEABRA,197728538.51,PROFESSORA DORINHA SEABRA,S5386,Senado,57.0,UNIÃO,UNIÃO,1.0,ok
4276,ROGERIO MARINHO,195190930.46,ROGERIO MARINHO,S4694,Senado,57.0,PL,PL,1.0,ok
4277,SERGIO MORO,167820994.2,SERGIO MORO,S6331,Senado,57.0,UNIÃO,PL,1.0,ok
4278,TERESA LEITAO,158385042.21,TERESA LEITAO,S6338,Senado,57.0,PT,PT,1.0,ok
4279,TEREZA CRISTINA,112828848.45,TEREZA CRISTINA,S5736,Senado,57.0,PP,PP,1.0,ok
4281,AUGUSTA BRITO,166712941.0,AUGUSTA BRITO,S6350,Senado,57.0,PT,PT,1.0,ok
4283,ANA PAULA LOBATO,187542221.31,ANA PAULA LOBATO,S6358,Senado,57.0,,PSB,1.0,ok
4285,FERNANDO FARIAS,197581802.46,FERNANDO FARIAS,S6345,Senado,57.0,MDB,MDB,1.0,ok
4289,DELEGADO BRUNO LIMA,45178924.12,DELEGADO BRUNO LIMA,220642,Câmara,57.0,PP,PODE,1.0,ok
4290,ABILIO BRUNINI,33327135.72,ABILIO BRUNINI,220593,Câmara,57.0,PL,PL,1.0,ok
4290,"RODRIGO DA ZAELI (EX-PARLAMENTAR ABILIO BRUNINI, NOS TERMOS ART. 78 LDO 2025 E DA MENSAGEM 95-CN, DE 06.11.25)",36538069.46,RODRIGO DA ZAELI EX PARLAMENTAR ABILIO BRUNINI NOS TERMOS ART LDO E DA MENSAGEM CN DE,,,,,,,sem_par
4291,ADAIL FILHO,109560118.21,ADAIL FILHO,220714,Câmara,57.0,REPUBLICANOS,MDB,1.0,ok
4292,ADILSON BARROSO,74512907.74,ADILSON BARROSO,221328,Câmara,57.0,PL,PL,1.0,ok
4293,ALBUQUERQUE,74583589.42,ALBUQUERQUE,220538,Câmara,57.0,REPUBLICANOS,REPUBLICANOS,1.0,ok
4294,ALEXANDRE GUIMARAES,92541365.36,ALEXANDRE GUIMARAES,220542,Câmara,57.0,REPUBLICANOS,MDB,1.0,ok
4295,ALEXANDRE LINDENMEYER,84057044.69,ALEXANDRE LINDENMEYER,220554,Câmara,57.0,PT,PT,1.0,ok
4296,ALFREDO GASPAR,106078654.97,ALFREDO GASPAR,220576,Câmara,57.0,UNIÃO,PL,1.0,ok
4297,AMALIA BARROS,36431842.36,AMALIA BARROS,220596,Câmara,57.0,PL,PL,1.0,ok
4298,AMANDA GENTIL,111631709.12,AMANDA GENTIL,220707,Câmara,57.0,PP,PP,1.0,ok
4299,AMOM MANDEL,96650723.77,AMOM MANDEL,220715,Câmara,57.0,CIDADANIA,REPUBLICANOS,1.0,ok
4300,ANA PAULA LEAO,93761936.51,ANA PAULA LEAO,107970,Câmara,57.0,PP,PP,1.0,ok
4301,ANA PAULA LIMA,78799526.11,ANA PAULA LIMA,220556,Câmara,57.0,PT,PT,1.0,ok
4302,ANA PIMENTEL,85510042.12,ANA PIMENTEL,220632,Câmara,57.0,PT,PT,1.0,ok
4303,ANDRE FERNANDES,52437225.72,ANDRE FERNANDES,220657,Câmara,57.0,PL,PL,1.0,ok
4304,ANDREIA SIQUEIRA,108490450.65,ANDREIA SIQUEIRA,220676,Câmara,57.0,MDB,PSB,1.0,ok
4305,ANTONIO ANDRADE,93550974.27,ANTONIO ANDRADE,220544,Câmara,57.0,REPUBLICANOS,PSDB,1.0,ok
4306,ANTONIO CARLOS RODRIGUES,99997213.6,ANTONIO CARLOS RODRIGUES,220638,Câmara,57.0,PL,PODE,1.0,ok
4307,ANTONIO DOIDO,106241272.43,ANTONIO DOIDO,220675,Câmara,57.0,MDB,MDB,1.0,ok
4308,ANY ORTIZ,87391603.83,ANY ORTIZ,220549,Câmara,57.0,CIDADANIA,PP,1.0,ok
4309,ATILA LIRA,104249105.9,ATILA LIRA,123086,Câmara,57.0,PP,PP,1.0,ok
4310,"ALINE GURGEL (EX-PARLAMENTAR JOSE AUGUSTO PUPPIO, NOS TERMOS ART. 78 LDO 2025 E DA MENSAGEM 95-CN, DE 06.11.25)",8726375.41,ALINE GURGEL EX PARLAMENTAR JOSE AUGUSTO PUPPIO NOS TERMOS ART LDO E DA MENSAGEM CN DE,,,,,,,sem_par
4310,AUGUSTO PUPPIO,31302354.009999998,AUGUSTO PUPPIO,220577,Câmara,57.0,MDB,MDB,1.0,ok
4311,BANDEIRA DE MELLO,94402443.85,BANDEIRA DE MELLO,220605,Câmara,57.0,PSB,PV,1.0,ok
4312,BEBETO,97381499.88,BEBETO,220612,Câmara,57.0,PP,PP,2.0,ambiguo
4313,BETO PRETO,96115877.2,BETO PRETO,220698,Câmara,57.0,PSD,PSD,1.0,ok
4314,BETO RICHA,90777282.02,BETO RICHA,220683,Câmara,57.0,PSDB,PSDB,1.0,ok
4315,BRUNO FARIAS,99256700.53,BRUNO FARIAS,210989,Câmara,57.0,AVANTE,REPUBLICANOS,1.0,ok
4316,BRUNO GANEM,81185265.12,BRUNO GANEM,220635,Câmara,57.0,PODE,PODE,1.0,ok
4317,CABO GILBERTO SILVA,73073511.21,CABO GILBERTO SILVA,220574,Câmara,57.0,PL,PL,1.0,ok
4318,CAMILA JARA,92373314.74,CAMILA JARA,220548,Câmara,57.0,PT,PT,1.0,ok
4319,CAPITAO ALDEN,84994566.74,CAPITAO ALDEN,220690,Câmara,57.0,PL,PL,1.0,ok
4320,CAROL DARTORA,85685025.6,CAROL DARTORA,220704,Câmara,57.0,PT,PT,1.0,ok
4321,CASTRO NETO,108580985.23,CASTRO NETO,220699,Câmara,57.0,PSD,MDB,1.0,ok
4322,CELIA XAKRIABA,82803223.31,CELIA XAKRIABA,206018,Câmara,57.0,PSOL,PSOL,1.0,ok
4323,CLARISSA TERCIO,101469903.8,CLARISSA TERCIO,220665,Câmara,57.0,PP,PP,1.0,ok
4324,CLODOALDO MAGALHAES,103957354.67,CLODOALDO MAGALHAES,88256,Câmara,57.0,PV,PV,1.0,ok
4325,COBALCHINI,96850089.43,COBALCHINI,98148,Câmara,57.0,MDB,MDB,1.0,ok
4326,CORONEL ASSIS,82914815.99,CORONEL ASSIS,220594,Câmara,57.0,UNIÃO,PL,1.0,ok
4327,CORONEL FERNANDA,85561266.0,CORONEL FERNANDA,220595,Câmara,57.0,PL,PL,1.0,ok
4328,CORONEL MEIRA,77186716.67,CORONEL MEIRA,220666,Câmara,57.0,PL,PL,1.0,ok
4329,CORONEL TELHADA,37721464.96,CORONEL TELHADA,222142,Câmara,57.0,PP,PP,1.0,ok
4330,CORONEL ULYSSES,93793819.28,CORONEL ULYSSES,220590,Câmara,57.0,UNIÃO,UNIÃO,1.0,ok
4331,CRISTIANE LOPES,93737197.89,CRISTIANE LOPES,220608,Câmara,57.0,UNIÃO,PODE,1.0,ok
4332,DAIANA SANTOS,78498692.13,DAIANA SANTOS,220555,Câmara,57.0,PCdoB,PCdoB,1.0,ok
4333,DAL BARRETO,96574271.31,DAL BARRETO,220692,Câmara,57.0,UNIÃO,UNIÃO,1.0,ok
4334,DANDARA,77420673.27,DANDARA,220629,Câmara,57.0,PT,PT,1.0,ok
4335,DANI CUNHA,97462109.71000001,DANI CUNHA,220603,Câmara,57.0,UNIÃO,PL,1.0,ok
4336,DANIEL AGROBOM,100283052.95,DANIEL AGROBOM,220571,Câmara,57.0,PL,PSD,1.0,ok
4337,DANIEL BARBOSA,91663035.3,DANIEL BARBOSA,220582,Câmara,57.0,PP,PP,1.0,ok
4338,DR. DANIEL SORANZ,100568469.2,DR DANIEL SORANZ,220614,Câmara,57.0,PSD,PSD,1.0,ok
4339,DANIELA REINEHR,93893039.55,DANIELA REINEHR,220557,Câmara,57.0,PL,PL,1.0,ok
4340,DAYANY BITTENCOURT,104253603.02,DAYANY BITTENCOURT,220659,Câmara,57.0,UNIÃO,UNIÃO,1.0,ok
4341,DEFENSOR STELIO DENER,83946621.73,DEFENSOR STELIO DENER,220539,Câmara,57.0,REPUBLICANOS,UNIÃO,1.0,ok
4342,DELEGADA ADRIANA ACCORSI,87353326.47,DELEGADA ADRIANA ACCORSI,220565,Câmara,57.0,PT,PT,1.0,ok
4343,DELEGADA IONE,99275904.59,DELEGADA IONE,220625,Câmara,57.0,AVANTE,PL,1.0,ok
4344,DELEGADA KATARINA,90794140.65,DELEGADA KATARINA,220561,Câmara,57.0,PSD,PSD,1.0,ok
4345,DELEGADO CAVEIRA,90080667.84,DELEGADO CAVEIRA,220673,Câmara,57.0,PL,PL,1.0,ok
4346,DELEGADO DA CUNHA,88293747.82,DELEGADO DA CUNHA,220649,Câmara,57.0,PP,UNIÃO,1.0,ok
4347,DELEGADO FABIO COSTA,105251323.92,DELEGADO FABIO COSTA,220583,Câmara,57.0,PP,PP,1.0,ok
4348,DELEGADO MATHEUS LAIOLA,77324339.62,DELEGADO MATHEUS LAIOLA,220701,Câmara,57.0,UNIÃO,UNIÃO,1.0,ok
4349,DELEGADO PALUMBO,93361184.42,DELEGADO PALUMBO,220652,Câmara,57.0,MDB,PODE,1.0,ok
4350,DELEGADO PAULO BILYNSKYJ,86724180.93,DELEGADO PAULO BILYNSKYJ,220654,Câmara,57.0,PL,PL,1.0,ok
4351,DELEGADO RAMAGEM,63792888.39,DELEGADO RAMAGEM,220619,Câmara,57.0,PL,PL,1.0,ok
4351,"DR. FLAVIO (EX-PARLAMENTAR DELEGADO RAMAGEM, NOS TERMOS DA DECISAO ADPF 854, DE 03",27692613.0,DR FLAVIO EX PARLAMENTAR DELEGADO RAMAGEM NOS TERMOS DA DECISAO ADPF DE,,,,,,,sem_par
4353,DENISE PESSOA,90966133.34,DENISE PESSOA,220553,Câmara,57.0,PT,PT,1.0,ok
4354,DETINHA,54613111.02,DETINHA,220689,Câmara,57.0,PL,PL,1.0,ok
4355,DIEGO CORONEL,106254253.66,DIEGO CORONEL,220691,Câmara,57.0,PSD,REPUBLICANOS,1.0,ok
4356,DILVANDA FARO,110502104.33,DILVANDA FARO,220671,Câmara,57.0,PT,PT,1.0,ok
4357,DIMAS GADELHA,83321585.48,DIMAS GADELHA,220602,Câmara,57.0,PT,PT,1.0,ok
4358,DORINALDO MALAFAIA,89376876.49,DORINALDO MALAFAIA,220573,Câmara,57.0,PDT,PDT,1.0,ok
4359,DR. BENJAMIM,75096637.15,DR BENJAMIM,221339,Câmara,57.0,UNIÃO,UNIÃO,1.0,ok
4360,DR. FERNANDO MAXIMO,87913908.79,DR FERNANDO MAXIMO,220610,Câmara,57.0,UNIÃO,PL,1.0,ok
4361,DR. FRANCISCO,100668973.21,DR FRANCISCO,220688,Câmara,57.0,PT,PT,1.0,ok
4362,DR. VICTOR LINHALIS,99225053.47,DR VICTOR LINHALIS,220528,Câmara,57.0,PODE,PSB,1.0,ok
4363,DRA. ALESSANDRA HABER,103774070.55,DRA ALESSANDRA HABER,220674,Câmara,57.0,MDB,PODE,1.0,ok
4364,DUARTE JR.,100663197.08,DUARTE JR,220686,Câmara,57.0,PSB,AVANTE,1.0,ok
4365,DUDA RAMOS,84867561.53,DUDA RAMOS,220540,Câmara,57.0,MDB,PODE,1.0,ok
4366,DUDA SALABERT,88626530.85,DUDA SALABERT,220623,Câmara,57.0,PDT,PSOL,1.0,ok
4367,ERIBERTO MEDEIROS,97369276.5,ERIBERTO MEDEIROS,220663,Câmara,57.0,PSB,PSB,1.0,ok
4368,ERIKA HILTON,76756685.78,ERIKA HILTON,220645,Câmara,57.0,PSOL,PSOL,1.0,ok
4369,FABIO MACEDO,84436005.88,FABIO MACEDO,220681,Câmara,57.0,PODE,PODE,1.0,ok
4370,FABIO TERUEL,105231494.65,FABIO TERUEL,220653,Câmara,57.0,MDB,MDB,1.0,ok
4371,FAUSTO JR.,40252007.0,FAUSTO JR,220712,Câmara,57.0,UNIÃO,UNIÃO,1.0,ok
4371,FAUSTO SANTOS JR.,73405068.08,FAUSTO SANTOS JR,220712,Câmara,57.0,UNIÃO,UNIÃO,1.0,ok
4372,FELIPE BECARI,88343640.9,FELIPE BECARI,220646,Câmara,57.0,UNIÃO,PODE,1.0,ok
4373,FERNANDA PESSOA,101225584.65,FERNANDA PESSOA,220656,Câmara,57.0,UNIÃO,PSD,1.0,ok
4374,FERNANDO MINEIRO,85856455.26,FERNANDO MINEIRO,204445,Câmara,57.0,PT,PT,1.0,ok
4375,FILIPE MARTINS,101954285.15,FILIPE MARTINS,220545,Câmara,57.0,PL,PL,1.0,ok
4376,FLORENTINO NETO,108843812.15,FLORENTINO NETO,220700,Câmara,57.0,PT,PT,1.0,ok
4377,FRANCIANE BAYER,96031248.56,FRANCIANE BAYER,220551,Câmara,57.0,REPUBLICANOS,REPUBLICANOS,1.0,ok
4378,FRED LINHARES,78499651.58,FRED LINHARES,220534,Câmara,57.0,REPUBLICANOS,REPUBLICANOS,1.0,ok
4379,GABRIEL NUNES,102206660.36,GABRIEL NUNES,220708,Câmara,57.0,PSD,PSD,1.0,ok
4380,GENERAL PAZUELLO,80929712.93,GENERAL PAZUELLO,220611,Câmara,57.0,PL,PL,1.0,ok
4381,GERALDO MENDES,57660713.96,GERALDO MENDES,220702,Câmara,57.0,UNIÃO,UNIÃO,1.0,ok
4382,GERLEN DINIZ,29647967.0,GERLEN DINIZ,220587,Câmara,57.0,PP,PP,1.0,ok
4382,"ZE ADRIANO (EX-PARLAMENTAR GERLEN DINIZ, NOS TERMOS ART. 78 LDO 2025 E DA MENSAGEM 95-CN, DE 06.11.25)",34408279.09,ZE ADRIANO EX PARLAMENTAR GERLEN DINIZ NOS TERMOS ART LDO E DA MENSAGEM CN DE,,,,,,,sem_par
4383,GILSON DANIEL,88507129.45,GILSON DANIEL,220529,Câmara,57.0,PODE,PODE,1.0,ok
4384,GILVAN DA FEDERAL,77321968.37,GILVAN DA FEDERAL,220526,Câmara,57.0,PL,PL,1.0,ok
4385,GILVAN MAXIMO,32471470.17,GILVAN MAXIMO,220531,Câmara,57.0,REPUBLICANOS,REPUBLICANOS,1.0,ok
4385,"RODRIGO ROLLEMBERG (EX-PARLAMENTAR GILVAN MAXIMO, NOS TERMOS ART. 78 LDO 2025 E DA MENSAGEM 95-CN, DE 06.11.25)",36201300.83,RODRIGO ROLLEMBERG EX PARLAMENTAR GILVAN MAXIMO NOS TERMOS ART LDO E DA MENSAGEM CN DE,,,,,,,sem_par
4386,GUILHERME BOULOS,70986690.96000001,GUILHERME BOULOS,220639,Câmara,57.0,PSOL,PSOL,1.0,ok
4387,GUILHERME UCHOA,93147066.33,GUILHERME UCHOA,220664,Câmara,57.0,PSB,PSD,1.0,ok
4388,GUSTAVO GAYER,30661564.6,GUSTAVO GAYER,220568,Câmara,57.0,PL,PL,1.0,ok
4389,HELENA LIMA,69228731.22,HELENA LIMA,220537,Câmara,57.0,MDB,PSD,1.0,ok
4390,HENDERSON PINTO,105163632.08,HENDERSON PINTO,220672,Câmara,57.0,MDB,UNIÃO,1.0,ok
4391,ICARO DE VALMIR,95692444.48,ICARO DE VALMIR,220563,Câmara,57.0,PL,REPUBLICANOS,1.0,ok
4392,ISMAEL,90791017.21,ISMAEL,98615,Câmara,57.0,PSD,PL,1.0,ok
4393,DR. ISMAEL ALEXANDRINO,42346035.05,DR ISMAEL ALEXANDRINO,220570,Câmara,57.0,PSD,PSD,1.0,ok
4393,ISMAEL ALEXANDRINO,32607209.09,ISMAEL ALEXANDRINO,220570,Câmara,57.0,PSD,PSD,1.0,ok
4394,ALAN RICK,179815983.41,ALAN RICK,S5672,Senado,57.0,UNIÃO,REPUBLICANOS,1.0,ok
4395,IVONEIDE CAETANO,100835787.48,IVONEIDE CAETANO,220696,Câmara,57.0,PT,PT,1.0,ok
4396,IZA ARRUDA,107901523.9,IZA ARRUDA,220670,Câmara,57.0,MDB,MDB,1.0,ok
4397,JACK ROCHA,76707659.0,JACK ROCHA,220527,Câmara,57.0,PT,PT,1.0,ok
4398,JADYEL ALENCAR,106060611.93,JADYEL ALENCAR,220697,Câmara,57.0,PV,REPUBLICANOS,1.0,ok
4399,JEFERSON RODRIGUES,90238963.73,JEFERSON RODRIGUES,220567,Câmara,57.0,REPUBLICANOS,PSDB,1.0,ok
4400,JOSENILDO,101300090.69,JOSENILDO,220578,Câmara,57.0,PDT,PDT,1.0,ok
4401,JULIA ZANATTA,94000907.01,JULIA ZANATTA,220559,Câmara,57.0,PL,PL,1.0,ok
4402,JULIANA CARDOSO,82287470.48,JULIANA CARDOSO,220640,Câmara,57.0,PT,PT,1.0,ok
4403,JULIO ARCOVERDE,107470332.7,JULIO ARCOVERDE,66385,Câmara,57.0,PP,PP,1.0,ok
4404,KENISTON BRAGA,105035515.7,KENISTON BRAGA,220677,Câmara,57.0,MDB,MDB,1.0,ok
4405,KIKO CELEGUIM,82908251.32,KIKO CELEGUIM,162067,Câmara,57.0,PT,PT,1.0,ok
4406,LEBRAO,37871585.0,LEBRAO,220600,Câmara,57.0,UNIÃO,UNIÃO,1.0,ok
4406,"RAFAEL BENTO (EX-PARLAMENTAR LEBRAO, NOS TERMOS ART. 78 LDO 2025 E DA MENSAGEM 95-CN, DE 06.11.25)",36847394.68,RAFAEL BENTO EX PARLAMENTAR LEBRAO NOS TERMOS ART LDO E DA MENSAGEM CN DE,,,,,,,sem_par
4407,LEDA BORGES,91621013.3,LEDA BORGES,220566,Câmara,57.0,PSDB,REPUBLICANOS,1.0,ok
4408,LEO PRATES,88697824.41,LEO PRATES,80815,Câmara,57.0,PDT,REPUBLICANOS,1.0,ok
4409,LUCAS RAMOS,92241483.7,LUCAS RAMOS,220662,Câmara,57.0,PSB,PSB,1.0,ok
4410,LUCIANO AMARAL,115076100.28999999,LUCIANO AMARAL,220581,Câmara,57.0,PV,PSD,1.0,ok
4411,LUCIANO VIEIRA,107105306.88,LUCIANO VIEIRA,220616,Câmara,57.0,PL,PSDB,1.0,ok
4413,LUIZ GASTAO,98065577.82,LUIZ GASTAO,220658,Câmara,57.0,PSD,PSD,1.0,ok
4414,LULA DA FONTE,98122736.0,LULA DA FONTE,220669,Câmara,57.0,PP,PP,1.0,ok
4415,MARANGONI,98631098.23,MARANGONI,220648,Câmara,57.0,UNIÃO,PODE,1.0,ok
4416,MARCELO CRIVELLA,42697541.78,MARCELO CRIVELLA,220599,Câmara,57.0,REPUBLICANOS,REPUBLICANOS,1.0,ok
4418,MARCELO QUEIROZ,85039598.91,MARCELO QUEIROZ,160161,Câmara,57.0,PP,PSDB,1.0,ok
4419,MARCIO HONAISER,102330757.32,MARCIO HONAISER,220687,Câmara,57.0,PDT,SOLIDARIEDADE,1.0,ok
4420,MARCOS POLLON,90398879.98,MARCOS POLLON,220547,Câmara,57.0,PL,PL,1.0,ok
4421,MARCOS TAVARES,89361970.92,MARCOS TAVARES,220604,Câmara,57.0,PDT,PDT,1.0,ok
4422,MARIA ARRAES,106134369.25999999,MARIA ARRAES,220668,Câmara,57.0,SOLIDARIEDADE,PSB,1.0,ok
4423,MARIO FRIAS,72470256.83,MARIO FRIAS,220655,Câmara,57.0,PL,PL,1.0,ok
4424,MARUSSA BOLDRIN,98900608.41,MARUSSA BOLDRIN,220572,Câmara,57.0,MDB,REPUBLICANOS,1.0,ok
4425,MATHEUS NORONHA,107159368.12,MATHEUS NORONHA,220661,Câmara,57.0,PL,PL,1.0,ok
4426,MAURICIO CARVALHO,84141066.63,MAURICIO CARVALHO,220609,Câmara,57.0,UNIÃO,UNIÃO,1.0,ok
4427,MAURICIO DO VOLEI,85957545.9,MAURICIO DO VOLEI,220628,Câmara,57.0,PL,PL,1.0,ok
4428,MAURICIO MARCON,92249099.37,MAURICIO MARCON,220550,Câmara,57.0,PODE,PL,1.0,ok
4429,MAURICIO NEVES,101609305.21,MAURICIO NEVES,220647,Câmara,57.0,PP,PP,1.0,ok
4430,MAX LEMOS,94830925.44,MAX LEMOS,220607,Câmara,57.0,PROS,UNIÃO,1.0,ok
4431,MEIRE SERAFIM,77938992.78999999,MEIRE SERAFIM,220591,Câmara,57.0,UNIÃO,UNIÃO,1.0,ok
4432,MERSINHO LUCENA,97607254.0,MERSINHO LUCENA,220585,Câmara,57.0,PP,PSD,1.0,ok
4433,MESSIAS DONATO,85866621.13,MESSIAS DONATO,220530,Câmara,57.0,REPUBLICANOS,UNIÃO,1.0,ok
4434,MIGUEL ANGELO,90491962.35,MIGUEL ANGELO,171786,Câmara,57.0,PT,PT,1.0,ok
4435,MURILLO GOUVEA,96921881.83,MURILLO GOUVEA,220617,Câmara,57.0,UNIÃO,PSDB,1.0,ok
4436,MURILO GALDINO,91417801.35,MURILO GALDINO,220584,Câmara,57.0,REPUBLICANOS,REPUBLICANOS,1.0,ok
4437,NELY AQUINO,104560718.63,NELY AQUINO,220622,Câmara,57.0,PODE,PODE,1.0,ok
4438,NETO CARLETTO,102053040.42,NETO CARLETTO,220703,Câmara,57.0,PP,AVANTE,1.0,ok
4439,NIKOLAS FERREIRA,84183643.29,NIKOLAS FERREIRA,209787,Câmara,57.0,PL,PL,1.0,ok
4440,PADOVANI,67931848.41,PADOVANI,220706,Câmara,57.0,UNIÃO,PP,1.0,ok
4441,PASTOR DINIZ,83321306.08,PASTOR DINIZ,180214,Câmara,57.0,UNIÃO,UNIÃO,1.0,ok
4442,PASTOR HENRIQUE VIEIRA,74713273.6,PASTOR HENRIQUE VIEIRA,220615,Câmara,57.0,PSOL,PSOL,1.0,ok
4443,"CARLA DICKSON (EX-PARLAMENTAR PAULINHO FREIRE, NOS TERMOS ART. 78 LDO 2025 E DA MENSAGEM 95-CN, DE 06.11.25)",36939216.15,CARLA DICKSON EX PARLAMENTAR PAULINHO FREIRE NOS TERMOS ART LDO E DA MENSAGEM CN DE,,,,,,,sem_par
4443,PAULINHO FREIRE,36527854.0,PAULINHO FREIRE,220627,Câmara,57.0,UNIÃO,UNIÃO,1.0,ok
4444,PAULO ALEXANDRE BARBOSA,94460405.47,PAULO ALEXANDRE BARBOSA,220650,Câmara,57.0,PSDB,PSD,1.0,ok
4445,PAULO LITRO,104073085.93,PAULO LITRO,220685,Câmara,57.0,PSD,UNIÃO,1.0,ok
4446,PEDRO AIHARA,93302566.54,PEDRO AIHARA,220630,Câmara,57.0,PATRIOTA,PP,1.0,ok
4447,PEDRO CAMPOS,93504585.28,PEDRO CAMPOS,220667,Câmara,57.0,PSB,PSB,1.0,ok
4448,PEZENTI,91463879.21,PEZENTI,161440,Câmara,57.0,MDB,MDB,1.0,ok
4449,PROF. REGINALDO VERAS,73620610.48,PROF REGINALDO VERAS,220533,Câmara,57.0,PV,PV,1.0,ok
4450,"MARCIVANIA FLEXA (EX-PARLAMENTAR MARIA GORETH, NOS TERMOS ART. 78 LDO 2025 E DA MENSAGEM 95-CN, DE 06.11.25)",34764338.31,MARCIVANIA FLEXA EX PARLAMENTAR MARIA GORETH NOS TERMOS ART LDO E DA MENSAGEM CN DE,,,,,,,sem_par
4450,PROFESSORA GORETH,36343782.1,PROFESSORA GORETH,220580,Câmara,57.0,PDT,PDT,1.0,ok
4451,PROFESSORA LUCIENE CAVALCANTE,78956312.72,PROFESSORA LUCIENE CAVALCANTE,221338,Câmara,57.0,PSOL,PSOL,1.0,ok
4452,RAFAEL BRITO,109972856.3,RAFAEL BRITO,220586,Câmara,57.0,MDB,MDB,1.0,ok
4453,RAFAEL PRUDENTE,77549678.03,RAFAEL PRUDENTE,220532,Câmara,57.0,MDB,MDB,1.0,ok
4454,RAFAEL SIMOES,103408057.14,RAFAEL SIMOES,220626,Câmara,57.0,UNIÃO,UNIÃO,1.0,ok
4455,REGINETE BISPO,69919395.62,REGINETE BISPO,221378,Câmara,57.0,PT,PT,1.0,ok
4456,REIMONT,80957427.76,REIMONT,220606,Câmara,57.0,PT,PT,1.0,ok
4457,RENILCE NICODEMOS,99245573.47,RENILCE NICODEMOS,153423,Câmara,57.0,MDB,MDB,1.0,ok
4458,RICARDO ABRAO,27760496.8,RICARDO ABRAO,221329,Câmara,57.0,UNIÃO,PSDB,1.0,ok
4459,RICARDO AYRES,107395762.18,RICARDO AYRES,220543,Câmara,57.0,REPUBLICANOS,REPUBLICANOS,1.0,ok
4460,RICARDO MAIA,107855740.3,RICARDO MAIA,220694,Câmara,57.0,MDB,MDB,1.0,ok
4461,RICARDO SALLES,53311093.39,RICARDO SALLES,220633,Câmara,57.0,PL,NOVO,1.0,ok
4462,ROBERTA ROMA,86435653.1,ROBERTA ROMA,220693,Câmara,57.0,PL,PL,1.0,ok
4463,ROBERTO DUARTE,83059816.74,ROBERTO DUARTE,220588,Câmara,57.0,REPUBLICANOS,REPUBLICANOS,1.0,ok
4464,ROBERTO MONTEIRO PAI,79512848.95,ROBERTO MONTEIRO PAI,220613,Câmara,57.0,PL,PL,1.0,ok
4465,ROBINSON FARIA,103626720.05,ROBINSON FARIA,220624,Câmara,57.0,PL,PP,1.0,ok
4466,RODOLFO NOGUEIRA,108148458.67,RODOLFO NOGUEIRA,220546,Câmara,57.0,PL,PL,1.0,ok
4468,RODRIGO GAMBALE,101742515.95,RODRIGO GAMBALE,220641,Câmara,57.0,PODE,PODE,1.0,ok
4469,RODRIGO VALADARES,88232454.32,RODRIGO VALADARES,165470,Câmara,57.0,UNIÃO,PL,1.0,ok
4470,ROGERIA SANTOS,88512081.56,ROGERIA SANTOS,220695,Câmara,57.0,REPUBLICANOS,REPUBLICANOS,1.0,ok
4471,ROSANGELA MORO,78191501.12,ROSANGELA MORO,220644,Câmara,57.0,UNIÃO,PL,1.0,ok
4472,ROSANGELA REIS,105454098.83,ROSANGELA REIS,220620,Câmara,57.0,PL,PL,1.0,ok
4473,SAMUEL VIANA,100634925.08,SAMUEL VIANA,220631,Câmara,57.0,PL,UNIÃO,1.0,ok
4474,SARGENTO GONCALVES,93960410.62,SARGENTO GONCALVES,220621,Câmara,57.0,PL,PL,1.0,ok
4475,SARGENTO PORTUGAL,94983213.17,SARGENTO PORTUGAL,220618,Câmara,57.0,PODE,PODE,1.0,ok
4476,SAULLO VIANNA,95159935.96000001,SAULLO VIANNA,220713,Câmara,57.0,UNIÃO,MDB,1.0,ok
4477,"PAULO LEMOS (EX-PARLAMENTAR SILVIA WAIAPI, NOS TERMOS ART. 78 LDO 2025 E DA MENSAGEM 95-CN, DE 06.11.25)",33377211.66,PAULO LEMOS EX PARLAMENTAR SILVIA WAIAPI NOS TERMOS ART LDO E DA MENSAGEM CN DE,,,,,,,sem_par
4477,SILVIA WAIAPI,33525355.63,SILVIA WAIAPI,220579,Câmara,57.0,PL,PL,1.0,ok
4478,SILVYE ALVES,109659816.32,SILVYE ALVES,220569,Câmara,57.0,UNIÃO,UNIÃO,1.0,ok
4479,SIMONE MARQUETTO,69540986.87,SIMONE MARQUETTO,220651,Câmara,57.0,MDB,PP,1.0,ok
4480,SOCORRO NERI,95091617.42,SOCORRO NERI,104552,Câmara,57.0,PP,PP,1.0,ok
4481,"ANDRE ABDON (EX-PARLAMENTAR SONIZE BARBOSA, NOS TERMOS ART. 78 LDO 2025 E DA MENSAGEM 95-CN, DE 06.11.25)",30119605.15,ANDRE ABDON EX PARLAMENTAR SONIZE BARBOSA NOS TERMOS ART LDO E DA MENSAGEM CN DE,,,,,,,sem_par
4481,SONIZE BARBOSA,29097105.28,SONIZE BARBOSA,220575,Câmara,57.0,PL,PL,1.0,ok
4482,TADEU VENERI,71804311.73,TADEU VENERI,220682,Câmara,57.0,PT,PT,1.0,ok
4483,TARCISIO MOTTA,65967959.38,TARCISIO MOTTA,220598,Câmara,57.0,PSOL,PSOL,1.0,ok
4484,ZUCCO,84352030.87,ZUCCO,220552,Câmara,57.0,REPUBLICANOS,PL,1.0,ok
4485,THIAGO DE JOALDO,87933202.15,THIAGO DE JOALDO,220560,Câmara,57.0,PP,REPUBLICANOS,1.0,ok
4486,THIAGO FLORES,76474846.82,THIAGO FLORES,220597,Câmara,57.0,MDB,UNIÃO,1.0,ok
4487,TIAO MEDEIROS,102654401.74,TIAO MEDEIROS,220684,Câmara,57.0,PP,PP,1.0,ok
4488,WALDEMAR OLIVEIRA,105989579.32,WALDEMAR OLIVEIRA,91228,Câmara,57.0,AVANTE,AVANTE,1.0,ok
4489,"ENFERMEIRA REJANE (EX-PARLAMENTAR WASHINGTON QUAQUA, NOS TERMOS ART. 78 LDO 2025 E DA MENSAGEM 95-CN, DE 06.11.25)",28636436.59,ENFERMEIRA REJANE EX PARLAMENTAR WASHINGTON QUAQUA NOS TERMOS ART LDO E DA MENSAGEM CN DE,,,,,,,sem_par
4489,WASHINGTON QUAQUA,27829147.02,WASHINGTON QUAQUA,220601,Câmara,57.0,PT,PT,1.0,ok
4490,YANDRA MOURA,96404858.52,YANDRA MOURA,220564,Câmara,57.0,UNIÃO,UNIÃO,1.0,ok
4491,YURY DO PAREDAO,106529657.47,YURY DO PAREDAO,220660,Câmara,57.0,PL,MDB,1.0,ok
4492,ZE HAROLDO CATHEDRAL,80698279.61,ZE HAROLDO CATHEDRAL,220536,Câmara,57.0,PSD,UNIÃO,1.0,ok
4493,ZE TROVAO,90538666.13,ZE TROVAO,220558,Câmara,57.0,PL,PL,1.0,ok
4494,ZEZINHO BARBARY,91228971.0,ZEZINHO BARBARY,220592,Câmara,57.0,PP,PP,1.0,ok
4496,JUSSARA LIMA,195488928.94,JUSSARA LIMA,S6369,Senado,57.0,,PSD,1.0,ok
4497,PROF. PAULO FERNANDO,32615762.82,PROF PAULO FERNANDO,89536,Câmara,57.0,REPUBLICANOS,REPUBLICANOS,1.0,ok
4498,GABRIEL MOTA,79709915.88,GABRIEL MOTA,224117,Câmara,57.0,REPUBLICANOS,UNIÃO,1.0,ok
4499,EDUARDO VELLOSO,83861887.45,EDUARDO VELLOSO,220589,Câmara,57.0,UNIÃO,SOLIDARIEDADE,1.0,ok
4500,WELTER,94210814.89,WELTER,224333,Câmara,57.0,PT,PT,1.0,ok
4509,MARCIO CORREA,37490878.269999996,MARCIO CORREA,226410,Câmara,57.0,MDB,MDB,1.0,ok
4511,DR. ALLAN GARCES,37799451.12,DR ALLAN GARCES,226708,Câmara,57.0,PP,PP,1.0,ok
4512,SAULO PEDROSO,92098309.81,SAULO PEDROSO,226837,Câmara,57.0,PSD,PSD,1.0,ok
4513,SILVIO ANTONIO,37867042.46,SILVIO ANTONIO,227310,Câmara,57.0,PL,PL,1.0,ok
4542,NEWTON BONIN,36932069.01,NEWTON BONIN,229939,Câmara,57.0,UNIÃO,UNIÃO,1.0,ok
4543,DRA. MAYRA PINHEIRO,37235105.08,DRA MAYRA PINHEIRO,230088,Câmara,57.0,PL,PL,1.0,ok
4544,TADEU OLIVEIRA,37008243.07,TADEU OLIVEIRA,230177,Câmara,57.0,PL,PL,1.0,ok
4545,RIBAMAR SILVA,24645846.0,RIBAMAR SILVA,175765,Câmara,57.0,PSD,PODE,1.0,ok
4546,ZE ADRIANO,18077068.22,ZE ADRIANO,230768,Câmara,57.0,PP,PP,1.0,ok
4548,RODRIGO DA ZAELI,8266035.6899999995,RODRIGO DA ZAELI,230767,Câmara,57.0,PL,PL,1.0,ok
4550,ENFERMEIRA REJANE,24411521.27,ENFERMEIRA REJANE,230765,Câmara,57.0,PCdoB,PCdoB,1.0,ok
4551,JOAO CURY,20312836.78,JOAO CURY,230957,Câmara,57.0,MDB,MDB,1.0,ok
4553,LENIR DE ASSIS,23220581.27,LENIR DE ASSIS,231911,Câmara,57.0,PT,PT,1.0,ok
4556,PAULO LEMOS,29946979.8,PAULO LEMOS,233592,Câmara,57.0,PSOL,PT,1.0,ok
4557,RAFAEL FERA,14042475.54,RAFAEL FERA,233594,Câmara,57.0,PODE,PODE,1.0,ok
4559,FATIMA PELAES,16813818.990000002,FATIMA PELAES,74065,Câmara,57.0,PMDB,REPUBLICANOS,1.0,ok
4560,SAMUEL SANTOS,20120858.35,SAMUEL SANTOS,233598,Câmara,57.0,PSC,PODE,1.0,ok
9014,BETO ALBUQUERQUE,639897.14,BETO ALBUQUERQUE,,,,,,,sem_par
9032,RUI FALCAO,142527100.17,RUI FALCAO,73604,Câmara,57.0,PT,PT,1.0,ok
9048,OSMAR TERRA,138959503.73,OSMAR TERRA,73692,Câmara,57.0,MDB,PL,1.0,ok
9055,GILSON MARQUES,109446996.7,GILSON MARQUES,204365,Câmara,57.0,NOVO,NOVO,1.0,ok
9060,CAPITAO DERRITE,30492162.63,CAPITAO DERRITE,204531,Câmara,56.0,PL,,1.0,ok
9060,GUILHERME DERRITE,34333293.72,GUILHERME DERRITE,204531,Câmara,57.0,PL,PP,1.0,ok
9065,HEITOR FREIRE,37870490.0,HEITOR FREIRE,204548,Câmara,56.0,UNIÃO,,1.0,ok
9089,BOZZELLA,36353401.0,BOZZELLA,204502,Câmara,56.0,UNIÃO,,1.0,ok
9103,LUIS MIRANDA,46113752.61,LUIS MIRANDA,204381,Câmara,56.0,REPUBLICANOS,,1.0,ok
9118,MARCELO RAMOS,38096198.36,MARCELO RAMOS,204556,Câmara,56.0,PSD,,1.0,ok
9162,ROBERIO MONTEIRO,142924053.55,ROBERIO MONTEIRO,204489,Câmara,57.0,PDT,PSB,1.0,ok
9191,ZE NETO,149341879.7,ZE NETO,204559,Câmara,57.0,PT,PT,1.0,ok
9204,MARCOS DO VAL,218758750.0,MARCOS DO VAL,S5942,Senado,57.0,PODE,AVANTE,1.0,ok
9206,JORGE KAJURU,256662274.35,JORGE KAJURU,S5895,Senado,57.0,PSB,PSB,1.0,ok
9219,FLAVIO BOLSONARO,189156399.51,FLAVIO BOLSONARO,S5894,Senado,57.0,PL,PL,1.0,ok
9224,MARCOS ROGERIO,244266541.43,MARCOS ROGERIO,S5422,Senado,57.0,PL,PL,1.0,ok
9229,MAJOR OLIMPIO,2767016.32,MAJOR OLIMPIO,S5666,Senado,57.0,,,1.0,ok
9235,MARCELO BRUM,419687.79000000004,MARCELO BRUM,205863,Câmara,56.0,REPUBLICANOS,,1.0,ok
S/I,Sem informação,37038756.99,SEM INFORMACAO,,,,,,,sem_par
