cd_ibge7,lon,lat,area_km2
1100015,-62.2747,-12.4701,7067.127
1100023,-62.9573,-9.9519,4426.571
1100031,-60.6398,-13.4749,1314.352
1100049,-61.3247,-11.3013,3793.0
1100056,-61.2609,-13.2036,2783.3
1100064,-60.5502,-13.1592,1451.06
1100072,-61.0916,-12.9266,3060.321
1100080,-64.0588,-12.1473,4987.177
1100098,-60.7848,-11.3513,4518.038
1100106,-64.5376,-11.3056,24856.877
1100114,-62.5849,-10.5924,2944.128
1100122,-61.7573,-10.4622,6896.649
1100130,-62.0104,-9.2041,8509.27
1100148,-62.2802,-11.6431,1703.008
1100155,-62.1725,-10.6106,1969.85
1100189,-60.8304,-11.8945,6241.016
1100205,-64.3068,-9.1536,34090.952
1100254,-61.878,-11.1663,1758.465
1100262,-62.7901,-9.6452,1717.64
1100288,-61.7716,-11.7326,1457.811
1100296,-61.7011,-12.027,1197.796
1100304,-60.2484,-12.0956,11699.15
1100320,-62.9832,-11.615,7460.117
1100338,-64.6291,-10.3822,10070.49
1100346,-62.545,-11.3114,3029.189
1100379,-61.8808,-12.5937,3958.273
1100403,-63.3943,-9.6493,2651.822
1100452,-63.9412,-10.0521,3265.809
1100502,-62.0832,-11.6811,843.446
1100601,-62.9873,-10.3316,1961.778
1100700,-63.7997,-10.4849,3442.005
1100809,-63.3256,-8.887,6843.868
1100908,-61.8801,-11.4708,892.841
1100924,-60.8984,-12.5373,5126.723
1100940,-62.5653,-9.1711,3863.946
1101005,-63.184,-10.748,5067.384
1101104,-63.0449,-9.1702,4081.58
1101203,-61.569,-11.1603,798.083
1101302,-62.848,-11.0768,1191.875
1101401,-63.3724,-10.2108,1931.378
1101435,-62.5324,-10.8893,807.125
1101450,-61.4154,-12.2623,2548.683
1101468,-61.5453,-13.1739,6014.733
1101476,-61.3153,-11.8787,605.692
1101484,-61.4671,-11.905,541.647
1101492,-63.1221,-12.3684,10948.593
1101500,-63.2307,-11.8072,3773.505
1101559,-62.2798,-10.9435,459.978
1101609,-62.3425,-10.1218,2197.413
1101708,-62.4244,-11.104,831.857
1101757,-61.9391,-9.7324,3135.106
1101807,-62.094,-10.3843,965.676
1200013,-66.9502,-9.9339,1811.613
1200054,-70.0057,-10.7798,4979.073
1200104,-69.2075,-10.7474,3928.174
1200138,-68.1737,-9.6141,3034.869
1200179,-67.8358,-10.4742,1705.824
1200203,-72.7548,-7.9719,8783.47
1200252,-68.6182,-10.8892,1652.674
1200302,-70.7448,-8.9244,27976.874
1200328,-71.9061,-9.2427,5357.227
1200336,-73.4391,-7.5044,5451.617
1200344,-69.8538,-9.3811,10630.6
1200351,-72.5592,-9.0963,8190.953
1200385,-67.3403,-10.2491,1952.555
1200393,-72.7336,-8.4919,6446.385
1200401,-68.3711,-10.0661,8835.154
1200427,-73.2234,-7.8438,3076.342
1200435,-70.3958,-9.4106,6155.858
1200450,-67.4276,-9.9972,2320.169
1200500,-69.3818,-9.7714,23759.512
1200609,-71.445,-8.2395,20169.485
1200708,-68.5047,-10.5756,5350.586
1200807,-67.6985,-9.6295,2604.417
1300029,-65.3244,-3.6947,5923.461
1300060,-68.2865,-3.4184,4754.109
1300086,-61.718,-3.5019,2446.121
1300102,-62.0954,-4.1987,6036.38
1300144,-59.4321,-7.76,54240.545
1300201,-71.7409,-5.7108,76507.617
1300300,-59.5255,-3.7872,7652.852
1300409,-63.4347,-0.4651,122461.086
1300508,-57.1724,-3.129,5751.765
1300607,-70.2759,-5.4253,8705.441
1300631,-61.8044,-4.6062,17472.779
1300680,-57.6701,-3.1378,2589.407
1300706,-68.0476,-8.7732,21938.583
1300805,-59.5347,-4.9576,44236.184
1300839,-61.8778,-3.082,9455.539
1300904,-64.0619,-7.3008,33642.732
1301001,-67.3375,-5.1185,25778.658
1301100,-60.1833,-3.7705,6096.212
1301159,-59.5987,-3.286,2627.474
1301209,-64.1253,-4.4364,57970.768
1301308,-62.9733,-3.289,18700.713
1301407,-70.2182,-7.022,14966.242
1301506,-70.0551,-7.5733,7505.794
1301605,-66.3579,-2.491,12155.427
1301654,-72.8446,-7.2298,7583.534
1301704,-62.4864,-7.3612,33111.129
1301803,-71.4129,-7.1805,12109.779
1301852,-60.4797,-3.0952,2216.817
1301902,-58.7753,-3.1741,8891.906
1301951,-68.1128,-6.6828,25260.429
1302009,-58.6133,-2.4972,4335.075
1302108,-68.3211,-1.6971,55827.203
1302207,-66.3078,-3.5245,19442.548
1302306,-68.4063,-4.7153,69457.415
1302405,-65.8117,-8.3756,68262.68
1302504,-60.9588,-3.2915,7336.579
1302553,-60.6973,-3.7791,3973.258
1302603,-60.2596,-2.6259,11401.092
1302702,-61.4468,-6.46,48315.038
1302801,-65.0396,-2.4268,16830.827
1302900,-58.0609,-4.9848,39991.066
1303007,-57.6562,-1.6806,14107.04
1303106,-58.5998,-3.9895,5578.132
1303205,-61.7034,-2.0482,37776.77
1303304,-60.4772,-6.824,41179.656
1303403,-56.8546,-2.6881,5956.047
1303502,-68.1971,-7.7578,41624.664
1303536,-59.9896,-1.3709,25459.099
1303569,-59.6384,-2.5298,5815.622
1303601,-65.5213,-0.3184,62800.078
1303700,-69.0894,-3.0529,12366.214
1303809,-67.9971,0.3745,109192.562
1303908,-69.4511,-4.5014,19658.502
1303957,-58.7053,-1.9418,10647.463
1304005,-58.5371,-2.8205,3723.382
1304062,-69.6776,-4.0282,3260.103
1304104,-64.9558,-6.0937,84946.035
1304203,-65.5315,-4.4701,23692.223
1304237,-67.826,-2.6918,6446.894
1304260,-65.4108,-3.1657,10274.677
1304302,-59.0296,-0.8944,27901.962
1304401,-57.7713,-2.8138,2886.494
1400027,-62.437,3.7329,28473.45
1400050,-62.7424,3.0721,25454.297
1400100,-60.718,3.1179,5687.037
1400159,-60.1006,2.7877,8079.914
1400175,-60.5423,2.2728,7664.831
1400209,-61.4716,0.9907,47379.903
1400233,-59.3381,0.9147,12065.896
1400282,-62.4017,2.1818,14011.695
1400308,-61.9968,2.511,12337.851
1400407,-60.0654,3.8789,6959.868
1400456,-60.8394,4.1685,8025.045
1400472,-61.0112,0.038,33579.739
1400506,-59.845,0.6358,4284.505
1400605,-60.1518,0.8844,1526.898
1400704,-60.2793,4.6854,8113.598
1500107,-48.8831,-1.7303,1610.654
1500131,-48.4246,-4.9573,614.131
1500206,-48.4115,-2.0354,4344.384
1500305,-50.7259,-0.2628,8338.438
1500347,-50.4302,-6.773,7113.955
1500404,-55.0392,-0.6047,23645.452
1500503,-53.8936,0.2845,72954.798
1500602,-53.8867,-6.4862,159533.306
1500701,-49.9614,-0.8271,6913.64
1500800,-48.3835,-1.3341,190.581
1500859,-51.3013,-3.9972,11895.27
1500909,-46.5082,-1.1069,1099.619
1500958,-47.7264,-2.2312,1811.84
1501006,-56.0163,-3.6672,17074.053
1501105,-50.1818,-2.3731,4397.321
1501204,-49.699,-3.1298,3759.834
1501253,-50.6344,-7.4864,2956.649
1501303,-48.6342,-1.4986,1310.338
1501402,-48.4599,-1.2407,1059.466
1501451,-54.9928,-3.1911,4398.418
1501501,-48.2756,-1.3396,187.826
1501576,-48.7635,-5.0543,2816.604
1501600,-47.3023,-1.3873,586.976
1501709,-46.7636,-1.1932,2124.734
1501725,-52.6854,-3.2921,6362.575
1501758,-48.4319,-5.7355,1288.477
1501782,-49.3712,-3.7335,3941.904
1501808,-50.6281,-1.1209,9566.572
1501907,-48.0899,-1.633,994.691
1501956,-46.4432,-1.9887,2419.6
1502004,-48.8772,-0.8694,3100.261
1502103,-49.5136,-2.2531,3081.367
1502152,-50.0857,-6.4242,3146.821
1502202,-47.1179,-1.1421,621.483
1502301,-47.2334,-2.0422,2901.026
1502400,-47.877,-1.2685,1029.3
1502509,-49.8434,-0.0332,12534.995
1502608,-48.2737,-0.9358,384.068
1502707,-49.5127,-8.1825,5829.482
1502756,-47.9747,-1.8817,700.59
1502764,-51.221,-8.4582,17085.001
1502772,-49.6246,-6.2289,2369.096
1502806,-49.988,-1.5835,3617.252
1502855,-55.1135,-1.8457,1431.134
1502905,-47.8634,-0.7436,676.322
1502939,-47.8981,-4.1866,5268.809
1502954,-49.2454,-6.0696,2956.691
1503002,-57.8059,-1.1592,11771.669
1503044,-49.576,-7.5483,3444.285
1503077,-47.076,-2.1683,1608.014
1503093,-49.0057,-4.0272,7023.948
1503101,-51.5539,-1.1494,8570.286
1503200,-47.566,-1.145,785.983
1503309,-49.1307,-2.0627,1996.79
1503408,-47.9227,-1.4647,472.605
1503457,-47.9215,-2.8058,5215.555
1503507,-47.3999,-1.8115,1385.209
1503606,-56.4967,-5.8711,62042.472
1503705,-49.8697,-5.1148,7880.109
1503754,-57.3027,-7.4453,53304.563
1503804,-49.1812,-4.5985,2008.315
1503903,-56.2214,-2.6229,8305.454
1504000,-49.4691,-1.8643,1490.186
1504059,-47.5128,-1.991,469.341
1504109,-47.6352,-0.8099,323.984
1504208,-50.017,-5.6298,15128.058
1504307,-47.4974,-0.8101,807.628
1504406,-47.7098,-0.8374,804.625
1504422,-48.3198,-1.3975,103.214
1504455,-53.195,-3.1602,8272.629
1504505,-51.1039,-1.6076,6774.065
1504604,-49.4664,-2.5767,871.171
1504703,-49.074,-2.6839,9094.139
1504752,-54.5752,-3.0704,4988.236
1504802,-54.353,-1.0744,18152.559
1504901,-49.3093,-1.3557,3763.337
1504950,-46.9,-2.3926,2808.195
1504976,-49.2308,-4.9811,1564.184
1505007,-47.3921,-1.1564,489.853
1505031,-55.612,-8.0623,38162.002
1505064,-50.2716,-4.5028,15398.723
1505106,-55.6749,-0.1696,28011.041
1505205,-49.9023,-2.2789,3852.291
1505304,-57.1498,0.255,107613.838
1505403,-47.1392,-1.4959,561.71
1505437,-51.4309,-7.5205,14410.567
1505486,-50.6317,-3.6841,11832.323
1505494,-48.3702,-5.9273,984.362
1505502,-47.6032,-3.2035,19342.565
1505536,-50.4898,-6.1517,6885.794
1505551,-50.1236,-7.737,1671.419
1505601,-47.272,-1.1307,450.224
1505635,-49.0118,-6.541,3312.708
1505650,-54.5007,-3.8898,7173.194
1505700,-49.0773,-1.1175,3363.749
1505809,-50.9556,-2.5654,25384.96
1505908,-52.5478,-2.1846,17423.017
1506005,-53.6602,-2.1202,14786.953
1506104,-47.1315,-0.9527,258.6
1506112,-47.0155,-0.8601,302.939
1506138,-50.1981,-8.0693,3823.809
1506161,-49.8951,-7.3406,4114.627
1506187,-48.46,-4.5169,8246.394
1506195,-55.2107,-4.241,7021.321
1506203,-47.3517,-0.684,226.12
1506302,-48.63,-0.7966,918.563
1506351,-48.2505,-1.1943,278.154
1506401,-49.3139,-0.5834,1076.652
1506500,-48.1293,-1.3652,717.662
1506559,-46.9269,-1.6566,1346.502
1506583,-50.3144,-8.6338,10330.214
1506609,-47.5216,-1.3745,457.724
1506708,-50.6113,-9.3641,11591.441
1506807,-55.2385,-2.6793,17898.389
1506906,-47.3329,-0.9133,229.51
1507003,-48.1828,-1.0933,537.618
1507102,-48.0258,-0.8661,464.166
1507151,-48.7306,-5.6576,1392.464
1507201,-47.7715,-1.8826,1686.765
1507300,-52.2527,-7.2334,84212.903
1507409,-47.7468,-1.206,479.441
1507458,-48.7482,-6.1893,3168.384
1507466,-47.9645,-0.8705,195.918
1507474,-47.2179,-0.7838,668.434
1507508,-48.6968,-5.4473,1279.889
1507607,-47.6108,-1.5515,1094.564
1507706,-49.6803,-1.4341,1632.251
1507755,-49.5698,-6.8389,1298.19
1507805,-51.7638,-4.3241,14419.916
1507904,-48.6977,-0.4483,2857.349
1507953,-48.7367,-2.9078,4430.477
1507961,-47.8483,-1.0026,204.97
1507979,-56.4584,-1.9515,1895.883
1508001,-48.2676,-2.6361,5145.361
1508035,-46.939,-1.041,868.025
1508050,-56.0035,-5.1302,11991.085
1508084,-51.3914,-6.8202,2512.594
1508100,-49.8211,-3.8563,2084.289
1508126,-47.4936,-3.8098,5088.468
1508159,-53.8073,-3.5836,10791.406
1508209,-48.1049,-0.9334,401.589
1508308,-46.4538,-1.5256,4972.897
1508357,-51.974,-3.1353,3089.537
1508407,-49.6353,-6.9178,3779.348
1600055,-52.2681,1.6517,7713.046
1600105,-50.6024,1.7299,8454.847
1600154,-52.5196,1.1576,9622.29
1600204,-51.4066,2.4238,14117.297
1600212,-50.4871,1.0356,2179.114
1600238,-51.4174,0.9571,4973.855
1600253,-50.6403,0.5384,1622.867
1600279,-53.3105,1.1014,30782.998
1600303,-50.6918,0.5628,6563.849
1600402,-51.9512,-0.0668,13294.778
1600501,-51.8987,3.1118,23034.392
1600535,-51.67,0.5856,4428.013
1600550,-51.2785,1.6258,4948.508
1600600,-51.3784,0.1298,1541.224
1600709,-50.9926,1.2976,6684.705
1600808,-52.0612,-0.9964,2508.979
1700251,-49.3113,-9.4788,1906.295
1700301,-47.5134,-6.4886,236.792
1700350,-48.9083,-11.3312,1580.999
1700400,-47.211,-11.4295,4007.152
1700707,-49.1118,-12.4075,1207.201
1701002,-48.1866,-6.2327,1581.058
1701051,-47.9132,-6.4358,447.549
1701101,-48.0,-9.9866,1159.034
1701309,-48.6323,-6.9455,1168.213
1701903,-49.5055,-8.9391,2774.505
1702000,-49.6964,-12.8399,5155.223
1702109,-48.5878,-7.3313,4004.646
1702158,-48.5245,-6.791,834.834
1702208,-48.1048,-5.6658,2633.278
1702307,-48.9998,-7.7234,1558.138
1702406,-47.0478,-12.8172,5803.085
1702554,-47.9282,-5.4978,388.81
1702703,-46.4329,-12.6466,696.194
1702901,-47.7661,-5.6494,153.539
1703008,-47.8568,-7.1745,1790.297
1703057,-48.6755,-7.903,1540.541
1703073,-47.5786,-7.7178,1105.84
1703107,-48.7912,-9.8658,697.759
1703206,-48.9691,-7.9835,924.045
1703305,-47.8792,-9.0124,1326.947
1703602,-48.4428,-8.2899,645.908
1703701,-48.6241,-11.0293,1722.59
1703800,-48.1363,-5.3377,252.73
1703826,-47.8413,-6.09,351.535
1703842,-46.8046,-8.2038,3234.445
1703867,-49.2028,-11.933,1126.291
1703883,-48.3745,-7.0451,339.366
1703891,-48.0099,-5.3372,190.352
1703909,-49.8486,-9.4017,1680.014
1704105,-47.4448,-9.0738,1953.134
1704600,-49.1957,-10.1657,658.564
1705102,-47.8464,-11.5411,1640.833
1705508,-48.5301,-8.0764,842.488
1705557,-46.5037,-12.8463,208.791
1705607,-47.3037,-12.171,2530.647
1706001,-49.1624,-8.4367,1584.196
1706100,-49.3124,-10.6364,1850.75
1706258,-49.0727,-11.1719,983.766
1706506,-47.7679,-6.7634,1641.77
1707009,-46.7958,-11.6948,3318.094
1707108,-49.3548,-9.6951,2358.282
1707207,-49.0669,-9.2709,3747.645
1707306,-49.3913,-11.4272,3420.657
1707405,-48.5403,-5.3263,506.175
1707553,-48.8723,-10.8098,380.373
1707652,-49.2828,-12.2635,1935.709
1707702,-47.7937,-7.4967,1991.258
1708205,-50.0981,-11.9583,13431.861
1708254,-48.546,-9.0714,624.463
1708304,-49.0112,-8.8732,1797.229
1709005,-47.4815,-8.0942,6414.846
1709302,-48.4251,-8.7301,2106.753
1709500,-48.8874,-11.6516,1844.164
1709807,-48.4035,-11.1351,821.152
1710508,-47.6693,-8.5715,3047.204
1710706,-47.5951,-5.8027,730.163
1710904,-48.0333,-8.3163,1246.349
1711100,-48.7526,-8.4512,969.794
1711506,-48.6455,-12.7477,2167.201
1711803,-49.1103,-8.1408,483.452
1711902,-50.1607,-11.035,10563.181
1711951,-47.4811,-10.3419,917.632
1712009,-48.291,-9.8506,318.292
1712157,-46.4105,-12.8126,468.006
1712405,-46.939,-9.5248,5716.641
1712454,-47.8307,-6.206,281.543
1712504,-49.7,-9.7876,2089.575
1712702,-46.5026,-10.583,9589.273
1712801,-47.5899,-6.0232,736.303
1713205,-48.5515,-9.7542,2663.745
1713304,-48.6838,-9.4163,1033.301
1713601,-48.0172,-10.7476,3601.205
1713700,-49.0673,-9.9995,1072.92
1713809,-47.6427,-6.6002,743.407
1713957,-48.7865,-7.0033,1194.368
1714203,-47.6488,-11.7983,3241.672
1714302,-47.7815,-6.3303,395.997
1714880,-48.3607,-7.6379,1567.834
1715002,-48.9733,-10.55,514.791
1715101,-47.383,-10.155,2678.262
1715150,-46.5596,-12.9143,200.412
1715259,-46.5704,-11.779,1213.893
1715507,-48.8758,-10.6745,209.292
1715705,-48.1563,-7.8859,2638.465
1715754,-48.3488,-13.0198,1708.981
1716109,-48.8273,-10.2182,1292.267
1716208,-47.8135,-12.6965,11217.373
1716307,-48.9884,-7.5449,1375.551
1716505,-48.0342,-9.2269,2019.556
1716604,-48.5552,-11.9968,5303.612
1716653,-48.9172,-8.3798,1206.118
1716703,-48.7486,-8.8374,1161.03
1717008,-47.5589,-11.1597,1560.551
1717206,-48.2394,-6.7386,1363.412
1717503,-49.8719,-10.2095,10003.549
1717800,-46.5933,-12.0576,1718.791
1717909,-47.3246,-10.7495,6542.838
1718006,-47.0467,-11.5108,506.717
1718204,-48.4965,-10.5437,4434.68
1718303,-47.7819,-5.4748,300.999
1718402,-48.4616,-8.4619,771.716
1718451,-48.8824,-10.4225,401.174
1718501,-47.1131,-8.6974,2215.669
1718550,-48.1362,-6.4599,512.156
1718659,-46.7377,-11.337,845.823
1718709,-48.4525,-9.2359,847.255
1718758,-47.496,-9.6474,6346.279
1718808,-47.9188,-5.3296,222.435
1718840,-49.8761,-12.401,3535.135
1718865,-48.975,-7.0931,1671.239
1718881,-47.8483,-8.8247,1412.318
1718899,-49.295,-10.97,3281.219
1718907,-48.1084,-11.3973,1804.687
1719004,-47.7415,-10.299,539.511
1720002,-47.7511,-6.4727,274.104
1720101,-47.9399,-5.976,1099.58
1720150,-46.6779,-10.0686,1913.11
1720200,-47.5978,-5.5434,406.957
1720259,-48.3642,-12.5776,1424.753
1720309,-48.3317,-5.241,289.597
1720499,-48.1697,-11.804,2520.465
1720655,-48.005,-11.1308,1258.771
1720804,-47.6841,-5.6351,307.095
1720853,-48.8343,-12.1133,1018.222
1720903,-46.5657,-12.3873,2341.919
1720937,-46.9937,-12.1397,1105.303
1720978,-49.0485,-12.6822,2155.503
1721000,-48.1521,-10.2202,2227.329
1721109,-48.1409,-9.6034,2609.775
1721208,-47.5381,-6.2568,1083.6
1721257,-48.2596,-8.9386,706.883
1721307,-48.2107,-8.3566,889.126
1722081,-48.002,-6.9101,1365.431
1722107,-48.451,-6.5454,1190.489
2100055,-47.3324,-4.7858,5805.159
2100105,-43.2974,-4.2148,371.338
2100154,-42.1662,-2.9464,442.292
2100204,-44.54,-2.3793,1167.964
2100303,-43.3835,-4.5027,1942.121
2100402,-45.5028,-4.167,524.374
2100436,-44.3958,-4.2106,392.75
2100477,-46.0017,-3.8703,1875.901
2100501,-46.2133,-9.5085,11127.384
2100550,-45.948,-1.6731,502.402
2100600,-46.582,-5.2784,7439.615
2100709,-44.5992,-3.2556,940.489
2100808,-43.1078,-3.5439,608.903
2100832,-45.0856,-1.5473,341.12
2100873,-45.7873,-3.0791,805.194
2100907,-42.017,-2.9723,1789.73
2100956,-45.946,-5.0277,2976.039
2101004,-44.7274,-3.5334,1100.275
2101103,-44.0987,-2.8439,160.462
2101202,-44.7619,-4.1711,1656.736
2101251,-44.358,-2.9363,542.962
2101301,-45.1625,-1.6833,850.491
2101350,-44.6952,-2.6996,413.651
2101400,-46.3428,-8.2376,13141.162
2101509,-43.1881,-6.5929,2209.414
2101608,-45.1831,-5.5041,5187.673
2101707,-42.9101,-2.8398,3046.308
2101731,-43.4624,-3.1013,569.606
2101772,-45.266,-3.7578,147.954
2101806,-44.5683,-7.1205,1784.64
2101905,-44.7857,-2.4309,790.222
2101939,-44.6878,-4.6801,247.186
2101970,-46.1789,-1.7621,400.35
2102002,-46.4183,-3.9004,6588.38
2102036,-46.6886,-4.6008,2676.98
2102077,-45.021,-4.3466,445.171
2102101,-42.8285,-3.687,1073.258
2102150,-45.6501,-4.3651,986.036
2102200,-43.0015,-3.9005,1475.779
2102309,-43.8305,-5.7892,1582.552
2102325,-46.3424,-4.4938,2544.857
2102358,-47.0618,-5.5182,820.968
2102374,-43.9309,-3.1201,707.236
2102408,-44.5398,-2.8882,545.244
2102507,-45.0527,-3.3906,662.066
2102556,-47.2638,-6.1762,613.529
2102606,-45.6782,-1.6223,1634.861
2102705,-44.2627,-3.6216,773.01
2102754,-44.3062,-4.6821,590.267
2102804,-47.2112,-7.3764,6267.675
2102903,-46.0295,-1.3502,1260.977
2103000,-43.2992,-4.8664,5201.927
2103109,-44.5938,-1.9774,285.211
2103125,-44.8579,-2.2549,319.538
2103158,-46.117,-2.4287,1167.848
2103174,-46.5336,-3.0707,8401.003
2103208,-43.4538,-3.8488,3247.385
2103257,-47.8298,-5.0572,1462.809
2103307,-43.886,-4.6073,4361.606
2103406,-43.1119,-4.2481,977.079
2103505,-44.1814,-6.0557,1978.695
2103554,-44.8385,-3.797,725.664
2103604,-44.1453,-4.1022,2263.692
2103703,-44.7861,-1.7742,1257.608
2103752,-47.3005,-5.5987,332.249
2103802,-44.3971,-5.0213,358.493
2103901,-43.0099,-4.0991,317.494
2104008,-44.8905,-4.8991,452.411
2104057,-47.2012,-6.7824,2720.266
2104073,-46.6268,-7.0186,1625.822
2104081,-45.3062,-6.1738,5086.589
2104099,-46.1863,-6.5142,3690.61
2104107,-46.0819,-6.9419,1853.406
2104206,-44.0147,-5.6343,834.83
2104305,-45.7659,-1.376,720.129
2104404,-44.172,-5.1523,883.588
2104503,-44.2215,-4.9995,445.856
2104552,-47.3248,-5.7185,615.957
2104602,-44.0956,-5.3668,647.989
2104628,-44.0902,-5.5283,401.587
2104651,-45.9259,-3.4191,1144.146
2104677,-45.8182,-2.0617,1037.13
2104701,-44.3181,-5.4148,271.445
2104800,-46.0149,-5.8402,8861.717
2104909,-44.6628,-2.1464,478.857
2105005,-43.5628,-2.721,1714.625
2105104,-43.863,-2.6533,1124.445
2105153,-45.1238,-3.6565,368.685
2105203,-44.8262,-4.5921,346.218
2105302,-47.5752,-5.3398,1369.039
2105351,-45.6781,-5.1851,1244.398
2105401,-44.2777,-3.3873,1480.641
2105427,-47.2605,-4.2713,3583.423
2105450,-44.294,-5.8523,591.616
2105476,-45.5758,-5.3924,1962.362
2105500,-47.1264,-5.2293,1137.104
2105609,-44.7556,-5.016,703.081
2105658,-46.1179,-1.9185,568.499
2105708,-45.2053,-4.739,1240.444
2105807,-44.9766,-4.5226,328.525
2105906,-44.8821,-3.9895,631.455
2105922,-43.4956,-6.0322,1512.985
2105948,-44.9309,-4.5886,220.776
2105963,-45.403,-4.9297,744.199
2105989,-46.9295,-6.1035,1063.619
2106003,-44.4647,-4.5569,321.932
2106102,-45.2198,-7.2207,3597.231
2106201,-45.8931,-1.3947,472.296
2106300,-42.1835,-3.2994,434.433
2106326,-45.994,-1.9843,635.758
2106359,-45.6285,-4.705,1402.593
2106375,-45.9469,-2.4126,760.947
2106409,-43.2274,-3.6259,548.548
2106508,-45.0018,-3.0714,410.632
2106607,-43.3072,-5.3887,2108.671
2106631,-44.4777,-3.7566,794.454
2106672,-42.7949,-3.4965,634.818
2106706,-44.951,-6.4539,8522.351
2106755,-44.5269,-3.5314,341.107
2106805,-44.8433,-2.0587,686.942
2106904,-45.3211,-3.4907,1245.548
2107001,-47.0415,-5.858,1488.513
2107100,-43.7767,-2.9741,1712.121
2107209,-43.8129,-3.4288,570.938
2107258,-46.2645,-7.1443,743.085
2107308,-44.04,-6.75,978.34
2107357,-45.9553,-2.896,2452.615
2107407,-45.1203,-4.0946,695.333
2107456,-45.0089,-2.9756,199.879
2107506,-44.1241,-2.5052,127.193
2107605,-45.0234,-2.692,532.161
2107704,-43.924,-6.4038,530.517
2107803,-43.4628,-5.6379,3245.525
2107902,-43.7584,-6.1527,1358.327
2108009,-44.1806,-6.6322,1635.181
2108058,-42.6109,-2.8547,979.482
2108108,-45.3944,-4.5219,1168.609
2108207,-44.5814,-4.618,262.066
2108256,-45.4308,-2.989,1753.867
2108306,-45.2978,-3.2516,800.916
2108405,-44.8958,-2.5706,397.994
2108454,-44.2812,-4.4198,824.725
2108504,-45.4402,-3.6933,268.285
2108603,-45.1269,-2.4981,1512.969
2108702,-45.0932,-3.8515,545.14
2108801,-44.1726,-3.7829,688.761
2108900,-44.9118,-4.7868,990.415
2109007,-47.1799,-6.3687,1420.51
2109056,-44.6331,-1.8839,244.979
2109106,-44.4571,-5.2831,771.574
2109205,-44.0779,-3.0897,355.568
2109239,-45.7734,-2.319,437.687
2109270,-45.3615,-2.5867,726.172
2109304,-43.9559,-3.3461,460.004
2109403,-43.3628,-2.7092,1337.161
2109452,-44.0897,-2.4376,79.213
2109502,-46.6594,-7.5979,6402.83
2109551,-47.3161,-5.9584,733.458
2109601,-44.2019,-2.9563,647.998
2109700,-45.5563,-7.4318,2476.132
2109759,-44.6185,-5.519,623.213
2109809,-45.3711,-2.419,2191.168
2109908,-45.4368,-3.8735,786.689
2110005,-45.9316,-4.2699,4837.169
2110039,-45.7723,-2.5399,1010.483
2110104,-42.88,-3.3452,1430.33
2110203,-44.3287,-3.1595,756.797
2110237,-42.6147,-3.1972,932.03
2110278,-43.1841,-2.6232,1582.806
2110302,-44.4812,-4.8264,770.923
2110401,-43.6185,-3.3753,931.485
2110500,-44.9993,-2.7981,456.997
2110609,-42.4061,-3.312,1005.824
2110658,-44.6174,-6.8332,961.249
2110708,-44.3366,-5.6382,1151.978
2110807,-44.8835,-7.0919,2032.599
2110856,-47.3537,-5.1585,745.357
2110906,-43.1139,-6.2087,2284.217
2111003,-44.7646,-3.006,649.956
2111029,-46.3791,-3.5108,910.065
2111052,-46.9004,-6.4634,2052.328
2111078,-43.7666,-5.0402,1438.067
2111102,-43.6381,-6.5594,1483.255
2111201,-44.1305,-2.5743,180.363
2111250,-44.5684,-5.0398,353.72
2111300,-44.2807,-2.6339,583.063
2111409,-44.6231,-4.3774,909.164
2111508,-44.5277,-3.9902,800.045
2111532,-48.369,-5.1335,720.461
2111573,-46.7074,-6.8195,979.915
2111607,-45.6909,-7.0139,3524.501
2111631,-45.1462,-5.0897,419.55
2111672,-45.0347,-5.0188,226.811
2111706,-44.9415,-2.8772,393.928
2111722,-45.2592,-3.9386,441.811
2111748,-43.9846,-5.261,426.437
2111763,-47.1444,-5.3885,738.187
2111789,-45.0173,-1.8733,1165.318
2111805,-46.5956,-6.2279,3114.683
2111904,-44.339,-6.5099,1074.435
2111953,-43.4852,-6.4068,862.226
2112001,-45.8863,-8.332,4369.159
2112100,-43.8135,-4.153,1486.584
2112209,-42.9811,-5.1856,1763.22
2112233,-44.6818,-4.5393,291.61
2112274,-45.5813,-3.7581,270.934
2112308,-44.7306,-5.6104,3369.121
2112407,-45.4631,-1.7657,2622.281
2112456,-45.4376,-2.159,1507.622
2112506,-42.3906,-2.9231,1566.08
2112605,-43.281,-3.2602,1707.621
2112704,-43.8538,-3.7109,1958.702
2112803,-45.0025,-3.1563,1166.745
2112852,-48.0805,-5.0748,1190.008
2112902,-44.9221,-3.5681,716.719
2113009,-45.3125,-4.2437,1193.385
2114007,-45.9126,-3.2599,2140.109
2200053,-41.0017,-8.306,1280.838
2200103,-42.6824,-5.7682,112.392
2200202,-42.6281,-5.9141,96.843
2200251,-40.9197,-6.9293,535.89
2200277,-40.7975,-7.2005,243.732
2200301,-42.1547,-5.3794,1743.331
2200400,-42.4697,-5.0148,957.232
2200459,-43.9684,-8.456,2131.506
2200509,-42.7878,-6.3703,1152.127
2200608,-42.7504,-6.1069,222.008
2200707,-43.042,-9.2141,337.877
2200806,-44.2027,-7.2194,644.8
2200905,-41.8303,-6.1245,821.212
2200954,-41.5343,-7.2503,316.235
2201002,-42.5203,-6.6181,682.727
2201051,-41.0688,-5.88,1690.703
2201101,-43.9424,-10.1797,1220.371
2201150,-45.161,-8.5058,7808.915
2201176,-42.1065,-6.5296,263.943
2201200,-42.3681,-4.1899,1722.507
2201309,-45.7104,-10.0035,2168.713
2201408,-42.5028,-5.8019,159.436
2201507,-42.0579,-4.0176,1589.01
2201556,-41.8557,-7.9961,499.092
2201572,-40.9824,-7.39,243.234
2201606,-42.3999,-5.4994,937.098
2201705,-43.8772,-7.745,1216.116
2201739,-40.7512,-8.1135,579.576
2201770,-42.106,-4.3542,336.954
2201804,-41.3042,-6.906,261.651
2201903,-44.5402,-9.2457,5471.024
2201919,-41.6306,-3.1574,523.142
2201929,-42.8758,-9.1714,289.149
2201945,-42.1115,-4.5402,269.786
2201960,-41.6366,-4.1208,880.836
2201988,-42.7909,-8.3824,2267.327
2202000,-41.8042,-3.2392,690.54
2202026,-41.1999,-5.1623,2437.326
2202059,-42.3337,-4.432,608.747
2202075,-42.4593,-6.7819,514.106
2202083,-41.3616,-2.9927,271.165
2202091,-40.6228,-7.308,467.083
2202109,-41.8714,-7.6565,783.842
2202117,-41.8215,-8.2828,657.796
2202133,-41.0653,-7.1832,311.682
2202174,-42.546,-3.881,478.078
2202208,-42.145,-4.877,1680.861
2202251,-43.5586,-7.5577,2165.277
2202307,-43.3376,-8.3426,4325.643
2202406,-41.9011,-4.5227,571.658
2202455,-41.9012,-8.5293,1132.995
2202505,-43.3467,-9.0891,1610.959
2202539,-41.8243,-3.5648,471.217
2202554,-40.9558,-7.7036,498.793
2202604,-41.567,-5.3266,2378.847
2202653,-41.8506,-3.3919,491.093
2202703,-41.5423,-3.4537,1294.133
2202711,-41.9576,-4.6168,310.291
2202729,-41.4208,-3.6303,324.856
2202737,-42.2843,-5.0999,484.46
2202752,-43.6962,-8.1813,429.591
2202778,-42.187,-7.2939,950.193
2202802,-41.5809,-7.9146,824.729
2202851,-42.3342,-8.8973,1926.103
2202901,-45.1397,-10.3916,3048.747
2203008,-45.1136,-10.7419,1202.896
2203107,-43.9615,-8.7822,1845.698
2203206,-44.3065,-9.9407,2344.949
2203230,-44.6733,-8.8225,3156.657
2203255,-42.8467,-5.6161,345.811
2203271,-40.7709,-7.8877,755.251
2203305,-42.6716,-5.3393,216.807
2203354,-42.4601,-9.3298,1005.571
2203404,-41.6983,-6.9601,218.808
2203420,-41.3099,-4.2552,848.705
2203453,-41.9225,-8.9179,3871.824
2203503,-42.1935,-6.1848,1383.976
2203602,-43.6593,-7.9702,1097.79
2203701,-42.1897,-3.8234,908.748
2203750,-42.784,-9.4757,713.046
2203800,-42.8609,-7.673,946.719
2203859,-41.8044,-7.4731,223.199
2203909,-43.0794,-7.0058,3407.979
2204006,-42.234,-6.423,268.704
2204105,-42.7215,-6.6692,656.475
2204154,-40.7839,-7.3208,179.245
2204204,-41.1471,-7.0129,492.191
2204303,-40.5837,-7.0772,777.179
2204352,-41.3329,-7.1877,440.606
2204402,-45.4078,-9.6219,3495.692
2204501,-43.7047,-6.8424,1026.538
2204550,-43.6709,-9.0633,3118.231
2204600,-42.4981,-6.0357,224.573
2204659,-41.8142,-2.8289,129.696
2204709,-41.686,-6.6727,978.222
2204808,-41.791,-6.819,529.417
2204907,-41.6498,-7.6503,800.688
2205003,-41.4815,-7.4101,827.62
2205102,-43.1337,-7.505,2554.179
2205151,-41.2525,-7.8967,1333.796
2205201,-41.2067,-7.3915,866.788
2205250,-42.527,-6.1458,510.226
2205276,-41.9183,-4.8415,650.393
2205300,-43.5016,-7.115,1865.94
2205359,-42.4817,-8.5417,1800.23
2205409,-42.0825,-3.5396,740.561
2205458,-42.4261,-3.5457,169.005
2205508,-42.5249,-4.7139,1538.172
2205516,-41.5896,-4.9583,935.404
2205524,-44.1746,-10.4254,1283.916
2205532,-43.1656,-9.0145,1271.881
2205540,-42.6274,-5.8201,67.649
2205557,-42.5649,-4.4898,394.205
2205565,-41.5998,-8.5685,1331.025
2205573,-41.5814,-4.364,155.86
2205581,-42.6076,-5.4613,427.841
2205599,-41.4864,-6.4901,805.018
2205607,-43.9278,-7.2958,1088.583
2205706,-41.4817,-3.0822,1074.132
2205805,-42.3639,-3.6068,705.599
2205854,-42.5292,-3.565,178.842
2205904,-44.0077,-8.2063,1620.413
2205953,-40.7361,-7.4295,136.785
2206001,-43.8946,-7.0763,677.416
2206050,-41.0954,-7.5358,530.169
2206100,-42.5844,-3.7074,226.785
2206209,-42.7736,-4.2405,1392.123
2206308,-42.7013,-5.701,93.412
2206357,-41.49,-4.6988,1309.128
2206407,-42.6097,-5.611,567.86
2206506,-41.038,-6.9185,401.568
2206605,-45.0304,-9.6042,2417.382
2206654,-43.9221,-9.8111,2207.658
2206670,-42.2635,-3.7056,328.408
2206696,-42.0124,-3.3567,475.72
2206704,-42.7456,-7.0523,1315.841
2206720,-42.8678,-5.4455,362.376
2206753,-42.1889,-4.6436,356.872
2206803,-42.6061,-4.0262,357.896
2206902,-41.9769,-6.5011,525.906
2206951,-41.9227,-5.2786,443.872
2207009,-42.165,-6.9663,2703.138
2207108,-42.5521,-5.8577,183.603
2207207,-40.881,-7.3778,278.696
2207306,-42.2852,-7.8127,401.378
2207355,-42.8335,-7.904,986.961
2207405,-44.4645,-8.5568,2024.02
2207504,-42.9558,-5.8833,1493.764
2207553,-41.6856,-7.1315,432.572
2207603,-44.5684,-10.3157,3428.811
2207702,-41.7534,-2.9592,436.907
2207751,-42.4133,-5.873,643.226
2207777,-41.2961,-7.6738,801.403
2207793,-42.4709,-5.245,430.023
2207801,-41.145,-8.1104,1941.111
2207850,-43.3372,-7.9253,1090.697
2207900,-41.397,-4.4954,1544.413
2207934,-42.2653,-8.0732,870.614
2207959,-42.0237,-8.1195,909.734
2208007,-41.5223,-7.0589,577.284
2208106,-41.1664,-6.3447,4562.58
2208205,-40.7181,-6.7903,1948.142
2208304,-41.6145,-3.8536,2368.935
2208403,-41.7714,-4.331,1407.192
2208502,-42.7076,-3.95,253.113
2208551,-44.0572,-6.9563,1168.044
2208601,-42.1666,-5.7253,196.787
2208650,-41.351,-8.5161,1283.369
2208700,-44.4549,-9.5244,2470.531
2208809,-42.4905,-6.3525,1251.321
2208858,-44.8129,-9.9306,2220.598
2208874,-42.6136,-7.9278,1012.479
2208908,-45.3456,-7.9742,3987.147
2209005,-43.1522,-7.7711,635.953
2209104,-41.7745,-7.2371,582.658
2209153,-41.8686,-5.908,978.547
2209203,-45.6756,-8.9905,5293.693
2209302,-44.1054,-9.0452,1185.398
2209351,-41.4951,-6.9407,112.189
2209377,-42.2275,-6.8094,338.336
2209401,-41.2074,-6.9068,385.286
2209450,-42.7027,-6.0501,33.64
2209500,-42.0143,-7.4582,852.106
2209559,-43.0079,-8.9628,656.042
2209609,-42.1029,-5.9356,627.033
2209658,-41.5835,-8.1934,1072.311
2209708,-42.501,-7.1986,1341.451
2209757,-45.3217,-10.0883,1385.255
2209807,-42.6522,-6.0028,150.495
2209856,-41.3916,-6.6919,480.537
2209872,-41.2838,-3.9923,817.111
2209906,-41.8778,-5.5425,994.224
2209955,-41.8822,-6.9565,394.456
2209971,-42.4494,-3.8189,213.377
2210003,-42.2574,-8.3204,1527.497
2210052,-41.861,-3.7745,319.367
2210102,-42.5823,-7.4824,1287.174
2210201,-41.491,-6.815,373.347
2210300,-40.8206,-7.0816,291.089
2210359,-42.5355,-9.1717,673.822
2210375,-41.2634,-6.7645,217.924
2210383,-42.273,-5.8188,444.528
2210391,-42.3327,-7.5968,813.444
2210409,-41.4398,-5.741,4988.973
2210508,-42.7866,-5.8182,518.288
2210607,-42.7156,-8.9657,2415.287
2210623,-44.8334,-10.6544,893.488
2210631,-44.0926,-7.745,3148.857
2210656,-41.8051,-4.9756,1031.101
2210706,-40.7417,-7.671,1076.055
2210805,-42.0214,-7.7989,1360.028
2210904,-42.4764,-7.8967,761.854
2210938,-41.3562,-7.019,205.194
2210953,-43.0821,-8.4858,1587.296
2210979,-42.2662,-6.6621,398.007
2211001,-42.7406,-5.1027,1391.293
2211100,-42.795,-4.5953,1170.742
2211209,-44.5695,-7.7919,8413.016
2211308,-41.799,-6.3671,1333.722
2211357,-42.9216,-9.3227,450.429
2211407,-42.2254,-6.5536,236.453
2211506,-41.5186,-7.5977,341.974
2211605,-40.9361,-7.2021,221.627
2211704,-41.8777,-7.2656,270.427
2300101,-39.0368,-7.3606,180.833
2300150,-38.6621,-4.2168,130.002
2300200,-40.0881,-2.9679,842.471
2300309,-39.4938,-6.122,2254.279
2300408,-40.2986,-6.6051,2438.563
2300507,-40.543,-3.5923,135.76
2300606,-39.6993,-6.9856,72.675
2300705,-38.2409,-5.5162,1147.208
2300754,-39.7852,-3.2396,1175.044
2300804,-39.9813,-6.7565,259.706
2300903,-39.3307,-3.9683,543.98
2301000,-38.3941,-3.9766,480.236
2301109,-37.6855,-4.681,1227.197
2301208,-38.7135,-4.483,643.988
2301257,-40.7462,-4.773,342.301
2301307,-40.0765,-7.2393,1097.339
2301406,-39.025,-4.4173,119.758
2301505,-40.1549,-6.2394,1068.437
2301604,-39.8692,-6.9096,1155.124
2301703,-38.9691,-6.9889,885.87
2301802,-38.753,-6.7114,145.556
2301851,-38.9036,-5.2622,1080.986
2301901,-39.3446,-7.4037,608.158
2301950,-38.6205,-4.3221,260.003
2302008,-38.7939,-7.1255,711.346
2302057,-41.1736,-2.9706,385.583
2302107,-38.851,-4.3834,314.075
2302206,-38.1129,-4.4017,1596.751
2302305,-40.308,-3.0535,842.106
2302404,-39.8079,-5.0878,2835.037
2302503,-38.9213,-7.5557,654.658
2302602,-40.8009,-2.9498,1120.452
2302701,-40.2713,-6.9367,1082.582
2302800,-39.4304,-4.4021,3032.39
2302909,-38.9079,-4.4678,226.549
2303006,-39.1099,-4.2038,926.271
2303105,-40.5217,-3.9519,755.597
2303204,-39.2749,-7.0218,634.179
2303303,-39.4641,-6.642,1036.417
2303402,-41.0102,-4.1301,363.22
2303501,-38.2971,-4.2391,838.115
2303600,-39.9097,-6.2528,488.153
2303659,-40.175,-4.6296,784.022
2303709,-38.8097,-3.7836,1223.246
2303808,-39.0932,-6.5697,729.97
2303907,-41.2326,-3.0926,237.248
2303931,-39.1911,-4.7723,815.268
2303956,-38.4683,-4.3023,296.431
2304004,-40.7264,-3.6415,750.332
2304103,-40.7196,-5.1993,2981.459
2304202,-39.4899,-7.2356,1138.15
2304236,-40.9751,-4.3877,696.348
2304251,-40.3233,-2.8965,335.921
2304269,-39.2662,-5.887,471.134
2304277,-38.312,-5.985,362.906
2304285,-38.4576,-3.876,78.818
2304301,-39.5491,-6.9095,530.54
2304350,-40.2255,-3.8224,568.778
2304400,-38.528,-3.7858,312.353
2304459,-37.8737,-4.4644,285.024
2304509,-40.8228,-3.7108,210.284
2304608,-39.4511,-4.0639,230.371
2304657,-40.774,-4.0457,258.942
2304707,-41.0017,-3.2306,2663.174
2304806,-39.2522,-6.9117,111.528
2304905,-40.3653,-3.9124,155.681
2304954,-38.6698,-4.1023,256.053
2305001,-40.9154,-4.2328,624.606
2305100,-38.9566,-4.2466,90.817
2305209,-40.4051,-4.4326,926.592
2305233,-38.465,-4.1022,160.557
2305266,-38.7248,-4.78,879.255
2305308,-41.0062,-3.9511,414.092
2305332,-38.5569,-4.9746,423.856
2305357,-37.4106,-4.7386,421.44
2305407,-38.7834,-6.389,1865.862
2305506,-39.2819,-6.3585,992.208
2305605,-40.3413,-5.4738,3222.381
2305654,-40.8042,-4.9097,704.773
2305704,-38.743,-6.8092,276.508
2305803,-40.6691,-4.3697,626.049
2305902,-40.8769,-4.5728,1483.258
2306009,-38.3382,-5.7779,839.174
2306108,-39.8176,-3.8658,1466.412
2306207,-37.8472,-4.7176,213.604
2306256,-38.55,-3.998,153.686
2306306,-39.575,-3.7328,432.188
2306405,-39.5983,-3.3952,1600.358
2306504,-38.9521,-4.5955,593.231
2306553,-39.8891,-3.0498,714.833
2306603,-39.5783,-4.6255,829.626
2306702,-38.7479,-5.4918,1826.826
2306801,-38.525,-5.611,622.963
2306900,-38.705,-5.9613,1877.062
2307007,-37.7467,-4.8657,854.362
2307106,-39.248,-7.5903,544.98
2307205,-38.9923,-7.692,368.359
2307254,-40.4953,-2.8778,209.029
2307304,-39.2862,-7.1828,258.788
2307403,-39.6073,-6.458,940.336
2307502,-38.9946,-6.778,945.263
2307601,-38.0461,-5.1581,744.525
2307635,-39.509,-4.8579,997.781
2307650,-38.6271,-3.8745,105.071
2307700,-38.8121,-4.0067,583.505
2307809,-40.2618,-3.1896,573.61
2307908,-40.6488,-3.1696,303.445
2308005,-40.3876,-3.4843,567.78
2308104,-38.7174,-7.3977,1079.011
2308203,-40.4509,-3.5786,151.651
2308302,-38.9429,-7.2721,579.097
2308351,-39.1711,-5.6408,502.137
2308377,-39.9086,-3.5606,708.678
2308401,-39.1529,-7.3065,613.317
2308500,-39.7485,-5.7881,2115.748
2308609,-40.0446,-4.9147,892.538
2308708,-38.4329,-5.0348,2763.971
2308807,-40.6795,-3.4611,414.446
2308906,-40.0892,-3.2841,411.586
2309003,-40.7559,-3.8978,192.19
2309102,-38.9932,-4.3194,97.951
2309201,-39.6651,-7.0931,282.584
2309300,-40.5288,-4.6799,736.911
2309409,-40.7709,-5.5926,947.44
2309458,-38.5073,-4.5265,763.075
2309508,-38.9448,-6.2442,577.526
2309607,-38.4983,-4.1838,250.304
2309706,-38.5972,-3.9523,133.236
2309805,-38.9021,-4.1989,112.433
2309904,-40.6856,-4.0059,88.355
2310001,-38.0281,-4.7084,436.98
2310100,-38.842,-4.1258,128.896
2310209,-39.0388,-3.4808,304.734
2310258,-39.1793,-3.4223,289.231
2310308,-40.6277,-6.304,2313.868
2310407,-39.3771,-4.1598,539.238
2310506,-39.8468,-5.497,1302.081
2310605,-39.054,-7.7804,150.536
2310704,-39.146,-3.8538,1379.836
2310803,-38.4887,-6.0408,435.868
2310852,-38.3053,-4.0546,74.033
2310902,-39.4517,-5.863,589.601
2310951,-40.5843,-4.2591,244.464
2311009,-41.0774,-4.7995,1310.771
2311108,-39.1068,-7.542,224.86
2311207,-40.0364,-7.0727,343.264
2311231,-38.1676,-5.7496,409.137
2311264,-40.7609,-5.8715,1041.832
2311306,-38.947,-4.9545,2020.586
2311355,-39.1207,-6.1754,605.345
2311405,-39.3332,-5.2455,3324.987
2311504,-37.8624,-5.0882,613.099
2311603,-38.7624,-4.2456,247.989
2311702,-40.6133,-4.1209,372.949
2311801,-38.1483,-4.8438,1611.091
2311900,-39.8886,-6.4843,1381.274
2311959,-40.3664,-7.2048,806.253
2312007,-40.1647,-3.461,972.573
2312106,-39.7565,-7.2219,855.165
2312205,-40.0419,-4.3407,4262.293
2312304,-40.9695,-4.0408,350.847
2312403,-39.0606,-3.6006,842.635
2312502,-38.2733,-5.326,279.451
2312601,-39.2645,-3.6463,122.865
2312700,-39.4336,-5.5877,956.882
2312809,-40.461,-3.2701,424.642
2312908,-40.2279,-3.811,2068.474
2313005,-39.0024,-5.7765,1535.855
2313104,-38.0272,-5.3611,1047.637
2313203,-40.3358,-4.92,2014.543
2313252,-39.7378,-6.7302,412.719
2313302,-40.2589,-5.9368,4010.618
2313351,-39.5833,-3.932,758.707
2313401,-41.055,-3.7361,909.853
2313500,-39.3536,-3.3374,928.725
2313559,-39.4057,-3.5511,201.27
2313609,-41.0045,-3.8666,423.673
2313708,-38.7303,-6.6233,263.183
2313757,-39.3847,-3.687,315.648
2313807,-39.5145,-3.6213,99.4
2313906,-40.6804,-3.3209,697.683
2313955,-40.4939,-4.1679,179.239
2314003,-39.2979,-6.7718,829.976
2314102,-41.1361,-3.5462,1310.91
2400109,-36.6501,-6.4094,608.466
2400208,-37.0141,-5.5266,1303.442
2400307,-36.5999,-5.4714,576.179
2400406,-38.3086,-6.2086,50.684
2400505,-37.9892,-6.3645,381.205
2400604,-37.763,-6.1545,128.038
2400703,-36.7236,-5.3623,191.334
2400802,-36.5572,-5.6463,741.582
2400901,-37.9248,-6.2196,244.897
2401008,-37.8357,-5.6283,1602.477
2401107,-37.0463,-5.0012,342.749
2401206,-35.2082,-6.1937,115.407
2401305,-37.3243,-5.8803,890.89
2401404,-35.0449,-6.4347,247.484
2401453,-37.6183,-5.0928,825.681
2401503,-35.922,-5.9611,152.626
2401602,-35.8119,-5.6759,301.069
2401651,-36.4417,-5.9629,253.519
2401701,-35.5908,-6.0008,122.035
2401800,-35.3836,-6.2182,61.559
2401859,-36.0833,-5.1918,225.633
2401909,-36.0265,-5.7661,261.194
2402006,-37.0379,-6.4676,1228.584
2402105,-36.2089,-6.2377,213.727
2402204,-35.1485,-6.3951,245.485
2402303,-37.5838,-5.7672,1095.803
2402402,-36.5488,-6.5533,246.308
2402501,-36.8573,-5.2641,517.737
2402600,-35.3952,-5.5955,724.838
2402709,-36.3272,-5.9894,393.573
2402808,-36.1959,-6.3572,185.748
2402907,-38.4228,-6.2555,117.139
2403004,-36.825,-6.3559,295.83
2403103,-36.4436,-6.2236,864.349
2403202,-38.4014,-6.1154,113.737
2403251,-35.2301,-5.9143,124.006
2403301,-38.3064,-6.1342,125.749
2403400,-36.6661,-6.882,264.985
2403509,-35.3045,-6.3057,135.838
2403608,-35.2687,-5.681,140.639
2403707,-37.6559,-5.5398,268.591
2403756,-36.3921,-5.7605,322.628
2403806,-36.8184,-6.1697,507.892
2403905,-38.1086,-6.053,181.558
2404002,-37.839,-6.161,63.279
2404101,-36.208,-5.1757,340.769
2404200,-35.2138,-6.2878,192.279
2404309,-37.5368,-5.3951,1129.55
2404408,-37.2105,-4.9476,124.538
2404507,-36.3439,-5.1748,258.307
2404606,-35.5504,-5.7841,312.028
2404705,-36.8027,-5.5382,374.245
2404804,-37.1864,-6.7742,127.348
2404853,-36.808,-5.69,203.624
2404903,-37.9165,-5.8185,133.031
2405009,-36.2146,-6.4109,54.561
2405108,-36.1382,-5.357,442.754
2405207,-37.4749,-5.9962,303.448
2405306,-35.6005,-6.1519,170.737
2405405,-35.8991,-6.4328,188.99
2405504,-35.9868,-5.6137,254.022
2405603,-37.2859,-6.3345,330.53
2405702,-36.8066,-6.5877,367.645
2405801,-35.8739,-5.4754,714.961
2405900,-37.8379,-6.2879,88.173
2406007,-38.2831,-6.3406,117.635
2406106,-37.0214,-6.058,933.73
2406155,-35.3404,-6.2563,44.641
2406205,-35.6262,-6.3848,105.652
2406304,-35.4508,-6.1924,117.971
2406403,-35.8444,-6.0105,111.607
2406502,-36.5191,-6.0925,176.302
2406601,-35.505,-6.1472,79.128
2406700,-36.1806,-5.6982,676.625
2406809,-36.1342,-6.1481,130.211
2406908,-37.8244,-6.1036,30.931
2407005,-38.4026,-6.3734,166.638
2407104,-35.4288,-5.9269,510.092
2407203,-36.5235,-5.196,775.302
2407252,-38.3176,-6.4051,31.971
2407302,-38.1573,-6.2803,345.711
2407401,-37.9059,-6.0802,169.464
2407500,-35.3545,-5.4516,132.129
2407609,-37.4802,-6.0899,142.608
2407708,-35.2909,-6.5049,82.214
2407807,-35.4051,-6.0988,211.259
2407906,-35.809,-6.4299,71.946
2408003,-37.3255,-5.1758,2099.334
2408102,-35.2288,-5.8032,167.401
2408201,-35.1732,-6.0549,307.719
2408300,-35.429,-6.4486,277.658
2408409,-37.7102,-5.9789,141.17
2408508,-36.9211,-6.6835,253.21
2408607,-38.2842,-6.451,81.39
2408706,-37.1106,-5.7844,383.214
2408805,-35.9362,-5.2858,231.007
2408904,-36.6195,-6.7138,513.507
2408953,-35.4,-5.3773,151.097
2409100,-35.6145,-6.4427,42.137
2409209,-35.3957,-6.2838,41.215
2409308,-37.6213,-6.0869,319.135
2409332,-35.7205,-5.7889,219.57
2409407,-38.1698,-6.1174,259.959
2409506,-35.8735,-5.146,221.167
2409605,-36.0795,-5.5245,294.985
2409704,-36.3316,-5.475,952.755
2409803,-35.2245,-6.4652,192.708
2409902,-36.624,-5.2929,419.137
2410009,-38.0292,-6.2866,82.69
2410108,-35.6944,-5.5715,230.401
2410207,-38.015,-6.0329,110.054
2410256,-36.8415,-5.0883,361.237
2410306,-35.7235,-6.1092,217.539
2410405,-35.5821,-5.4073,504.294
2410504,-38.2237,-6.1968,78.231
2410603,-37.7302,-6.0691,100.073
2410702,-37.9664,-5.9236,127.223
2410801,-38.3361,-6.277,128.106
2410900,-35.8496,-5.7984,262.887
2411007,-38.0809,-5.8585,154.84
2411056,-37.321,-4.8884,169.365
2411106,-35.9405,-5.8569,125.809
2411205,-36.0065,-6.2482,624.356
2411403,-36.6346,-5.9043,1422.268
2411429,-36.7651,-6.7322,188.403
2411502,-35.5054,-6.3395,301.082
2411601,-35.9891,-5.1441,288.761
2411700,-36.0485,-6.3832,190.818
2411809,-37.1512,-6.3213,404.427
2411908,-38.1838,-5.9852,75.588
2412005,-35.3648,-5.7877,249.8
2412104,-37.1885,-6.6904,277.011
2412203,-35.2894,-6.064,289.987
2412302,-35.7402,-6.3011,341.115
2412401,-36.8585,-6.4866,174.505
2412500,-38.4743,-6.2144,166.233
2412559,-35.7372,-5.194,431.444
2412609,-35.7544,-5.934,240.425
2412708,-35.6303,-5.8926,195.237
2412807,-36.8785,-5.8374,469.101
2412906,-36.1286,-5.9882,862.585
2413003,-36.6598,-6.2077,197.817
2413102,-35.6825,-6.0413,152.376
2413201,-35.1214,-6.1579,26.1
2413300,-35.7189,-6.4286,96.628
2413359,-37.0242,-5.1713,620.241
2413409,-37.36,-6.5874,562.396
2413508,-35.5744,-6.2551,193.351
2413557,-37.9931,-6.1445,122.375
2413607,-37.9727,-5.7692,157.85
2413706,-35.9273,-6.088,213.456
2413805,-38.0512,-5.9358,124.093
2413904,-35.5852,-5.5967,352.818
2414001,-35.8353,-6.217,339.484
2414100,-38.1639,-6.4406,223.671
2414159,-36.7227,-6.1591,68.556
2414209,-35.0998,-6.2417,102.68
2414308,-37.2472,-6.4777,135.456
2414407,-35.608,-5.281,753.961
2414456,-37.1516,-5.9184,268.725
2414506,-37.8326,-5.992,213.584
2414605,-37.292,-5.6101,873.14
2414704,-35.3684,-6.3515,72.684
2414753,-38.5268,-6.3207,71.621
2414803,-35.4355,-6.0372,84.127
2414902,-37.955,-5.9871,37.905
2415008,-35.0871,-6.3028,47.656
2500106,-37.6626,-7.4705,241.662
2500205,-38.2138,-7.0741,351.607
2500304,-35.6028,-7.0591,322.071
2500403,-35.7669,-7.0616,128.23
2500502,-35.5222,-6.962,111.361
2500536,-36.0467,-7.6899,309.896
2500577,-35.9723,-6.8879,222.74
2500601,-34.9333,-7.3486,183.974
2500700,-38.4178,-6.7327,476.238
2500734,-37.0394,-7.5607,122.094
2500775,-38.068,-6.7893,291.478
2500809,-35.3545,-6.8612,232.177
2500908,-35.7313,-6.8581,91.306
2501005,-35.7551,-6.5242,246.717
2501104,-35.7054,-6.9503,269.13
2501153,-36.9619,-7.1119,114.078
2501203,-35.9315,-7.0492,35.81
2501302,-35.6909,-7.5356,376.118
2501351,-36.7103,-7.0736,132.139
2501401,-34.9888,-6.6631,102.756
2501500,-35.5963,-6.7002,255.641
2501534,-36.2614,-6.6206,50.03
2501575,-35.9661,-7.5648,375.177
2501609,-36.076,-6.7912,781.187
2501708,-36.2866,-7.7004,609.697
2501807,-34.9219,-7.1317,27.705
2501906,-35.4982,-6.7053,99.609
2502003,-37.3659,-6.149,601.549
2502052,-38.5558,-6.4811,57.453
2502102,-38.1883,-7.4311,168.664
2502151,-36.2187,-7.2717,468.933
2502201,-38.6302,-6.8228,47.367
2502300,-37.9478,-6.4748,186.059
2502409,-38.4782,-7.2893,226.798
2502508,-36.1499,-7.5066,373.077
2502607,-38.1246,-7.1552,197.058
2502706,-35.6012,-6.7941,26.107
2502805,-37.497,-6.3297,401.315
2502904,-37.8466,-6.3984,93.857
2503001,-34.9189,-7.4868,151.018
2503100,-36.2989,-7.451,469.171
2503209,-34.845,-7.0359,29.873
2503308,-38.6957,-6.946,193.215
2503407,-37.1736,-7.1387,213.018
2503506,-35.8137,-6.6246,165.072
2503555,-37.0904,-7.2095,124.068
2503605,-35.4117,-6.6063,123.677
2503704,-38.541,-6.9199,562.703
2503753,-37.8034,-6.959,282.693
2503803,-35.3392,-7.1211,55.963
2503902,-36.7972,-7.8998,541.841
2504009,-35.9657,-7.2636,591.658
2504033,-35.1687,-6.9008,79.876
2504074,-36.5025,-7.7741,486.622
2504108,-38.3375,-7.0445,59.07
2504157,-35.8432,-6.755,202.761
2504207,-37.5908,-7.1385,527.424
2504306,-37.7045,-6.3211,551.765
2504355,-36.0577,-7.416,117.823
2504405,-38.5283,-7.5038,580.65
2504504,-37.6155,-6.905,265.473
2504603,-34.8607,-7.282,171.267
2504702,-36.6465,-7.795,324.686
2504801,-37.9753,-7.0505,372.012
2504850,-36.6342,-7.6452,173.942
2504900,-35.1027,-7.149,192.512
2505006,-36.3267,-6.8605,163.57
2505105,-36.0783,-6.5486,733.818
2505204,-35.5228,-6.8992,42.091
2505238,-35.2521,-6.906,107.68
2505279,-35.2847,-6.7338,86.428
2505303,-38.1679,-7.5378,217.624
2505352,-35.9301,-6.6433,186.198
2505402,-37.0929,-7.3001,182.018
2505501,-37.5755,-6.757,60.39
2505600,-38.3155,-7.4237,271.791
2505709,-35.6483,-6.6094,173.648
2505808,-35.3956,-6.7208,27.012
2505907,-37.745,-7.0866,248.226
2506004,-35.8903,-6.9982,157.851
2506103,-35.7801,-7.3912,185.061
2506202,-36.4497,-6.4145,238.658
2506251,-35.8124,-7.5898,192.42
2506301,-35.448,-6.8778,162.387
2506400,-35.4359,-7.1496,340.408
2506509,-36.4578,-7.2615,344.502
2506608,-38.4039,-7.4919,240.357
2506707,-37.5582,-7.3709,317.804
2506806,-35.6211,-7.2785,262.179
2506905,-35.3543,-7.3484,210.572
2507002,-38.1864,-7.2865,460.21
2507101,-35.2571,-6.8102,145.806
2507200,-35.6471,-7.4051,251.749
2507309,-35.2683,-6.5958,256.845
2507408,-37.8172,-6.5087,177.356
2507507,-34.8695,-7.1655,210.044
2507606,-35.5706,-7.1592,75.678
2507705,-36.5585,-7.0549,474.606
2507804,-36.7745,-6.9913,180.425
2507903,-35.2136,-7.355,78.706
2508000,-37.8032,-7.5018,395.075
2508109,-37.8882,-6.5876,176.649
2508208,-35.3613,-6.6789,83.508
2508307,-35.8663,-7.1462,108.219
2508406,-38.18,-6.5526,107.416
2508505,-36.931,-7.3406,266.948
2508554,-35.4272,-6.5544,42.876
2508604,-34.9122,-6.9189,93.8
2508703,-37.4399,-7.2481,228.676
2508802,-37.5301,-6.8837,172.01
2508901,-35.1559,-6.7207,337.434
2509008,-38.2048,-7.7249,352.025
2509057,-35.0056,-6.7475,122.665
2509107,-35.3059,-7.0375,155.265
2509156,-38.3367,-6.8216,69.952
2509206,-35.756,-7.2008,209.402
2509305,-35.0439,-6.5563,182.439
2509339,-35.7717,-7.1184,36.522
2509370,-37.7373,-6.5481,85.275
2509396,-37.3588,-7.2843,83.053
2509404,-35.4971,-7.2948,214.093
2509503,-35.9435,-7.0903,31.793
2509602,-38.5377,-7.2063,116.854
2509701,-37.0917,-7.9078,992.62
2509800,-35.4209,-6.9994,187.259
2509909,-35.5629,-7.5602,202.173
2510006,-38.3266,-6.951,193.203
2510105,-36.2062,-6.4764,47.572
2510204,-38.0185,-7.4735,81.516
2510303,-36.4264,-6.6762,314.748
2510402,-37.754,-7.2844,580.47
2510501,-36.2491,-6.9771,314.625
2510600,-37.1381,-7.6098,128.11
2510659,-36.6688,-7.3273,207.814
2510709,-37.0412,-7.1183,123.422
2510808,-37.3169,-6.9955,472.892
2510907,-37.6088,-6.627,577.379
2511004,-38.0808,-7.4586,116.873
2511103,-36.3879,-6.7729,335.615
2511202,-35.0746,-7.3362,406.729
2511301,-37.9422,-7.2013,576.986
2511400,-36.3371,-6.4931,667.714
2511509,-35.2667,-7.2789,103.306
2511608,-35.6084,-6.8832,65.574
2511707,-35.549,-6.8462,40.908
2511806,-35.4959,-6.7907,80.672
2511905,-34.8418,-7.4309,135.801
2512002,-36.0937,-7.0627,623.967
2512036,-38.5199,-6.3897,97.758
2512077,-38.4989,-6.5937,94.646
2512101,-37.8509,-6.7725,894.099
2512200,-37.0858,-7.6947,201.788
2512309,-38.005,-7.6537,368.569
2512408,-35.9616,-7.1488,71.118
2512507,-35.9137,-7.3994,402.748
2512606,-37.1355,-7.0407,147.158
2512705,-35.8488,-6.9268,183.459
2512721,-35.2911,-6.6681,74.216
2512747,-35.6474,-6.5418,85.291
2512754,-35.6692,-7.2396,40.281
2512762,-35.2899,-7.1549,40.46
2512788,-36.1378,-7.6829,93.654
2512804,-37.6355,-6.4782,262.532
2512903,-35.0361,-6.7969,465.24
2513000,-36.8421,-7.0987,179.005
2513109,-35.4636,-7.4147,204.079
2513158,-35.9215,-7.7289,217.577
2513208,-38.0528,-6.5488,217.677
2513307,-38.5841,-6.7305,211.143
2513356,-38.5774,-7.6664,327.635
2513406,-36.9065,-6.9172,440.766
2513505,-38.331,-7.6282,405.164
2513604,-37.96,-7.3879,361.484
2513653,-38.4809,-6.4771,71.799
2513703,-35.0001,-7.0673,718.576
2513802,-37.4454,-7.0911,359.442
2513851,-36.6147,-7.2211,197.791
2513901,-37.4713,-6.4589,245.84
2513927,-37.7072,-6.8738,199.635
2513943,-36.4048,-7.5881,233.835
2513968,-37.9508,-6.804,170.361
2513984,-38.0597,-6.6352,90.724
2514008,-36.494,-7.4513,612.966
2514107,-36.7874,-8.0889,812.617
2514206,-38.1396,-6.9413,333.724
2514305,-38.3266,-7.2606,183.273
2514404,-37.3798,-6.8138,726.757
2514453,-35.3464,-7.2419,100.642
2514503,-38.4921,-7.1007,686.918
2514552,-38.0964,-7.7025,158.052
2514602,-37.3009,-7.1493,153.629
2514651,-37.3581,-6.2354,253.787
2514701,-36.8234,-6.8172,213.555
2514800,-36.8624,-7.4291,376.661
2514909,-37.0848,-6.9277,533.446
2515005,-35.1988,-7.2407,92.413
2515104,-35.8539,-7.0892,46.372
2515203,-37.015,-8.1582,464.327
2515302,-35.1971,-7.0554,313.678
2515401,-36.4503,-6.909,262.751
2515500,-36.7079,-7.5353,698.102
2515609,-35.4528,-6.7052,31.679
2515708,-38.3795,-7.2292,64.352
2515807,-35.6633,-7.1715,55.197
2515906,-35.6441,-6.8332,65.062
2515930,-35.4214,-6.7424,32.455
2515971,-35.256,-7.1798,61.953
2516003,-35.7249,-6.7522,233.043
2516102,-36.3706,-7.1004,578.178
2516151,-36.2099,-6.7237,147.264
2516201,-38.2252,-6.7397,728.492
2516300,-36.9006,-7.6784,833.315
2516409,-35.5182,-6.5378,245.236
2516508,-36.8307,-7.2208,628.365
2516607,-37.8921,-7.5998,239.507
2516706,-37.2403,-7.2455,155.452
2516755,-36.6265,-6.9613,87.452
2516805,-38.5723,-6.6056,224.336
2516904,-38.3916,-6.5108,293.182
2517001,-35.7378,-7.6809,185.578
2517100,-37.0314,-6.7885,191.282
2517209,-38.2682,-6.5602,147.098
2517407,-37.0963,-8.0766,106.811
2600054,-35.0191,-7.8797,126.384
2600104,-37.62,-7.7371,377.696
2600203,-41.0054,-8.6189,1490.594
2600302,-35.9452,-8.4566,200.369
2600401,-35.4818,-8.7293,531.935
2600500,-37.0386,-9.087,885.988
2600609,-36.7555,-8.4919,214.267
2600708,-35.193,-7.6026,272.773
2600807,-36.099,-8.4905,450.178
2600906,-35.4655,-8.365,233.239
2601003,-36.2768,-8.8915,118.088
2601052,-35.0761,-7.7932,96.36
2601102,-40.4848,-7.6079,2037.394
2601201,-37.0055,-8.3839,343.923
2601300,-35.6338,-8.4182,118.639
2601409,-35.2586,-8.8202,233.433
2601508,-35.8156,-8.6051,73.145
2601607,-38.9819,-8.5836,1830.797
2601706,-36.4051,-8.2589,647.445
2601805,-37.9877,-8.2653,1244.074
2601904,-35.7822,-8.218,492.632
2602001,-39.9651,-7.6564,1621.786
2602100,-36.684,-9.2027,792.185
2602209,-35.5885,-7.7868,224.108
2602308,-35.7085,-8.495,393.191
2602407,-36.5299,-9.0267,159.786
2602506,-37.3209,-7.3367,106.039
2602605,-36.2814,-8.0756,762.346
2602704,-35.3472,-7.7379,93.187
2602803,-37.1227,-8.65,1336.544
2602902,-35.0859,-8.2692,445.386
2603009,-39.3294,-8.3865,1658.616
2603108,-36.2909,-8.4849,179.262
2603207,-36.6592,-8.804,294.946
2603306,-36.3218,-8.7506,121.945
2603405,-38.0787,-8.0039,179.314
2603454,-34.9958,-7.9868,51.321
2603504,-35.7721,-8.35,72.01
2603603,-35.2992,-7.4339,39.116
2603702,-36.1769,-8.8932,423.168
2603801,-36.5992,-8.6867,337.13
2603900,-37.7272,-7.7962,427.802
2603926,-38.7215,-8.4092,1004.667
2604007,-35.3059,-7.8195,147.017
2604106,-36.0166,-8.1805,923.15
2604155,-35.7214,-7.7564,115.868
2604205,-35.7309,-8.6755,208.594
2604304,-39.2037,-7.7438,148.746
2604403,-35.2222,-7.9994,49.327
2604502,-35.474,-8.2296,84.787
2604601,-35.0987,-7.5963,89.645
2604700,-36.3387,-9.1147,317.793
2604809,-35.5301,-8.4331,102.852
2604908,-35.7208,-8.04,292.231
2605004,-35.9314,-8.583,95.155
2605103,-37.6816,-8.1738,1404.126
2605152,-40.6201,-8.4962,1539.052
2605202,-35.2646,-8.3697,342.584
2605301,-39.7482,-7.516,1336.786
2605400,-35.3832,-7.9529,107.726
2605459,-32.4265,-3.857,18.609
2605509,-35.2446,-7.4785,92.516
2605608,-37.8948,-7.9399,995.558
2605707,-38.3108,-8.5669,3604.948
2605806,-35.885,-7.9351,212.707
2605905,-35.3931,-8.6125,257.781
2606002,-36.5011,-8.9291,458.552
2606101,-35.3382,-8.0127,234.708
2606200,-34.9425,-7.5969,445.405
2606309,-39.6943,-7.7885,521.69
2606408,-35.5636,-8.1994,507.36
2606507,-36.9011,-9.1435,635.137
2606606,-37.6107,-8.5859,1882.498
2606705,-36.2014,-8.6134,189.596
2606804,-34.9603,-7.8175,306.879
2606903,-37.4031,-7.8456,838.132
2607000,-37.8374,-8.8055,1231.362
2607109,-37.4161,-7.7139,243.586
2607208,-35.0893,-8.4373,521.801
2607307,-40.2174,-7.4979,693.914
2607406,-38.7286,-8.7493,430.038
2607505,-37.2958,-8.9843,1061.694
2607604,-34.8544,-7.7595,66.146
2607653,-35.1343,-7.4499,304.006
2607703,-37.1431,-7.3987,411.901
2607752,-34.9068,-7.7451,73.968
2607802,-35.0326,-7.6864,162.739
2607901,-35.0033,-8.1522,258.724
2607950,-35.8078,-8.7433,87.208
2608008,-36.5339,-8.0552,714.601
2608057,-38.2138,-9.2078,277.862
2608107,-35.5924,-7.861,134.147
2608206,-35.545,-8.5624,122.592
2608255,-36.4596,-8.744,120.527
2608305,-36.394,-8.7154,104.835
2608404,-36.1427,-8.7554,148.254
2608453,-35.3367,-7.8526,69.666
2608503,-35.2948,-7.9092,56.131
2608602,-36.4652,-9.1622,198.762
2608701,-35.8956,-8.6824,224.947
2608750,-40.223,-8.7772,1850.07
2608800,-36.2863,-8.678,189.096
2608909,-35.4479,-7.8477,273.733
2609006,-35.4502,-7.5277,108.049
2609105,-35.5003,-7.7034,61.619
2609154,-37.5542,-8.8929,344.685
2609204,-35.7617,-8.8342,199.865
2609303,-38.7361,-8.1575,821.676
2609402,-35.1463,-8.144,194.197
2609501,-35.2332,-7.7372,130.572
2609600,-34.8664,-7.9931,41.3
2609709,-35.5987,-7.7059,138.521
2609808,-39.5911,-8.4721,554.76
2609907,-40.1645,-7.966,2381.57
2610004,-35.6304,-8.6565,339.401
2610103,-36.2779,-9.0114,168.796
2610202,-36.0491,-8.6651,380.428
2610301,-36.7071,-8.8939,185.371
2610400,-39.77,-8.16,2609.548
2610509,-35.5463,-8.0125,327.21
2610608,-35.1551,-7.9056,269.651
2610707,-34.8834,-7.9282,96.932
2610806,-36.8999,-8.6971,922.602
2610905,-36.7353,-8.3919,960.042
2611002,-38.3079,-8.8993,1056.589
2611101,-40.5724,-9.0198,4561.87
2611200,-36.7113,-8.2247,205.119
2611309,-35.3873,-8.1817,239.832
2611408,-35.3909,-8.3269,113.135
2611507,-36.0287,-8.8361,230.617
2611533,-37.8491,-7.7176,210.705
2611606,-34.9331,-8.0393,218.843
2611705,-35.8829,-8.082,314.003
2611804,-35.3665,-8.5046,289.566
2611903,-35.2182,-8.6751,227.458
2612000,-35.6845,-8.3027,190.455
2612109,-35.5938,-7.9161,87.217
2612208,-39.0898,-8.1292,1678.564
2612307,-36.7389,-8.9916,251.549
2612406,-36.5495,-8.3648,268.065
2612455,-40.3023,-8.2912,1245.983
2612471,-38.1757,-7.8495,114.932
2612505,-36.3253,-7.8896,335.309
2612554,-40.5715,-8.2237,1005.341
2612604,-39.9143,-8.6297,3000.774
2612703,-35.8829,-7.8247,92.148
2612802,-37.4365,-7.4304,200.327
2612901,-35.9067,-8.8093,160.477
2613008,-36.4506,-8.5359,719.148
2613107,-36.148,-8.3288,382.483
2613206,-36.3776,-8.8799,258.519
2613305,-35.8439,-8.455,227.385
2613404,-35.1852,-8.8655,69.184
2613503,-38.7457,-7.8658,1474.086
2613602,-37.2742,-7.5265,774.037
2613701,-35.1039,-8.0231,263.687
2613800,-35.4898,-7.6054,112.554
2613909,-38.3697,-8.0361,2980.007
2614006,-39.3816,-7.85,1535.19
2614105,-37.3371,-8.2106,2421.527
2614204,-35.1722,-8.5719,374.321
2614303,-39.5226,-7.6181,404.287
2614402,-37.6513,-7.5849,138.398
2614501,-35.7545,-7.8919,252.896
2614600,-37.5132,-7.5776,390.434
2614709,-36.2702,-8.348,227.601
2614808,-38.0765,-8.9568,1264.532
2614857,-35.23,-8.7457,213.75
2615003,-36.1305,-7.8694,475.184
2615102,-36.6308,-9.0776,151.45
2615201,-39.3975,-8.1577,318.709
2615300,-35.3415,-7.5345,287.683
2615409,-36.0557,-7.999,25.704
2615508,-35.1611,-7.7598,137.321
2615607,-40.295,-7.7278,295.765
2615706,-38.0666,-7.8499,191.518
2615805,-37.2804,-8.6831,934.801
2615904,-37.2634,-7.6863,189.509
2616001,-36.8052,-8.6148,336.107
2616100,-38.9891,-7.9759,476.039
2616183,-35.8155,-7.7776,73.631
2616209,-35.9823,-7.8901,196.325
2616308,-35.3572,-7.6595,228.017
2616407,-35.2869,-8.1498,336.573
2616506,-35.6533,-8.8362,110.815
2700102,-37.8986,-9.2666,468.229
2700201,-36.3135,-9.663,186.134
2700300,-36.641,-9.7493,345.655
2700409,-36.0725,-9.5047,533.258
2700508,-35.5646,-9.382,131.364
2700607,-35.9468,-9.8124,74.247
2700706,-37.1009,-9.7067,315.87
2700805,-36.4918,-9.5574,66.628
2700904,-37.1889,-9.8172,334.136
2701001,-36.1782,-9.6689,193.002
2701100,-36.0419,-9.223,168.048
2701209,-36.9218,-9.4469,281.692
2701308,-36.1602,-9.3933,94.357
2701357,-35.5405,-8.8936,65.91
2701407,-36.2829,-9.8149,312.726
2701506,-36.7463,-9.9672,170.144
2701605,-37.5285,-9.1254,602.778
2701704,-36.0933,-9.3459,263.735
2701803,-37.3658,-9.462,111.696
2701902,-36.2818,-9.2424,157.831
2702009,-36.5822,-9.6299,88.759
2702108,-35.76,-8.9418,207.935
2702207,-35.8087,-9.6423,39.608
2702306,-36.2306,-10.0824,897.8
2702355,-36.7881,-9.6295,278.879
2702405,-38.0471,-9.3976,628.545
2702504,-37.0702,-9.3837,141.621
2702553,-36.7703,-9.3934,260.772
2702603,-36.6629,-9.8893,175.906
2702702,-36.3359,-10.2833,110.062
2702801,-35.7639,-9.2451,333.756
2702900,-36.8501,-9.7933,513.454
2703007,-35.8962,-8.9542,265.312
2703106,-36.682,-9.5434,334.346
2703205,-36.62,-10.1397,426.538
2703304,-37.6922,-9.2718,372.019
2703403,-37.228,-9.6522,148.992
2703502,-35.4471,-8.8837,208.738
2703601,-35.2982,-9.0834,85.356
2703700,-36.9938,-9.6579,105.416
2703759,-36.0973,-9.9215,334.265
2703809,-35.7784,-9.0794,298.17
2703908,-35.5367,-8.9623,88.793
2704005,-36.4407,-9.8565,247.724
2704104,-36.736,-9.7999,83.621
2704203,-36.4677,-9.7324,309.205
2704302,-35.7114,-9.5224,509.32
2704401,-37.0106,-9.5427,442.744
2704500,-35.2692,-8.9517,334.165
2704609,-37.399,-9.244,332.37
2704708,-35.9096,-9.7153,340.98
2704807,-36.2956,-9.5593,180.107
2704906,-36.4031,-9.4729,91.741
2705002,-37.7566,-9.0521,914.722
2705101,-35.5816,-9.1045,238.113
2705200,-35.8124,-9.3436,114.156
2705309,-36.8635,-9.3369,167.462
2705408,-37.2961,-9.6006,86.604
2705507,-35.924,-9.2909,418.028
2705606,-35.6291,-8.963,215.547
2705705,-37.2575,-9.533,188.221
2705804,-37.8131,-9.4358,327.678
2705903,-36.7934,-10.0562,117.006
2706000,-37.1776,-9.4893,175.288
2706109,-37.3638,-9.1278,196.56
2706208,-37.3025,-9.6893,38.189
2706307,-36.6057,-9.4182,450.99
2706406,-37.4855,-9.6706,688.87
2706422,-38.0475,-9.2405,254.719
2706448,-35.5937,-9.4355,92.788
2706505,-35.4999,-9.256,251.29
2706604,-36.4094,-9.3776,118.457
2706703,-36.4823,-10.2313,688.452
2706802,-36.4017,-10.3869,243.686
2706901,-36.0046,-9.6153,259.614
2707008,-36.2856,-9.476,117.086
2707107,-37.7251,-9.5261,403.995
2707206,-37.3203,-9.2988,284.26
2707305,-35.4268,-9.026,313.231
2707404,-35.4068,-9.1436,257.105
2707503,-36.7363,-10.12,235.852
2707602,-36.4612,-9.3033,319.829
2707701,-35.8644,-9.48,293.816
2707800,-35.9804,-9.8687,128.926
2707909,-35.8299,-9.6121,28.857
2708006,-37.2105,-9.3581,436.16
2708105,-36.1913,-9.131,232.169
2708204,-36.8619,-10.1086,139.038
2708303,-36.04,-8.9875,256.603
2708402,-37.4899,-9.5331,490.879
2708501,-35.6342,-9.2497,397.257
2708600,-36.1008,-9.7728,335.683
2708709,-35.4069,-9.2308,76.731
2708808,-36.5503,-9.9634,314.924
2708907,-35.8455,-9.5781,41.268
2708956,-37.5129,-9.3907,338.569
2709004,-36.4229,-9.5577,124.617
2709103,-36.4953,-9.6247,153.841
2709152,-36.3715,-9.9647,299.221
2709202,-36.9692,-9.8966,681.577
2709301,-36.0144,-9.1204,420.376
2709400,-36.2651,-9.3592,367.888
2800100,-36.9215,-10.1656,35.683
2800209,-37.0641,-10.2608,359.543
2800308,-37.0949,-10.9942,182.163
2800407,-37.5897,-11.2604,198.967
2800506,-37.3315,-10.7872,148.134
2800605,-36.9694,-10.8511,92.268
2800670,-37.597,-11.1203,205.443
2800704,-36.4739,-10.4773,141.464
2801009,-37.5007,-10.7663,201.518
2801108,-37.0007,-10.1484,171.581
2801207,-37.918,-9.7092,934.167
2801306,-37.0363,-10.4688,442.211
2801405,-37.7106,-10.3638,638.743
2801504,-36.9661,-10.6646,46.395
2801603,-36.8992,-10.2665,83.711
2801702,-37.7329,-11.482,228.556
2801900,-37.1958,-10.3484,128.393
2802007,-37.1566,-10.6759,90.508
2802106,-37.3979,-11.2495,647.344
2802205,-37.3297,-10.2826,183.273
2802304,-37.5899,-10.5225,399.178
2802403,-37.2034,-10.027,656.956
2802502,-36.9711,-10.693,19.793
2802601,-37.2188,-10.2226,242.679
2802700,-36.5551,-10.4566,52.693
2802809,-37.5289,-11.4755,316.316
2802908,-37.4216,-10.6856,337.295
2803005,-37.7792,-11.2587,501.794
2803104,-37.1439,-10.1059,183.422
2803203,-37.3182,-11.0577,739.702
2803302,-36.903,-10.5532,365.677
2803401,-36.7887,-10.4361,402.353
2803500,-37.6644,-10.9027,968.921
2803609,-37.1862,-10.8045,162.273
2803708,-37.5969,-10.66,137.496
2803807,-36.9444,-10.3292,63.199
2803906,-37.2878,-10.6729,101.888
2804003,-37.1052,-10.7304,95.554
2804102,-37.3404,-10.5936,95.416
2804201,-37.6161,-10.0645,386.912
2804300,-36.959,-10.384,74.31
2804409,-36.6604,-10.3483,271.323
2804458,-37.5049,-10.3581,340.772
2804508,-37.5284,-10.1776,758.429
2804607,-37.2404,-10.4666,482.412
2804706,-37.0145,-10.0768,83.767
2804805,-37.1456,-10.8638,155.018
2804904,-36.647,-10.5191,381.428
2805000,-37.6801,-10.6248,82.211
2805109,-37.6582,-11.2044,33.344
2805208,-37.7581,-10.5633,156.373
2805307,-36.805,-10.6539,208.681
2805406,-37.7087,-9.8501,1220.426
2805505,-38.1271,-10.8007,441.326
2805604,-37.4224,-9.9137,878.043
2805703,-36.8031,-10.2449,96.32
2805802,-37.8004,-11.034,530.607
2805901,-37.2253,-10.7306,78.308
2806008,-37.4294,-10.504,259.044
2806107,-37.0355,-10.6825,102.683
2806206,-37.4806,-11.0627,247.579
2806305,-37.5066,-11.3616,325.258
2806404,-36.6367,-10.287,44.017
2806503,-37.2361,-10.632,67.672
2806602,-36.9826,-10.7737,236.965
2806701,-37.2204,-10.9622,438.037
2806800,-37.5748,-10.7824,101.999
2806909,-36.8669,-10.3352,83.985
2807006,-37.3635,-10.3994,144.868
2807105,-37.8283,-10.7565,560.199
2807204,-37.1252,-10.5749,168.343
2807303,-36.8895,-10.1931,47.86
2807402,-38.0032,-11.0423,1024.645
2807501,-37.8752,-11.3699,304.837
2807600,-37.6624,-11.3999,117.514
2900108,-41.7429,-13.2966,538.677
2900207,-39.3177,-8.8335,1604.923
2900306,-38.0005,-11.6632,181.475
2900355,-38.0376,-10.5623,629.099
2900405,-38.7105,-11.8232,742.775
2900504,-42.0673,-13.4002,735.249
2900603,-39.8809,-14.0918,167.877
2900702,-38.4022,-12.1131,707.835
2900801,-39.4096,-17.4692,1477.929
2900900,-39.6641,-14.7013,245.236
2901007,-39.6263,-13.0409,431.655
2901106,-38.7205,-12.4212,166.872
2901155,-41.5229,-11.4062,822.373
2901205,-40.9277,-14.5899,1899.683
2901304,-41.2151,-12.7336,1590.316
2901353,-39.8719,-10.2808,1362.386
2901403,-44.6477,-11.9966,1530.05
2901502,-39.1928,-12.183,187.84
2901601,-38.2941,-10.4071,319.745
2901700,-39.1471,-12.3798,293.53
2901809,-40.3624,-10.6015,345.284
2901908,-38.1938,-11.7316,479.262
2901957,-39.7516,-13.82,150.83
2902005,-41.3745,-14.3712,1489.803
2902054,-38.2125,-12.1729,474.577
2902104,-39.0645,-11.2125,1496.245
2902203,-38.525,-12.0507,368.947
2902252,-39.4122,-15.2433,435.962
2902302,-39.0694,-13.0846,174.012
2902401,-39.4783,-14.3621,445.394
2902500,-44.4402,-12.6571,3320.723
2902609,-40.1528,-11.9648,967.514
2902658,-38.6543,-10.6165,409.507
2902708,-43.3661,-11.0306,11428.112
2902807,-41.0981,-13.6505,1657.413
2902906,-40.5813,-14.9131,765.936
2903003,-42.1095,-11.95,1436.298
2903102,-39.5879,-14.1025,214.411
2903201,-45.5424,-12.013,8051.274
2903235,-41.8368,-11.848,414.51
2903276,-39.0949,-11.538,207.297
2903300,-39.4447,-14.7759,201.585
2903409,-39.1773,-15.9354,1939.447
2903508,-41.2038,-14.9985,772.756
2903607,-38.7926,-11.5853,553.762
2903706,-40.23,-14.3602,848.857
2903805,-40.6702,-12.7702,2972.109
2903904,-43.2934,-13.2771,4115.51
2903953,-40.5773,-14.3899,467.909
2904001,-41.8025,-12.7767,896.857
2904050,-41.3204,-11.9693,791.276
2904100,-42.7223,-12.7411,1426.233
2904209,-42.5347,-13.3262,627.612
2904308,-39.8508,-13.0754,518.566
2904407,-43.8248,-12.4994,2247.208
2904506,-42.447,-12.0893,2520.817
2904605,-41.6891,-14.1679,2207.612
2904704,-39.2696,-14.9964,219.487
2904753,-43.6676,-10.5881,4046.736
2904803,-40.3641,-14.9958,512.436
2904852,-39.1925,-12.5643,222.026
2904902,-38.8849,-12.6467,394.894
2905008,-42.285,-14.4829,610.983
2905107,-40.2911,-11.1431,540.908
2905156,-40.9267,-14.3137,767.146
2905206,-42.4766,-13.948,2651.536
2905305,-41.5014,-11.7338,643.66
2905404,-38.9834,-13.5069,448.846
2905503,-40.2218,-11.0399,458.311
2905602,-39.5187,-15.4444,584.848
2905701,-38.2063,-12.666,785.421
2905800,-39.1642,-14.0126,839.702
2905909,-43.1589,-9.5616,2914.587
2906006,-40.7289,-10.2511,7161.827
2906105,-44.2036,-13.0966,460.388
2906204,-41.6996,-11.7529,579.726
2906303,-39.1088,-15.6515,1334.284
2906402,-39.1908,-11.8711,447.578
2906501,-38.4812,-12.6785,251.808
2906600,-42.8317,-14.4042,433.642
2906709,-41.2695,-15.3551,1169.814
2906808,-39.4727,-10.7269,1351.891
2906824,-38.9945,-10.0059,3565.377
2906857,-39.825,-11.6723,629.586
2906873,-39.9959,-11.3063,464.776
2906899,-41.2837,-14.6256,805.629
2906907,-39.6893,-17.6574,2377.889
2907004,-37.9384,-12.043,293.456
2907103,-43.849,-14.0205,2525.906
2907202,-41.3365,-9.2403,9647.072
2907301,-39.364,-12.7316,713.789
2907400,-44.6971,-12.2734,702.504
2907509,-38.4129,-12.3306,426.955
2907558,-42.3194,-13.2335,716.261
2907608,-42.1124,-11.1513,566.974
2907707,-39.1891,-9.2717,3005.319
2907806,-38.4542,-10.5069,819.969
2907905,-38.5231,-11.1078,168.33
2908002,-39.5932,-14.6318,274.5
2908101,-45.2199,-14.4969,10140.572
2908200,-38.9998,-12.5049,164.798
2908309,-39.2456,-12.8599,284.836
2908408,-39.2498,-11.5241,1015.252
2908507,-38.7422,-12.3372,114.869
2908606,-37.6776,-11.8277,931.106
2908705,-42.0511,-14.9215,1348.039
2908804,-41.0937,-13.8383,977.455
2908903,-38.7831,-12.2106,378.42
2909000,-41.9082,-15.041,523.64
2909109,-44.3763,-13.8143,2662.819
2909208,-37.9363,-10.2802,797.434
2909307,-45.3959,-13.4672,11504.314
2909406,-44.328,-11.7111,4282.775
2909505,-39.7845,-13.424,182.585
2909604,-38.1726,-11.5181,636.609
2909703,-44.2588,-12.194,1052.837
2909802,-39.1179,-12.683,139.117
2909901,-39.6515,-9.2225,5950.614
2910008,-39.988,-14.405,413.637
2910057,-38.2824,-12.6013,183.759
2910107,-41.7122,-13.8563,689.516
2910206,-39.174,-12.9124,94.778
2910305,-39.5263,-12.9349,179.329
2910404,-40.9999,-15.5949,1890.133
2910503,-38.0483,-12.0636,1187.766
2910602,-37.8853,-11.9312,1299.355
2910701,-38.9151,-10.4642,2025.368
2910727,-39.6061,-16.2988,1425.97
2910750,-38.2021,-10.5952,364.419
2910776,-44.2322,-14.1317,1176.111
2910800,-39.034,-12.1931,1304.425
2910859,-40.1369,-10.7232,579.686
2910909,-39.9113,-14.9308,172.353
2911006,-39.7175,-14.8419,321.013
2911105,-45.7453,-11.0142,15634.328
2911204,-39.4827,-13.7887,229.661
2911253,-39.7573,-11.5089,384.592
2911303,-42.6052,-11.4102,3817.946
2911402,-38.4448,-9.2294,1566.609
2911501,-39.5819,-14.2806,202.194
2911600,-39.0724,-12.5834,106.848
2911659,-41.9864,-14.559,872.867
2911709,-42.82,-14.204,1272.366
2911808,-39.9377,-16.5532,2189.404
2911857,-38.3088,-10.7499,313.438
2911907,-40.1131,-12.8135,2342.497
2912004,-42.3054,-14.2915,483.274
2912103,-39.5685,-14.8488,230.953
2912202,-41.3279,-13.381,817.355
2912301,-39.8638,-14.6419,1139.378
2912400,-42.1818,-11.5707,1382.008
2912509,-42.3597,-12.8593,954.373
2912608,-40.8848,-12.6032,698.245
2912707,-39.4357,-14.0607,472.664
2912806,-40.0128,-17.743,771.098
2912905,-39.6262,-13.976,318.129
2913002,-42.2827,-12.5759,1834.002
2913101,-41.9151,-11.579,573.033
2913200,-43.2048,-12.0386,1740.113
2913309,-39.1523,-11.7315,138.016
2913408,-42.7041,-13.8631,836.586
2913457,-39.2055,-13.871,591.312
2913507,-40.0659,-14.6324,860.223
2913606,-39.1918,-14.7527,1588.555
2913705,-38.4038,-11.8051,1082.283
2913804,-39.327,-12.3074,372.565
2913903,-39.7265,-14.0549,280.454
2914000,-39.7771,-12.2112,3105.281
2914109,-42.5018,-11.8359,1055.76
2914208,-40.0523,-13.2307,459.047
2914307,-40.9208,-13.4686,1708.115
2914406,-41.5831,-12.2483,991.822
2914505,-38.7539,-12.0464,267.88
2914604,-41.839,-11.3094,319.174
2914653,-39.5513,-16.6629,924.914
2914703,-40.2623,-12.4991,2386.39
2914802,-39.3128,-14.8516,401.028
2914901,-39.1578,-14.3621,726.265
2915007,-41.0404,-13.0918,1331.822
2915106,-40.0249,-14.1623,310.621
2915205,-39.8305,-14.2526,810.993
2915304,-39.738,-16.0963,876.8
2915353,-42.239,-10.7697,4310.238
2915403,-39.7317,-15.1483,1225.287
2915502,-39.4449,-14.6715,270.752
2915601,-39.7648,-17.0088,2360.584
2915700,-39.6671,-13.7666,143.479
2915809,-40.4622,-15.1582,1534.575
2915908,-38.0426,-12.3153,533.634
2916005,-40.3784,-17.1154,1394.174
2916104,-38.655,-12.8922,121.373
2916203,-39.4959,-14.9544,453.144
2916302,-39.6532,-15.9121,1013.074
2916401,-40.0575,-15.2993,1651.158
2916500,-38.1942,-11.192,1557.685
2916609,-39.62,-14.4729,420.663
2916708,-39.8985,-13.4489,344.093
2916807,-40.0491,-15.6977,1674.029
2916856,-39.7347,-12.7128,547.51
2916906,-40.153,-13.4876,322.243
2917003,-39.8454,-10.7314,1650.593
2917102,-40.0071,-15.0488,313.839
2917201,-41.39,-13.8371,1199.374
2917300,-39.153,-13.7493,415.428
2917334,-43.5429,-14.4663,1525.142
2917359,-45.4404,-14.0319,9955.113
2917409,-42.3223,-14.7848,1332.42
2917508,-40.5685,-11.1349,2192.905
2917607,-39.957,-13.5539,924.512
2917706,-40.0683,-10.0426,2466.009
2917805,-38.9866,-13.1213,863.424
2917904,-37.5952,-11.5984,640.772
2918001,-40.1461,-13.8776,2969.039
2918100,-38.4993,-9.9814,4267.488
2918209,-39.5847,-13.3245,238.66
2918308,-39.8667,-13.958,262.05
2918357,-41.5672,-11.2202,913.258
2918407,-40.2747,-9.5569,6721.237
2918456,-40.1008,-16.8456,1457.656
2918506,-41.8803,-10.9255,1355.173
2918555,-39.498,-15.1366,329.19
2918605,-41.5989,-13.5113,589.763
2918704,-40.2926,-13.6416,498.11
2918753,-42.2196,-14.0473,912.222
2918803,-39.3464,-13.167,449.834
2918902,-40.3098,-17.5596,624.353
2919009,-40.9634,-12.381,846.728
2919058,-40.2823,-13.4602,382.937
2919108,-38.91,-11.7859,189.257
2919157,-41.7767,-11.5013,642.882
2919207,-38.3272,-12.8636,57.942
2919306,-41.3373,-12.425,1283.328
2919405,-42.4701,-14.586,856.626
2919504,-41.9909,-13.8107,1952.51
2919553,-46.0204,-12.1984,4036.094
2919603,-40.2623,-12.1293,701.171
2919702,-40.401,-15.5458,1210.106
2919801,-42.6929,-13.1081,2459.102
2919900,-38.8967,-9.2911,2545.856
2919926,-38.6427,-12.7411,32.201
2919959,-41.5162,-14.6556,614.834
2920007,-40.2691,-15.674,588.297
2920106,-40.1806,-11.7317,906.68
2920205,-43.646,-14.2164,1979.193
2920304,-41.8452,-14.3524,550.55
2920403,-40.5476,-14.0509,2201.764
2920452,-44.1084,-11.1281,3129.588
2920502,-40.5552,-13.4952,2413.27
2920601,-38.9383,-12.823,437.61
2920700,-39.1505,-14.1557,848.885
2920809,-40.6753,-13.1401,1099.283
2920908,-39.4205,-15.6661,742.689
2921005,-38.1489,-12.484,605.168
2921054,-42.9401,-13.8488,773.278
2921104,-40.2856,-17.3613,1311.739
2921203,-40.6242,-11.4206,1599.672
2921302,-39.7976,-12.8999,420.358
2921401,-40.7145,-10.777,1751.778
2921450,-40.7641,-14.1678,1172.86
2921500,-39.4542,-10.383,3034.197
2921609,-43.0398,-11.7508,2093.872
2921708,-41.1671,-11.4649,5744.969
2921807,-42.3203,-14.9726,528.214
2921906,-41.4749,-13.0651,2462.153
2922003,-39.867,-18.0592,1787.626
2922052,-41.5239,-11.9778,646.621
2922102,-40.5594,-11.9528,1491.99
2922201,-39.0877,-13.0025,104.54
2922250,-43.4987,-12.2118,3852.111
2922300,-39.0863,-12.6218,86.311
2922409,-39.5066,-13.3119,275.854
2922508,-38.9809,-12.9537,278.629
2922607,-39.1741,-13.6601,388.936
2922656,-39.4514,-10.8731,465.407
2922706,-40.1803,-14.8575,804.617
2922730,-39.6356,-11.6214,346.784
2922755,-39.5828,-13.825,203.198
2922805,-40.0346,-13.0465,475.381
2922854,-41.0912,-12.8001,565.356
2922904,-38.5548,-11.312,966.993
2923001,-39.7154,-17.8997,1316.379
2923035,-42.1287,-12.8409,627.5
2923050,-38.4564,-10.3613,278.487
2923100,-38.3548,-11.4349,637.317
2923209,-42.7349,-12.2834,3313.418
2923308,-38.6537,-12.0093,156.982
2923357,-41.1371,-10.8479,1544.988
2923407,-43.2176,-14.1752,2560.027
2923506,-41.5539,-12.5524,737.454
2923605,-42.2404,-13.5197,1087.06
2923704,-43.0645,-12.6907,2624.998
2923803,-37.8992,-10.6143,442.186
2923902,-39.6905,-15.4683,626.306
2924009,-38.2937,-9.5396,1544.388
2924058,-39.6097,-11.872,596.771
2924108,-38.6405,-12.1296,158.488
2924207,-37.9407,-10.0622,889.572
2924306,-41.8774,-13.046,1825.857
2924405,-43.1152,-10.0078,11597.923
2924504,-42.6786,-14.4716,628.468
2924603,-40.341,-10.7239,495.845
2924652,-39.898,-11.8689,647.144
2924678,-39.3769,-13.8054,193.427
2924702,-41.7161,-15.0039,511.756
2924801,-40.6054,-11.695,980.328
2924900,-40.3032,-13.1865,955.454
2925006,-40.4574,-14.7086,769.0
2925105,-40.3826,-14.5364,937.855
2925204,-38.253,-12.3617,314.932
2925253,-40.1057,-10.9589,530.144
2925303,-39.2791,-16.625,2285.734
2925402,-39.7721,-15.6812,1111.567
2925501,-39.3517,-17.1304,1692.1
2925600,-41.9953,-11.3034,232.064
2925709,-41.7259,-14.6966,1208.549
2925758,-39.4176,-13.4492,441.82
2925808,-39.7525,-11.0567,2011.06
2925907,-39.0498,-10.7781,1380.798
2925931,-40.1186,-11.3925,366.387
2925956,-39.5741,-12.4787,1090.552
2926004,-42.2453,-9.5948,4573.505
2926103,-39.4167,-11.503,242.329
2926202,-45.2176,-11.623,5977.931
2926301,-39.4235,-11.801,1155.418
2926400,-43.0497,-13.6332,3183.911
2926509,-38.3791,-10.9718,644.229
2926608,-38.5438,-10.7919,1252.144
2926657,-40.6518,-15.4272,1363.7
2926707,-41.7466,-13.5816,1115.252
2926806,-42.0841,-14.3103,777.903
2926905,-42.1477,-13.1348,656.223
2927002,-37.9127,-11.5477,739.775
2927101,-38.6925,-9.1839,2207.159
2927200,-40.6297,-12.2435,1991.772
2927309,-38.7591,-12.8859,150.569
2927408,-38.5147,-12.8735,693.442
2927507,-38.9823,-11.9394,347.021
2927606,-38.1694,-9.7694,934.461
2927705,-39.201,-16.2292,1462.942
2927804,-39.8148,-14.8917,284.083
2927903,-39.8488,-13.2847,379.27
2928000,-39.4852,-11.2202,1623.445
2928059,-39.245,-15.4482,824.473
2928109,-44.38,-13.2184,1984.91
2928208,-43.9424,-13.0657,1909.353
2928307,-38.8623,-11.9752,222.686
2928406,-44.5558,-11.008,6030.491
2928505,-39.5717,-12.7342,719.257
2928604,-38.7644,-12.5618,494.502
2928703,-39.2266,-13.0083,261.74
2928802,-39.269,-12.4683,360.334
2928901,-45.4926,-12.8024,15156.712
2928950,-39.5804,-11.4544,289.963
2929008,-38.999,-12.675,103.226
2929057,-44.0298,-13.5516,1751.671
2929107,-39.0947,-12.8453,222.407
2929206,-38.632,-12.6508,269.715
2929255,-41.6983,-11.0664,1146.054
2929305,-38.9414,-12.4172,294.768
2929354,-39.3538,-15.0734,127.925
2929370,-39.9103,-11.44,362.365
2929404,-39.4233,-13.0541,230.906
2929503,-38.4982,-12.5172,536.678
2929602,-39.2129,-12.7259,131.218
2929701,-38.5901,-11.5725,949.223
2929750,-38.7693,-12.7754,166.428
2929800,-40.3813,-10.9125,509.098
2929909,-41.8848,-12.4177,2402.17
2930006,-43.1273,-14.5734,1984.511
2930105,-40.1152,-10.4842,789.361
2930154,-43.6763,-13.4842,2340.684
2930204,-41.6488,-10.1081,11980.172
2930303,-43.7976,-12.8063,1592.245
2930402,-39.3786,-12.0954,595.297
2930501,-38.9938,-11.6657,583.314
2930600,-40.2609,-11.429,322.022
2930709,-38.4007,-12.7677,201.528
2930758,-43.475,-12.8552,1627.806
2930766,-38.1516,-10.3297,684.089
2930774,-40.8833,-9.657,1355.972
2930808,-41.7896,-12.0276,1026.634
2930907,-44.1556,-12.4799,1437.189
2931004,-41.1954,-14.146,1277.514
2931053,-42.5375,-13.556,729.516
2931103,-39.0943,-11.9583,243.839
2931202,-39.2278,-13.5729,454.081
2931301,-40.7914,-11.8762,714.691
2931350,-39.7869,-17.4241,1165.622
2931400,-38.6151,-12.2673,244.613
2931509,-38.951,-11.4708,351.892
2931608,-39.4975,-13.5544,289.782
2931707,-38.6023,-12.3964,193.241
2931806,-41.472,-15.0536,2010.316
2931905,-38.8115,-11.035,2198.237
2932002,-39.4623,-9.9062,3060.116
2932101,-39.6793,-13.276,659.08
2932200,-39.4218,-14.2675,181.102
2932309,-39.5219,-14.0964,177.643
2932408,-42.104,-11.3799,545.298
2932457,-41.2469,-10.5758,1775.633
2932507,-39.1514,-15.2191,1126.733
2932606,-42.684,-14.7366,902.402
2932705,-39.2316,-14.5274,510.098
2932804,-41.069,-12.0522,633.76
2932903,-39.194,-13.3474,1123.975
2933000,-39.4497,-11.3768,394.877
2933059,-40.0667,-11.5985,468.407
2933109,-40.3157,-11.5411,206.478
2933158,-41.0199,-11.1231,1225.892
2933174,-39.3918,-12.9566,221.399
2933208,-38.697,-13.0071,297.537
2933257,-39.9601,-17.1891,782.159
2933307,-40.9132,-15.0223,3254.186
2933406,-41.146,-12.2314,522.37
2933455,-43.9067,-11.8089,2920.579
2933505,-39.6193,-13.6286,655.057
2933604,-42.7801,-10.9843,5079.662
3100104,-47.459,-18.3533,880.461
3100203,-45.3587,-19.1027,1817.067
3100302,-42.4426,-20.2732,470.551
3100401,-43.1012,-20.3998,101.886
3100500,-42.4507,-19.0526,815.422
3100609,-42.2759,-18.0273,1320.344
3100708,-48.0842,-20.0054,492.167
3100807,-45.422,-20.9738,232.091
3100906,-40.9739,-17.0416,820.079
3101003,-41.5215,-15.6832,1256.607
3101102,-41.2139,-19.6252,1348.913
3101201,-44.6476,-21.9546,649.68
3101300,-44.6606,-22.1866,161.356
3101409,-46.6137,-22.1985,58.01
3101508,-42.7465,-21.8264,510.25
3101607,-45.9663,-21.3887,850.446
3101631,-43.7125,-21.139,130.815
3101706,-40.7238,-16.0911,2294.426
3101805,-42.0192,-18.9837,166.972
3101904,-46.3762,-20.8595,460.685
3102001,-46.1536,-21.2252,362.01
3102050,-41.8649,-20.4584,103.69
3102100,-43.4034,-21.0358,518.053
3102209,-41.6954,-19.4199,278.175
3102308,-43.1525,-20.1118,599.443
3102407,-43.3676,-18.779,374.008
3102506,-42.8049,-20.5282,136.186
3102605,-46.5548,-22.0758,469.396
3102704,-41.498,-15.9685,695.672
3102803,-44.2697,-21.7389,1005.285
3102852,-42.2828,-17.7032,185.211
3102902,-43.7663,-21.4106,529.915
3103009,-42.8764,-19.5671,787.061
3103108,-42.152,-21.0225,83.802
3103207,-44.2184,-19.2348,187.538
3103306,-43.4038,-21.3503,106.608
3103405,-41.9932,-16.9308,2236.279
3103504,-48.222,-18.5771,2729.777
3103603,-44.2272,-21.8969,89.42
3103702,-42.4988,-20.6628,303.793
3103751,-49.1272,-18.4774,294.354
3103801,-46.1153,-19.0415,173.894
3103900,-45.181,-19.8864,245.522
3104007,-46.9721,-19.6364,1164.062
3104106,-46.9419,-21.3595,162.875
3104205,-45.5472,-20.2597,509.873
3104304,-46.1423,-21.356,283.124
3104403,-42.8326,-21.6353,159.378
3104452,-42.6056,-17.8811,243.329
3104502,-45.9886,-15.7507,5279.419
3104601,-42.8793,-21.3155,158.891
3104700,-41.1515,-18.1634,1836.925
3104809,-44.1981,-18.1088,1254.832
3104908,-44.8221,-22.0168,750.554
3105004,-43.8634,-19.2629,556.266
3105103,-45.9989,-20.111,1455.819
3105202,-40.581,-15.8777,483.789
3105301,-46.3849,-21.7241,47.266
3105400,-43.4955,-19.8917,340.14
3105509,-42.2784,-21.2648,198.313
3105608,-43.8006,-21.2515,759.186
3105707,-43.0662,-20.2756,383.628
3105905,-43.9578,-21.1832,82.07
3106002,-43.1056,-19.798,109.143
3106101,-43.4687,-21.9858,393.086
3106200,-43.96,-19.9027,331.354
3106309,-42.4504,-19.2594,334.909
3106408,-44.06,-20.4247,365.923
3106507,-42.4943,-16.8624,587.106
3106606,-40.5742,-16.9745,427.803
3106655,-41.7618,-15.6841,488.756
3106705,-44.1992,-19.9475,344.062
3106804,-43.7737,-21.6247,283.535
3106903,-43.1048,-21.7315,140.082
3107000,-45.5395,-18.7571,458.948
3107109,-45.6211,-21.0486,860.669
3107208,-44.4828,-22.2157,503.77
3107307,-43.6865,-17.2897,3206.757
3107406,-45.2861,-19.6845,1213.546
3107505,-44.127,-21.9501,412.021
3107604,-46.5291,-21.0138,208.349
3107703,-43.4686,-19.7177,195.611
3107802,-42.351,-19.7423,592.289
3107901,-46.1844,-22.4458,229.845
3108008,-44.7842,-21.0264,705.046
3108107,-44.2148,-20.3215,301.865
3108206,-46.1904,-16.4864,1850.487
3108255,-44.8968,-14.9928,3936.455
3108305,-46.1518,-22.2566,301.108
3108404,-46.4194,-21.6364,334.089
3108503,-43.0056,-16.9378,1568.884
3108552,-45.9025,-16.957,2509.694
3108602,-44.4391,-16.2427,1399.484
3108701,-43.2275,-20.8751,223.351
3108800,-42.7164,-19.0257,378.318
3108909,-45.6279,-22.4912,367.688
3109006,-44.1227,-20.1778,639.434
3109105,-46.3553,-22.4861,356.15
3109204,-44.0414,-17.8805,1599.881
3109253,-42.311,-19.3577,161.491
3109303,-46.6044,-15.4532,5225.186
3109402,-45.1918,-17.2861,7218.401
3109451,-47.1237,-16.0762,1033.055
3109501,-46.3915,-21.4816,368.206
3109600,-44.472,-19.517,61.381
3109709,-45.7928,-22.3625,304.243
3109808,-49.4789,-18.6073,203.07
3109907,-44.4034,-19.3425,156.039
3110004,-43.6369,-19.8678,542.531
3110103,-41.9084,-20.7253,106.465
3110202,-42.7642,-20.7853,83.038
3110301,-46.3637,-21.8908,711.414
3110400,-45.1322,-20.6408,223.001
3110509,-46.0748,-22.7869,528.688
3110608,-46.0783,-22.5827,244.567
3110707,-45.2618,-21.859,246.38
3110806,-41.7344,-18.284,442.398
3110905,-45.4085,-21.8439,335.587
3111002,-46.2215,-21.7104,577.843
3111101,-49.81,-19.4791,3650.749
3111150,-44.7633,-16.5088,505.914
3111200,-45.2559,-20.9197,528.225
3111309,-45.8496,-21.1136,275.426
3111408,-48.6478,-19.7134,1264.245
3111507,-46.1971,-19.6049,710.645
3111606,-45.7536,-21.2588,769.504
3111705,-42.6218,-20.6668,174.9
3111804,-49.2719,-18.7579,843.599
3111903,-45.1857,-21.0331,212.721
3112000,-45.2796,-20.7485,720.512
3112059,-42.6487,-18.5161,141.855
3112109,-41.9495,-20.5272,130.694
3112208,-43.6086,-20.9173,111.073
3112307,-42.492,-17.6929,965.292
3112406,-47.0318,-20.6573,297.937
3112505,-44.1677,-19.5701,95.333
3112604,-49.5816,-18.6872,620.716
3112653,-41.8222,-19.0512,279.088
3112703,-43.6647,-16.1362,971.576
3112802,-46.1442,-20.6127,521.802
3112901,-42.2523,-20.1765,187.704
3113008,-41.5835,-17.1736,1242.345
3113107,-43.7207,-20.8912,159.95
3113206,-43.8443,-20.9967,487.28
3113305,-42.0875,-20.7027,353.404
3113404,-42.102,-19.7121,1258.479
3113503,-43.0577,-17.4941,1456.095
3113602,-45.6644,-22.0786,181.009
3113701,-40.842,-17.6742,3202.984
3113800,-43.1744,-19.0603,259.103
3113909,-45.1964,-21.454,506.333
3114006,-44.8918,-20.5597,357.178
3114105,-45.1615,-22.092,322.285
3114204,-44.7011,-20.1965,455.808
3114303,-46.1852,-18.9077,1307.862
3114402,-46.0991,-20.9721,1065.685
3114501,-44.6479,-20.5619,400.01
3114550,-50.8298,-19.7502,2063.462
3114600,-44.6121,-21.4964,727.894
3114709,-45.8305,-21.7728,81.101
3114808,-44.4886,-22.0226,282.254
3114907,-43.938,-20.8362,157.727
3115003,-47.877,-18.5686,367.308
3115102,-46.929,-20.5426,665.802
3115201,-44.4931,-21.1451,273.014
3115300,-42.6741,-21.3424,491.767
3115359,-43.4078,-20.0755,240.042
3115409,-43.5,-20.6696,141.622
3115458,-41.4985,-17.3717,419.38
3115474,-43.0974,-15.3356,287.812
3115508,-44.9473,-21.9776,100.483
3115607,-45.6986,-19.1209,283.211
3115706,-41.2949,-18.7684,204.328
3115805,-49.1625,-18.6325,322.385
3115904,-43.2132,-21.6866,152.807
3116001,-41.6598,-20.031,212.674
3116100,-42.4122,-17.1474,830.833
3116159,-45.4586,-15.4694,3255.189
3116209,-43.0297,-22.003,252.852
3116308,-43.3582,-20.924,153.479
3116407,-47.2395,-20.3694,227.627
3116506,-44.2281,-17.0687,720.424
3116605,-44.7759,-20.3974,630.706
3116704,-42.7915,-20.8438,106.875
3116803,-42.8394,-18.248,348.492
3116902,-49.0709,-19.6722,1041.047
3117009,-41.7675,-16.285,654.961
3117108,-46.2259,-21.097,352.521
3117207,-45.4252,-22.147,102.206
3117306,-48.3615,-19.9598,1340.25
3117405,-41.6867,-19.9135,253.935
3117504,-43.5079,-18.937,1720.04
3117603,-44.8717,-19.7857,250.306
3117702,-45.0908,-21.8973,369.681
3117801,-45.7751,-22.4477,180.236
3117836,-44.5964,-14.9847,1610.47
3117876,-43.975,-19.6421,42.355
3117900,-46.0414,-22.1434,205.125
3118007,-43.8616,-20.5161,304.067
3118106,-43.6872,-18.8634,405.671
3118205,-47.6239,-19.8836,618.363
3118304,-43.7887,-20.666,370.246
3118403,-41.4567,-19.1702,1483.883
3118502,-45.9155,-22.5365,89.122
3118601,-44.084,-19.8872,194.746
3118700,-45.4153,-21.169,296.163
3118809,-44.3788,-16.6132,2225.216
3118908,-44.205,-19.0921,823.654
3119005,-45.6621,-21.7819,179.543
3119104,-44.6175,-18.3355,2525.397
3119203,-42.2686,-18.6169,576.274
3119302,-47.1368,-18.4131,3313.313
3119401,-42.6899,-19.4586,221.252
3119500,-42.1763,-16.5913,815.413
3119609,-43.2931,-21.6047,131.511
3119708,-44.1966,-21.0247,140.954
3119807,-45.9829,-19.7816,657.425
3119906,-45.9932,-22.6345,123.651
3119955,-45.5321,-20.4508,101.112
3120003,-42.4457,-19.8305,205.385
3120102,-43.4398,-18.0845,485.654
3120151,-40.9615,-17.2401,966.202
3120201,-45.5574,-20.8111,628.434
3120300,-42.821,-16.7186,840.702
3120409,-43.8269,-20.8355,132.872
3120508,-45.2894,-22.2057,311.33
3120607,-44.3598,-20.4041,167.164
3120706,-46.6762,-18.9722,187.446
3120805,-44.7978,-21.7307,522.419
3120839,-41.1293,-19.0093,226.75
3120870,-41.7648,-15.8618,570.95
3120904,-44.4479,-18.8199,3296.2
3121001,-43.6477,-18.4711,310.099
3121100,-45.2878,-22.5071,408.473
3121209,-46.7728,-20.3567,1378.423
3121258,-47.8097,-19.9361,102.784
3121308,-42.9635,-21.4468,213.168
3121407,-44.2713,-20.6297,377.165
3121506,-43.5198,-21.1507,142.279
3121605,-43.6108,-17.9938,3891.659
3121704,-43.1839,-20.4813,165.091
3121803,-42.6791,-19.8368,339.375
3121902,-42.9981,-20.9879,116.97
3122009,-42.1754,-20.59,337.776
3122108,-41.507,-18.7125,342.249
3122207,-42.5734,-18.7823,133.12
3122306,-44.9307,-20.1237,708.115
3122355,-41.3741,-15.6987,117.802
3122405,-46.2451,-21.5179,216.955
3122454,-40.9123,-15.7629,572.926
3122470,-46.2899,-16.7403,817.383
3122504,-42.0912,-19.386,59.52
3122603,-43.2592,-18.9283,398.793
3122702,-42.9462,-20.1346,194.972
3122801,-45.1428,-22.2286,113.921
3122900,-42.8011,-21.3315,70.231
3123007,-43.9896,-21.1001,124.842
3123106,-42.9311,-19.054,382.124
3123205,-45.5473,-19.4897,1111.202
3123304,-43.1672,-21.0239,231.169
3123403,-45.8871,-20.2917,152.912
3123502,-47.6044,-18.4374,312.878
3123528,-41.7954,-20.1473,217.461
3123601,-45.5973,-21.6124,499.537
3123700,-42.0193,-19.128,187.058
3123809,-44.014,-17.2965,608.306
3123858,-42.2416,-19.6552,85.39
3123908,-44.0948,-20.7052,456.796
3124005,-42.6006,-20.849,357.489
3124104,-44.3075,-19.733,909.727
3124203,-41.9299,-20.5973,317.638
3124302,-42.9658,-14.859,1868.97
3124401,-45.9868,-22.009,263.879
3124500,-46.014,-22.4583,243.872
3124609,-42.4671,-21.7065,131.365
3124708,-45.8083,-19.5919,635.981
3124807,-47.7264,-18.7151,822.454
3124906,-42.2233,-21.014,309.395
3125002,-43.5605,-21.5751,103.834
3125101,-46.2897,-22.8252,244.575
3125200,-45.8142,-21.4653,86.024
3125309,-42.0357,-20.7812,165.224
3125408,-43.2389,-18.1332,357.622
3125507,-43.3585,-18.0763,314.458
3125606,-40.7331,-16.6361,596.215
3125705,-44.9582,-18.7031,1554.627
3125804,-42.0965,-19.1019,151.875
3125903,-42.9402,-19.2455,1088.791
3125952,-42.3469,-20.6807,357.683
3126000,-44.4421,-19.8685,194.242
3126109,-45.5164,-20.5537,1501.915
3126208,-46.1585,-15.1297,3686.004
3126307,-46.7713,-20.8879,218.792
3126406,-44.5042,-19.5576,198.709
3126505,-42.3098,-16.9776,461.481
3126604,-44.2699,-17.4698,1576.128
3126703,-43.479,-16.3937,2747.295
3126752,-41.9679,-17.9933,717.087
3126802,-41.5107,-18.1397,626.672
3126901,-41.8792,-18.5197,469.557
3126950,-42.7559,-18.1434,167.474
3127008,-49.1589,-20.2285,199.987
3127057,-40.8354,-16.8939,320.757
3127073,-42.5199,-16.1256,762.837
3127107,-49.0005,-20.0357,2426.965
3127206,-44.0741,-19.3611,199.797
3127305,-41.5451,-18.8802,720.303
3127339,-43.2597,-14.971,1733.203
3127354,-43.6393,-16.9039,145.861
3127370,-41.2361,-19.0219,112.443
3127388,-43.1893,-21.5555,152.039
3127404,-45.8249,-22.673,187.353
3127503,-42.5051,-18.8739,209.348
3127602,-43.8335,-18.5235,866.601
3127701,-41.9636,-18.7834,2342.376
3127800,-42.994,-16.4639,3885.294
3127909,-47.7604,-18.4881,193.141
3128006,-42.8532,-18.8337,1075.124
3128105,-45.921,-20.7643,934.345
3128204,-43.0207,-20.5552,348.596
3128253,-43.6206,-17.0785,390.263
3128303,-46.8073,-21.2774,294.828
3128402,-43.0577,-21.357,264.194
3128501,-43.0221,-21.7547,88.655
3128600,-47.1262,-17.7318,2068.808
3128709,-46.6829,-21.2906,286.398
3128808,-42.7857,-21.1668,158.375
3128907,-46.7529,-18.816,366.833
3129004,-42.6997,-21.0149,293.578
3129103,-49.8701,-19.0984,1849.137
3129202,-45.5406,-22.0491,153.95
3129301,-42.2428,-19.3471,340.994
3129400,-43.959,-21.4497,346.24
3129509,-46.5958,-19.5579,2704.132
3129608,-44.7902,-16.8288,874.76
3129657,-44.1449,-15.6969,353.257
3129707,-47.1116,-20.3933,562.095
3129806,-44.0685,-20.0236,72.395
3129905,-46.4077,-22.0674,68.316
3130002,-44.783,-21.1671,153.106
3130051,-44.9164,-16.2251,625.664
3130101,-44.322,-20.0593,110.942
3130200,-44.7184,-19.9511,218.343
3130309,-45.7527,-20.1562,628.2
3130408,-44.9338,-21.1782,105.246
3130507,-45.8016,-20.9315,376.341
3130556,-41.9677,-19.6186,196.735
3130606,-46.2817,-22.3366,149.611
3130655,-42.143,-15.5622,1004.149
3130705,-47.8496,-18.9523,830.03
3130804,-44.9246,-21.4106,305.591
3130903,-41.9669,-19.4986,858.024
3131000,-44.4091,-19.4979,244.996
3131109,-44.2919,-18.7303,527.06
3131158,-42.3708,-19.4088,113.246
3131208,-41.7494,-19.7578,456.641
3131307,-42.6009,-19.439,164.884
3131406,-49.9321,-18.6982,466.02
3131505,-46.1306,-22.028,298.195
3131604,-47.4575,-19.0439,356.264
3131703,-43.2999,-19.6006,1253.704
3131802,-41.2446,-18.5492,209.034
3131901,-43.8095,-20.2532,544.027
3132008,-43.3288,-16.935,1788.445
3132107,-44.125,-15.1773,1225.273
3132206,-44.5318,-20.3719,410.468
3132305,-41.6594,-17.4094,480.829
3132404,-45.4144,-22.422,294.835
3132503,-42.877,-17.8565,2735.573
3132602,-42.8479,-21.424,94.568
3132701,-41.8462,-18.1591,1419.209
3132800,-43.3513,-19.3964,380.34
3132909,-47.0501,-21.0742,243.714
3133006,-44.7577,-22.2893,431.792
3133105,-44.921,-22.3201,143.363
3133204,-41.8203,-19.161,488.843
3133303,-41.5344,-16.583,679.024
3133402,-49.4235,-19.7949,1802.438
3133501,-45.1079,-20.4585,1040.519
3133600,-46.2098,-22.6998,177.347
3133709,-44.4529,-20.2092,295.145
3133758,-46.7716,-20.7369,153.421
3133808,-44.5889,-20.0781,495.769
3133907,-43.6129,-20.6852,284.22
3134004,-41.8355,-16.5866,1649.622
3134103,-41.1039,-19.3727,452.676
3134202,-49.5442,-18.9926,2598.046
3134301,-44.8241,-21.2898,234.802
3134400,-50.345,-19.7163,1404.663
3134509,-44.7102,-21.3513,372.018
3134608,-43.7182,-19.4408,1114.972
3134707,-40.3137,-16.1825,1393.609
3134806,-46.7356,-21.0244,409.229
3134905,-46.601,-22.2878,347.667
3135001,-42.7182,-19.6376,163.76
3135050,-43.6759,-15.2326,2635.467
3135076,-41.7403,-18.464,517.095
3135100,-43.3967,-15.799,2181.319
3135209,-44.8495,-15.32,6661.588
3135308,-45.5291,-20.1328,172.141
3135357,-44.3293,-15.9445,375.181
3135407,-44.0471,-20.5524,236.25
3135456,-42.2153,-17.1683,284.453
3135506,-42.6196,-20.4742,547.897
3135605,-44.4758,-17.2099,1268.443
3135704,-44.0012,-19.2116,445.03
3135803,-41.083,-16.3888,3514.216
3135902,-45.2754,-22.0099,153.852
3136009,-41.0154,-16.7707,1664.19
3136108,-42.7044,-19.2096,233.292
3136207,-43.1615,-19.8379,99.158
3136306,-45.9343,-17.6049,10727.097
3136405,-44.1116,-17.676,790.935
3136504,-40.3139,-15.8833,546.705
3136520,-42.6561,-16.9002,381.332
3136553,-42.4801,-18.2472,180.822
3136579,-42.5507,-16.5417,541.393
3136603,-43.572,-19.6353,172.131
3136652,-44.3543,-19.9563,97.017
3136702,-43.4647,-21.7455,1435.749
3136801,-43.5645,-16.8401,431.63
3136900,-46.5265,-21.2208,220.353
3136959,-44.0841,-14.3857,1064.692
3137007,-41.8226,-17.6264,866.29
3137106,-46.7346,-18.1035,1474.562
3137205,-45.494,-20.011,439.984
3137304,-44.6464,-17.0078,600.547
3137403,-44.0747,-20.8923,476.693
3137502,-46.3368,-18.7695,840.92
3137536,-46.5016,-17.7664,1236.301
3137601,-43.8858,-19.6284,229.409
3137700,-41.5879,-20.1437,431.92
3137809,-45.3777,-22.0009,213.11
3137908,-43.4745,-20.7797,118.602
3138005,-42.4508,-21.3566,204.882
3138104,-44.6956,-17.8808,3204.217
3138203,-45.0385,-21.2647,564.744
3138302,-45.0408,-19.6795,352.005
3138351,-42.7445,-17.0698,280.036
3138401,-42.6441,-21.5486,943.077
3138500,-44.3331,-22.0158,401.337
3138609,-43.8869,-21.7994,848.564
3138625,-50.6476,-19.4074,1317.153
3138658,-44.2696,-15.8563,258.925
3138674,-42.0745,-20.4363,145.418
3138682,-44.5965,-16.1963,411.714
3138708,-44.9231,-21.538,500.143
3138807,-45.6788,-19.8273,1171.659
3138906,-40.7197,-17.0839,332.378
3139003,-45.9201,-21.6659,585.958
3139102,-44.3321,-21.485,492.909
3139201,-42.1102,-17.8434,727.886
3139250,-42.9539,-15.0128,284.365
3139300,-44.0925,-14.6481,1950.184
3139409,-42.1068,-20.1953,628.318
3139508,-41.9394,-20.3473,182.9
3139607,-41.0809,-18.6849,685.208
3139706,-44.6713,-19.5012,261.604
3139805,-43.0186,-21.8777,371.6
3139904,-45.3135,-22.3225,202.898
3140001,-43.3313,-20.3291,1194.208
3140100,-42.074,-18.494,158.809
3140159,-44.1761,-20.0767,35.196
3140209,-42.9565,-21.6943,77.338
3140308,-42.6148,-19.7058,545.813
3140407,-45.1722,-22.4636,107.902
3140506,-45.1905,-19.4123,1058.418
3140530,-41.8427,-20.2589,113.268
3140555,-40.7023,-15.7615,227.539
3140605,-43.0469,-18.4613,280.53
3140704,-44.4375,-20.0273,301.383
3140803,-43.308,-21.871,157.066
3140852,-43.761,-14.9028,1940.598
3140902,-42.3157,-20.3085,266.99
3141009,-42.8642,-15.4253,472.245
3141108,-44.0515,-19.5238,252.453
3141207,-45.9955,-19.1936,260.957
3141306,-46.3397,-19.9892,946.437
3141405,-41.5101,-16.2705,1435.903
3141504,-41.3558,-18.6293,305.507
3141603,-43.3328,-21.1883,348.271
3141702,-42.6121,-19.248,274.938
3141801,-42.436,-17.3615,1812.398
3141900,-44.6139,-21.6749,219.774
3142007,-44.1577,-16.2594,723.278
3142106,-42.3997,-20.8495,301.672
3142205,-42.6179,-21.1501,320.695
3142254,-44.4216,-14.753,602.128
3142304,-43.9921,-20.3301,155.112
3142403,-45.4072,-19.8412,202.705
3142502,-44.0231,-18.3879,650.911
3142601,-45.4819,-21.7331,216.54
3142700,-44.5015,-14.4732,1503.755
3142809,-48.8868,-18.8445,2595.957
3142908,-42.9687,-15.2067,1001.296
3143005,-46.3264,-21.3148,421.283
3143104,-47.461,-18.7092,1343.035
3143153,-41.2663,-16.8774,385.553
3143203,-46.9467,-21.1884,594.632
3143302,-43.9288,-16.6207,3589.811
3143401,-46.5193,-22.4203,291.594
3143450,-42.4695,-15.1913,1130.419
3143500,-45.4025,-18.5782,2084.275
3143609,-44.6331,-18.63,414.772
3143708,-43.4025,-19.2351,477.548
3143807,-46.3043,-22.632,191.564
3143906,-42.4215,-21.0914,841.693
3144003,-41.4469,-19.9192,1250.824
3144102,-46.5165,-21.3556,409.948
3144201,-42.188,-18.4806,233.493
3144300,-40.4969,-17.7793,1518.166
3144359,-42.3244,-19.1811,127.173
3144375,-46.4748,-16.5452,468.66
3144409,-45.5121,-22.1301,188.719
3144508,-44.6151,-21.2042,341.453
3144607,-45.2608,-21.2276,582.553
3144656,-41.6599,-15.3681,1108.255
3144672,-41.102,-18.4882,146.775
3144706,-43.0137,-19.7188,361.926
3144805,-43.904,-20.0741,429.313
3144904,-41.5224,-18.4526,375.973
3145000,-47.7069,-19.2612,1111.011
3145059,-43.275,-15.7346,120.943
3145109,-46.4156,-21.098,390.152
3145208,-44.974,-19.8523,282.472
3145307,-41.9552,-17.3708,1702.981
3145356,-41.2276,-17.2292,755.151
3145372,-42.3977,-16.011,271.61
3145406,-43.9661,-21.9071,178.242
3145455,-43.5949,-17.478,2092.078
3145505,-45.2854,-22.0905,54.633
3145604,-44.736,-20.7498,897.294
3145703,-43.5149,-21.3358,111.13
3145802,-44.7355,-19.7082,246.976
3145851,-42.7937,-20.4264,89.068
3145877,-42.2128,-20.5146,121.8
3145901,-43.6753,-20.5247,258.726
3146008,-46.384,-22.2548,533.714
3146107,-43.6104,-20.3911,1245.865
3146206,-41.2963,-18.0485,175.482
3146255,-42.5863,-16.3012,446.275
3146305,-41.552,-17.038,544.375
3146404,-45.491,-18.9188,637.309
3146503,-45.6939,-20.3815,421.862
3146552,-43.1496,-15.4191,839.805
3146602,-43.4239,-21.2868,58.419
3146701,-42.3289,-21.4191,316.476
3146750,-40.3711,-16.7885,433.154
3146909,-44.6913,-19.3765,553.577
3147006,-46.8842,-17.173,8231.029
3147105,-44.6079,-19.8343,551.247
3147204,-45.7499,-21.5668,424.296
3147303,-45.817,-22.5715,331.238
3147402,-44.4527,-19.2722,625.623
3147501,-43.1753,-19.3603,94.183
3147600,-44.9683,-22.4058,277.221
3147709,-44.4911,-20.6489,429.172
3147808,-44.2615,-22.1829,246.565
3147907,-46.622,-20.7186,1338.07
3147956,-44.1014,-16.0806,444.196
3148004,-46.5077,-18.597,3190.456
3148103,-47.0513,-18.9705,2874.344
3148202,-42.253,-21.1672,108.246
3148301,-42.985,-20.8559,268.321
3148400,-42.8653,-18.4582,220.564
3148509,-41.0616,-17.4715,601.19
3148608,-42.5104,-18.5571,996.646
3148707,-41.1842,-15.9551,1594.651
3148756,-42.3753,-20.4766,173.928
3148806,-42.7213,-20.593,173.168
3148905,-45.2293,-20.2869,347.92
3149002,-42.1549,-20.8277,69.99
3149101,-45.4539,-22.2496,217.989
3149150,-44.3236,-15.6257,1525.648
3149200,-47.5103,-19.1923,357.891
3149309,-44.0527,-19.6399,292.831
3149408,-43.7291,-21.7253,112.959
3149507,-43.1321,-21.8259,90.833
3149606,-44.6358,-19.6048,203.991
3149705,-45.0579,-19.9402,249.322
3149804,-47.196,-19.4002,2451.112
3149903,-45.0648,-21.0759,270.657
3149952,-42.2318,-19.0842,228.907
3150000,-41.5601,-18.3311,317.463
3150109,-43.3167,-21.5024,192.196
3150158,-42.0447,-19.763,109.345
3150208,-42.7181,-20.2417,83.733
3150307,-44.1555,-21.484,322.814
3150406,-44.2464,-20.4741,259.638
3150505,-45.8313,-20.5305,414.969
3150539,-42.4218,-19.7434,66.57
3150570,-45.2472,-16.0494,1228.736
3150604,-44.4227,-20.5222,280.335
3150703,-48.6578,-19.9403,337.98
3150802,-43.299,-20.6333,658.812
3150901,-45.5155,-22.5566,203.619
3151008,-45.5866,-22.363,124.803
3151107,-42.3639,-21.6791,190.681
3151206,-44.8674,-17.3933,549.514
3151305,-43.0297,-21.2638,144.289
3151404,-44.8865,-19.5878,569.636
3151503,-46.0504,-20.4414,902.468
3151602,-48.6463,-20.0813,317.52
3151701,-45.9933,-21.8063,474.244
3151800,-46.5633,-21.8081,546.958
3151909,-41.5572,-19.5849,691.066
3152006,-44.9236,-19.1311,2551.074
3152105,-42.9174,-20.4121,470.643
3152131,-44.9736,-16.6088,602.799
3152170,-41.4744,-16.8342,1212.413
3152204,-43.0758,-15.7166,1749.683
3152303,-43.0804,-20.6636,284.777
3152402,-41.7693,-17.815,625.111
3152501,-45.94,-22.2649,542.797
3152600,-44.9326,-22.1754,263.034
3152709,-44.0635,-21.0986,264.115
3152808,-48.9542,-19.3299,4847.544
3152907,-46.8627,-20.7873,215.516
3153004,-46.4026,-19.7598,622.478
3153103,-43.1548,-20.7704,236.798
3153202,-44.0833,-18.7261,695.882
3153301,-43.5781,-18.6339,189.235
3153400,-46.3362,-18.2392,3503.848
3153509,-41.9488,-20.4372,152.272
3153608,-44.1114,-19.4645,124.189
3153707,-45.6031,-19.2798,556.436
3153806,-43.8908,-20.7321,153.56
3153905,-43.7832,-19.9809,72.228
3154002,-42.3902,-20.0132,763.364
3154101,-42.4378,-21.5198,234.296
3154150,-41.9403,-20.2378,151.859
3154200,-44.292,-20.8375,618.312
3154309,-41.1531,-19.2119,1081.796
3154408,-43.7532,-21.0854,183.062
3154457,-45.9279,-16.2767,1719.266
3154507,-42.9934,-16.0545,1315.54
3154606,-44.0719,-19.7795,155.105
3154705,-45.0731,-21.1479,49.251
3154804,-43.7729,-20.1058,228.394
3154903,-42.6606,-20.1409,384.381
3155009,-42.9065,-20.2156,112.094
3155108,-40.5558,-16.6766,479.815
3155207,-43.4921,-20.8679,238.602
3155306,-44.345,-20.2671,231.54
3155405,-43.1439,-21.4686,209.31
3155504,-46.2989,-19.24,1352.353
3155603,-42.5514,-15.709,3117.675
3155702,-43.1492,-19.9708,373.037
3155801,-43.1718,-21.2484,252.418
3155900,-43.8786,-22.041,348.046
3156007,-43.0551,-18.2547,986.561
3156106,-44.3764,-20.9823,404.805
3156205,-43.0286,-21.641,79.402
3156304,-42.8413,-21.2107,72.673
3156403,-47.5626,-18.9035,407.557
3156452,-42.5114,-20.9794,111.156
3156502,-42.234,-16.3677,1110.295
3156601,-40.4942,-16.4639,965.174
3156700,-43.7792,-19.8513,302.453
3156809,-43.0635,-18.6509,919.811
3156908,-47.2664,-19.9045,3073.268
3157005,-42.1521,-16.1111,1862.117
3157104,-40.0292,-16.1105,938.008
3157203,-43.4751,-20.0289,684.505
3157252,-42.1066,-19.9451,107.402
3157278,-43.6945,-21.9639,417.925
3157302,-43.5315,-21.2451,194.564
3157336,-44.2173,-21.1203,3.565
3157377,-41.7899,-16.0507,589.607
3157401,-42.814,-20.2306,258.726
3157500,-42.4043,-18.8628,131.965
3157609,-45.5571,-16.7015,2917.448
3157658,-40.6588,-16.902,276.433
3157708,-47.5091,-19.3803,723.784
3157807,-43.8366,-19.7448,235.205
3157906,-42.2662,-20.4281,255.73
3158003,-43.0449,-19.4353,597.441
3158102,-40.1164,-16.3073,440.605
3158201,-42.3243,-18.2585,624.047
3158300,-45.5054,-21.2706,172.444
3158409,-42.5561,-21.2821,161.486
3158508,-43.9011,-18.9158,1255.832
3158607,-43.1828,-21.946,182.655
3158706,-44.0661,-21.6369,203.074
3158805,-45.0621,-20.8831,106.169
3158904,-41.8923,-20.056,347.362
3158953,-42.5205,-19.3851,276.067
3159001,-43.6447,-19.1887,677.207
3159100,-43.6698,-20.7969,196.565
3159209,-46.2714,-22.0237,503.011
3159308,-44.0918,-22.1015,420.94
3159357,-42.1233,-19.875,68.153
3159407,-43.9302,-21.5772,324.234
3159506,-41.3887,-19.4128,485.081
3159605,-45.6828,-22.237,352.969
3159704,-45.9998,-19.562,284.334
3159803,-50.2752,-18.9895,2998.364
3159902,-44.9428,-20.9162,488.885
3160009,-42.8115,-21.7514,202.032
3160108,-42.6039,-20.3222,130.213
3160207,-43.2667,-18.4784,305.737
3160306,-40.2775,-16.5036,503.706
3160405,-45.2923,-20.083,1125.78
3160454,-42.661,-15.2881,796.29
3160504,-43.249,-19.2414,107.269
3160603,-44.1724,-18.3902,430.656
3160702,-43.5257,-21.4577,637.373
3160801,-45.0723,-21.5701,80.403
3160900,-43.9724,-20.6275,110.019
3160959,-42.0309,-19.5246,60.865
3161007,-42.9032,-19.903,743.768
3161056,-41.4486,-18.5686,162.56
3161106,-44.8613,-15.8965,3308.1
3161205,-44.9954,-20.7165,316.822
3161304,-49.8594,-19.7968,1128.864
3161403,-42.2823,-20.7919,164.613
3161502,-42.8291,-20.9106,185.578
3161601,-42.3104,-18.8963,152.336
3161650,-41.3669,-18.9168,280.954
3161700,-45.5459,-18.1767,2692.545
3161809,-44.8284,-19.9839,265.73
3161908,-43.3214,-19.8172,363.828
3162005,-45.5944,-21.911,516.683
3162104,-45.9995,-19.3599,866.087
3162203,-46.4386,-20.5772,547.908
3162252,-44.3348,-16.8598,998.015
3162302,-45.9232,-21.9426,120.536
3162401,-43.8953,-15.9084,1851.102
3162450,-44.2277,-14.8919,678.274
3162500,-44.2744,-21.2631,1452.002
3162559,-42.1535,-20.37,143.096
3162575,-41.1644,-18.7526,137.928
3162609,-42.1703,-19.354,120.122
3162658,-44.5244,-16.5553,415.922
3162708,-41.9769,-15.3428,1925.575
3162807,-42.7756,-18.5136,478.183
3162906,-43.0032,-21.583,407.427
3162922,-44.249,-20.0709,71.758
3162948,-46.2437,-20.7474,308.319
3162955,-43.9904,-19.6969,47.93
3163003,-42.1234,-18.3175,213.881
3163102,-44.5615,-19.6961,205.501
3163201,-45.5178,-22.3304,88.794
3163300,-41.376,-18.3983,328.704
3163409,-42.6933,-19.9312,189.578
3163508,-42.6683,-18.2429,345.146
3163607,-41.77,-20.0201,54.701
3163706,-45.0343,-22.1171,58.019
3163805,-42.7108,-20.7268,152.111
3163904,-46.6419,-21.1268,260.827
3164001,-42.5698,-20.0542,402.739
3164100,-42.5926,-18.3479,308.106
3164209,-45.4063,-16.3894,2434.004
3164308,-46.5135,-20.187,2098.867
3164407,-45.7759,-22.1613,167.428
3164431,-42.5992,-21.0243,73.629
3164472,-41.9573,-19.5072,80.618
3164506,-42.5412,-18.0597,517.83
3164605,-45.0442,-20.2516,408.09
3164704,-47.0064,-20.9224,814.925
3164803,-43.2195,-19.3005,128.002
3164902,-45.0248,-22.2194,90.848
3165008,-44.5604,-20.9385,572.4
3165107,-47.1272,-20.7862,277.928
3165206,-44.9638,-21.7333,369.747
3165305,-44.4743,-21.6671,392.651
3165404,-45.8486,-22.7863,285.073
3165503,-42.407,-18.7755,141.904
3165537,-44.121,-20.0591,62.134
3165552,-42.1568,-17.6225,534.655
3165560,-42.8251,-20.0801,176.634
3165578,-46.2171,-22.5577,151.097
3165602,-42.9092,-21.7704,98.336
3165701,-43.1045,-20.9043,166.495
3165800,-46.1411,-22.1568,93.892
3165909,-43.241,-17.8552,952.055
3166006,-43.3494,-20.801,170.749
3166105,-43.0805,-18.9132,381.328
3166204,-43.6002,-21.0312,237.815
3166303,-42.4587,-20.4923,166.012
3166402,-44.4596,-21.9165,114.769
3166501,-43.2073,-18.3906,218.595
3166600,-45.7772,-19.3855,335.659
3166709,-40.2644,-17.7841,213.574
3166808,-46.6545,-19.1591,1295.272
3166907,-46.0928,-21.554,209.27
3166956,-42.8609,-15.8568,551.954
3167004,-44.5369,-21.831,213.173
3167103,-43.4018,-18.5364,1217.813
3167202,-44.2535,-19.4373,536.928
3167301,-43.203,-21.1434,157.456
3167400,-45.8056,-22.0369,312.166
3167509,-43.293,-21.9642,135.689
3167608,-41.9873,-19.999,486.543
3167707,-42.1459,-19.2182,206.787
3167806,-45.0276,-22.027,196.866
3167905,-43.2562,-21.3634,211.084
3168002,-42.0561,-15.8245,1220.046
3168051,-41.6116,-19.7386,193.082
3168101,-46.8683,-19.9158,1179.248
3168200,-46.1607,-19.8762,407.92
3168309,-43.6856,-19.634,329.287
3168408,-41.9019,-19.3015,731.753
3168507,-42.8625,-20.6321,166.735
3168606,-41.3837,-17.7146,3242.27
3168705,-42.6026,-19.558,144.381
3168804,-44.1546,-21.1164,83.047
3168903,-45.8241,-18.8601,2091.774
3169000,-43.0265,-21.1775,173.866
3169059,-46.1465,-22.3587,114.705
3169109,-46.3832,-22.7057,136.776
3169208,-42.0642,-20.8819,285.124
3169307,-45.2049,-21.6864,828.038
3169356,-45.0692,-18.2978,2678.253
3169406,-45.4982,-21.3935,689.794
3169505,-41.7055,-19.015,500.073
3169604,-48.7553,-18.535,1822.53
3169703,-42.8399,-17.2445,1153.111
3169802,-45.7997,-21.885,221.0
3169901,-42.9653,-21.1053,407.452
3170008,-44.8477,-16.364,820.524
3170057,-42.0699,-19.6605,189.045
3170107,-47.9772,-19.5809,4523.957
3170206,-48.3317,-19.0278,4115.206
3170305,-40.6669,-17.2724,405.834
3170404,-46.8196,-16.3758,8445.432
3170438,-50.343,-19.4084,1147.407
3170479,-46.3196,-16.0926,598.221
3170503,-42.7298,-20.3253,138.792
3170529,-45.5729,-16.0286,2076.942
3170578,-42.3213,-19.6037,116.664
3170602,-46.3362,-20.4313,409.888
3170651,-42.2989,-15.3407,491.512
3170701,-45.4091,-21.5575,395.396
3170750,-45.9352,-18.4666,651.505
3170800,-44.7273,-17.4957,2220.279
3170909,-43.9344,-15.6415,814.994
3171006,-46.8676,-17.8692,1913.396
3171030,-43.6283,-15.5402,1570.582
3171071,-42.7252,-17.4877,631.692
3171105,-48.3409,-19.6025,1031.823
3171154,-42.2543,-20.034,115.242
3171204,-43.9448,-19.7309,71.04
3171303,-42.8855,-20.7404,299.418
3171402,-42.282,-20.9126,112.691
3171501,-41.9272,-18.6111,172.297
3171600,-42.3396,-16.7155,868.914
3171709,-45.1085,-22.3419,326.515
3171808,-42.6703,-18.7919,439.878
3171907,-42.3175,-18.4517,281.022
3172004,-42.84,-21.0116,243.351
3172103,-42.5574,-21.758,205.552
3172202,-45.4014,-22.5547,102.487
3200102,-41.1265,-20.0894,941.188
3200136,-40.7495,-18.9703,454.448
3200169,-40.9968,-18.5166,473.729
3200201,-41.5149,-20.7195,756.86
3200300,-40.8271,-20.5639,615.677
3200359,-40.9872,-19.0221,227.617
3200409,-40.6863,-20.7187,409.691
3200508,-41.5541,-21.0721,193.984
3200607,-40.1761,-19.7656,1420.285
3200706,-41.184,-20.9622,232.868
3200805,-40.9838,-19.5724,909.039
3200904,-40.8312,-18.6661,944.521
3201001,-40.3291,-18.4848,428.716
3201100,-41.6338,-21.0845,89.084
3201159,-41.2969,-20.1254,354.404
3201209,-41.191,-20.7661,864.583
3201308,-40.442,-20.2907,279.718
3201407,-41.204,-20.5517,663.515
3201506,-40.6568,-19.4882,1398.219
3201605,-39.8334,-18.4451,1182.587
3201704,-41.2659,-20.3709,369.778
3201803,-41.7245,-20.5868,174.039
3201902,-40.849,-20.3078,1229.21
3202009,-41.8121,-20.635,159.298
3202108,-40.8077,-18.2656,2285.369
3202207,-40.3568,-19.9683,286.854
3202256,-40.5,-19.2054,360.016
3202306,-41.7052,-20.7634,468.185
3202405,-40.5463,-20.5851,589.825
3202454,-41.5502,-20.2507,240.278
3202504,-40.4179,-19.8348,201.248
3202553,-41.6926,-20.486,330.874
3202603,-40.8575,-20.7549,203.528
3202652,-41.6368,-20.3312,184.807
3202702,-40.8646,-19.7286,535.021
3202801,-40.9447,-20.9658,550.71
3202900,-40.8889,-19.95,295.189
3203007,-41.6565,-20.3485,460.586
3203056,-40.0041,-18.9497,659.751
3203106,-41.3922,-20.8046,177.342
3203130,-40.4369,-19.7154,284.735
3203163,-41.0577,-19.8726,458.37
3203205,-40.0294,-19.3827,3496.263
3203304,-41.0717,-18.8764,321.418
3203320,-40.8936,-21.1001,130.268
3203346,-40.7739,-20.4313,285.495
3203353,-40.5207,-19.4297,327.642
3203403,-41.3768,-21.0886,869.439
3203502,-40.2752,-18.1389,1099.06
3203601,-40.5125,-18.0148,540.529
3203700,-41.435,-20.4268,678.804
3203809,-41.3439,-20.9383,327.268
3203908,-40.5224,-18.6984,1439.571
3204005,-40.8178,-19.1468,837.842
3204054,-40.0371,-18.1824,433.453
3204104,-40.1982,-18.3699,973.136
3204203,-40.7725,-20.8377,74.046
3204252,-40.5143,-18.2508,360.11
3204302,-41.0721,-21.1407,594.897
3204351,-40.3082,-19.2305,641.929
3204401,-40.9187,-20.8181,204.464
3204500,-40.5393,-20.1232,718.325
3204559,-40.8064,-20.0851,735.198
3204609,-40.6349,-19.8792,683.032
3204658,-40.5667,-19.1224,298.58
3204708,-40.5085,-18.9527,434.887
3204807,-41.6557,-20.9828,273.489
3204906,-40.0203,-18.7496,2346.049
3204955,-40.6795,-19.7197,341.944
3205002,-40.3016,-20.1281,547.631
3205010,-40.1466,-19.0726,587.036
3205036,-41.0049,-20.6471,417.76
3205069,-41.1402,-20.3704,185.909
3205101,-40.5127,-20.4011,312.279
3205150,-40.6272,-18.6142,433.257
3205176,-40.3295,-18.9666,470.343
3205200,-40.3784,-20.4342,210.225
3205309,-40.2973,-20.2787,97.123
3300100,-44.3856,-22.9364,813.42
3300159,-42.1347,-21.6523,94.542
3300209,-42.2929,-22.7553,638.276
3300225,-43.1215,-22.2354,110.724
3300233,-41.9507,-22.7764,70.977
3300258,-42.1685,-22.9215,152.106
3300308,-43.913,-22.4257,584.61
3300407,-44.1883,-22.5058,547.133
3300456,-43.3776,-22.7287,78.985
3300506,-42.3717,-22.1997,382.43
3300605,-41.6832,-21.1235,596.659
3300704,-42.0577,-22.7108,413.449
3300803,-42.7284,-22.5161,954.749
3300902,-41.9147,-21.4969,558.281
3300936,-41.6509,-22.196,304.885
3300951,-43.2557,-22.0438,108.639
3301009,-41.4041,-21.7477,4032.487
3301108,-42.3339,-21.8684,747.21
3301157,-41.5003,-21.5255,522.596
3301207,-42.5664,-21.8954,305.749
3301306,-42.1442,-22.4819,462.918
3301405,-41.8466,-22.1366,338.26
3301504,-42.3422,-22.0588,113.048
3301603,-42.498,-22.0556,379.619
3301702,-43.2996,-22.6325,467.319
3301801,-43.6361,-22.5083,139.381
3301850,-42.964,-22.5835,358.443
3301876,-42.218,-22.8275,50.977
3301900,-42.8543,-22.75,429.961
3302007,-43.8133,-22.8301,282.606
3302056,-41.6538,-21.4239,291.193
3302106,-42.0822,-21.7269,433.182
3302205,-41.894,-21.2251,1106.694
3302254,-44.5878,-22.4417,241.035
3302270,-43.6058,-22.6619,81.697
3302304,-42.1351,-21.2501,253.53
3302403,-41.9771,-22.2956,1216.989
3302452,-42.2735,-22.024,78.364
3302502,-43.113,-22.6126,390.775
3302601,-44.0644,-22.9308,367.606
3302700,-42.8168,-22.9152,361.572
3302809,-43.7398,-22.5215,95.324
3302858,-43.4523,-22.7993,41.169
3302908,-43.4692,-22.5065,287.933
3303005,-42.1522,-21.3956,303.27
3303104,-41.9313,-21.0416,387.073
3303203,-43.429,-22.8211,19.393
3303302,-43.0547,-22.9151,133.757
3303401,-42.501,-22.3191,935.429
3303500,-43.5018,-22.6868,520.581
3303609,-43.7215,-22.6179,190.949
3303708,-43.3043,-22.182,571.118
3303807,-44.707,-23.1481,924.296
3303856,-43.404,-22.367,314.341
3303906,-43.1568,-22.398,791.144
3303955,-43.9975,-22.5433,82.254
3304003,-43.9017,-22.6336,490.255
3304102,-41.9696,-20.9066,291.847
3304110,-44.326,-22.4411,50.892
3304128,-44.2371,-22.3552,284.826
3304144,-43.5849,-22.7254,75.927
3304151,-41.4444,-22.1048,719.643
3304201,-44.4853,-22.4406,1099.336
3304300,-42.5881,-22.735,459.458
3304409,-44.0784,-22.7805,846.797
3304508,-43.5387,-22.1599,478.783
3304524,-41.9465,-22.4542,228.044
3304557,-43.458,-22.9255,1200.329
3304607,-41.9135,-21.9696,810.963
3304706,-42.1929,-21.5556,603.633
3304755,-41.1357,-21.4167,1118.037
3304805,-41.787,-21.6599,1034.833
3304904,-42.9965,-22.8256,248.16
3305000,-41.0808,-21.7823,452.396
3305109,-43.3653,-22.7851,35.216
3305133,-41.9493,-21.3708,249.688
3305158,-42.9325,-22.1697,220.178
3305208,-42.1261,-22.7884,332.488
3305307,-42.1022,-21.8834,397.214
3305406,-42.8228,-22.0241,540.673
3305505,-42.5188,-22.8781,352.13
3305554,-43.6986,-22.7555,265.189
3305604,-42.4134,-22.5676,937.755
3305703,-42.6642,-22.1071,413.407
3305752,-42.7254,-22.7822,143.007
3305802,-42.8734,-22.3141,773.338
3305901,-42.155,-22.1297,591.151
3306008,-43.1122,-22.1247,322.843
3306107,-43.8575,-22.2342,1300.767
3306156,-41.8297,-20.8929,201.938
3306206,-43.5697,-22.3586,536.073
3306305,-44.0889,-22.4909,182.105
3500105,-51.0568,-21.5767,411.987
3500204,-49.6533,-21.2887,211.055
3500303,-47.0403,-22.05,474.554
3500402,-46.6917,-21.9137,142.673
3500501,-46.6037,-22.4748,60.126
3500550,-49.261,-22.858,404.463
3500600,-47.8761,-22.5986,3.612
3500709,-49.1088,-22.5719,966.708
3500758,-47.8691,-23.5489,159.6
3500808,-51.3957,-21.935,118.915
3500907,-49.0939,-20.5333,313.007
3501004,-47.3862,-21.018,928.956
3501103,-50.1921,-21.6125,318.574
3501152,-47.2812,-23.533,83.619
3501202,-49.9203,-20.2896,362.411
3501301,-51.5149,-22.1315,347.647
3501400,-49.734,-22.0865,153.662
3501509,-49.7585,-22.4526,84.879
3501608,-47.2891,-22.7232,133.912
3501707,-48.0324,-21.7223,122.958
3501806,-49.768,-20.2894,252.876
3501905,-46.7987,-22.6991,445.323
3502002,-47.678,-22.1211,325.953
3502101,-51.3297,-20.8356,964.226
3502200,-48.4593,-23.4368,1027.288
3502309,-48.1747,-22.8001,736.557
3502408,-51.4278,-22.362,320.84
3502507,-45.2372,-22.9142,120.89
3502606,-50.922,-20.4788,179.004
3502705,-48.8174,-24.4215,974.322
3502754,-47.0724,-23.4344,145.204
3502804,-50.5745,-21.1139,1167.126
3502903,-47.6515,-23.5439,255.305
3503000,-47.8206,-20.145,202.829
3503109,-49.064,-23.1777,285.908
3503158,-44.4386,-22.6729,156.903
3503208,-48.1813,-21.7916,1003.625
3503307,-47.3239,-22.3462,644.831
3503356,-50.4309,-21.7663,264.904
3503406,-48.9819,-22.0763,506.226
3503505,-44.7124,-22.6731,305.227
3503604,-48.6528,-22.6318,85.907
3503703,-48.7792,-21.1857,132.624
3503802,-47.1322,-22.5612,178.026
3503901,-46.3191,-23.386,96.167
3503950,-50.728,-20.1836,69.373
3504008,-50.4208,-22.6017,460.609
3504107,-46.5868,-23.1233,478.521
3504206,-50.58,-20.6441,434.498
3504305,-49.3162,-22.1872,540.689
3504404,-49.9474,-21.4605,338.37
3504503,-48.894,-23.0752,1213.055
3504602,-49.4376,-20.9315,110.372
3504701,-49.3331,-21.8924,91.635
3504800,-49.5518,-20.7096,149.881
3504909,-44.3345,-22.7338,616.429
3505005,-49.572,-23.5829,153.142
3505104,-49.9222,-21.2907,205.212
3505203,-48.7188,-22.0668,444.405
3505302,-48.5417,-22.4795,150.121
3505351,-49.0853,-24.4438,405.681
3505401,-48.427,-24.8887,1007.684
3505500,-48.6519,-20.5142,1566.161
3505609,-48.0951,-21.2325,146.025
3505708,-46.8772,-23.5053,65.701
3505807,-50.744,-21.9502,170.912
3505906,-47.5748,-20.8678,849.526
3506003,-49.1261,-22.254,667.684
3506102,-48.5107,-20.9405,683.192
3506201,-50.862,-21.3318,301.687
3506300,-49.4919,-23.0308,244.158
3506359,-46.03,-23.7598,491.546
3506409,-50.4793,-21.4278,158.025
3506508,-50.351,-21.2616,530.031
3506607,-46.0213,-23.6242,317.406
3506706,-48.4636,-21.935,690.748
3506805,-48.5291,-22.1054,363.926
3506904,-48.2859,-23.129,653.541
3507001,-47.675,-23.2876,248.954
3507100,-46.479,-23.1725,108.366
3507159,-49.1646,-24.3159,133.578
3507209,-50.5021,-22.2442,118.951
3507308,-48.7883,-22.1701,122.11
3507407,-49.072,-21.6108,552.256
3507456,-48.9923,-22.6807,347.989
3507506,-48.4683,-22.8634,1482.642
3507605,-46.5559,-22.9384,512.584
3507704,-50.3394,-21.5531,195.176
3507753,-50.2098,-21.1766,105.689
3507803,-47.6278,-21.0495,278.458
3507902,-48.0812,-22.2733,1101.373
3508009,-48.5753,-23.752,1196.463
3508108,-50.2002,-21.0491,326.921
3508207,-47.6929,-20.2093,266.42
3508306,-49.373,-22.4895,239.974
3508405,-47.0802,-23.3013,260.234
3508504,-45.7133,-23.1037,368.99
3508603,-44.9917,-22.7024,287.99
3508702,-46.617,-21.5395,468.214
3508801,-49.5487,-21.7311,920.28
3508900,-51.2239,-21.9498,253.352
3509007,-46.7452,-23.3759,97.642
3509106,-51.9866,-21.8015,551.159
3509205,-46.872,-23.3514,131.386
3509254,-48.195,-24.772,454.436
3509304,-48.8388,-20.8737,176.929
3509403,-47.3103,-21.276,660.088
3509452,-48.442,-23.6068,184.479
3509502,-47.0438,-22.8838,794.571
3509601,-46.7601,-23.2179,79.403
3509700,-45.5331,-22.7016,289.981
3509809,-50.0103,-22.6109,484.199
3509908,-48.0087,-25.0183,1237.354
3509957,-45.0414,-22.7301,53.261
3510005,-50.4217,-22.8087,595.811
3510104,-48.6286,-21.3428,70.892
3510153,-49.7919,-23.0187,57.459
3510203,-48.2898,-24.0392,1640.229
3510302,-47.731,-23.4674,169.89
3510401,-47.478,-22.9807,322.878
3510500,-45.4886,-23.6398,484.947
3510609,-46.8419,-23.55,34.546
3510708,-49.9476,-20.0672,639.248
3510807,-47.0881,-21.8005,864.225
3510906,-47.1441,-21.2633,191.683
3511003,-51.5703,-20.8976,1065.318
3511102,-48.9637,-21.1338,290.596
3511201,-49.0528,-21.0628,148.393
3511300,-49.2639,-20.9139,197.838
3511409,-49.1438,-23.0593,511.621
3511508,-47.7571,-23.1871,127.803
3511607,-47.9039,-23.2165,190.392
3511706,-47.7462,-22.5302,175.846
3511904,-50.4601,-21.5703,168.59
3512001,-48.5889,-20.7462,422.303
3512100,-48.7217,-20.2669,728.648
3512209,-47.1411,-22.3693,182.793
3512308,-48.0471,-22.9656,466.12
3512407,-47.4147,-22.4796,137.579
3512506,-50.3034,-21.3756,246.825
3512605,-49.3069,-23.6301,303.83
3512704,-47.6111,-22.2364,278.622
3512803,-47.1864,-22.6516,154.665
3512902,-49.7746,-20.4425,441.68
3513009,-46.9605,-23.6752,323.994
3513108,-47.7446,-21.3397,311.423
3513207,-47.4009,-20.3713,385.23
3513306,-50.7691,-22.738,149.33
3513405,-45.0063,-22.5514,305.699
3513504,-46.4082,-23.8659,142.879
3513603,-44.9421,-23.0529,1407.25
3513702,-47.6546,-21.8812,753.706
3513801,-46.6114,-23.6972,30.732
3513850,-50.6281,-20.4485,88.133
3513900,-46.6974,-21.6617,223.749
3514007,-48.3573,-21.5161,149.729
3514106,-48.3405,-22.3959,632.972
3514205,-50.5283,-20.1172,77.939
3514304,-48.3335,-22.1173,205.874
3514403,-51.584,-21.5567,487.688
3514502,-49.4134,-22.3933,264.557
3514601,-47.9798,-21.2471,111.376
3514700,-50.2006,-22.4482,515.258
3514809,-48.2336,-24.495,1654.256
3514908,-47.3707,-23.0706,202.36
3514924,-49.0921,-21.1613,93.98
3514957,-48.8475,-20.9529,83.129
3515004,-46.8515,-23.6513,70.398
3515103,-46.8307,-23.8543,155.641
3515129,-51.4722,-21.801,225.167
3515152,-47.1748,-22.4871,109.941
3515186,-46.7933,-22.1925,389.235
3515194,-49.4329,-22.6709,193.666
3515202,-50.4115,-20.2657,296.281
3515301,-51.6691,-22.4856,264.987
3515350,-52.5886,-22.519,573.894
3515400,-49.5197,-23.3902,429.171
3515509,-50.283,-20.2718,549.797
3515608,-48.6957,-21.3103,169.99
3515657,-49.5424,-22.3658,100.504
3515707,-46.3739,-23.561,29.547
3515806,-51.3743,-21.6984,224.711
3515905,-50.1548,-20.6696,204.236
3516002,-51.1707,-21.54,524.138
3516101,-50.6953,-22.8812,225.886
3516200,-47.3811,-20.5552,605.679
3516309,-46.7235,-23.2737,49.001
3516408,-46.7358,-23.3142,132.775
3516507,-50.5647,-21.4996,138.681
3516606,-49.5778,-22.3205,355.914
3516705,-49.6896,-22.231,555.807
3516804,-50.2028,-20.8043,180.569
3516853,-48.4479,-21.7916,243.766
3516903,-50.4158,-20.6383,494.376
3517000,-50.0279,-21.7833,676.755
3517109,-50.1989,-21.3403,272.8
3517208,-49.7628,-21.5695,277.154
3517307,-49.8606,-21.8785,217.811
3517406,-48.3641,-20.314,1258.465
3517505,-49.1899,-20.7429,325.126
3517604,-48.5558,-24.2125,408.292
3517703,-47.7752,-20.4826,362.183
3517802,-51.2795,-21.0864,569.197
3517901,-49.0027,-20.3748,641.501
3518008,-50.3446,-20.0668,85.7
3518107,-49.5884,-21.9161,461.746
3518206,-50.6951,-21.2852,955.637
3518305,-46.0586,-23.4276,270.816
3518404,-45.2328,-22.7935,752.636
3518503,-48.2191,-23.3705,567.884
3518602,-48.2266,-21.3959,270.289
3518701,-46.2353,-23.951,144.794
3518800,-46.4549,-23.4027,318.675
3518859,-47.9799,-21.4533,413.567
3518909,-50.7136,-20.6285,252.477
3519006,-50.3731,-21.9623,364.252
3519055,-47.065,-22.6303,65.577
3519071,-47.2077,-22.8784,62.416
3519105,-49.0396,-21.8909,547.393
3519204,-50.6195,-21.7999,321.948
3519253,-49.1068,-22.8191,401.381
3519303,-48.0273,-21.9509,290.978
3519402,-49.2203,-21.0747,271.912
3519501,-50.0769,-22.8133,228.23
3519600,-48.8478,-21.7929,689.391
3519709,-47.2152,-23.8024,1058.082
3519808,-49.1853,-20.3672,362.355
3519907,-51.0572,-22.6486,594.974
3520004,-48.5746,-22.5417,97.747
3520103,-47.6825,-20.0637,468.355
3520202,-46.1504,-23.1348,292.953
3520301,-47.4744,-24.5495,1978.795
3520400,-45.3292,-23.8501,346.389
3520426,-47.7154,-24.859,196.567
3520442,-51.259,-20.4314,652.641
3520509,-47.2025,-23.1061,311.545
3520608,-51.2626,-22.1332,129.367
3520707,-50.2637,-19.9479,279.606
3520806,-50.9574,-21.739,87.119
3520905,-49.6081,-23.0651,209.554
3521002,-47.6291,-23.4045,170.289
3521101,-47.716,-22.4239,190.01
3521150,-49.4035,-20.648,136.028
3521200,-48.5463,-24.5127,1152.059
3521309,-48.0665,-20.4175,466.461
3521408,-47.5242,-22.5937,115.118
3521507,-49.3974,-21.2677,257.612
3521606,-51.3465,-21.4842,214.461
3521705,-49.1425,-23.8713,1100.247
3521804,-49.0542,-23.4715,1092.884
3521903,-49.0537,-21.3555,502.066
3522000,-48.794,-21.9516,230.355
3522109,-46.8347,-24.0919,601.711
3522158,-48.839,-24.6179,183.015
3522208,-46.8588,-23.7372,150.742
3522307,-48.1233,-23.6455,1789.35
3522406,-48.8717,-23.9141,1826.258
3522505,-46.9677,-23.5509,82.658
3522604,-46.7721,-22.432,518.416
3522653,-49.2229,-24.569,406.478
3522703,-48.8155,-21.5481,996.747
3522802,-49.4585,-23.6729,507.997
3522901,-48.7014,-22.2508,140.023
3523008,-51.4406,-20.5951,301.653
3523107,-46.3339,-23.4615,82.622
3523206,-49.3035,-24.0805,1003.86
3523305,-47.1281,-24.2927,273.667
3523404,-46.8143,-23.0067,322.269
3523503,-48.6294,-23.1537,979.817
3523602,-47.8341,-22.2946,564.603
3523701,-47.1694,-20.6576,161.118
3523800,-46.922,-21.749,138.986
3523909,-47.2846,-23.3071,640.719
3524006,-47.0684,-23.1465,200.876
3524105,-47.8096,-20.3295,704.659
3524204,-48.416,-20.65,273.438
3524303,-48.2879,-21.2183,706.602
3524402,-45.9905,-23.2989,464.272
3524501,-49.5812,-20.945,145.133
3524600,-48.0539,-24.7774,704.189
3524709,-47.0128,-22.692,141.391
3524808,-50.5541,-20.2858,368.574
3524907,-45.7106,-23.2793,184.413
3525003,-46.8997,-23.5441,17.449
3525102,-47.826,-20.9921,501.87
3525201,-46.7213,-23.112,207.549
3525300,-48.556,-22.2961,687.103
3525409,-47.5742,-20.3401,141.971
3525508,-46.2092,-22.9388,374.293
3525607,-50.7991,-22.2779,415.452
3525706,-49.7793,-21.0894,860.2
3525805,-49.7934,-21.9729,128.183
3525854,-47.7881,-23.0996,56.685
3525904,-46.913,-23.1946,431.204
3526001,-51.4351,-21.4489,582.565
3526100,-47.6523,-24.2137,812.799
3526209,-47.0246,-23.9552,522.169
3526308,-45.2068,-23.0858,255.472
3526407,-47.8657,-23.0122,384.274
3526506,-51.0326,-21.1508,537.675
3526605,-44.8889,-22.5203,167.067
3526704,-47.3376,-22.1722,402.871
3526803,-48.825,-22.6761,809.541
3526902,-47.3637,-22.5985,580.711
3527009,-46.655,-22.5134,48.756
3527108,-49.6829,-21.6498,570.058
3527207,-45.06,-22.794,414.16
3527256,-50.234,-20.9491,113.94
3527306,-46.9376,-23.084,55.738
3527405,-50.9917,-21.6441,314.81
3527504,-49.5503,-22.4734,189.536
3527603,-47.7819,-21.5527,598.257
3527702,-50.3508,-21.6726,166.576
3527801,-49.817,-22.4272,155.171
3527900,-50.3855,-22.3253,475.226
3528007,-48.7194,-22.4871,224.514
3528106,-49.975,-20.8379,248.087
3528205,-50.1815,-20.0981,327.567
3528304,-50.23,-20.5965,312.282
3528403,-47.2293,-23.508,210.149
3528502,-46.5613,-23.3173,320.697
3528601,-49.3036,-23.047,229.046
3528700,-52.0566,-22.1277,919.519
3528809,-50.7454,-22.6523,533.498
3528858,-49.1378,-21.2555,111.267
3528908,-51.1718,-21.7792,186.544
3529005,-49.9831,-22.1778,1170.515
3529104,-50.8323,-20.4799,77.827
3529203,-51.1234,-22.1723,1253.564
3529302,-48.4301,-21.6101,524.899
3529401,-46.4464,-23.6662,61.937
3529500,-49.5702,-21.194,195.151
3529609,-50.1867,-20.3982,228.199
3529658,-50.6154,-19.9575,148.636
3529708,-48.1055,-20.1847,820.849
3529807,-48.4332,-22.4633,213.242
3529906,-47.3947,-24.1951,1001.484
3530003,-50.1243,-19.9518,216.825
3530102,-51.1305,-21.0811,917.694
3530201,-51.998,-22.3492,1238.931
3530300,-49.5043,-20.8277,243.228
3530409,-49.487,-20.595,166.125
3530508,-47.033,-21.4495,855.156
3530607,-46.1861,-23.5696,712.541
3530706,-47.029,-22.2321,812.753
3530805,-46.9884,-22.4513,497.708
3530904,-47.602,-22.9427,133.698
3531001,-50.0795,-20.8631,104.352
3531100,-46.6681,-24.0702,142.755
3531209,-46.6677,-22.7043,110.308
3531308,-48.533,-21.2593,346.95
3531407,-49.7658,-20.7375,495.559
3531506,-48.6813,-20.9089,263.462
3531605,-51.5714,-21.2549,233.547
3531704,-45.8043,-22.9366,332.742
3531803,-47.3073,-22.9532,240.566
3531902,-48.1533,-20.6887,1388.127
3532009,-46.7825,-22.8939,146.752
3532058,-48.1703,-21.5138,228.7
3532108,-51.3014,-20.9968,250.873
3532157,-51.2009,-22.5969,286.647
3532207,-51.5217,-22.5637,357.325
3532306,-45.3814,-23.4151,833.372
3532405,-46.3665,-23.1914,326.254
3532504,-49.6465,-20.8705,219.05
3532603,-50.0468,-20.6731,436.159
3532702,-49.7782,-20.8916,137.609
3532801,-49.516,-21.0626,217.515
3532827,-48.9729,-24.1906,385.375
3532843,-50.9106,-20.3721,124.473
3532868,-50.3458,-20.7778,183.396
3532900,-48.5497,-21.7743,160.25
3533007,-49.3311,-20.476,531.796
3533106,-51.6454,-21.3224,34.158
3533205,-51.5052,-21.1353,265.029
3533254,-48.918,-20.9886,117.772
3533304,-50.2494,-20.8687,73.816
3533403,-47.2852,-22.7841,73.788
3533502,-49.2838,-21.4692,931.743
3533601,-47.7291,-20.7049,348.265
3533700,-49.9379,-22.4381,301.036
3533809,-49.383,-22.9537,198.938
3533908,-48.9596,-20.7052,802.555
3534005,-49.2436,-20.6174,242.946
3534104,-50.0937,-22.1419,218.668
3534203,-49.3555,-20.2016,247.378
3534302,-47.9058,-20.6979,291.765
3534401,-46.7893,-23.5287,64.954
3534500,-50.2574,-22.2954,222.13
3534609,-50.8739,-21.7327,248.038
3534708,-49.8524,-22.9527,295.818
3534757,-50.402,-19.9225,288.648
3534807,-51.7378,-21.5104,266.778
3534906,-51.2742,-21.4956,339.375
3535002,-49.4976,-20.3212,697.701
3535101,-48.8267,-21.1047,82.125
3535200,-50.7488,-20.439,318.74
3535309,-50.2209,-22.8288,548.407
3535408,-51.8581,-21.4633,356.05
3535507,-50.6266,-22.4591,1001.492
3535606,-45.6418,-23.4784,809.576
3535705,-48.7647,-21.0196,155.186
3535804,-48.7952,-23.4385,1018.724
3535903,-50.594,-20.0638,140.354
3536000,-50.8217,-21.8529,366.664
3536109,-48.4018,-23.1022,209.894
3536208,-47.8501,-24.6783,359.414
3536257,-50.0374,-20.2716,84.737
3536307,-47.2894,-20.7042,602.848
3536406,-51.7907,-21.1983,374.091
3536505,-47.1451,-22.7484,138.777
3536570,-49.3056,-22.5684,256.178
3536604,-49.4634,-20.0666,737.986
3536703,-48.8611,-22.3014,727.482
3536802,-46.4418,-22.7758,158.587
3536901,-50.107,-20.2101,260.101
3537008,-47.4391,-20.2056,712.604
3537107,-46.8886,-22.7547,108.817
3537156,-50.8024,-22.8169,152.309
3537206,-47.1635,-24.1637,670.44
3537305,-50.0957,-21.4054,711.315
3537404,-51.1065,-20.6777,974.247
3537503,-47.9788,-23.1205,223.136
3537602,-47.013,-24.2793,326.216
3537701,-50.6436,-21.5713,232.488
3537800,-47.4381,-23.787,746.868
3537909,-47.7281,-23.8564,681.248
3538006,-45.4593,-22.88,731.355
3538105,-48.9116,-21.2098,184.825
3538204,-46.5734,-22.7787,154.529
3538303,-51.7316,-21.8527,482.769
3538501,-45.1738,-22.5903,175.996
3538600,-46.3023,-23.0469,385.568
3538709,-47.784,-22.7265,1378.069
3538808,-49.3661,-23.1869,504.591
3538907,-49.4136,-21.9576,823.758
3539004,-48.6694,-21.0939,215.809
3539103,-46.9849,-23.3784,108.489
3539202,-51.6198,-22.4792,477.673
3539301,-47.3899,-21.9959,727.118
3539400,-49.1918,-22.425,402.409
3539509,-48.2494,-21.0062,430.638
3539608,-49.936,-21.0012,289.825
3539707,-50.2127,-22.6252,327.48
3539806,-46.3468,-23.5305,17.264
3539905,-49.82,-20.7525,135.12
3540002,-50.1877,-22.0292,784.674
3540101,-49.3589,-21.7302,183.399
3540200,-48.0644,-20.9846,356.371
3540259,-50.5251,-20.4507,209.525
3540309,-49.7574,-20.1748,217.505
3540408,-50.5173,-19.9073,315.938
3540507,-48.1174,-23.1739,265.689
3540606,-47.5169,-23.2303,556.706
3540705,-47.4472,-21.8426,244.906
3540754,-45.3032,-22.8253,44.643
3540804,-49.3917,-21.0755,342.492
3540853,-51.0752,-21.8375,63.054
3540903,-48.0861,-21.3444,167.378
3541000,-46.5227,-24.0156,149.652
3541059,-48.6969,-22.8185,175.1
3541109,-49.4318,-22.1222,286.642
3541208,-51.6203,-22.1073,749.233
3541307,-52.1749,-21.9107,1260.281
3541406,-51.3431,-21.9932,560.637
3541505,-51.8383,-21.793,755.203
3541604,-49.8705,-21.5245,779.2
3541653,-48.0386,-23.301,205.672
3541703,-50.6453,-22.2059,651.341
3541802,-50.2453,-21.8006,234.914
3541901,-44.7853,-22.5043,249.399
3542008,-50.3693,-22.1002,318.937
3542107,-47.5838,-23.0452,121.645
3542206,-50.9283,-22.2828,1587.498
3542305,-45.5261,-23.2537,309.441
3542404,-51.2941,-22.2525,263.28
3542503,-49.1805,-21.8832,410.406
3542602,-47.8208,-24.504,722.201
3542701,-47.5059,-20.6482,245.746
3542800,-49.0366,-24.6073,335.759
3542909,-48.1853,-22.0601,471.553
3543006,-48.7781,-24.2562,697.5
3543105,-47.5733,-20.4489,148.332
3543204,-49.9227,-22.7517,203.208
3543238,-51.5833,-21.7843,196.446
3543253,-48.3588,-24.1886,333.363
3543303,-46.4028,-23.7011,98.972
3543402,-47.8213,-21.2108,650.916
3543501,-49.4478,-23.8469,385.878
3543600,-47.4409,-20.0608,162.508
3543709,-48.032,-21.5939,316.639
3543808,-50.7174,-21.6812,358.481
3543907,-47.5799,-22.3739,498.422
3544004,-47.5984,-22.8503,226.657
3544103,-46.3795,-23.7379,36.341
3544202,-49.7092,-20.0235,631.897
3544251,-52.8369,-22.4891,744.011
3544301,-45.3025,-22.933,129.847
3544400,-50.7858,-21.3609,236.484
3544509,-51.0183,-20.2497,242.877
3544608,-49.5756,-21.4708,305.285
3544707,-50.9903,-21.8678,147.935
3544806,-49.5027,-21.3472,308.555
3544905,-47.8546,-20.8315,305.776
3545001,-45.8426,-23.5802,424.997
3545100,-50.8763,-21.588,172.934
3545159,-47.7318,-22.8712,99.738
3545209,-47.3026,-23.1805,133.057
3545308,-47.5806,-23.6528,280.412
3545407,-49.9608,-22.8709,188.441
3545506,-51.8421,-22.4779,455.856
3545605,-48.819,-21.3178,330.269
3545704,-50.7277,-20.0142,272.692
3545803,-47.4281,-22.8006,271.03
3546009,-45.8633,-23.4264,272.238
3546108,-50.9084,-20.0669,183.458
3546207,-47.4856,-22.1213,150.13
3546256,-47.4396,-21.2748,148.062
3546306,-47.2501,-21.8555,295.337
3546405,-49.569,-22.8093,1114.747
3546504,-48.3668,-21.4525,134.421
3546603,-50.9502,-20.2419,206.537
3546702,-47.5213,-22.4751,98.291
3546801,-46.2424,-23.2889,363.332
3546900,-48.0574,-21.6708,153.86
3547007,-48.1543,-22.5646,252.621
3547106,-51.7371,-21.3168,166.753
3547205,-50.7971,-20.2607,129.888
3547304,-46.9168,-23.4494,179.949
3547403,-50.8127,-20.0972,209.8
3547502,-47.5079,-21.6825,754.141
3547601,-47.3662,-21.5038,288.576
3547650,-50.7201,-20.2587,79.192
3547700,-51.7225,-22.0377,552.876
3547809,-46.4416,-23.728,175.782
3547908,-47.1958,-21.0923,310.311
3548005,-46.9499,-22.6033,154.133
3548054,-50.5543,-20.873,1308.432
3548104,-46.6835,-22.1303,109.956
3548203,-45.6981,-22.8318,133.008
3548302,-51.3702,-21.8249,94.465
3548401,-50.518,-21.6602,128.026
3548500,-46.2916,-23.8689,281.033
3548609,-45.6868,-22.6814,252.579
3548708,-46.5508,-23.813,409.532
3548807,-46.5661,-23.6261,15.331
3548906,-47.8672,-21.9189,1136.907
3549003,-50.6759,-20.3658,75.579
3549102,-46.8022,-21.978,516.399
3549201,-50.3835,-20.4084,129.462
3549250,-50.3563,-20.5208,178.396
3549300,-51.673,-21.2234,117.665
3549409,-47.9385,-20.5505,410.863
3549508,-47.6272,-20.5875,276.952
3549607,-44.5873,-22.7489,570.685
3549706,-46.8795,-21.6037,419.684
3549805,-49.3581,-20.7972,431.944
3549904,-45.9285,-23.0906,1099.409
3549953,-46.9364,-23.8524,186.456
3550001,-45.2538,-23.2401,617.315
3550100,-48.5404,-22.6823,650.734
3550209,-47.9933,-23.9139,930.339
3550308,-46.6481,-23.6501,1521.202
3550407,-47.9244,-22.5584,611.278
3550506,-49.7723,-22.6789,731.221
3550605,-47.1096,-23.549,306.908
3550704,-45.6056,-23.7522,402.395
3550803,-46.753,-21.7541,252.41
3550902,-47.5683,-21.4615,617.252
3551009,-46.4882,-23.9592,148.151
3551108,-47.7858,-23.6643,352.592
3551207,-49.4817,-23.2575,141.608
3551306,-49.9159,-20.6292,167.848
3551405,-47.5497,-21.3161,283.144
3551504,-47.6123,-21.2169,126.046
3551603,-46.6873,-22.5891,203.734
3551702,-48.0089,-21.1229,403.089
3551801,-47.9341,-24.2739,1062.699
3551900,-48.7938,-20.7931,140.46
3552007,-44.8409,-22.7347,414.782
3552106,-46.5244,-22.6112,449.029
3552205,-47.4468,-23.4646,449.872
3552304,-50.9009,-20.6676,594.744
3552403,-47.263,-22.8419,153.465
3552502,-46.3104,-23.6084,206.236
3552551,-51.0756,-20.4729,330.587
3552601,-49.0289,-20.9319,345.792
3552700,-48.6291,-21.7125,368.604
3552809,-46.7864,-23.6205,20.388
3552908,-51.3423,-22.5049,607.267
3553005,-49.3974,-23.4745,145.332
3553104,-48.5303,-21.1322,107.059
3553203,-48.4282,-21.1327,132.459
3553302,-47.239,-21.6018,561.788
3553401,-49.6465,-20.5312,747.218
3553500,-47.6194,-24.0087,755.1
3553609,-46.7419,-21.4508,221.891
3553658,-48.3994,-21.0693,53.892
3553708,-48.5379,-21.4256,594.335
3553807,-49.2346,-23.5302,448.515
3553856,-48.6879,-23.9433,231.792
3553906,-51.6258,-22.358,201.385
3553955,-50.6014,-22.7635,302.913
3554003,-47.8695,-23.3621,523.749
3554102,-45.5024,-23.0871,625.003
3554201,-49.3066,-23.3425,296.189
3554300,-52.374,-22.4166,1555.803
3554409,-48.3458,-20.7788,221.541
3554508,-47.7077,-23.0494,404.396
3554607,-49.6104,-23.1958,196.79
3554656,-48.2127,-23.2501,71.348
3554706,-48.1644,-22.4446,315.267
3554755,-48.3452,-22.0323,63.421
3554805,-45.6042,-22.9408,191.094
3554904,-50.8696,-20.2737,151.594
3554953,-46.6876,-22.8303,126.731
3555000,-50.5346,-21.9473,627.986
3555109,-51.5872,-21.3904,244.77
3555208,-50.1113,-20.9405,153.235
3555307,-50.4568,-20.0835,147.797
3555356,-49.7482,-21.2198,209.861
3555406,-45.0237,-23.3788,708.105
3555505,-49.6659,-22.5443,282.179
3555604,-49.1577,-20.9369,252.434
3555703,-49.8873,-20.8905,79.056
3555802,-50.6525,-20.2089,209.262
3555901,-49.2963,-21.766,146.901
3556008,-49.2652,-21.2052,323.916
3556107,-50.1017,-20.4205,149.741
3556206,-46.9813,-22.9751,148.538
3556305,-50.9239,-21.2031,857.661
3556354,-46.4145,-22.8902,142.595
3556404,-46.899,-21.8607,267.178
3556453,-47.0147,-23.6209,42.489
3556503,-46.8249,-23.2193,35.12
3556602,-49.8262,-22.2341,247.716
3556701,-46.9792,-23.0465,80.95
3556800,-48.3099,-20.8844,217.726
3556909,-48.6494,-21.1767,95.429
3556958,-50.4855,-20.1984,49.832
3557006,-47.4065,-23.5799,184.186
3557105,-49.9891,-20.4578,420.703
3557154,-50.0494,-21.1255,319.056
3557204,-49.7265,-23.0463,188.727
3557303,-46.9431,-22.2361,74.144
4100103,-50.3096,-23.3072,228.717
4100202,-48.8212,-24.7835,1349.311
4100301,-49.3112,-26.0278,192.261
4100400,-49.3235,-25.2968,194.228
4100459,-52.6923,-24.8134,386.945
4100509,-53.9488,-23.9026,661.56
4100608,-52.3236,-23.0761,407.719
4100707,-53.402,-24.0983,447.666
4100806,-51.2551,-22.8106,424.25
4100905,-52.8349,-23.1288,384.735
4101002,-53.4832,-25.9167,298.349
4101051,-53.1438,-24.6441,102.895
4101101,-50.2716,-23.0179,235.944
4101150,-51.9183,-23.1916,106.021
4101200,-48.7209,-25.306,891.582
4101309,-50.1284,-25.96,469.62
4101408,-51.446,-23.572,556.99
4101507,-51.4282,-23.4408,382.215
4101606,-49.9756,-24.0925,1358.176
4101655,-51.8153,-24.344,217.371
4101705,-52.5766,-23.9551,493.191
4101804,-49.4415,-25.6086,469.24
4101853,-51.538,-24.3779,234.076
4101903,-50.8756,-23.4054,440.347
4102000,-53.5846,-24.426,980.727
4102109,-51.6997,-23.25,434.792
4102208,-52.0649,-23.1286,137.663
4102307,-49.6887,-25.5218,348.926
4102406,-50.3464,-23.1609,445.192
4102505,-52.0467,-24.0824,538.636
4102604,-53.5321,-26.2465,161.213
4102703,-50.1592,-23.1058,115.855
4102752,-53.6343,-25.881,148.107
4102802,-51.2358,-23.0051,242.689
4102901,-51.5293,-26.1715,1234.946
4103008,-52.7512,-24.2569,302.739
4103024,-53.2261,-25.6402,151.797
4103040,-51.5685,-24.8567,620.453
4103057,-53.4218,-25.432,266.175
4103107,-48.9364,-25.1163,825.665
4103156,-53.553,-26.1631,176.129
4103206,-51.8243,-23.7131,322.755
4103222,-52.8388,-26.0861,195.931
4103305,-51.592,-23.9392,334.378
4103354,-53.0905,-24.8013,343.321
4103370,-53.5417,-24.1661,291.036
4103404,-51.7112,-22.8131,185.8
4103453,-53.3644,-24.6919,274.904
4103479,-53.5616,-23.9394,335.392
4103503,-51.3338,-23.6688,141.817
4103602,-50.0828,-22.997,366.153
4103701,-51.2843,-23.1798,495.375
4103800,-51.5667,-23.6306,164.786
4103909,-52.7883,-24.6166,796.614
4103958,-51.782,-25.1308,448.424
4104006,-48.8445,-25.1865,539.245
4104055,-53.0139,-24.9312,433.832
4104105,-49.6564,-25.9778,304.488
4104204,-49.6187,-25.2924,1243.551
4104253,-49.4627,-25.2897,275.352
4104303,-52.3807,-24.1025,749.637
4104402,-51.2533,-24.6455,1510.16
4104428,-52.0208,-25.5243,1512.786
4104451,-52.1314,-25.2872,583.304
4104501,-53.7631,-25.6108,419.036
4104600,-53.5928,-25.4695,280.063
4104659,-50.1516,-24.8936,649.68
4104709,-49.7128,-23.4597,451.418
4104808,-53.3796,-25.0278,2091.199
4104907,-49.8417,-24.7996,2531.503
4105003,-53.1557,-25.2414,580.421
4105102,-51.5606,-22.8054,371.834
4105201,-49.2797,-24.8754,1341.189
4105300,-53.7618,-25.2463,1179.449
4105409,-52.451,-25.812,959.692
4105508,-52.627,-23.7275,811.666
4105607,-52.9585,-23.3828,403.045
4105706,-52.3579,-26.3447,703.638
4105805,-49.188,-25.3063,197.58
4105904,-51.9718,-22.8361,407.568
4106001,-50.5039,-23.6057,535.963
4106100,-50.1297,-23.5974,204.705
4106209,-49.5261,-25.7191,299.037
4106308,-53.237,-24.7425,529.137
4106407,-50.6235,-23.2258,635.1
4106456,-51.9255,-26.182,1556.186
4106506,-52.5644,-25.9925,684.417
4106555,-52.1421,-24.1237,164.341
4106571,-53.1298,-25.5954,161.862
4106605,-53.0834,-23.7587,775.984
4106704,-52.1625,-22.988,259.103
4106803,-51.2322,-25.9224,1478.35
4106852,-51.4754,-24.02,312.299
4106902,-49.2882,-25.4779,434.892
4107009,-50.4656,-24.0132,576.263
4107108,-52.8928,-22.635,242.887
4107124,-52.7041,-24.9905,347.233
4107157,-54.1003,-24.9542,309.11
4107207,-53.0754,-25.7502,418.648
4107256,-53.2902,-23.3474,420.604
4107306,-52.2148,-23.5612,118.279
4107405,-53.1538,-25.9066,192.203
4107504,-52.2697,-23.7598,467.47
4107520,-53.7975,-23.7142,141.286
4107538,-54.2221,-24.7131,120.967
4107546,-52.7871,-25.3527,326.44
4107553,-52.6288,-24.1233,289.232
4107603,-51.2849,-24.0033,715.943
4107652,-49.2974,-25.6764,116.678
4107702,-52.0298,-23.9011,234.099
4107736,-50.5103,-25.5166,406.5
4107751,-50.4303,-23.8762,129.769
4107801,-52.3484,-23.3327,191.133
4107850,-53.2932,-26.2372,255.721
4107900,-52.0901,-23.6072,158.226
4108007,-51.4027,-22.8934,246.853
4108106,-51.9565,-23.1056,83.046
4108205,-53.3316,-24.2927,275.901
4108304,-54.4832,-25.468,609.192
4108320,-53.8723,-24.0948,321.898
4108403,-53.1326,-26.0477,735.111
4108452,-52.0911,-25.6996,235.382
4108502,-51.3919,-26.4726,1071.183
4108551,-51.908,-24.1603,131.012
4108601,-53.0522,-24.1727,564.163
4108650,-51.9945,-25.1299,702.471
4108700,-51.4475,-24.191,314.198
4108809,-54.2312,-24.1906,563.742
4108908,-52.7401,-22.9229,493.94
4108957,-50.8397,-25.1707,244.795
4109005,-50.0769,-23.468,189.1
4109104,-52.8261,-23.3252,201.15
4109203,-51.6789,-22.9567,211.68
4109302,-52.8633,-25.0551,1238.32
4109401,-51.4912,-25.3714,3168.087
4109500,-48.3667,-25.2337,2011.357
4109609,-48.7687,-25.8176,1326.67
4109658,-52.3726,-26.1628,502.235
4109708,-50.2874,-23.7782,898.221
4109757,-53.024,-25.152,145.446
4109807,-51.0378,-23.2364,297.742
4109906,-53.5856,-23.3736,675.24
4110003,-51.8469,-23.2268,164.983
4110052,-53.0869,-24.6878,106.937
4110078,-50.7419,-24.4385,330.734
4110102,-50.6554,-25.226,756.535
4110201,-51.1975,-25.6343,936.208
4110300,-52.2254,-22.7186,194.704
4110409,-52.6732,-23.4869,122.622
4110508,-50.5888,-24.9926,900.721
4110607,-53.7198,-24.0451,647.894
4110656,-53.3518,-24.4385,81.538
4110706,-50.8256,-25.4886,999.517
4110805,-52.111,-24.3523,570.459
4110904,-51.9677,-22.6597,194.353
4110953,-54.3582,-25.1561,330.846
4111001,-50.414,-22.9828,207.342
4111100,-52.0083,-23.7065,243.822
4111209,-52.8239,-25.9862,254.014
4111258,-49.4901,-25.1252,322.991
4111308,-52.8985,-22.7287,128.87
4111407,-50.8599,-24.9872,607.848
4111506,-51.6293,-24.2835,436.989
4111555,-53.4244,-23.354,410.156
4111605,-52.1774,-23.5991,96.661
4111704,-50.0798,-23.7181,139.277
4111803,-49.9474,-23.1507,602.528
4111902,-51.5564,-23.0653,475.004
4112009,-49.7052,-24.3308,1453.066
4112108,-51.6846,-23.6279,187.6
4112207,-52.8112,-24.1281,335.65
4112306,-50.163,-23.7332,187.802
4112405,-52.5412,-23.4388,165.185
4112504,-51.7674,-24.2056,413.386
4112603,-52.0793,-22.5738,128.515
4112702,-50.9242,-23.2512,159.178
4112751,-53.4106,-24.414,247.496
4112801,-49.9103,-23.4568,289.173
4112900,-50.2322,-23.4735,320.816
4112959,-52.8347,-24.3975,354.364
4113007,-52.4478,-23.637,210.869
4113106,-51.6899,-23.8571,193.299
4113205,-49.8711,-25.7705,2093.859
4113254,-52.4906,-24.9021,559.439
4113304,-52.3823,-25.3454,673.688
4113403,-50.7113,-23.0266,344.918
4113429,-51.639,-24.0862,151.456
4113452,-53.558,-25.258,347.093
4113502,-53.0713,-22.9491,722.496
4113601,-51.9872,-22.9818,240.904
4113700,-51.1104,-23.5143,1652.569
4113734,-52.3308,-24.3474,916.839
4113759,-51.771,-24.0802,199.213
4113809,-51.6645,-22.728,121.066
4113908,-50.857,-25.8817,760.224
4114005,-52.5891,-24.3611,788.061
4114104,-52.0558,-23.2787,294.019
4114203,-51.7067,-23.482,335.814
4114302,-49.3223,-25.8424,379.179
4114351,-53.3454,-26.0951,215.779
4114401,-52.2093,-26.0334,1055.458
4114500,-51.6404,-24.4893,571.135
4114609,-54.1369,-24.5715,745.748
4114708,-53.2215,-23.5824,486.224
4114807,-51.8679,-23.5307,475.564
4114906,-51.2836,-23.7733,384.424
4115002,-53.0645,-22.7328,232.363
4115101,-53.2107,-24.0537,433.17
4115200,-51.9678,-23.4009,487.012
4115309,-52.5808,-26.3361,230.365
4115358,-53.7917,-24.4449,283.793
4115408,-53.0931,-26.2465,387.612
4115457,-52.2527,-25.0988,503.858
4115507,-51.6596,-23.7543,208.47
4115606,-53.906,-25.351,639.746
4115705,-48.5548,-25.7617,117.899
4115739,-52.2119,-24.7015,394.533
4115754,-51.1803,-23.9111,108.324
4115804,-54.0919,-25.2632,328.732
4115853,-54.1862,-24.4334,197.136
4115903,-52.7461,-23.2024,221.708
4116000,-51.4852,-22.9731,90.294
4116059,-54.2413,-25.0956,324.397
4116109,-53.0056,-24.0244,353.772
4116208,-48.856,-25.5183,684.58
4116307,-51.7349,-23.1303,137.018
4116406,-51.7981,-22.9141,185.769
4116505,-52.6106,-23.1696,131.272
4116604,-50.7063,-23.3454,129.476
4116703,-53.2761,-24.5018,470.642
4116802,-52.5585,-24.6592,555.488
4116901,-52.2509,-23.1914,401.587
4116950,-53.2576,-25.8984,208.472
4117008,-50.5385,-23.4185,283.423
4117057,-52.5748,-25.226,1210.205
4117107,-52.9548,-22.7869,269.389
4117206,-53.0722,-23.4267,136.347
4117214,-50.7433,-23.5923,76.887
4117222,-53.9585,-24.4404,204.665
4117255,-53.3783,-25.5908,352.565
4117271,-51.9445,-24.4599,545.686
4117297,-51.5328,-23.7809,161.411
4117305,-50.947,-24.1351,2429.52
4117404,-52.2313,-23.4597,176.457
4117453,-53.9097,-24.7938,293.042
4117503,-52.1222,-23.4651,171.379
4117602,-51.8144,-26.4511,1557.903
4117701,-50.0578,-25.4426,1470.072
4117800,-52.2657,-24.8757,817.647
4117909,-53.824,-24.2746,651.238
4118006,-52.6355,-23.2681,204.564
4118105,-52.1446,-22.8473,348.631
4118204,-48.5177,-25.5272,822.838
4118303,-52.1027,-22.6605,175.875
4118402,-52.5106,-22.9213,1202.266
4118451,-54.2483,-24.6342,135.6
4118501,-52.6632,-26.169,539.087
4118600,-50.8608,-26.1774,421.409
4118709,-50.7497,-26.0624,363.351
4118808,-52.3267,-23.9312,468.594
4118857,-53.365,-23.923,409.05
4118907,-53.7063,-23.8325,236.186
4119004,-53.7589,-25.8499,205.279
4119103,-49.4532,-26.0907,254.792
4119152,-49.1556,-25.4199,60.869
4119202,-50.0613,-23.9035,220.625
4119251,-53.478,-26.016,97.463
4119301,-51.6324,-25.7855,2001.588
4119400,-49.9277,-24.4747,1345.417
4119509,-49.0523,-25.4724,227.042
4119608,-51.7804,-24.6911,1663.747
4119657,-51.5724,-23.2092,123.229
4119707,-52.9345,-23.0917,356.192
4119806,-53.7078,-25.7372,346.241
4119905,-50.0808,-25.1397,2054.732
4119954,-48.4748,-25.6365,200.41
4120002,-51.4099,-22.7427,291.663
4120101,-49.8953,-25.5298,186.581
4120150,-52.3822,-25.5846,361.02
4120200,-53.3138,-22.8331,217.676
4120309,-51.2223,-26.2277,213.013
4120333,-51.4004,-23.0257,152.876
4120358,-53.7212,-25.9663,226.14
4120408,-52.1494,-23.2638,155.734
4120507,-51.0741,-22.8622,414.442
4120606,-51.0978,-25.1308,2247.141
4120655,-53.1553,-24.3031,321.875
4120705,-49.9319,-23.5621,112.689
4120804,-48.9944,-25.3687,180.471
4120853,-53.9765,-24.5717,114.393
4120903,-52.955,-25.4574,821.503
4121000,-53.5215,-23.0424,914.763
4121109,-52.1404,-23.8297,326.177
4121208,-49.4815,-25.9105,447.024
4121257,-54.0761,-25.0944,237.196
4121307,-50.9194,-23.08,167.646
4121356,-52.9608,-24.2905,241.386
4121406,-53.5435,-25.6744,353.416
4121505,-50.6209,-25.6585,481.84
4121604,-52.9509,-26.2251,425.273
4121703,-50.9565,-24.5955,1635.535
4121752,-51.9637,-25.8678,834.232
4121802,-49.7628,-23.2617,629.224
4121901,-50.3743,-23.4483,374.732
4122008,-50.7926,-25.7209,599.056
4122107,-51.4334,-23.7974,177.836
4122156,-52.6085,-25.5466,681.406
4122172,-51.3363,-24.3464,376.109
4122206,-49.3472,-25.0765,811.425
4122305,-49.6835,-26.0948,604.138
4122404,-51.4092,-23.2713,459.024
4122503,-52.2613,-24.5659,742.121
4122602,-52.8045,-23.4777,555.125
4122651,-51.2031,-24.3164,377.47
4122701,-51.5845,-23.3487,190.329
4122800,-53.4183,-26.1382,181.015
4122909,-49.683,-23.6308,200.52
4123006,-53.2871,-25.7754,312.717
4123105,-50.4101,-23.2591,78.045
4123204,-50.7994,-23.543,105.076
4123303,-53.3629,-23.0849,442.013
4123402,-51.8388,-23.0631,276.241
4123501,-54.3056,-24.8889,754.701
4123600,-51.8978,-22.713,156.935
4123709,-53.2407,-23.1145,349.497
4123808,-53.423,-25.7836,321.182
4123824,-53.553,-25.3831,126.813
4123857,-51.9296,-24.9092,836.669
4123907,-50.5388,-23.0606,427.193
4123956,-53.1092,-23.1544,259.957
4124004,-49.6324,-23.7508,251.269
4124020,-53.606,-25.0366,326.19
4124053,-54.4296,-25.4539,268.258
4124103,-50.0856,-23.2967,721.472
4124202,-52.3561,-22.699,219.068
4124301,-50.6306,-23.5803,167.014
4124400,-53.6332,-26.0666,325.651
4124509,-51.802,-22.7187,280.133
4124608,-52.4805,-23.3422,225.079
4124707,-50.7784,-23.7162,823.774
4124806,-52.7931,-25.774,388.059
4124905,-52.3307,-22.8382,304.413
4125001,-51.8481,-23.9926,353.331
4125100,-50.2867,-25.67,720.407
4125209,-52.9401,-25.6559,379.545
4125308,-52.3169,-23.435,315.088
4125357,-53.947,-23.7389,406.413
4125407,-49.6712,-23.9587,399.667
4125456,-54.1196,-24.8155,182.419
4125506,-49.0949,-25.6644,946.435
4125555,-52.6124,-23.3723,95.381
4125605,-50.442,-25.9082,1341.714
4125704,-54.262,-25.3875,851.917
4125753,-53.8907,-24.9065,308.324
4125803,-51.8718,-23.8455,322.692
4125902,-53.1813,-22.785,250.654
4126009,-50.7227,-23.4548,226.872
4126108,-52.5388,-23.5245,218.623
4126207,-50.6046,-23.8752,677.609
4126256,-51.8671,-23.4682,103.501
4126272,-52.6044,-25.7132,152.084
4126306,-49.4559,-24.2492,1441.333
4126355,-54.0276,-25.477,482.394
4126405,-50.875,-22.9342,444.492
4126504,-51.072,-23.0573,505.532
4126603,-49.7929,-23.6392,278.035
4126652,-52.7185,-25.6934,170.759
4126678,-51.052,-23.8222,472.155
4126702,-52.4838,-23.1985,193.346
4126801,-52.8903,-23.6585,591.399
4126900,-53.1341,-23.3291,434.371
4127007,-50.4085,-25.3134,902.793
4127106,-50.5225,-24.25,1382.86
4127205,-52.3881,-23.6967,320.85
4127304,-52.6817,-22.7294,700.599
4127403,-54.0628,-24.2087,800.807
4127502,-50.4687,-24.6575,2977.933
4127601,-49.1122,-25.9015,671.889
4127700,-53.7779,-24.7049,1198.049
4127809,-49.9627,-23.7254,591.438
4127858,-53.2248,-25.4387,505.505
4127882,-48.9026,-24.9526,668.478
4127908,-52.8435,-23.8792,698.871
4127957,-53.5093,-24.646,299.769
4127965,-51.4805,-25.0119,938.966
4128005,-53.0217,-24.5049,652.581
4128104,-53.4141,-23.6798,1234.537
4128203,-51.0749,-26.1094,719.998
4128302,-52.1091,-23.067,94.819
4128401,-50.8299,-23.2163,237.81
4128500,-49.7845,-23.8551,397.916
4128534,-50.2399,-24.1899,819.334
4128559,-53.9205,-25.0074,327.09
4128609,-52.9584,-25.8751,311.801
4128625,-53.8246,-23.5388,967.772
4128633,-49.393,-24.6264,777.482
4128658,-52.2368,-25.4067,249.094
4128708,-52.8078,-26.2812,308.218
4128807,-53.592,-23.7357,359.712
4200051,-51.0563,-27.5838,237.517
4200101,-52.2557,-26.5624,953.992
4200200,-49.8248,-27.4551,206.815
4200309,-49.7207,-27.3276,129.774
4200408,-51.6124,-26.7645,1319.137
4200507,-52.9567,-27.0544,139.511
4200556,-52.8523,-26.8516,76.631
4200606,-48.936,-27.7335,326.66
4200705,-49.3308,-27.7059,733.489
4200754,-51.9259,-27.4215,103.433
4200804,-53.3331,-26.5329,232.348
4200903,-49.0672,-27.543,499.998
4201000,-51.0796,-27.7303,589.812
4201109,-49.1388,-27.8798,540.636
4201208,-48.831,-27.4975,234.422
4201257,-49.3642,-27.1245,493.49
4201273,-52.1815,-27.1409,132.779
4201307,-48.7578,-26.4617,386.693
4201406,-49.4712,-28.9423,301.819
4201505,-49.0147,-28.2379,173.958
4201604,-51.3367,-26.9215,93.53
4201653,-52.442,-27.0709,90.503
4201703,-49.396,-26.9736,112.884
4201802,-49.7426,-27.4373,94.383
4201901,-49.5903,-27.3296,207.045
4201950,-49.4751,-29.0195,94.477
4202008,-48.6217,-27.0047,45.214
4202057,-48.6529,-26.4464,108.914
4202073,-49.6154,-29.1535,146.834
4202081,-53.6482,-26.7686,148.074
4202099,-53.4251,-26.6684,92.561
4202107,-48.7274,-26.6624,138.947
4202131,-50.4868,-26.4181,535.682
4202156,-53.6181,-26.8571,93.852
4202206,-49.4354,-26.8009,388.291
4202305,-48.6939,-27.4335,365.755
4202404,-49.0973,-26.8858,518.619
4202438,-49.9092,-27.7631,510.673
4202453,-48.52,-27.1727,35.143
4202503,-49.6525,-28.361,938.516
4202537,-52.39,-26.739,63.883
4202578,-53.0953,-26.684,67.777
4202602,-49.563,-27.7854,1057.034
4202701,-49.1235,-27.2186,296.256
4202800,-49.1424,-28.2409,212.045
4202859,-49.9036,-27.3686,89.411
4202875,-50.845,-27.347,336.439
4202909,-48.9097,-27.125,284.675
4203006,-51.0847,-26.763,983.424
4203105,-53.2631,-27.0252,173.079
4203154,-51.0069,-26.6222,636.208
4203204,-48.709,-27.0709,210.568
4203253,-50.6069,-28.0622,1331.962
4203303,-49.2175,-26.1206,499.216
4203402,-50.7711,-27.847,1025.638
4203501,-53.1303,-26.4504,479.161
4203600,-51.2446,-27.413,1717.697
4203709,-48.8023,-27.2346,151.008
4203808,-50.5334,-26.25,1148.036
4203907,-51.6308,-27.4119,244.057
4203956,-48.9434,-28.4556,53.222
4204004,-51.6964,-27.045,199.166
4204103,-52.9202,-27.1467,140.873
4204152,-51.3082,-27.652,208.391
4204178,-50.9319,-27.7764,418.544
4204194,-49.5564,-27.5827,124.866
4204202,-52.6503,-27.1251,624.846
4204251,-49.3339,-28.5987,70.965
4204301,-52.0074,-27.2391,799.194
4204350,-52.6417,-26.9757,83.556
4204400,-52.7251,-26.8832,233.698
4204459,-52.6719,-26.5346,107.502
4204509,-49.3267,-26.4399,405.761
4204558,-50.3781,-27.5968,647.388
4204608,-49.3797,-28.7157,234.865
4204707,-53.1907,-26.8792,220.099
4204756,-53.1009,-26.9751,54.811
4204806,-50.6175,-27.2929,949.865
4204905,-53.4793,-26.8584,287.057
4205001,-53.5331,-26.3298,378.843
4205100,-49.7781,-26.9887,178.157
4205159,-49.5538,-26.7056,374.205
4205175,-52.5784,-26.7397,103.888
4205191,-49.6529,-28.9903,65.311
4205209,-51.4219,-27.2844,208.841
4205308,-52.2443,-26.8467,340.07
4205357,-53.3373,-26.7638,58.457
4205407,-48.5091,-27.5788,674.844
4205431,-52.7938,-26.6342,100.408
4205456,-49.4933,-28.7817,183.351
4205506,-50.8724,-27.0378,549.188
4205555,-50.7656,-27.1917,158.775
4205605,-52.659,-26.4494,139.836
4205704,-48.6589,-28.0467,114.773
4205803,-48.8673,-26.0571,503.595
4205902,-48.966,-26.9313,386.616
4206009,-48.5773,-27.3767,127.556
4206108,-49.314,-28.155,334.362
4206207,-49.0195,-28.354,165.718
4206306,-49.0208,-27.1033,172.173
4206405,-53.5711,-26.5801,331.766
4206504,-48.9449,-26.4766,267.514
4206603,-53.484,-26.3983,100.63
4206652,-52.7834,-27.1165,206.196
4206702,-51.4107,-27.1954,216.581
4206751,-51.2155,-27.2084,146.009
4206801,-51.37,-27.0925,156.439
4206900,-49.5285,-27.0182,247.102
4207007,-49.2773,-28.7516,230.393
4207106,-48.8574,-26.859,253.024
4207205,-48.8344,-28.2315,542.238
4207304,-48.7028,-28.1942,181.577
4207403,-49.4065,-27.5029,119.113
4207502,-49.2242,-26.995,430.799
4207577,-51.2755,-26.9877,113.986
4207601,-51.7987,-27.3708,155.651
4207650,-53.4894,-27.0004,200.96
4207684,-52.476,-26.6787,261.081
4207700,-52.1529,-27.0403,245.921
4207759,-53.3245,-26.8453,165.147
4207809,-51.9179,-27.0252,325.862
4207858,-52.8901,-26.6276,77.912
4207908,-50.7607,-26.3571,589.698
4208005,-52.3322,-27.244,166.265
4208104,-49.8912,-26.4721,1297.543
4208203,-48.7534,-26.969,289.215
4208302,-48.6344,-27.1086,58.21
4208401,-53.7117,-27.1122,281.782
4208450,-48.6524,-26.0825,245.394
4208500,-49.5389,-27.4534,336.588
4208609,-51.7727,-27.1415,182.483
4208708,-49.8481,-28.9948,430.704
4208807,-49.0447,-28.6579,326.362
4208906,-49.16,-26.4819,530.894
4208955,-52.8713,-26.7172,68.499
4209003,-51.5929,-27.1518,241.637
4209102,-48.9514,-26.2443,1127.947
4209151,-49.6463,-26.8595,405.552
4209177,-52.7209,-26.3941,91.448
4209201,-51.5903,-27.2509,69.036
4209300,-50.3406,-28.0205,2637.66
4209409,-48.826,-28.4864,333.26
4209458,-52.5521,-26.8549,65.348
4209508,-49.7336,-27.208,79.333
4209607,-49.4519,-28.3846,271.852
4209706,-50.7026,-26.8584,941.64
4209805,-49.2572,-27.4721,293.6
4209854,-52.0525,-27.0315,190.171
4209904,-49.5073,-27.1894,197.586
4210001,-48.8911,-26.7274,260.106
4210035,-51.5056,-27.0904,117.099
4210050,-51.3531,-26.8035,261.208
4210100,-49.8896,-26.2008,1404.084
4210209,-49.0526,-27.4279,306.058
4210308,-50.3616,-26.4812,520.816
4210407,-49.4555,-28.864,62.902
4210506,-53.1981,-26.76,170.339
4210555,-52.6301,-26.8124,104.184
4210605,-48.9882,-26.6269,374.459
4210704,-51.1418,-26.4813,435.391
4210803,-49.6018,-28.8418,186.439
4210852,-50.1751,-27.1856,337.991
4210902,-53.0511,-26.7748,92.346
4211009,-53.4465,-27.0993,200.276
4211058,-50.9275,-27.1937,191.278
4211108,-50.2915,-26.6607,560.743
4211207,-49.2429,-28.6377,82.818
4211256,-49.7405,-28.7221,260.143
4211306,-48.7274,-26.8287,111.377
4211405,-52.9067,-26.9082,65.087
4211454,-52.8332,-26.9611,137.388
4211504,-49.0414,-27.3133,402.852
4211603,-49.5849,-28.6847,295.061
4211652,-52.7964,-26.495,151.722
4211702,-49.3719,-28.2799,549.859
4211751,-49.9716,-27.5172,847.253
4211801,-51.6819,-27.2834,213.543
4211850,-52.2788,-26.7115,188.568
4211876,-52.4879,-27.213,86.048
4211892,-50.0721,-27.9636,738.331
4211900,-48.6617,-27.7718,394.85
4212007,-53.3145,-26.3735,330.878
4212056,-50.1616,-27.5626,289.097
4212106,-53.1798,-27.0926,351.051
4212205,-50.1724,-26.5024,764.737
4212239,-53.6783,-26.6628,180.338
4212254,-49.7219,-29.2672,92.638
4212270,-51.9611,-26.7061,617.092
4212304,-48.7603,-27.9649,446.165
4212403,-49.2045,-28.4794,159.891
4212502,-48.6508,-26.8079,57.752
4212601,-51.8751,-27.3514,96.168
4212650,-48.8836,-28.4018,106.853
4212700,-49.6827,-27.5457,306.76
4212809,-48.7333,-26.7595,99.355
4212908,-52.9766,-26.8294,128.726
4213005,-51.2361,-27.0494,61.011
4213104,-51.7728,-27.4612,146.088
4213153,-52.869,-27.052,63.1
4213203,-49.1733,-26.7282,214.299
4213302,-50.2987,-27.4102,575.17
4213351,-50.4186,-27.1803,396.882
4213401,-51.9282,-26.8618,560.731
4213500,-48.6167,-27.1749,93.673
4213609,-51.0078,-26.3836,848.779
4213708,-49.9773,-27.2862,356.539
4213807,-49.9895,-29.1819,284.36
4213906,-51.7809,-27.2333,65.433
4214003,-49.7144,-27.0626,297.16
4214102,-49.355,-27.2683,224.748
4214151,-53.6118,-26.4329,85.598
4214201,-52.718,-26.7292,278.983
4214300,-49.0899,-27.6739,286.461
4214409,-51.0634,-26.9091,314.913
4214508,-50.1314,-26.8923,502.095
4214607,-49.8417,-27.159,245.057
4214706,-49.3684,-26.6179,555.473
4214805,-49.63,-27.1961,260.817
4214904,-49.1906,-28.0934,302.39
4215000,-49.5962,-26.4427,907.42
4215059,-49.7534,-27.9142,282.571
4215075,-53.3444,-26.9785,191.061
4215109,-49.351,-26.8951,129.001
4215208,-53.3171,-26.6484,223.333
4215307,-50.0107,-26.9696,177.887
4215356,-53.0223,-26.5905,156.568
4215406,-51.428,-26.8959,104.531
4215455,-49.1258,-28.6513,82.984
4215505,-50.4462,-26.926,1145.845
4215554,-53.6197,-26.922,81.004
4215604,-49.1819,-28.0119,203.218
4215653,-49.7438,-29.1215,150.299
4215679,-50.0053,-26.6676,715.551
4215687,-53.1699,-26.5927,119.653
4215695,-52.6973,-26.6309,73.335
4215703,-48.7966,-27.7418,344.235
4215752,-52.9876,-26.4877,149.891
4215802,-49.35,-26.2949,495.772
4215901,-48.9391,-27.9566,461.438
4216008,-53.0314,-27.0301,162.12
4216057,-50.3495,-27.2952,345.903
4216107,-52.5546,-26.5394,367.525
4216206,-48.6405,-26.2616,493.266
4216255,-53.5917,-27.0916,163.747
4216305,-48.859,-27.3289,200.765
4216354,-48.7977,-26.5911,151.885
4216404,-49.8135,-29.2056,184.375
4216503,-50.014,-28.2983,1888.634
4216602,-48.6563,-27.5785,150.499
4216701,-53.5337,-26.4809,280.76
4216800,-50.6503,-27.5983,948.714
4216909,-52.8598,-26.4655,356.193
4217006,-49.1682,-28.3531,106.765
4217105,-48.9719,-28.1246,224.566
4217154,-53.24,-26.6896,72.755
4217204,-53.5121,-26.7272,234.202
4217253,-48.8371,-27.5916,139.196
4217303,-53.04,-26.8972,205.781
4217402,-49.0605,-26.368,165.237
4217501,-52.3407,-27.1478,309.627
4217550,-53.0252,-26.6926,90.564
4217600,-49.5267,-28.5833,262.004
4217709,-49.6559,-29.0702,143.457
4217758,-52.9468,-26.6953,113.125
4217808,-50.0924,-27.0785,693.847
4217907,-51.1471,-27.147,390.044
4217956,-53.1565,-26.6761,56.962
4218004,-48.7009,-27.2476,279.159
4218103,-49.8685,-28.8074,328.507
4218202,-49.2688,-26.8082,128.313
4218251,-50.6656,-26.6243,596.344
4218301,-50.2552,-26.1699,436.496
4218350,-49.4898,-28.4992,156.61
4218400,-49.1542,-28.5662,159.833
4218509,-51.4494,-26.9648,185.937
4218608,-49.8114,-27.3121,109.648
4218707,-49.0372,-28.4816,301.485
4218756,-53.6499,-26.9881,132.939
4218806,-49.7034,-28.9031,235.104
4218855,-52.856,-26.7867,92.857
4218905,-49.5775,-28.0389,1021.371
4218954,-49.9009,-28.0237,350.472
4219002,-49.3283,-28.4927,254.954
4219101,-52.1242,-26.7787,166.685
4219150,-50.9505,-27.4669,350.606
4219176,-51.7566,-26.945,299.807
4219200,-49.3478,-27.3879,346.932
4219309,-51.1268,-27.0066,384.127
4219358,-49.8452,-26.8264,370.414
4219408,-49.8418,-26.9373,153.776
4219507,-52.4098,-26.8723,377.426
4219606,-52.3219,-27.0212,218.032
4219705,-52.5291,-26.9703,293.628
4219853,-51.5356,-27.477,190.179
4220000,-49.2542,-28.8267,63.42
4300034,-54.1392,-31.6906,1551.339
4300059,-52.0517,-28.2139,291.503
4300109,-53.2266,-29.6081,534.624
4300208,-53.7372,-28.2099,322.674
4300307,-54.7832,-27.6518,316.394
4300406,-55.8357,-29.764,7800.428
4300455,-54.0562,-27.8135,172.794
4300471,-52.9076,-28.13,265.042
4300505,-53.0635,-27.2173,325.979
4300554,-52.9889,-28.8043,115.335
4300570,-51.3045,-29.3631,78.175
4300604,-51.0374,-29.995,71.7
4300638,-52.3174,-30.8102,505.983
4300646,-53.1926,-27.3656,93.704
4300661,-51.5042,-28.5943,331.208
4300703,-51.9946,-28.9702,242.1
4300802,-51.3163,-28.8823,347.541
4300851,-51.5786,-30.9186,518.193
4300877,-50.9346,-29.635,35.391
4300901,-52.3024,-27.3875,342.279
4301008,-51.965,-29.3621,157.088
4301057,-49.8931,-29.5204,119.16
4301073,-52.3975,-31.4404,124.693
4301107,-51.752,-30.1929,425.791
4301206,-53.0523,-29.2589,315.132
4301305,-52.9199,-32.1884,2508.557
4301404,-52.1871,-28.864,269.31
4301503,-54.0073,-28.5339,348.231
4301552,-52.0765,-27.7085,156.727
4301602,-54.0166,-31.2365,4090.36
4301636,-50.2938,-30.2112,102.387
4301651,-51.4889,-29.3851,124.757
4301701,-52.4172,-27.5677,260.505
4301750,-51.7985,-30.4174,436.101
4301800,-51.4386,-27.7231,515.469
4301859,-53.7637,-27.2053,62.801
4301875,-57.3353,-30.1514,1055.937
4301909,-51.3576,-30.3739,729.316
4301925,-52.4067,-27.403,146.995
4301958,-53.0167,-27.9217,60.437
4302006,-52.5887,-29.1134,647.994
4302055,-52.6426,-27.4848,132.351
4302105,-51.5515,-29.1253,272.287
4302154,-53.3415,-27.7016,196.064
4302204,-54.0998,-27.6748,109.541
4302220,-53.8376,-28.6561,701.221
4302238,-53.4615,-28.8652,504.114
4302253,-51.672,-29.3511,94.399
4302303,-50.4233,-28.5982,2622.837
4302352,-51.3634,-29.4704,88.66
4302378,-53.8489,-27.5453,89.206
4302402,-51.9226,-29.6377,102.54
4302451,-52.4139,-29.3057,265.952
4302501,-54.9714,-28.6617,1610.056
4302584,-53.7518,-28.3543,200.497
4302600,-53.7422,-27.5812,132.044
4302659,-51.6223,-29.537,105.353
4302709,-52.0048,-30.1836,752.187
4302808,-53.4778,-30.5934,3048.147
4302907,-54.8028,-29.9204,2373.507
4303004,-52.9865,-30.2062,3736.064
4303103,-51.0953,-29.9209,43.778
4303202,-51.6769,-27.8141,204.055
4303301,-54.6553,-28.3353,261.303
4303400,-53.4666,-27.2466,189.16
4303509,-51.7885,-30.9227,1680.168
4303558,-52.2213,-28.6164,138.069
4303608,-50.1353,-29.0582,1181.811
4303673,-51.0988,-28.7262,538.487
4303707,-54.8341,-27.963,224.801
4303806,-52.6575,-27.7363,276.162
4303905,-51.0485,-29.6727,60.579
4304002,-53.8246,-27.6683,220.719
4304101,-53.0577,-28.9056,226.202
4304200,-52.8132,-29.7004,944.735
4304309,-54.7195,-27.9337,247.047
4304358,-53.7457,-31.5544,933.628
4304408,-50.7752,-29.3514,253.002
4304507,-52.6695,-31.2174,3526.253
4304606,-51.1796,-29.9122,130.789
4304614,-52.2342,-29.327,82.908
4304622,-51.3892,-28.1524,526.85
4304630,-49.9998,-29.6798,98.383
4304655,-54.5824,-28.9593,1007.796
4304663,-52.5383,-31.8333,783.196
4304671,-50.5118,-30.1348,412.889
4304689,-51.3574,-29.7059,182.756
4304697,-51.9843,-29.2832,73.967
4304705,-52.8636,-28.2779,666.694
4304713,-50.3418,-29.7722,294.606
4304804,-51.5032,-29.3214,230.061
4304853,-51.9298,-27.7043,83.155
4304903,-51.9672,-28.5944,272.041
4304952,-51.737,-28.2484,235.863
4305009,-54.0344,-28.1685,583.184
4305108,-51.0237,-29.1022,1652.32
4305116,-52.0031,-27.7754,134.23
4305124,-52.796,-31.7297,451.699
4305132,-52.9955,-29.6271,158.025
4305157,-53.1631,-27.6285,73.438
4305173,-51.7602,-30.5839,324.908
4305207,-54.7394,-28.131,176.643
4305306,-53.1151,-28.0969,684.247
4305355,-51.5562,-29.9902,217.362
4305371,-52.0004,-27.945,198.748
4305405,-53.9098,-27.9865,397.179
4305439,-53.4127,-33.6525,202.387
4305447,-52.0048,-30.782,220.471
4305454,-50.2722,-30.121,243.419
4305504,-51.9176,-28.3462,274.35
4305587,-51.8656,-29.3918,60.732
4305603,-52.9914,-28.4724,286.295
4305702,-53.4939,-28.1655,463.568
4305801,-52.9903,-27.6893,203.614
4305835,-52.1264,-29.1681,112.638
4305850,-52.7592,-28.1308,277.147
4305871,-54.0603,-28.4039,163.684
4305900,-53.6464,-27.7977,492.303
4305934,-51.7204,-29.2626,105.668
4305959,-51.6892,-28.9954,173.207
4305975,-52.3326,-28.1217,422.101
4306007,-54.1366,-27.4875,362.194
4306056,-52.0304,-31.009,682.138
4306072,-53.2486,-27.4324,97.077
4306106,-53.5626,-28.703,1360.548
4306130,-52.644,-27.6273,166.883
4306205,-52.0336,-29.5406,155.058
4306304,-51.8123,-28.4164,174.734
4306320,-53.8934,-27.2403,360.851
4306353,-55.0796,-28.2047,217.363
4306379,-54.1632,-29.8134,600.518
4306403,-51.0903,-29.5995,66.114
4306429,-53.496,-27.6762,226.072
4306452,-51.8432,-28.9766,133.535
4306502,-52.2015,-30.6044,1355.195
4306551,-49.8554,-29.3676,78.219
4306601,-54.6651,-31.0571,5194.051
4306700,-53.3464,-29.5605,114.149
4306734,-54.3675,-27.4869,255.731
4306759,-51.9767,-29.0919,107.96
4306767,-51.4992,-30.0781,509.614
4306809,-51.9218,-29.213,140.006
4306908,-52.6722,-30.63,3347.861
4306924,-52.9087,-27.6848,71.191
4306932,-54.3019,-28.4595,552.986
4306957,-52.7269,-27.519,119.912
4306973,-52.3185,-27.8292,152.793
4307005,-52.2575,-27.6432,429.164
4307054,-52.5544,-28.4207,238.558
4307104,-53.4015,-32.0209,1759.717
4307203,-52.5809,-27.3514,285.677
4307302,-53.5187,-27.5141,357.181
4307401,-51.17,-28.0376,829.587
4307450,-54.0091,-27.3282,148.909
4307500,-52.8272,-28.8641,783.642
4307559,-52.2902,-27.9285,99.757
4307609,-51.1882,-29.6476,51.779
4307708,-51.1768,-29.8517,27.676
4307807,-51.9199,-29.5088,185.026
4307815,-53.1783,-29.224,281.613
4307831,-54.245,-28.5656,418.069
4307864,-51.7175,-28.8866,134.295
4307906,-51.3659,-29.2099,361.341
4308003,-53.4629,-29.5579,169.514
4308052,-52.6762,-27.3753,143.321
4308078,-51.8385,-29.5891,84.794
4308102,-51.2849,-29.4552,94.832
4308201,-51.2211,-29.0315,276.241
4308250,-52.0453,-27.8578,168.521
4308300,-52.378,-29.0086,583.239
4308409,-53.5062,-29.9755,578.875
4308433,-52.1258,-29.3885,93.275
4308458,-53.2759,-28.8951,650.512
4308508,-53.3599,-27.3405,265.181
4308607,-51.5823,-29.2408,168.492
4308656,-55.5387,-28.2339,803.737
4308706,-52.1155,-27.5987,204.428
4308805,-51.9163,-29.8654,510.01
4308854,-52.0396,-28.3862,184.715
4308904,-52.1805,-27.8521,287.466
4309001,-54.2991,-28.03,857.059
4309050,-50.7707,-29.8865,323.955
4309100,-50.8969,-29.386,239.341
4309126,-52.9149,-27.4457,131.396
4309159,-52.6007,-29.289,217.515
4309209,-50.947,-29.8895,468.288
4309258,-51.6598,-28.5776,146.925
4309308,-51.4342,-30.1773,376.166
4309407,-51.9044,-28.855,297.545
4309506,-54.5865,-28.168,290.7
4309555,-51.4263,-29.5457,48.557
4309571,-52.6694,-29.4415,118.261
4309605,-54.2987,-27.5903,229.694
4309654,-53.8895,-31.4477,822.608
4309704,-53.9799,-27.5742,135.01
4309753,-53.1661,-29.4183,195.426
4309803,-51.7875,-28.1021,348.778
4309902,-51.6272,-28.3795,292.16
4309951,-52.4428,-28.6252,307.164
4310009,-53.1723,-28.595,607.185
4310108,-50.7948,-29.5607,138.303
4310207,-53.8949,-28.3204,688.982
4310306,-52.1324,-28.9324,123.602
4310330,-50.1177,-29.9306,39.766
4310363,-51.7742,-29.3448,71.716
4310405,-54.1804,-27.9012,358.283
4310413,-54.0306,-27.9025,113.749
4310439,-51.2993,-28.7173,599.032
4310462,-52.4186,-27.9312,158.71
4310504,-53.2416,-27.2493,181.579
4310538,-53.762,-29.5769,172.801
4310553,-55.2673,-28.81,1120.874
4310579,-52.1956,-28.7757,184.673
4310603,-56.1757,-29.2137,3406.606
4310652,-50.1643,-29.4622,205.06
4310702,-52.4775,-27.3562,212.669
4310751,-53.5836,-29.5136,122.93
4310801,-51.157,-29.5806,63.092
4310850,-53.2641,-27.6295,127.589
4310876,-53.0143,-29.0351,339.399
4310900,-52.5472,-27.7867,178.009
4311007,-53.3359,-32.41,2051.845
4311106,-54.6478,-29.4585,675.314
4311122,-50.3612,-28.9482,908.879
4311130,-54.298,-29.2915,853.08
4311155,-54.1548,-28.7665,1238.918
4311205,-53.6524,-29.2584,1929.544
4311239,-53.0417,-29.5025,109.758
4311254,-52.7875,-29.2381,387.486
4311270,-52.8341,-28.5709,138.602
4311304,-51.5017,-28.2264,1260.227
4311403,-52.0073,-29.4435,91.231
4311429,-53.206,-27.7033,67.947
4311502,-54.1536,-30.7721,2600.969
4311601,-53.0639,-27.5495,245.627
4311627,-51.2196,-29.5826,33.351
4311643,-51.2155,-29.4597,63.502
4311700,-51.6739,-27.587,335.198
4311718,-55.775,-29.0662,1682.82
4311734,-50.0031,-29.2624,156.653
4311759,-55.5569,-29.4284,1390.696
4311775,-50.2084,-29.6356,613.58
4311791,-51.5503,-29.5482,82.063
4311809,-52.2687,-28.4552,649.77
4311908,-51.9506,-27.4785,229.759
4311981,-51.5843,-30.314,338.45
4312005,-52.1684,-27.3425,98.727
4312054,-52.1488,-29.2893,125.714
4312104,-54.4679,-29.5375,316.121
4312138,-52.1989,-28.2776,238.268
4312153,-52.1362,-29.5248,46.799
4312179,-54.6566,-28.243,114.653
4312203,-51.8155,-27.6039,208.439
4312252,-52.0779,-30.0747,424.339
4312302,-53.7456,-27.4904,131.236
4312351,-52.0502,-28.6698,82.23
4312377,-50.8051,-28.7002,549.455
4312385,-51.6517,-29.1404,69.726
4312401,-51.503,-29.7101,425.023
4312427,-52.6619,-28.6938,146.191
4312443,-49.9542,-29.3376,166.224
4312450,-52.6377,-31.6371,244.645
4312476,-51.0514,-29.5222,89.412
4312500,-50.7291,-30.8543,1977.442
4312609,-51.8156,-29.1404,111.247
4312617,-51.2296,-28.385,1193.23
4312625,-51.7769,-28.327,111.132
4312658,-52.8249,-28.4594,361.689
4312674,-52.4484,-28.5208,154.995
4312708,-52.8573,-27.3695,468.962
4312757,-52.1714,-28.708,148.861
4312807,-51.7463,-28.6512,75.514
4312906,-51.7541,-28.726,211.611
4312955,-52.9795,-27.9968,93.733
4313003,-52.0353,-29.2221,102.994
4313011,-54.1255,-27.5953,97.579
4313037,-54.8215,-29.4033,191.0
4313060,-50.8992,-29.5855,62.319
4313086,-51.3159,-29.001,102.643
4313102,-53.4162,-29.4333,314.613
4313201,-51.0851,-29.3721,290.164
4313300,-51.6082,-28.7607,259.941
4313334,-53.7037,-28.0762,255.264
4313359,-51.4086,-28.9889,149.767
4313375,-51.2886,-29.8443,218.153
4313391,-52.9955,-29.7601,192.998
4313409,-51.049,-29.7348,222.536
4313425,-54.5373,-27.5449,218.836
4313441,-53.1671,-27.5618,75.428
4313466,-53.0585,-27.7443,79.851
4313490,-53.116,-27.8995,123.344
4313508,-50.2675,-29.9159,663.878
4313607,-51.7804,-27.7221,182.115
4313656,-50.4492,-30.3624,949.201
4313706,-53.3823,-27.94,1421.101
4313805,-53.5878,-27.3278,144.181
4313904,-53.5074,-28.3296,491.57
4313953,-52.371,-30.2578,841.225
4314001,-51.7884,-28.6003,121.745
4314027,-53.1213,-29.6963,337.534
4314035,-51.4231,-29.6102,57.485
4314050,-50.8561,-29.6592,108.707
4314068,-52.8696,-29.4389,304.266
4314076,-52.2451,-29.7593,265.133
4314100,-52.4525,-28.2689,784.407
4314134,-52.3947,-27.7096,149.669
4314159,-51.7284,-29.5693,171.863
4314175,-53.6913,-31.839,1373.985
4314209,-52.8725,-31.9597,603.757
4314308,-53.5937,-28.4538,414.106
4314407,-52.3452,-31.571,1608.78
4314423,-51.1091,-29.4607,84.28
4314456,-53.2351,-27.529,68.222
4314464,-51.2194,-27.8536,438.11
4314472,-53.3356,-29.2915,478.11
4314498,-53.6343,-27.2217,105.385
4314506,-53.4134,-31.4049,2249.176
4314548,-51.4617,-29.0929,104.801
4314555,-55.2444,-28.0652,293.723
4314605,-53.1032,-31.4386,3538.3
4314704,-53.078,-27.3357,228.552
4314753,-51.6408,-29.4461,67.618
4314779,-52.6413,-28.0363,502.709
4314787,-52.5062,-27.6548,99.504
4314803,-51.2487,-29.701,159.298
4314902,-51.1644,-30.0953,495.39
4315008,-54.9592,-27.8507,250.876
4315057,-54.6572,-27.5919,105.811
4315073,-54.8911,-27.7546,114.284
4315107,-55.1432,-27.932,281.497
4315131,-52.2287,-29.158,105.338
4315149,-51.1743,-29.5243,49.628
4315156,-52.3189,-29.2243,256.039
4315172,-51.4873,-28.7369,171.994
4315206,-52.1429,-29.0337,216.159
4315305,-56.153,-30.2795,3139.995
4315313,-52.4713,-27.8427,268.971
4315321,-54.0655,-29.3096,543.359
4315354,-53.1169,-28.7569,223.072
4315404,-53.6317,-27.5701,303.705
4315453,-52.0653,-29.1233,108.188
4315503,-53.3439,-29.8174,968.62
4315552,-52.8797,-27.2528,235.854
4315602,-52.4035,-32.2175,2682.867
4315701,-52.4369,-30.0228,2051.112
4315750,-50.3999,-29.6158,239.09
4315800,-51.8293,-29.2567,208.108
4315909,-53.1706,-27.4634,83.278
4315958,-54.8344,-28.2549,295.326
4316006,-50.55,-29.629,296.09
4316105,-52.7496,-27.811,418.675
4316204,-52.8931,-27.8325,252.454
4316303,-55.088,-28.0596,349.074
4316402,-55.113,-30.3259,4343.656
4316428,-53.132,-27.7079,77.889
4316436,-53.0944,-28.3868,221.554
4316451,-53.2542,-29.0682,507.698
4316477,-54.8317,-28.0997,94.312
4316501,-51.5355,-29.4577,99.156
4316600,-51.8004,-27.9572,504.438
4316709,-53.2846,-28.3739,975.799
4316733,-51.8985,-28.1813,200.056
4316758,-52.1323,-29.4533,86.442
4316808,-52.4072,-29.6462,733.898
4316907,-53.825,-29.7849,1780.194
4316956,-50.9691,-29.4759,140.437
4316972,-54.0977,-30.3711,955.299
4317004,-53.1769,-30.8171,1418.805
4317103,-55.5623,-30.7384,6946.407
4317202,-54.497,-27.8644,489.38
4317251,-51.711,-29.1637,73.669
4317301,-53.0066,-33.1631,5206.977
4317400,-54.7963,-29.1272,2414.195
4317509,-54.2977,-28.2505,679.34
4317558,-52.0086,-28.4956,126.094
4317608,-50.5592,-29.8728,1049.583
4317707,-55.426,-28.494,1710.869
4317756,-52.6815,-28.3651,203.44
4317806,-53.7558,-27.9031,467.775
4317905,-54.711,-27.7984,367.202
4317954,-51.6612,-27.9231,125.595
4318002,-55.7966,-28.7467,3616.69
4318051,-51.8678,-28.5383,78.67
4318101,-55.1313,-29.4478,2506.975
4318200,-50.5565,-29.2023,3317.794
4318309,-54.3654,-30.3053,5053.46
4318408,-51.9119,-30.2906,935.596
4318424,-51.8347,-27.7977,171.029
4318432,-53.4705,-29.6421,78.32
4318440,-51.7157,-28.4983,125.62
4318457,-53.1317,-27.7948,98.125
4318465,-52.2747,-29.065,102.912
4318481,-51.2576,-29.5356,63.709
4318499,-54.1241,-27.7384,77.732
4318507,-51.6653,-31.7636,1071.824
4318606,-51.5603,-27.7724,335.287
4318614,-51.4861,-29.548,54.764
4318622,-49.9617,-28.6486,1173.907
4318705,-51.1449,-29.7553,103.009
4318804,-52.1226,-31.2345,2036.125
4318903,-54.8909,-28.4185,1295.522
4319000,-51.0651,-28.963,256.159
4319109,-53.9532,-27.729,171.245
4319125,-53.8863,-29.4748,669.547
4319158,-54.5216,-28.6728,1228.447
4319208,-55.2482,-28.2031,485.588
4319307,-54.9753,-27.9888,223.942
4319356,-51.5062,-29.4191,35.207
4319364,-53.2377,-27.7797,79.894
4319372,-54.8949,-28.1235,107.559
4319406,-54.238,-29.6114,873.394
4319505,-51.3372,-29.5894,114.293
4319604,-53.6198,-30.1757,2204.779
4319703,-52.5595,-27.5538,154.45
4319711,-51.761,-29.0568,91.898
4319737,-53.9087,-27.8211,107.402
4319752,-51.3725,-29.3824,31.935
4319802,-54.7542,-29.7096,1174.822
4319901,-50.9957,-29.6141,136.473
4320008,-51.1337,-29.8234,58.247
4320107,-52.8963,-27.9413,351.717
4320206,-53.3626,-27.5011,300.827
4320230,-53.9532,-27.6411,119.312
4320263,-52.9296,-29.3122,245.17
4320305,-52.9786,-28.6686,176.471
4320321,-54.5368,-28.0288,147.068
4320354,-51.6077,-30.6253,282.13
4320404,-51.9337,-28.7016,163.31
4320453,-52.2434,-29.3951,98.131
4320503,-52.3141,-28.0099,440.631
4320552,-51.63,-30.4668,252.013
4320578,-54.4601,-28.1452,129.238
4320602,-52.1114,-27.4155,167.598
4320651,-53.5702,-29.6334,119.285
4320677,-52.569,-29.4449,510.213
4320701,-53.026,-29.4056,128.823
4320800,-52.5371,-28.8392,1215.056
4320859,-51.731,-29.6671,94.754
4320909,-52.0108,-28.0585,238.082
4321006,-52.8616,-28.6614,179.935
4321105,-51.4413,-30.6638,805.452
4321204,-50.762,-29.6701,452.572
4321303,-51.8315,-29.7448,349.967
4321329,-53.4858,-27.4084,76.917
4321352,-51.0748,-31.2886,610.106
4321402,-53.7641,-27.3726,337.495
4321436,-50.0664,-29.602,142.304
4321451,-51.7779,-29.4719,177.795
4321469,-52.5983,-28.582,113.944
4321477,-54.121,-27.3683,236.653
4321493,-54.2988,-29.4704,198.316
4321501,-49.8097,-29.3283,161.627
4321600,-50.222,-30.0282,142.878
4321626,-52.0876,-29.2827,80.681
4321634,-52.1802,-27.4926,148.601
4321667,-49.9632,-29.4744,251.483
4321709,-50.7789,-29.4824,165.285
4321808,-54.2654,-27.7316,421.461
4321832,-50.0854,-29.4285,217.386
4321857,-52.8374,-27.6171,180.599
4321907,-53.9293,-27.441,268.902
4321956,-52.899,-27.5277,268.417
4322004,-51.5711,-29.8447,817.625
4322103,-54.431,-27.6394,181.198
4322152,-52.8928,-29.1141,217.302
4322186,-51.5376,-27.9302,135.243
4322202,-54.0035,-29.0205,2253.234
4322251,-51.4269,-29.474,59.447
4322301,-54.5546,-27.7065,307.71
4322327,-52.1561,-31.4751,253.635
4322343,-54.6465,-28.0382,125.876
4322350,-52.0215,-28.7725,131.154
4322376,-55.1588,-29.0685,602.387
4322400,-56.7294,-29.8406,5702.098
4322509,-50.9238,-28.3704,2124.492
4322525,-52.1124,-29.8308,329.727
4322533,-52.6895,-29.5837,328.275
4322541,-51.2484,-29.3628,45.085
4322558,-51.8351,-28.4903,64.905
4322608,-52.1949,-29.5786,772.588
4322707,-52.5387,-29.7132,309.621
4322806,-51.5516,-28.9634,289.397
4322855,-51.8605,-29.0668,113.622
4322905,-51.9937,-27.5723,268.072
4323002,-50.8694,-30.167,1496.506
4323101,-53.3879,-27.1711,193.025
4323200,-52.6853,-28.5501,238.133
4323309,-51.5529,-28.8589,107.703
4323358,-52.1424,-28.1282,151.695
4323408,-52.1518,-28.5578,181.061
4323457,-53.8789,-30.346,508.278
4323507,-53.5103,-27.3248,77.63
4323606,-51.7822,-28.8208,119.327
4323705,-53.7008,-27.2658,90.022
4323754,-54.4636,-28.3817,258.312
4323770,-51.7429,-29.4064,63.665
4323804,-50.0697,-29.8079,60.756
5000203,-52.9267,-19.9628,7781.558
5000252,-53.7492,-18.2092,4397.518
5000609,-54.9682,-23.1578,4193.742
5000708,-55.7721,-20.6962,2913.177
5000807,-52.8048,-22.1115,3415.657
5000856,-53.8658,-22.0624,1283.627
5000906,-55.9696,-22.2057,1142.895
5001003,-51.2902,-20.0756,2751.485
5001102,-55.877,-19.7462,17087.021
5001243,-55.4502,-22.9077,1653.86
5001508,-54.3055,-19.8056,3357.926
5001904,-52.5724,-21.8057,2392.476
5002001,-53.1776,-22.3908,1826.578
5002100,-56.5384,-21.9346,4899.44
5002159,-56.6995,-20.5488,2591.933
5002209,-56.4828,-21.0333,5373.016
5002308,-52.434,-21.0759,5803.542
5002407,-54.8028,-22.5883,2115.73
5002605,-53.8695,-19.3419,6238.127
5002704,-54.2495,-20.9136,8082.978
5002803,-57.0895,-21.9408,2943.206
5002902,-52.1799,-19.0953,3658.252
5002951,-52.698,-18.9945,3252.327
5003108,-55.0573,-19.8076,2639.657
5003157,-55.3831,-23.3477,1023.727
5003207,-56.7269,-18.7244,64432.45
5003256,-53.2031,-18.5188,4159.384
5003306,-54.6739,-18.2812,6391.486
5003454,-54.1521,-22.1561,828.533
5003488,-55.3624,-20.6004,2431.609
5003504,-54.5878,-22.014,280.457
5003702,-54.8389,-22.1449,4062.236
5003751,-54.2251,-23.7382,1012.796
5003801,-54.4397,-22.3373,315.333
5003900,-53.8624,-18.7444,4879.932
5004007,-54.1925,-22.4272,493.434
5004106,-55.9961,-21.5416,1225.426
5004304,-54.5383,-23.4342,2957.41
5004403,-52.0218,-19.6576,5761.19
5004502,-54.8735,-22.0054,1342.764
5004601,-54.1192,-23.3416,2063.717
5004700,-53.7991,-22.3715,2003.43
5004809,-54.5381,-23.8108,416.605
5004908,-54.3483,-20.2272,2912.836
5005004,-56.3518,-21.582,2126.133
5005103,-53.9573,-22.7067,1933.316
5005152,-54.4889,-22.7763,1569.176
5005202,-57.5688,-19.1031,354.255
5005251,-55.1321,-22.6775,1725.78
5005400,-55.3968,-21.5434,5396.905
5005608,-56.5962,-20.1212,5471.436
5005681,-54.2742,-23.9427,478.38
5005707,-54.0257,-23.0225,3189.667
5005806,-55.9015,-21.1008,3909.44
5006002,-54.2164,-21.491,4025.012
5006200,-53.422,-21.9256,4770.685
5006259,-53.7819,-22.603,849.19
5006275,-53.1303,-19.2282,5061.433
5006309,-51.3961,-19.5274,5405.48
5006358,-55.356,-23.7112,1307.092
5006408,-54.3392,-17.9143,3553.782
5006606,-55.5836,-22.2023,5359.354
5006903,-57.3841,-21.226,17505.2
5007109,-53.5442,-20.5966,17315.283
5007208,-54.5578,-21.6961,3983.562
5007307,-54.963,-19.4469,1828.8
5007406,-55.0429,-18.8136,8173.868
5007505,-54.7355,-19.9787,1309.574
5007554,-52.7745,-21.3191,6142.001
5007695,-54.4827,-19.1691,3849.875
5007703,-55.0279,-23.8806,839.117
5007802,-51.7582,-20.2821,3254.917
5007901,-54.9421,-21.0939,5265.695
5007935,-54.4324,-17.6486,4185.528
5007950,-54.9904,-23.6493,1784.207
5007976,-53.4311,-22.6678,1052.232
5008008,-55.0241,-20.4474,2845.723
5008305,-52.2112,-20.4389,10217.071
5008404,-54.4249,-22.4672,312.429
5100102,-56.318,-15.1773,850.763
5100201,-52.5003,-13.9776,7549.308
5100250,-56.3677,-10.0558,8955.41
5100300,-53.467,-17.4495,5402.308
5100359,-51.7502,-11.8115,2248.414
5100409,-53.5809,-16.8882,3858.153
5100508,-56.6612,-14.7598,1847.354
5100607,-53.2966,-17.8272,1436.582
5100805,-57.826,-8.7586,20489.024
5101001,-51.8067,-15.1303,6380.7
5101209,-53.1213,-16.7505,675.231
5101258,-58.4591,-15.253,1639.733
5101308,-56.8593,-14.5071,417.337
5101407,-59.8563,-10.1797,24678.135
5101605,-56.0295,-16.8104,11374.872
5101704,-57.4259,-15.0926,5976.864
5101803,-52.4427,-15.3631,8363.149
5101852,-51.7395,-12.2178,4266.636
5101902,-57.9988,-12.4231,15968.355
5102504,-57.8336,-16.5374,24495.51
5102603,-53.1284,-14.3746,5978.985
5102637,-57.931,-13.6883,9428.586
5102678,-54.9581,-15.3448,4770.631
5102686,-59.1931,-13.5798,6792.808
5102694,-51.8236,-11.2016,3449.037
5102702,-52.3989,-13.3298,10855.181
5102793,-55.8342,-10.1064,2421.788
5102850,-58.6028,-10.9407,3713.466
5103007,-55.5521,-15.121,6603.252
5103056,-55.0477,-11.4482,3843.561
5103106,-51.1484,-13.8698,16563.136
5103205,-55.4686,-10.631,3112.091
5103254,-60.3042,-9.2924,27960.237
5103304,-59.7514,-13.1937,21485.018
5103353,-51.6986,-10.4042,5802.314
5103361,-59.3322,-14.6347,2684.676
5103379,-58.6752,-9.5379,9469.957
5103403,-55.8792,-15.5056,4327.448
5103437,-57.8764,-15.6171,357.128
5103452,-56.9616,-14.7301,1273.178
5103502,-56.8046,-14.0957,8263.397
5103601,-54.7765,-15.6563,2183.603
5103700,-54.1848,-11.9329,11661.514
5103809,-58.7026,-15.5274,891.448
5103858,-53.4562,-12.996,16908.375
5103908,-53.3428,-15.5201,4514.917
5103957,-58.3253,-15.8392,833.13
5104104,-54.6211,-9.7763,4725.281
5104203,-53.5901,-16.3847,5043.899
5104500,-58.5976,-15.3352,592.495
5104526,-56.0587,-12.017,3422.016
5104542,-56.7549,-12.1404,2909.745
5104559,-55.5898,-11.111,4521.79
5104609,-54.5973,-17.3339,8698.814
5104807,-55.1919,-15.9757,2429.678
5104906,-56.5727,-15.3378,1114.302
5105002,-58.8657,-15.3048,1345.411
5105101,-57.6184,-11.0237,22632.713
5105150,-59.3245,-11.5321,26397.173
5105176,-58.6248,-10.3975,3207.837
5105200,-54.9042,-16.1829,2291.307
5105234,-57.7792,-15.3771,1810.547
5105259,-56.1675,-13.0373,3674.596
5105309,-50.9458,-11.0147,4282.733
5105507,-59.9908,-15.1906,13484.71
5105580,-54.0534,-10.8863,12285.486
5105606,-54.3569,-10.014,5228.272
5105622,-58.055,-15.6542,1085.486
5105903,-55.8125,-14.377,3908.739
5106000,-56.7225,-14.3477,1336.754
5106109,-56.484,-15.839,5537.413
5106158,-58.0769,-9.7684,9556.661
5106174,-51.8899,-14.1562,4034.539
5106182,-59.7715,-14.2998,4780.426
5106190,-54.9067,-10.9189,2385.611
5106208,-55.0508,-14.7845,3290.032
5106216,-56.0417,-10.7003,5953.099
5106224,-56.1061,-13.6296,9536.814
5106232,-57.4215,-14.8044,1327.266
5106240,-54.7595,-12.9964,12460.736
5106257,-52.4068,-14.597,5491.972
5106265,-55.4037,-9.7522,5800.759
5106273,-57.3035,-11.3836,920.048
5106281,-53.2585,-15.0781,5225.595
5106299,-56.6826,-9.5936,4814.149
5106307,-54.109,-13.6777,24166.632
5106315,-50.8879,-12.3134,4394.78
5106372,-54.2492,-16.7952,3841.672
5106422,-53.5939,-10.1495,14433.775
5106455,-54.674,-14.5888,2437.59
5106505,-56.9447,-16.7828,17156.759
5106653,-52.7214,-15.932,2742.482
5106703,-52.9366,-16.6589,701.138
5106752,-59.4577,-15.5168,8545.292
5106778,-51.7136,-10.8262,3971.721
5106802,-56.7457,-11.735,6846.668
5106828,-58.9824,-15.9567,5835.278
5106851,-57.2155,-15.5212,2045.467
5107008,-54.186,-15.851,6915.298
5107040,-54.22,-15.0967,5470.383
5107065,-52.7434,-12.1587,17799.989
5107107,-58.2971,-15.5666,1282.763
5107156,-58.4578,-14.9284,1331.677
5107180,-51.5683,-12.8748,11354.555
5107198,-52.7598,-16.494,624.997
5107206,-58.1498,-15.273,539.287
5107248,-54.8997,-11.9347,3812.09
5107263,-57.3467,-14.4503,1166.382
5107297,-54.2681,-16.471,489.737
5107305,-56.8082,-13.5512,4525.304
5107354,-52.6169,-10.6965,7465.563
5107404,-54.7403,-15.9541,344.33
5107578,-61.01,-10.4631,12658.341
5107602,-54.6848,-16.5675,4824.02
5107701,-55.9154,-14.7466,7339.443
5107743,-52.5415,-10.0645,5623.39
5107750,-58.0509,-15.0509,1753.378
5107768,-55.2941,-13.833,4747.042
5107776,-50.7923,-10.3326,6466.223
5107792,-53.6699,-14.8052,3403.593
5107800,-55.4471,-16.5358,9469.139
5107859,-51.9696,-11.4546,16682.473
5107875,-58.6535,-13.1544,13614.552
5107883,-51.3621,-12.023,1490.793
5107909,-55.5015,-11.7109,3990.87
5107925,-55.6814,-12.7373,9293.629
5107941,-56.4964,-11.2141,8439.05
5107958,-58.2915,-14.4306,11636.825
5108006,-56.5318,-12.568,4492.539
5108055,-54.9841,-10.5126,2399.736
5108105,-53.4564,-15.9066,4244.073
5108204,-52.8899,-16.2947,2398.383
5108303,-54.3164,-11.5277,4590.628
5108352,-58.9631,-14.9661,1901.545
5108402,-56.2428,-15.5625,724.279
5108501,-55.3464,-12.4224,3058.364
5108600,-51.4063,-9.9806,7436.383
5108808,-55.3382,-10.2939,1121.928
5108857,-57.2574,-14.2904,1905.744
5108907,-57.2203,-12.7839,11553.479
5108956,-57.2457,-9.9702,5139.307
5200050,-49.4521,-16.7856,143.357
5200100,-48.7135,-16.1865,1044.555
5200134,-50.326,-17.4523,1566.742
5200159,-50.1846,-16.3691,115.385
5200175,-47.7951,-14.9065,2023.636
5200209,-48.7911,-18.0798,458.836
5200258,-48.2857,-15.7558,191.817
5200308,-48.4819,-16.0892,846.876
5200506,-49.4655,-17.6938,102.094
5200555,-49.4289,-14.1711,500.342
5200605,-47.5351,-14.183,2594.998
5200803,-46.6325,-14.5672,1268.347
5200829,-49.6154,-13.8424,1343.742
5200852,-50.0001,-16.261,133.834
5200902,-51.1086,-16.6259,406.93
5201108,-48.9729,-16.2906,935.672
5201207,-48.2254,-18.3124,55.569
5201306,-49.9679,-16.3971,976.038
5201405,-49.2625,-16.81,279.954
5201454,-51.2629,-18.2161,603.254
5201504,-52.0452,-18.7684,2899.237
5201603,-49.7008,-16.3659,149.776
5201702,-52.1461,-15.9694,661.677
5201801,-49.4187,-16.9515,218.125
5202155,-50.4395,-15.1394,2188.1
5202353,-51.5852,-16.3532,1075.535
5202502,-50.9377,-14.806,3054.773
5202601,-50.5253,-16.6953,565.514
5202809,-49.7668,-16.4929,170.228
5203104,-52.4385,-16.3599,1780.173
5203203,-48.8796,-14.9079,1080.268
5203302,-48.9115,-16.9577,1274.034
5203401,-52.0734,-16.1686,1901.137
5203500,-49.8785,-18.1892,1405.605
5203559,-49.0097,-16.6017,121.915
5203575,-49.8625,-13.5713,1635.319
5203609,-49.3774,-16.3861,125.326
5203807,-51.2083,-15.2372,1458.459
5203906,-49.0077,-18.1257,901.932
5203939,-50.4534,-16.1695,202.576
5203962,-46.2968,-14.4067,246.075
5204003,-46.9927,-15.7605,1126.434
5204102,-50.9822,-18.5422,1657.226
5204201,-50.6988,-16.7195,424.49
5204250,-49.6229,-18.4902,528.281
5204300,-51.1312,-18.7007,2254.34
5204409,-51.8148,-17.0071,8627.961
5204508,-48.6463,-17.7096,1608.523
5204557,-48.9718,-16.7424,251.72
5204607,-49.6996,-16.788,272.734
5204656,-48.5682,-13.8845,1978.386
5204706,-48.9745,-14.0452,1064.541
5204805,-47.7682,-17.551,2450.111
5204854,-49.1026,-16.2867,156.113
5204904,-46.5108,-12.9999,735.126
5204953,-49.6597,-14.1998,443.125
5205000,-49.7427,-15.425,419.821
5205059,-50.34,-18.1563,299.228
5205109,-47.6649,-17.9309,3826.37
5205208,-49.5836,-16.4548,205.065
5205307,-47.6966,-13.6353,6948.78
5205406,-49.6367,-15.2763,213.07
5205455,-49.7563,-17.0859,417.08
5205471,-52.6331,-18.4652,2184.076
5205497,-47.8191,-16.124,389.984
5205513,-48.6024,-15.6558,1785.339
5205521,-48.0754,-13.9849,1707.519
5205703,-50.5821,-16.3653,458.077
5205802,-48.6781,-15.9304,1064.833
5205901,-48.533,-18.1696,1864.277
5206206,-47.5176,-16.6981,6153.921
5206305,-48.7073,-17.213,221.624
5206404,-50.0652,-14.64,4673.039
5206503,-49.3569,-17.2405,364.918
5206602,-48.134,-18.3208,568.365
5206701,-46.1917,-14.5568,417.625
5206800,-49.3337,-16.2556,86.057
5206909,-47.5655,-18.1175,482.857
5207105,-51.3505,-16.2233,685.382
5207253,-52.4933,-16.8047,3227.558
5207352,-49.7396,-17.4201,598.218
5207402,-49.9638,-17.4771,1469.099
5207501,-49.0862,-13.8142,301.139
5207535,-50.3706,-15.4355,1949.685
5207600,-50.8576,-16.1514,1279.107
5207808,-50.3128,-16.6399,422.34
5207907,-46.9055,-14.6514,3695.106
5208004,-47.2469,-15.3075,5804.292
5208103,-48.8681,-13.7225,843.42
5208152,-48.6738,-16.4034,588.328
5208301,-46.5192,-13.2643,828.874
5208400,-49.066,-16.515,166.642
5208509,-48.1389,-18.1231,569.917
5208608,-49.1664,-15.2751,1547.319
5208707,-49.2738,-16.6436,729.296
5208806,-49.4286,-16.5003,213.772
5208905,-50.2426,-15.8471,3108.423
5209101,-49.6588,-17.9937,2479.591
5209150,-50.1558,-18.5092,827.373
5209200,-49.5718,-16.9115,514.178
5209291,-50.0502,-15.6728,205.533
5209408,-46.4324,-13.8895,1221.054
5209457,-49.7306,-14.6994,593.188
5209606,-49.7839,-15.7436,228.615
5209705,-49.2668,-17.0115,952.122
5209804,-49.363,-14.7395,583.756
5209903,-46.7551,-14.0906,1547.183
5209937,-49.9156,-18.5094,689.201
5209952,-49.9682,-17.1852,955.419
5210000,-49.5159,-16.3076,614.887
5210109,-48.0545,-17.5059,4382.863
5210158,-49.6695,-15.1689,244.209
5210208,-51.181,-16.4165,1027.249
5210307,-50.8813,-16.3577,579.19
5210406,-49.8229,-16.0809,1461.916
5210562,-49.6245,-15.9379,142.652
5210604,-49.612,-15.7732,241.029
5210802,-51.3195,-19.1012,2082.736
5210901,-49.6471,-14.9424,952.998
5211008,-50.7715,-15.7029,2047.874
5211206,-49.9497,-15.548,1281.404
5211305,-51.3307,-18.8442,3437.367
5211404,-49.608,-16.1953,383.066
5211503,-49.4175,-18.3536,2447.014
5211602,-51.0354,-16.6764,1260.841
5211701,-50.1822,-17.0923,863.087
5211800,-49.386,-15.7023,1848.947
5211909,-51.7322,-17.9096,7178.792
5212006,-51.059,-16.1904,528.783
5212055,-49.4106,-15.9623,115.211
5212105,-49.6189,-17.7952,446.258
5212204,-51.3303,-15.5826,4092.34
5212253,-51.2841,-19.1827,463.289
5212303,-48.8882,-16.5704,476.137
5212501,-47.9916,-16.4818,3962.107
5212600,-49.4573,-17.3002,468.029
5212709,-46.067,-14.4202,858.27
5212808,-49.3944,-13.997,1695.463
5212907,-48.6884,-17.9862,225.518
5212956,-50.7744,-15.3776,1150.503
5213004,-50.3639,-18.0362,389.959
5213053,-48.3081,-15.0177,1380.701
5213087,-48.3485,-13.4991,2854.137
5213103,-52.7601,-17.5981,9042.844
5213400,-50.7729,-16.5079,452.314
5213509,-46.9239,-13.2946,3119.86
5213707,-51.5799,-15.9145,2900.397
5213756,-51.1899,-17.3179,1869.581
5213772,-48.7316,-13.1453,1337.232
5213806,-49.1287,-17.7747,2846.299
5213855,-50.0115,-15.3113,282.333
5213905,-50.1584,-16.1624,684.882
5214002,-50.5875,-14.8429,1738.516
5214051,-50.2035,-13.7974,2141.534
5214101,-49.3034,-13.719,955.069
5214408,-49.8494,-16.5833,281.147
5214507,-49.1848,-16.4268,204.713
5214606,-48.4014,-14.4991,9846.293
5214705,-49.9343,-15.0451,209.432
5214804,-48.2965,-18.1003,307.335
5214838,-50.5617,-14.1338,7308.681
5214861,-49.5073,-15.0777,411.753
5214879,-49.2883,-14.3121,625.625
5214903,-47.0104,-13.8005,2136.725
5215009,-49.3065,-16.3585,122.354
5215207,-50.6463,-16.0547,649.349
5215231,-48.0745,-16.1249,192.285
5215256,-49.7267,-13.2505,1254.491
5215306,-48.1949,-17.0079,1971.265
5215405,-49.2196,-16.2544,208.804
5215504,-47.7471,-18.2183,411.318
5215603,-48.3043,-15.3614,3142.615
5215652,-51.4418,-16.7045,1318.047
5215702,-49.9448,-16.809,1537.196
5215801,-48.3974,-17.3064,59.809
5215900,-50.1941,-16.8204,393.326
5216007,-49.4038,-18.2046,432.204
5216304,-50.6241,-18.8086,1153.415
5216403,-50.638,-17.0471,3786.578
5216452,-52.2252,-17.494,1033.657
5216809,-49.3158,-16.1117,530.49
5216908,-49.5217,-14.5869,906.048
5217104,-48.9928,-17.3324,2374.232
5217203,-51.8421,-16.414,2045.088
5217302,-49.0111,-15.8101,2200.369
5217401,-48.3889,-17.2717,1077.641
5217609,-47.7504,-15.2845,2558.924
5217708,-49.5377,-17.5311,1434.289
5218003,-49.2306,-13.2923,4825.287
5218052,-50.1479,-17.9012,606.262
5218102,-52.7048,-17.3513,553.411
5218300,-46.4356,-14.2299,2076.99
5218391,-49.2449,-17.2708,356.292
5218508,-50.5292,-18.4375,3786.026
5218607,-49.5317,-15.3408,268.291
5218706,-49.4416,-15.4726,157.379
5218789,-48.782,-17.8321,244.655
5218805,-51.0385,-17.7392,8374.255
5218904,-49.8764,-15.1806,750.659
5219001,-50.3753,-16.2851,509.402
5219100,-49.6786,-16.5967,140.957
5219209,-48.5937,-17.3598,1109.007
5219258,-51.1715,-15.6674,1164.186
5219308,-50.5791,-17.8018,1142.337
5219357,-49.3889,-15.2514,812.756
5219407,-53.069,-17.2445,1357.197
5219456,-49.0552,-14.8767,970.448
5219506,-49.4815,-16.0614,166.44
5219605,-48.9818,-13.572,789.544
5219704,-49.6728,-14.3221,1206.6
5219712,-50.6309,-17.5254,450.336
5219738,-49.2931,-16.4767,135.022
5219753,-48.2822,-16.0861,943.948
5219803,-46.4838,-13.5339,3335.999
5219902,-49.2547,-15.9515,416.535
5220009,-47.4229,-14.4858,3334.455
5220058,-50.3729,-16.8188,286.979
5220108,-50.3757,-16.4555,829.62
5220157,-49.2756,-14.9162,583.832
5220207,-50.2494,-13.1449,6150.179
5220264,-48.6677,-16.9896,537.347
5220280,-49.827,-15.3665,172.763
5220405,-50.5904,-19.0106,415.015
5220454,-49.1073,-16.7046,247.005
5220504,-52.212,-18.2248,5521.774
5220603,-48.5575,-16.6071,2349.924
5220686,-46.5829,-14.4329,346.811
5220702,-46.2393,-14.7358,1611.851
5221007,-49.5939,-16.0455,205.665
5221080,-47.2376,-13.6805,784.793
5221197,-49.0731,-16.4423,107.407
5221304,-47.7809,-18.3436,284.034
5221403,-49.5448,-16.6402,712.69
5221452,-48.7535,-13.4207,802.905
5221502,-50.1323,-16.5774,482.317
5221551,-50.3128,-17.7546,935.659
5221577,-49.9663,-14.1492,1154.305
5221601,-49.0894,-14.4186,2142.484
5221700,-49.6422,-15.5778,522.904
5221809,-48.1963,-17.4357,623.821
5221858,-47.9885,-16.0847,61.488
5221908,-49.6112,-17.0781,517.402
5222005,-48.4408,-16.8128,954.115
5222054,-49.8727,-17.7236,733.794
5222203,-47.0624,-14.9931,1052.593
5222302,-48.8135,-15.2697,2181.593
5300108,-47.7969,-15.7812,5760.784
