SG_UF,CD_MUNICIPIO,NM_MUNICIPIO,votos_13,votos_22,validos,outros
AC,1007,BUJARI,2130,4505,7263,628
AC,1015,CAPIXABA,1630,3944,6011,437
AC,1023,PORTO ACRE,2490,7062,10259,707
AC,1031,SANTA ROSA DO PURUS,1357,1028,2518,133
AC,1040,MARECHAL THAUMATURGO,3238,4146,8059,675
AC,1058,BRASILÉIA,4171,9143,14138,824
AC,1066,PORTO WALTER,2660,2143,5503,700
AC,1074,CRUZEIRO DO SUL,10770,30977,45201,3454
AC,1082,RODRIGUES ALVES,1839,6551,8866,476
AC,1090,MÂNCIO LIMA,3236,6469,10244,539
AC,1104,JORDÃO,2213,1515,4018,290
AC,1112,EPITACIOLÂNDIA,2592,6494,9666,580
AC,1120,ACRELÂNDIA,1516,5238,7118,364
AC,1139,FEIJÓ,7930,6191,15220,1099
AC,1392,RIO BRANCO,53560,130393,203629,19676
AC,1457,SENA MADUREIRA,5811,14317,21786,1658
AC,1473,TARAUACÁ,8042,9146,18508,1320
AC,1490,XAPURI,3774,5142,9360,444
AC,1511,PLÁCIDO DE CASTRO,2442,6209,9390,739
AC,1538,SENADOR GUIOMARD,3523,9134,13755,1098
AC,1554,MANOEL URBANO,2095,3141,5534,298
AC,1570,ASSIS BRASIL,2003,2694,4871,174
AL,27006,PARIPUEIRA,3984,3924,8518,610
AL,27014,ÁGUA BRANCA,9295,890,10781,596
AL,27022,PARICONHA,5663,495,6510,352
AL,27030,ANADIA,6234,1797,8593,562
AL,27049,ESTRELA DE ALAGOAS,6284,1077,7878,517
AL,27057,ARAPIRACA,59431,48456,116927,9040
AL,27065,JEQUIÁ DA PRAIA,3064,2669,6123,390
AL,27073,ATALAIA,13894,7105,22604,1605
AL,27081,CAMPESTRE,2685,1074,4044,285
AL,27090,BARRA DE SANTO ANTÔNIO,5358,3400,9283,525
AL,27111,BARRA DE SÃO MIGUEL,2739,2769,5905,397
AL,27138,BATALHA,6244,2727,9597,626
AL,27154,BELÉM,2442,790,3488,256
AL,27170,BELO MONTE,3192,1006,4461,263
AL,27197,BOCA DA MATA,7789,4872,13532,871
AL,27219,BRANQUINHA,4230,1471,6123,422
AL,27235,CACIMBINHAS,4189,1310,5955,456
AL,27251,CAJUEIRO,6482,2840,10006,684
AL,27278,CAMPO ALEGRE,11834,5279,18067,954
AL,27294,CAMPO GRANDE,5082,1136,6562,344
AL,27316,CANAPI,7512,1239,9304,553
AL,27332,CAPELA,5477,3392,9481,612
AL,27359,CARNEIROS,3945,726,5041,370
AL,27375,CHÃ PRETA,3193,909,4373,271
AL,27391,COITÉ DO NÓIA,5049,1109,6613,455
AL,27413,COLÔNIA LEOPOLDINA,5517,4190,10290,583
AL,27430,COQUEIRO SECO,2367,1300,3959,292
AL,27456,CORURIPE,13124,13580,28689,1985
AL,27472,DELMIRO GOUVEIA,22645,4486,28603,1472
AL,27499,DOIS RIACHOS,4778,1399,6543,366
AL,27510,FEIRA GRANDE,9890,2657,13409,862
AL,27537,FELIZ DESERTO,1629,709,2444,106
AL,27553,FLEXEIRAS,3001,2685,6099,413
AL,27570,GIRAU DO PONCIANO,15297,3102,19488,1089
AL,27596,IBATEGUARA,4787,2590,7922,545
AL,27618,IGACI,10652,2325,13778,801
AL,27634,IGREJA NOVA,9392,2704,12847,751
AL,27650,INHAPI,7310,1213,9046,523
AL,27677,JACARÉ DOS HOMENS,2829,610,3633,194
AL,27693,JACUÍPE,2904,1107,4237,226
AL,27715,JAPARATINGA,2426,2754,5455,275
AL,27731,JARAMATAIA,2843,702,3759,214
AL,27758,JOAQUIM GOMES,7065,2685,10324,574
AL,27774,JUNDIÁ,1899,1037,3158,222
AL,27790,JUNQUEIRO,9073,4195,14246,978
AL,27812,LAGOA DA CANOA,8047,2722,11435,666
AL,27839,LIMOEIRO DE ANADIA,10502,2946,14158,710
AL,27855,MACEIÓ,195714,240053,484075,48308
AL,27871,MAJOR ISIDORO,7253,3012,10919,654
AL,27898,MARAGOGI,6966,8865,16735,904
AL,27910,MARAVILHA,4282,1005,5647,360
AL,27936,MARECHAL DEODORO,13719,15343,31641,2579
AL,27952,MARIBONDO,4974,2356,7773,443
AL,27979,MAR VERMELHO,1942,659,2806,205
AL,27995,MATA GRANDE,9432,1814,11801,555
AL,28010,MATRIZ DE CAMARAGIBE,5531,6749,13026,746
AL,28037,MESSIAS,5776,3675,10005,554
AL,28053,MINADOR DO NEGRÃO,2486,793,3543,264
AL,28070,MONTEIRÓPOLIS,3008,783,4167,376
AL,28096,MURICI,8770,4630,14390,990
AL,28118,NOVO LINO,3437,3075,6961,449
AL,28134,OLHO D ÁGUA DAS FLORES,7204,3652,11588,732
AL,28150,OLHO D ÁGUA DO CASADO,4522,523,5320,275
AL,28177,OLHO D ÁGUA GRANDE,2689,557,3444,198
AL,28193,OLIVENÇA,5042,1564,7075,469
AL,28215,OURO BRANCO,5283,1252,6959,424
AL,28231,PALESTINA,2442,600,3303,261
AL,28258,PALMEIRA DOS ÍNDIOS,24549,12279,39379,2551
AL,28274,PÃO DE AÇÚCAR,9991,2810,13632,831
AL,28290,PASSO DE CAMARAGIBE,5249,3278,8980,453
AL,28312,PAULO JACINTO,3234,1147,4712,331
AL,28339,PENEDO,18665,9757,30365,1943
AL,28355,PIAÇABUÇU,6621,2830,9994,543
AL,28371,PILAR,10993,7913,20519,1613
AL,28398,PINDOBA,1364,586,2045,95
AL,28410,PIRANHAS,10900,1800,13414,714
AL,28436,POÇO DAS TRINCHEIRAS,6285,880,7683,518
AL,28452,PORTO CALVO,6865,7327,15152,960
AL,28479,PORTO DE PEDRAS,2832,2235,5366,299
AL,28495,PORTO REAL DO COLÉGIO,9354,2237,12234,643
AL,28517,QUEBRANGULO,5252,1672,7323,399
AL,28533,RIO LARGO,24603,20242,48489,3644
AL,28550,ROTEIRO,2381,1380,4040,279
AL,28576,SANTA LUZIA DO NORTE,3033,1544,4861,284
AL,28592,SANTANA DO IPANEMA,17264,5387,24173,1522
AL,28614,SANTANA DO MUNDAÚ,4696,1295,6392,401
AL,28630,SÃO BRÁS,3630,1218,5058,210
AL,28657,SÃO JOSÉ DA LAJE,7207,4277,12263,779
AL,28673,SÃO JOSÉ DA TAPERA,11182,2324,14694,1188
AL,28690,SÃO LUÍS DO QUITUNDE,8611,6839,16318,868
AL,28711,SÃO MIGUEL DOS CAMPOS,15501,13946,31726,2279
AL,28738,SÃO MIGUEL DOS MILAGRES,2718,2407,5457,332
AL,28754,SÃO SEBASTIÃO,13823,3872,18737,1042
AL,28770,SATUBA,4732,4519,10028,777
AL,28797,TANQUE D ARCA,3014,585,3800,201
AL,28819,TAQUARANA,7510,1948,10065,607
AL,28835,TRAIPU,9935,2204,13029,890
AL,28851,UNIÃO DOS PALMARES,19983,11002,33038,2053
AL,28878,VIÇOSA,9441,4648,15043,954
AL,28894,CRAÍBAS,11172,2625,14721,924
AL,28916,SENADOR RUI PALMEIRA,5175,867,6512,470
AL,28932,TEOTÔNIO VILELA,12651,6515,20506,1340
AM,2003,APUÍ,2885,4600,7804,319
AM,2011,NOVO AIRÃO,4505,3677,8709,527
AM,2020,GUAJARÁ,3135,4154,7760,471
AM,2038,ANORI,4574,3066,8089,449
AM,2046,CAREIRO DA VÁRZEA,7716,4226,12805,863
AM,2054,ATALAIA DO NORTE,4724,1051,6063,288
AM,2070,AUTAZES,13625,6885,21477,967
AM,2097,BARCELOS,4675,2299,7388,414
AM,2119,BARREIRINHA,14691,1207,16471,573
AM,2135,BENJAMIN CONSTANT,13665,2372,16657,620
AM,2151,BOCA DO ACRE,7234,7640,15734,860
AM,2178,BORBA,12422,3231,16265,612
AM,2194,CANUTAMA,3835,2657,6828,336
AM,2216,CARAUARI,10185,2690,13768,893
AM,2232,CAREIRO,10450,5472,17050,1128
AM,2259,COARI,20449,12717,35076,1910
AM,2275,CODAJÁS,6895,4334,11670,441
AM,2291,EIRUNEPÉ,10000,3243,14068,825
AM,2313,ENVIRA,5052,1668,7293,573
AM,2330,FONTE BOA,8484,2446,11424,494
AM,2356,HUMAITÁ,12604,9836,23945,1505
AM,2372,SANTA ISABEL DO RIO NEGRO,3824,1253,5388,311
AM,2399,IPIXUNA,4784,2061,7437,592
AM,2410,ITACOATIARA,33435,16981,53963,3547
AM,2437,ITAPIRANGA,3679,2450,6360,231
AM,2453,JAPURÁ,1872,1152,3322,298
AM,2470,JURUÁ,3019,1706,5145,420
AM,2496,JUTAÍ,6454,2080,9225,691
AM,2518,LÁBREA,12010,5785,18813,1018
AM,2534,MANACAPURU,30532,22942,56436,2962
AM,2550,MANAUS,430562,622846,1163097,109689
AM,2577,MANICORÉ,15479,7486,24220,1255
AM,2593,MARAÃ,4184,1535,5972,253
AM,2615,MAUÉS,22284,3705,26857,868
AM,2631,NHAMUNDÁ,9242,1440,11010,328
AM,2658,NOVA OLINDA DO NORTE,10813,2531,14063,719
AM,2674,NOVO ARIPUANÃ,6804,2021,9218,393
AM,2690,PARINTINS,43220,7930,54336,3186
AM,2712,PAUINI,5206,2045,7576,325
AM,2739,SANTO ANTÔNIO DO IÇÁ,8905,3027,12459,527
AM,2755,SÃO PAULO DE OLIVENÇA,11870,2022,14582,690
AM,2771,SILVES,5151,1043,6448,254
AM,2798,TAPAUÁ,4747,4204,9487,536
AM,2810,TEFÉ,20784,10897,33205,1524
AM,2836,SÃO GABRIEL DA CACHOEIRA,16860,3733,21310,717
AM,2852,URUCARÁ,6686,1764,8823,373
AM,2879,URUCURITUBA,7577,1810,9638,251
AM,2895,ALVARÃES,6014,1997,8494,483
AM,2917,AMATURÁ,3857,1148,5282,277
AM,2933,ANAMÃ,3927,2041,6367,399
AM,2950,BERURI,6423,3427,10265,415
AM,2976,BOA VISTA DO RAMOS,8269,985,9566,312
AM,2992,CAAPIRANGA,4577,2125,7036,334
AM,98353,IRANDUBA,16381,11829,30167,1957
AM,98370,ITAMARATI,3609,1124,4956,223
AM,98396,MANAQUIRI,7207,3025,10737,505
AM,98418,PRESIDENTE FIGUEIREDO,9350,7515,18104,1239
AM,98434,RIO PRETO DA EVA,7313,5848,14079,918
AM,98450,SÃO SEBASTIÃO DO UATUMÃ,2834,2323,5512,355
AM,98477,TABATINGA,17437,7795,26853,1621
AM,98493,UARINI,4335,1859,6592,398
AM,98515,TONANTINS,6363,1237,7932,332
AP,6009,PRACUÚBA,1660,1231,3039,148
AP,6017,AMAPÁ,3159,1767,5348,422
AP,6025,PORTO GRANDE,5510,4058,10317,749
AP,6033,CALÇOENE,3556,2117,6128,455
AP,6041,ITAUBAL,3026,2373,5873,474
AP,6050,MACAPÁ,101129,113733,247365,32503
AP,6068,CUTIAS,2316,1475,4084,293
AP,6076,MAZAGÃO,9808,4924,16113,1381
AP,6084,PEDRA BRANCA DO AMAPARI,4050,2967,7433,416
AP,6092,OIAPOQUE,8885,4353,14076,838
AP,6106,SERRA DO NAVIO,1173,1619,2968,176
AP,6114,FERREIRA GOMES,2491,2009,4923,423
AP,6122,VITÓRIA DO JARI,5060,2186,7615,369
AP,6130,LARANJAL DO JARI,12198,7198,20721,1325
AP,6157,SANTANA,28840,32615,68161,6706
AP,6173,TARTARUGALZINHO,4521,2996,7997,480
BA,30007,LUÍS EDUARDO MAGALHÃES,22196,28942,53580,2442
BA,30058,EUNÁPOLIS,31206,25685,60666,3775
BA,30660,IUIU,5186,1137,6507,184
BA,30678,JABORANDI,5184,1471,6890,235
BA,30694,JUSSARI,2119,1082,3343,142
BA,30716,AMÉRICA DOURADA,8144,1362,9855,349
BA,30732,ARATACA,3091,1149,4471,231
BA,30759,BARRO ALTO,6585,1268,8339,486
BA,30775,BARROCAS,8997,1347,10802,458
BA,30791,BURITIRAMA,8737,2019,11339,583
BA,30813,CAPELA DO ALTO ALEGRE,5117,1527,7048,404
BA,30830,CAPIM GROSSO,11588,5393,17960,979
BA,30856,CANUDOS,7993,1434,9756,329
BA,30872,DIAS D ÁVILA,28630,8478,39739,2631
BA,30899,FÁTIMA,9803,1376,11763,584
BA,30910,FILADÉLFIA,8322,2303,11192,567
BA,30937,GAVIÃO,2253,776,3243,214
BA,30953,GUAJERU,4004,498,4681,179
BA,30970,HELIÓPOLIS,7650,914,9134,570
BA,30996,JOÃO DOURADO,9351,4345,14332,636
BA,33014,ABAÍRA,3274,1433,5057,350
BA,33030,ABARÉ,8798,2331,11526,397
BA,33057,ACAJUTIBA,6794,1548,8791,449
BA,33065,ADUSTINA,7373,1332,9207,502
BA,33073,ÁGUA FRIA,7125,1461,9061,475
BA,33090,ÉRICO CARDOSO,4619,1029,5942,294
BA,33111,AIQUARA,2193,634,2969,142
BA,33138,ALAGOINHAS,56247,22020,84641,6374
BA,33154,ALCOBAÇA,8984,3430,12979,565
BA,33170,ALMADINA,2736,615,3485,134
BA,33197,AMARGOSA,13958,6033,20923,932
BA,33219,AMÉLIA RODRIGUES,11548,2458,14904,898
BA,33235,ANAGÉ,10563,2610,14056,883
BA,33251,ANDARAÍ,6190,894,7296,212
BA,33260,ANDORINHA,8676,825,9761,260
BA,33278,ANGICAL,7497,1925,9782,360
BA,33294,ANGUERA,5840,1024,7105,241
BA,33316,ANTAS,5699,1960,8125,466
BA,33332,ANTÔNIO CARDOSO,8080,787,9155,288
BA,33359,ANTÔNIO GONÇALVES,4885,1355,6491,251
BA,33375,APORÁ,7625,1710,9941,606
BA,33383,ARAÇÁS,6089,1217,7652,346
BA,33391,ARACATU,7610,1769,9738,359
BA,33405,APUAREMA,3122,1125,4440,193
BA,33413,ARACI,23385,3682,28471,1404
BA,33430,ARAMARI,5832,839,7037,366
BA,33456,ARATUÍPE,5022,987,6312,303
BA,33472,AURELINO LEAL,5086,1617,7061,358
BA,33499,BAIANÓPOLIS,6815,2072,9297,410
BA,33510,BAIXA GRANDE,7404,2712,10725,609
BA,33529,BANZAÊ,6093,1417,7941,431
BA,33537,BARRA,21605,4079,26749,1065
BA,33553,BARRA DA ESTIVA,11769,3367,15849,713
BA,33570,BARRA DO CHOÇA,16219,3681,21084,1184
BA,33596,BARRA DO MENDES,8342,824,9536,370
BA,33618,BARRA DO ROCHA,1893,856,2953,204
BA,33634,BARREIRAS,47952,30197,82598,4449
BA,33650,BARRO PRETO,3067,959,4305,279
BA,33677,BELMONTE,7605,3057,11169,507
BA,33693,BELO CAMPO,8583,2421,11556,552
BA,33715,BIRITINGA,7882,1017,9283,384
BA,33731,BOA NOVA,7118,1001,8543,424
BA,33758,BOA VISTA DO TUPIM,7431,2390,10323,502
BA,33774,BOM JESUS DA LAPA,27731,7159,36387,1497
BA,33782,BOM JESUS DA SERRA,5451,673,6394,270
BA,33790,BONINAL,5537,1943,7787,307
BA,33804,BONITO,7602,1365,9346,379
BA,33812,BOQUIRA,10579,879,11789,331
BA,33839,BOTUPORÃ,5457,946,6706,303
BA,33855,BREJÕES,5775,1836,7994,383
BA,33871,BREJOLÂNDIA,4217,1442,5984,325
BA,33898,BROTAS DE MACAÚBAS,5239,1338,6936,359
BA,33910,BRUMADO,27831,11262,41055,1962
BA,33936,BUERAREMA,3581,4907,9194,706
BA,33952,CAATIBA,2950,1221,4443,272
BA,33960,CABACEIRAS DO PARAGUAÇU,8433,1240,10145,472
BA,33979,CACHOEIRA,15921,2713,19530,896
BA,33995,CACULÉ,9571,3307,13709,831
BA,34010,CAEM,4810,823,5899,266
BA,34029,CAETANOS,6535,719,7489,235
BA,34037,CAETITÉ,25307,5835,32756,1614
BA,34053,CAFARNAUM,7945,2392,10844,507
BA,34070,CAIRU,6846,3211,10612,555
BA,34096,CALDEIRÃO GRANDE,5986,1164,7526,376
BA,34118,CAMACÃ,7618,4708,13153,827
BA,34134,CAMAÇARI,96759,41549,149384,11076
BA,34150,CAMAMU,11173,5185,17484,1126
BA,34177,CAMPO ALEGRE DE LOURDES,14265,2430,17262,567
BA,34193,CAMPO FORMOSO,30654,10017,43098,2427
BA,34215,CANÁPOLIS,5233,1115,6548,200
BA,34231,CANARANA,11925,2569,15219,725
BA,34258,CANAVIEIRAS,10936,5265,17291,1090
BA,34274,CANDEAL,4651,1165,6052,236
BA,34290,CANDEIAS,40234,7471,50238,2533
BA,34312,CANDIBA,6436,1654,8429,339
BA,34339,CÂNDIDO SALES,10433,3599,14775,743
BA,34355,CANSANÇÃO,18667,2660,22094,767
BA,34363,CARAÍBAS,4701,1173,6304,430
BA,34371,CARAVELAS,7646,3387,11556,523
BA,34398,CARDEAL DA SILVA,4743,500,5421,178
BA,34410,CARINHANHA,11160,4943,16902,799
BA,34436,CASA NOVA,34612,8205,44250,1433
BA,34452,CASTRO ALVES,13961,2701,17302,640
BA,34479,CATOLÂNDIA,2448,559,3119,112
BA,34495,CATU,23703,5531,31182,1948
BA,34509,CATURAMA,4477,635,5353,241
BA,34517,CENTRAL,8101,1712,10293,480
BA,34533,CHORROCHÓ,5651,854,6750,245
BA,34550,CÍCERO DANTAS,14472,3889,19280,919
BA,34576,CIPÓ,6813,2849,10173,511
BA,34592,COARACI,7483,3373,11450,594
BA,34614,COCOS,7878,3332,11622,412
BA,34630,CONCEIÇÃO DA FEIRA,10569,2329,13574,676
BA,34657,CONCEIÇÃO DO ALMEIDA,9457,1683,11541,401
BA,34673,CONCEIÇÃO DO COITÉ,26448,13460,41975,2067
BA,34690,CONCEIÇÃO DO JACUÍPE,14526,4685,20551,1340
BA,34711,CONDE,10418,2475,13566,673
BA,34738,CONDEÚBA,7264,2659,10634,711
BA,34754,CONTENDAS DO SINCORÁ,2475,647,3293,171
BA,34770,CORAÇÃO DE MARIA,13554,2505,16780,721
BA,34797,CORDEIROS,3144,1422,4904,338
BA,34819,CORIBE,6845,2015,9198,338
BA,34835,CORONEL JOÃO SÁ,8511,1783,10789,495
BA,34851,CORRENTINA,14605,4278,19772,889
BA,34878,COTEGIPE,7011,1499,8765,255
BA,34894,CRAVOLÂNDIA,2376,422,2917,119
BA,34916,CRISÓPOLIS,9712,1447,11631,472
BA,34932,CRISTÓPOLIS,6615,2066,9146,465
BA,34959,CRUZ DAS ALMAS,25821,10527,38429,2081
BA,34975,CURAÇÁ,15857,3457,20116,802
BA,34991,DÁRIO MEIRA,4307,1099,5702,296
BA,35017,DOM BASÍLIO,7163,964,8397,270
BA,35033,DOM MACEDO COSTA,2505,823,3503,175
BA,35050,ELÍSIO MEDRADO,4017,1276,5525,232
BA,35076,ENCRUZILHADA,7979,2507,11052,566
BA,35092,ENTRE RIOS,17300,4011,22445,1134
BA,35114,ESPLANADA,15155,3561,19584,868
BA,35130,EUCLIDES DA CUNHA,27893,5200,34631,1538
BA,35149,FEIRA DA MATA,2518,1347,4006,141
BA,35157,FEIRA DE SANTANA,211813,107271,343287,24203
BA,35173,FIRMINO ALVES,2440,1025,3613,148
BA,35190,FLORESTA AZUL,4280,1211,5768,277
BA,35211,FORMOSA DO RIO PRETO,10304,3774,14737,659
BA,35238,GANDU,10590,5887,17394,917
BA,35254,GENTIO DO OURO,6387,996,7631,248
BA,35270,GLÓRIA,8601,1004,9895,290
BA,35297,GONGOGI,2733,730,3628,165
BA,35319,GOVERNADOR MANGABEIRA,10550,2083,13508,875
BA,35335,GUANAMBI,33200,15837,51530,2493
BA,35351,GUARATINGA,7396,2958,10856,502
BA,35378,IAÇU,11194,2362,14100,544
BA,35394,IBIASSUCÊ,4397,1713,6516,406
BA,35416,IBICARAÍ,8693,4322,13805,790
BA,35432,IBICOARA,7834,3255,11614,525
BA,35459,IBICUÍ,6091,2126,8631,414
BA,35475,IBIPEBA,8933,1374,10618,311
BA,35491,SANTA RITA DE CÁSSIA,12689,3102,16515,724
BA,35513,IBIPITANGA,6784,2025,9182,373
BA,35530,IBIQUERA,2371,352,2877,154
BA,35556,IBIRAPITANGA,7057,2314,9916,545
BA,35572,IBIRAPUÃ,2937,2494,5618,187
BA,35599,IBIRATAIA,6742,3370,10816,704
BA,35610,IBITIARA,6617,1620,8632,395
BA,35637,IBITITÁ,9885,1828,12185,472
BA,35653,IBOTIRAMA,11020,4324,15915,571
BA,35670,ICHU,3632,875,4710,203
BA,35696,IGAPORÃ,8175,1038,9559,346
BA,35700,IGRAPIÚNA,4713,1274,6413,426
BA,35718,IGUAÍ,8560,3794,12889,535
BA,35734,ILHÉUS,57891,34109,100054,8054
BA,35750,INHAMBUPE,15361,3554,19974,1059
BA,35777,IPECAETÁ,8782,1617,10872,473
BA,35793,IPIAÚ,15249,7099,23526,1178
BA,35815,IPIRÁ,26950,5830,34555,1775
BA,35831,IPUPIARA,4593,1632,6510,285
BA,35858,IRAJUBA,3031,741,3902,130
BA,35874,IRAMAIA,4955,1138,6329,236
BA,35890,IRAQUARA,12688,1287,14363,388
BA,35912,IRARÁ,14300,3120,18521,1101
BA,35939,IRECÊ,27119,9898,38925,1908
BA,35947,ITABELA,9622,5592,15874,660
BA,35955,ITABERABA,26701,8447,37235,2087
BA,35971,ITABUNA,56676,46949,113290,9665
BA,35998,ITACARÉ,9733,3239,13447,475
BA,36013,ITAETÉ,5509,2032,7777,236
BA,36030,ITAGI,4861,1927,7146,358
BA,36056,ITAGIBÁ,5867,2504,8769,398
BA,36072,ITAGIMIRIM,2838,1172,4263,253
BA,36080,ITAGUAÇU DA BAHIA,6766,1072,8069,231
BA,36099,ITAJU DO COLÔNIA,2269,1489,3929,171
BA,36110,ITAJUÍPE,8235,3499,12358,624
BA,36137,ITAMARAJU,16691,15716,34019,1612
BA,36153,ITAMARI,3080,1233,4539,226
BA,36170,ITAMBÉ,9489,3594,13819,736
BA,36196,ITANAGRA,3575,698,4458,185
BA,36218,ITANHÉM,6718,3507,10797,572
BA,36234,ITAPARICA,11033,2443,14104,628
BA,36250,ITAPÉ,4021,1935,6279,323
BA,36277,ITAPEBI,4103,1265,5607,239
BA,36293,ITAPETINGA,19052,15715,36893,2126
BA,36315,ITAPICURU,13715,2266,16770,789
BA,36331,ITAPITANGA,3198,1084,4493,211
BA,36358,ITAQUARA,3447,1004,4646,195
BA,36374,ITARANTIM,6164,3658,10241,419
BA,36382,ITATIM,6727,2359,9570,484
BA,36390,ITIRUÇU,4863,1582,6770,325
BA,36412,ITIÚBA,14896,4921,20766,949
BA,36439,ITORORÓ,7555,3782,11965,628
BA,36455,ITUAÇU,8148,2949,11732,635
BA,36471,ITUBERÁ,7740,4318,12826,768
BA,36498,JACARACI,6682,1371,8430,377
BA,36510,JACOBINA,32313,10729,45400,2358
BA,36536,JAGUAQUARA,17054,7142,25222,1026
BA,36552,JAGUARARI,12274,3380,16738,1084
BA,36579,JAGUARIPE,8935,1786,11265,544
BA,36595,JANDAÍRA,5061,902,6218,255
BA,36617,JEQUIÉ,55276,27874,88962,5812
BA,36633,JEREMOABO,17545,3240,21649,864
BA,36650,JIQUIRIÇÁ,6306,1525,8240,409
BA,36676,JITAÚNA,6397,2108,8925,420
BA,36692,JUAZEIRO,82560,37379,126502,6563
BA,36706,JUCURUÇU,4189,1583,6136,364
BA,36714,JUSSARA,8970,806,10084,308
BA,36730,JUSSIAPE,3764,974,5006,268
BA,36757,LAFAIETE COUTINHO,2497,512,3144,135
BA,36765,LAGOA REAL,6563,974,7924,387
BA,36773,LAJE,10847,3501,14925,577
BA,36790,LAJEDÃO,1890,1179,3186,117
BA,36811,LAJEDINHO,2110,411,2620,99
BA,36820,LAJEDO DO TABOCAL,3716,765,4668,187
BA,36838,LAMARÃO,5014,529,5717,174
BA,36854,LAURO DE FREITAS,74506,34005,117493,8982
BA,36870,LENÇÓIS,4989,815,5971,167
BA,36897,LICÍNIO DE ALMEIDA,5394,1698,7373,281
BA,36919,LIVRAMENTO DE NOSSA SENHORA,20337,5427,26880,1116
BA,36935,MACAJUBA,5138,1375,6853,340
BA,36951,MACARANI,5424,3222,9106,460
BA,36978,MACAÚBAS,18848,4233,24208,1127
BA,36994,MACURURÉ,4209,603,5059,247
BA,37010,MAIQUINIQUE,3295,1929,5431,207
BA,37036,MAIRI,7524,1945,9976,507
BA,37052,MALHADA,7190,2601,10131,340
BA,37079,MALHADA DE PEDRAS,4332,1422,5989,235
BA,37095,MANOEL VITORINO,7707,1392,9526,427
BA,37117,MARACÁS,11856,2878,15504,770
BA,37133,MARAGOGIPE,21245,4210,26699,1244
BA,37150,MARAÚ,7976,2029,10553,548
BA,37176,MARCIONÍLIO SOUZA,4252,956,5385,177
BA,37192,MASCOTE,4796,1558,6644,290
BA,37214,MATA DE SÃO JOÃO,23148,5855,30560,1557
BA,37222,MATINA,6273,673,7171,225
BA,37230,MEDEIROS NETO,8215,5164,13845,466
BA,37257,MIGUEL CALMON,10530,3942,15191,719
BA,37273,MILAGRES,5078,1517,6838,243
BA,37290,MIRANGABA,7212,1690,9277,375
BA,37303,MIRANTE,4593,985,5827,249
BA,37311,MONTE SANTO,26669,3250,30988,1069
BA,37338,MORPARÁ,4139,1343,5662,180
BA,37354,MORRO DO CHAPÉU,14845,3608,19492,1039
BA,37370,MORTUGABA,4080,2184,6702,438
BA,37397,MUCUGÊ,5054,1981,7381,346
BA,37419,MUCURI,11160,8197,20369,1012
BA,37427,MULUNGU DO MORRO,7141,739,8243,363
BA,37435,MUNDO NOVO,8409,1845,10798,544
BA,37451,MUNIZ FERREIRA,4795,1125,6202,282
BA,37460,MUQUÉM DO SÃO FRANCISCO,5581,1415,7219,223
BA,37478,MURITIBA,13585,2452,16959,922
BA,37494,MUTUÍPE,9398,2933,13120,789
BA,37516,NAZARÉ,12977,3307,17107,823
BA,37532,NILO PEÇANHA,5160,1491,7054,403
BA,37559,NOVA CANAÃ,6842,1598,8819,379
BA,37567,NOVA FÁTIMA,4316,1182,5812,314
BA,37575,NOVA ITARANA,3576,976,4751,199
BA,37583,NOVA REDENÇÃO,4042,508,4705,155
BA,37591,NOVA SOURE,12760,1707,15129,662
BA,37613,NOVA VIÇOSA,11496,9678,22254,1080
BA,37621,NOVO TRIUNFO,4727,885,5954,342
BA,37630,OLINDINA,11800,1907,14249,542
BA,37656,OLIVEIRA DOS BREJINHOS,10094,1918,12455,443
BA,37672,OURIÇANGAS,4275,556,5120,289
BA,37680,OUROLÂNDIA,6429,3688,10465,348
BA,37699,PALMAS DE MONTE ALTO,11048,1715,13153,390
BA,37710,PALMEIRAS,5087,721,5980,172
BA,37737,PARAMIRIM,9886,2092,12614,636
BA,37753,PARATINGA,14863,2488,17898,547
BA,37770,PARIPIRANGA,13791,2864,17471,816
BA,37796,PAU BRASIL,3219,2130,5623,274
BA,37818,PAULO AFONSO,48382,11516,62575,2677
BA,37834,PEDRÃO,4272,453,4962,237
BA,37850,PEDRO ALEXANDRE,6044,885,7377,448
BA,37877,PIATÃ,8539,2466,12026,1021
BA,37893,PILÃO ARCADO,17063,2785,20647,799
BA,37915,PINDAÍ,7764,1657,9909,488
BA,37931,PINDOBAÇU,8299,3235,12035,501
BA,37940,PIRAÍ DO NORTE,3760,1153,5197,284
BA,37958,PIRIPÁ,4667,1130,6177,380
BA,37974,PIRITIBA,7816,2267,10602,519
BA,37990,PLANALTINO,4038,804,5061,219
BA,38016,PLANALTO,10085,3671,14739,983
BA,38032,POÇÕES,19938,5748,27156,1470
BA,38059,POJUCA,15608,3960,20750,1182
BA,38067,PONTO NOVO,7707,1775,10023,541
BA,38075,PORTO SEGURO,42783,30988,78002,4231
BA,38091,POTIRAGUÁ,3628,1902,5769,239
BA,38113,PRADO,9505,6936,17056,615
BA,38130,PRESIDENTE DUTRA,8203,981,9445,261
BA,38156,PRESIDENTE JÂNIO QUADROS,5966,1107,7392,319
BA,38164,PRESIDENTE TANCREDO NEVES,10984,4073,16041,984
BA,38172,QUEIMADAS,10972,3346,15056,738
BA,38199,QUIJINGUE,12759,2312,15947,876
BA,38210,REMANSO,19164,3628,23721,929
BA,38237,RETIROLÂNDIA,7564,1669,9713,480
BA,38253,RIACHÃO DAS NEVES,10976,2878,14228,374
BA,38270,RIACHÃO DO JACUÍPE,17622,3160,21957,1175
BA,38296,RIACHO DE SANTANA,14802,2211,17662,649
BA,38318,RIBEIRA DO AMPARO,7075,1250,8797,472
BA,38334,RIBEIRA DO POMBAL,24152,6613,32413,1648
BA,38342,RIBEIRÃO DO LARGO,4371,1280,5913,262
BA,38350,RIO DE CONTAS,6786,1885,9129,458
BA,38377,RIO DO ANTÔNIO,6416,1322,8087,349
BA,38393,RIO DO PIRES,4915,1126,6293,252
BA,38415,RIO REAL,14650,4857,21048,1541
BA,38431,RODELAS,4823,893,5903,187
BA,38458,RUY BARBOSA,12842,3580,17111,689
BA,38474,SALINAS DA MARGARIDA,8823,1477,10747,447
BA,38490,SALVADOR,1022728,367452,1526709,136529
BA,38512,SANTA BÁRBARA,11958,2542,15184,684
BA,38539,SANTA BRÍGIDA,7219,1050,8613,344
BA,38555,SANTA CRUZ CABRÁLIA,9605,5392,15733,736
BA,38571,SANTA CRUZ DA VITÓRIA,2005,1011,3234,218
BA,38598,SANTA INÊS,4772,770,5754,212
BA,38610,SANTALUZ,17348,5101,23721,1272
BA,38636,SANTA MARIA DA VITÓRIA,16489,5498,23017,1030
BA,38652,SANTANA,11374,3723,15614,517
BA,38679,SANTANÓPOLIS,5558,974,6831,299
BA,38695,SANTA TEREZINHA,5242,1108,6633,283
BA,38717,SANTO AMARO,30223,4727,37085,2135
BA,38733,SANTO ANTÔNIO DE JESUS,38286,16632,58131,3213
BA,38750,SANTO ESTEVÃO,24204,4147,29517,1166
BA,38776,SÃO DESIDÉRIO,13454,5373,19560,733
BA,38792,SÃO FÉLIX,6545,1066,8074,463
BA,38806,SÃO DOMINGOS,4522,1356,6290,412
BA,38814,SÃO FELIPE,10025,2647,13374,702
BA,38822,SÃO FÉLIX DO CORIBE,6077,3102,9633,454
BA,38830,SÃO FRANCISCO DO CONDE,20955,3343,25656,1358
BA,38857,SÃO GONÇALO DOS CAMPOS,18343,3665,23187,1179
BA,38865,SÃO JOSÉ DO JACUÍPE,4611,1168,6126,347
BA,38873,SÃO MIGUEL DAS MATAS,5649,1444,7382,289
BA,38890,SÃO SEBASTIÃO DO PASSÉ,22275,3069,26615,1271
BA,38911,SAPEAÇU,9300,2120,12096,676
BA,38938,SÁTIRO DIAS,7526,1671,9788,591
BA,38946,SAUBARA,7339,1689,9502,474
BA,38954,SAÚDE,4932,1252,6504,320
BA,38970,SEABRA,22505,3397,26839,937
BA,38997,SEBASTIÃO LARANJEIRAS,3931,1167,5309,211
BA,39012,SENHOR DO BONFIM,25238,11990,39573,2345
BA,39039,SENTO SÉ,16270,5064,22189,855
BA,39047,SERRA DO RAMALHO,14191,3809,18732,732
BA,39055,SERRA DOURADA,6970,3432,10802,400
BA,39071,SERRA PRETA,10663,1770,12937,504
BA,39098,SERRINHA,35341,10496,48318,2481
BA,39110,SERROLÂNDIA,5486,1938,7819,395
BA,39136,SIMÕES FILHO,46408,15715,66750,4627
BA,39144,SÍTIO DO MATO,6112,1663,8085,310
BA,39152,SOUTO SOARES,9615,895,10896,386
BA,39179,TABOCAS DO BREJO VELHO,6137,1272,7744,335
BA,39195,TANHAÇU,10333,2816,13796,647
BA,39217,TANQUINHO,4621,1087,5920,212
BA,39233,TAPEROÁ,7785,2086,10374,503
BA,39250,TAPIRAMUTÁ,6230,1155,7695,310
BA,39276,TEODORO SAMPAIO,4580,463,5285,242
BA,39292,TEOFILÂNDIA,10962,1521,13001,518
BA,39314,TEOLÂNDIA,6489,1669,8518,360
BA,39330,TERRA NOVA,6246,1089,7775,440
BA,39357,TREMEDAL,8156,1919,10641,566
BA,39373,TUCANO,23420,5309,30103,1374
BA,39390,UAUÁ,13638,1999,16399,762
BA,39411,UBAÍRA,8187,2948,11701,566
BA,39438,UBAITABA,6278,3310,10213,625
BA,39454,UBATÃ,5618,2674,8825,533
BA,39470,UIBAÍ,7339,1644,9349,366
BA,39489,UMBURANAS,5932,2182,8478,364
BA,39497,UNA,6485,3911,11225,829
BA,39519,URANDI,7707,1749,9742,286
BA,39535,URUÇUCA,7916,4617,13175,642
BA,39551,UTINGA,7225,1705,9341,411
BA,39578,VALENÇA,31207,13552,47726,2967
BA,39594,VALENTE,9990,4440,15498,1068
BA,39616,VÁRZEA DO POÇO,3717,1152,5155,286
BA,39624,VARZEDO,5045,1554,6952,353
BA,39632,VERA CRUZ,19474,4946,25764,1344
BA,39640,VEREDA,3198,1353,4776,225
BA,39659,VITÓRIA DA CONQUISTA,111892,73828,201970,16250
BA,39675,WAGNER,3884,969,5062,209
BA,39691,WENCESLAU GUIMARÃES,8412,2981,12100,707
BA,39713,XIQUE-XIQUE,19828,4677,25741,1236
BA,39730,LAPÃO,13753,3301,17630,576
BA,39748,MADRE DE DEUS,9982,2151,12747,614
BA,39756,MAETINGA,3395,786,4481,300
BA,39772,MANSIDÃO,5517,1021,6878,340
BA,39799,NORDESTINA,5932,1177,7381,272
BA,39810,PÉ DE SERRA,5988,2413,9067,666
BA,39837,PINTADAS,3893,1929,6164,342
BA,39845,QUIXABEIRA,3968,2056,6360,336
BA,39853,RAFAEL JAMBEIRO,9704,2680,12962,578
BA,39870,SANTA LUZIA,4055,1708,6088,325
BA,39896,SÃO GABRIEL,10943,1372,12718,403
BA,39900,SÍTIO DO QUINTO,5885,1075,7304,344
BA,39918,TANQUE NOVO,8987,1506,10901,408
BA,39926,SÃO JOSÉ DA VITÓRIA,2139,1266,3630,225
BA,39934,TEIXEIRA DE FREITAS,38327,35936,78522,4259
BA,39942,NOVO HORIZONTE,5514,1328,7226,384
BA,39950,VÁRZEA NOVA,5571,1613,7617,433
BA,39969,NOVA IBIÁ,2504,1195,3888,189
BA,39977,VÁRZEA DA ROÇA,5830,1477,7702,395
BA,39985,SOBRADINHO,11323,3075,15055,657
BA,39993,WANDERLEY,5814,2201,8232,217
CE,13005,JIJOCA DE JERICOACOARA,9297,4007,14370,1066
CE,13013,ABAIARA,4870,594,5693,229
CE,13021,MADALENA,8908,1583,11119,628
CE,13030,ACARAÚ,24551,8288,35348,2509
CE,13048,PIRES FERREIRA,4928,1026,6601,647
CE,13056,ACOPIARA,23642,3950,29766,2174
CE,13064,GRAÇA,7693,895,9151,563
CE,13072,AIUABA,7010,824,8348,514
CE,13080,TURURU,8595,2466,11725,664
CE,13099,ALCÂNTARAS,5755,803,7352,794
CE,13102,QUITERIANÓPOLIS,10199,1740,12719,780
CE,13110,ALTANEIRA,4283,350,4991,358
CE,13129,BARREIRA,8771,4945,14638,922
CE,13137,ALTO SANTO,7772,1502,9716,442
CE,13145,ACARAPE,5996,3125,9644,523
CE,13153,ANTONINA DO NORTE,4157,534,5053,362
CE,13161,CHOROZINHO,9953,3079,13982,950
CE,13170,APUIARÉS,7592,1733,10001,676
CE,13188,HORIZONTE,28683,14302,46737,3752
CE,13196,AQUIRAZ,31902,15296,50941,3743
CE,13200,ERERÉ,3494,515,4244,235
CE,13218,ARACATI,30215,11451,45027,3361
CE,13226,EUSÉBIO,21790,15728,41064,3546
CE,13234,ARACOIABA,14809,4122,20059,1128
CE,13242,GUAIÚBA,11888,3408,16254,958
CE,13250,ARARIPE,11229,866,12778,683
CE,13269,POTIRETAMA,4029,619,4785,137
CE,13277,ARATUBA,7041,1660,9364,663
CE,13285,PINDORETAMA,10761,3693,15290,836
CE,13293,ARNEIROZ,4093,797,5254,364
CE,13307,OCARA,14025,4226,19512,1261
CE,13315,ASSARÉ,11787,1527,14178,864
CE,13323,TEJUÇUOCA,9288,2066,12174,820
CE,13331,AURORA,12040,1920,14989,1029
CE,13340,IPAPORANGA,5991,1214,7546,341
CE,13358,BAIXIO,3512,479,4269,278
CE,13366,TARRAFAS,4652,527,5477,298
CE,13374,BARBALHA,28304,7861,38765,2600
CE,13382,BANABUIÚ,9706,1781,12095,608
CE,13390,BARRO,10402,1242,12359,715
CE,13404,BARROQUINHA,8307,1652,10884,925
CE,13412,BATURITÉ,16053,4369,21652,1230
CE,13420,ARARENDÁ,5441,1349,7179,389
CE,13439,BEBERIBE,23925,8870,35472,2677
CE,13447,CATUNDA,5611,774,6837,452
CE,13455,BELA CRUZ,10385,3834,15706,1487
CE,13463,CHORÓ,7288,1326,9037,423
CE,13471,BOA VIAGEM,26608,3478,31983,1897
CE,13480,ITAITINGA,15703,7531,24943,1709
CE,13498,BREJO SANTO,22469,4438,28353,1446
CE,13501,FORTIM,8141,3380,12303,782
CE,13510,CAMOCIM,24217,8532,37325,4576
CE,13536,CAMPOS SALES,12689,1732,15134,713
CE,13552,CANINDÉ,34884,7942,45349,2523
CE,13579,CAPISTRANO,9864,2088,12705,753
CE,13595,CARIDADE,10777,2180,13643,686
CE,13617,CARIRÉ,8182,2393,11473,898
CE,13633,CARIRIAÇU,14877,2677,18836,1282
CE,13650,CARIÚS,9694,1668,11913,551
CE,13676,CARNAUBAL,6933,2377,10151,841
CE,13692,CASCAVEL,29681,12728,46003,3594
CE,13714,CATARINA,5308,912,6578,358
CE,13730,CAUCAIA,114030,63209,194801,17562
CE,13757,CEDRO,12164,2202,15605,1239
CE,13773,CHAVAL,6493,1147,8138,498
CE,13811,COREAÚ,10985,2643,15007,1379
CE,13838,CRATEÚS,33294,8408,44677,2975
CE,13854,CRATO,63197,10330,77943,4416
CE,13870,FARIAS BRITO,11245,1307,13302,750
CE,13897,FORTALEZA,802009,530162,1507639,175468
CE,13919,FRECHEIRINHA,7098,2135,10091,858
CE,13935,GENERAL SAMPAIO,4645,955,5929,329
CE,13951,GRANJA,27017,3711,32707,1979
CE,13978,GRANJEIRO,3705,454,4362,203
CE,13994,GROAÍRAS,4506,1793,7086,787
CE,14010,GUARACIABA DO NORTE,17541,4918,24471,2012
CE,14036,GUARAMIRANGA,3579,875,4776,322
CE,14052,HIDROLÂNDIA,8753,2122,11913,1038
CE,14060,IBARETAMA,7809,1615,10071,647
CE,14079,IBIAPINA,9813,2876,14290,1601
CE,14095,ICÓ,28700,6339,37406,2367
CE,14117,IGUATU,44168,8808,55913,2937
CE,14133,INDEPENDÊNCIA,11777,3433,16143,933
CE,14150,IPAUMIRIM,5875,957,7255,423
CE,14176,IPU,19207,4138,24907,1562
CE,14192,IPUEIRAS,16852,3955,22519,1712
CE,14214,IRACEMA,7258,1334,8995,403
CE,14230,IRAUÇUBA,11897,2320,15208,991
CE,14257,ITAIÇABA,3852,1377,5719,490
CE,14273,ITAPAJÉ,19627,9549,31238,2062
CE,14290,ITAPIPOCA,57530,14531,77737,5676
CE,14311,ITAPIÚNA,9107,2487,12499,905
CE,14338,ITATIRA,11115,2019,13739,605
CE,14354,JAGUARETAMA,9622,1625,11960,713
CE,14370,JAGUARIBARA,5341,1170,6818,307
CE,14397,JAGUARIBE,17139,3605,22008,1264
CE,14419,JAGUARUANA,14582,5735,21902,1585
CE,14435,JARDIM,12943,1836,15849,1070
CE,14451,JATI,4221,651,5177,305
CE,14478,JUAZEIRO DO NORTE,109039,29937,150334,11358
CE,14494,JUCÁS,10979,2416,14533,1138
CE,14516,LAVRAS DA MANGABEIRA,13969,2264,17653,1420
CE,14532,LIMOEIRO DO NORTE,27138,7555,37372,2679
CE,14559,MARANGUAPE,41819,19594,65908,4495
CE,14575,MARCO,8924,7198,17405,1283
CE,14591,MARTINÓPOLE,6698,1062,8248,488
CE,14613,MASSAPÊ,16849,5112,24381,2420
CE,14630,MAURITI,20297,4792,26756,1667
CE,14656,MERUOCA,7237,1447,10014,1330
CE,14672,MILAGRES,14369,1622,16917,926
CE,14680,MIRAÍMA,7647,1149,9349,553
CE,14699,MISSÃO VELHA,18688,3188,23093,1217
CE,14710,MOMBAÇA,18823,3770,23843,1250
CE,14737,MONSENHOR TABOSA,8699,1666,10985,620
CE,14753,MORADA NOVA,30684,9551,43891,3656
CE,14770,MORAÚJO,4511,1075,6034,448
CE,14796,MORRINHOS,7110,5872,13800,818
CE,14818,MUCAMBO,6824,1476,9148,848
CE,14834,MULUNGU,5192,1435,6986,359
CE,14850,NOVA OLINDA,7725,1428,9671,518
CE,14877,NOVA RUSSAS,12565,4407,18224,1252
CE,14893,NOVO ORIENTE,13621,2391,16943,931
CE,14915,ORÓS,10357,2379,13411,675
CE,14931,PACAJUS,25491,13144,42419,3784
CE,14958,PACATUBA,26037,13697,43119,3385
CE,14974,PACOTI,6134,1429,8167,604
CE,14990,PACUJÁ,3788,441,4701,472
CE,15016,PALHANO,4704,1924,7373,745
CE,15032,PALMÁCIA,5469,1508,7418,441
CE,15059,PARACURU,16787,6575,25081,1719
CE,15075,PARAMBU,13672,4622,19559,1265
CE,15091,PARAMOTI,6159,1404,8029,466
CE,15113,PEDRA BRANCA,21436,2586,25159,1137
CE,15130,PENAFORTE,5128,891,6447,428
CE,15156,PENTECOSTE,19117,5392,25825,1316
CE,15172,PEREIRO,8851,1388,10886,647
CE,15199,PIQUET CARNEIRO,7778,1251,9412,383
CE,15210,PORANGA,6094,853,7292,345
CE,15237,PORTEIRAS,8897,1149,10615,569
CE,15253,POTENGI,5108,443,5859,308
CE,15270,QUIXADÁ,29780,14601,47279,2898
CE,15296,QUIXERAMOBIM,35247,7634,46348,3467
CE,15318,QUIXERÉ,10463,2874,14271,934
CE,15334,REDENÇÃO,12827,4299,18430,1304
CE,15350,RERIUTABA,9278,1697,12139,1164
CE,15377,RUSSAS,31463,11174,46168,3531
CE,15393,SABOEIRO,7398,1329,9126,399
CE,15415,SANTANA DO ACARAÚ,15479,3410,20309,1420
CE,15431,SANTANA DO CARIRI,9209,893,10578,476
CE,15440,SALITRE,8462,1388,10719,869
CE,15458,SANTA QUITÉRIA,20291,3634,26448,2523
CE,15474,SÃO BENEDITO,19345,5618,27210,2247
CE,15490,SÃO GONÇALO DO AMARANTE,23181,11387,37428,2860
CE,15512,SÃO JOÃO DO JAGUARIBE,3730,637,4755,388
CE,15539,SÃO LUÍS DO CURU,6449,2006,8977,522
CE,15555,SENADOR POMPEU,11280,3533,16194,1381
CE,15571,SENADOR SÁ,3852,1036,5334,446
CE,15598,SOBRAL,66697,29665,120268,23906
CE,15610,SOLONÓPOLE,9230,1484,11304,590
CE,15636,TABULEIRO DO NORTE,15075,3278,19485,1132
CE,15652,TAMBORIL,12596,2558,16440,1286
CE,15679,TAUÁ,22509,8776,34830,3545
CE,15695,TIANGUÁ,27322,13548,44561,3691
CE,15717,TRAIRI,25816,8105,36625,2704
CE,15733,UBAJARA,12615,5030,19809,2164
CE,15750,UMARI,3521,872,4796,403
CE,15776,URUBURETAMA,10153,3243,14258,862
CE,15792,URUOCA,6707,1563,8719,449
CE,15814,VÁRZEA ALEGRE,19451,3524,24316,1341
CE,15830,VIÇOSA DO CEARÁ,26115,6512,35277,2650
CE,15857,MARACANAÚ,82217,48379,142981,12385
CE,15873,AMONTADA,19707,5010,26278,1561
CE,15881,CROATÁ,8365,1467,10705,873
CE,15890,CRUZ,10695,4906,16796,1195
CE,15911,FORQUILHA,9181,3653,15169,2335
CE,15920,IBICUITINGA,7232,2050,9749,467
CE,15938,ICAPUÍ,9430,3605,13800,765
CE,15954,ITAREMA,15197,7345,24403,1861
CE,15970,MILHÃ,7223,1102,8813,488
CE,15989,DEPUTADO IRAPUAN PINHEIRO,4840,552,5800,408
CE,15997,PARAIPABA,12787,6860,21124,1477
CE,98531,QUIXELÔ,9805,1463,11913,645
CE,98558,UMIRIM,9009,2348,12065,708
CE,98574,VARJOTA,7366,2591,12370,2413
DF,97012,BRASÍLIA,649534,910397,1762575,202644
ES,56006,SÃO DOMINGOS DO NORTE,2996,2727,6013,290
ES,56014,AFONSO CLÁUDIO,6524,9828,17749,1397
ES,56022,ÁGUA DOCE DO NORTE,3918,3318,7614,378
ES,56030,ALEGRE,8037,8476,17675,1162
ES,56049,IRUPI,2329,5298,8066,439
ES,56057,ALFREDO CHAVES,2774,5819,9235,642
ES,56065,ALTO RIO NOVO,2371,1754,4411,286
ES,56073,ANCHIETA,7314,9614,18081,1153
ES,56081,VILA PAVÃO,3055,2524,5944,365
ES,56090,APIACÁ,2208,2145,4614,261
ES,56103,MARECHAL FLORIANO,3598,5987,10423,838
ES,56111,ARACRUZ,22094,28032,53436,3310
ES,56120,MARATAÍZES,7355,15079,23635,1201
ES,56138,ATÍLIO VIVÁCQUA,3182,3488,7010,340
ES,56146,BREJETUBA,3013,3689,7174,472
ES,56154,BAIXO GUANDU,7611,9209,17804,984
ES,56162,SÃO ROQUE DO CANAÃ,2972,3952,7412,488
ES,56170,BARRA DE SÃO FRANCISCO,10525,11919,23587,1143
ES,56189,SOORETAMA,7203,6417,14360,740
ES,56197,BOA ESPERANÇA,4270,3497,8214,447
ES,56200,PONTO BELO,2901,1516,4644,227
ES,56219,BOM JESUS DO NORTE,2681,2758,5815,376
ES,56227,VILA VALÉRIO,5276,4019,9701,406
ES,56235,CACHOEIRO DE ITAPEMIRIM,31960,69008,108189,7221
ES,56251,CARIACICA,88152,104677,208749,15920
ES,56278,CASTELO,5580,15126,22276,1570
ES,56294,COLATINA,24057,39373,69052,5622
ES,56308,GOVERNADOR LINDENBERG,3254,2837,6517,426
ES,56316,CONCEIÇÃO DA BARRA,9740,5250,15811,821
ES,56332,CONCEIÇÃO DO CASTELO,2000,4605,7170,565
ES,56359,DIVINO DE SÃO LOURENÇO,1299,1798,3315,218
ES,56375,DOMINGOS MARTINS,6346,14247,22367,1774
ES,56391,DORES DO RIO PRETO,1989,2326,4593,278
ES,56413,ECOPORANGA,7685,5426,13821,710
ES,56430,FUNDÃO,5072,4955,10687,660
ES,56456,GUAÇUÍ,6172,8443,15712,1097
ES,56472,GUARAPARI,23500,42727,71577,5350
ES,56499,IBIRAÇU,2900,3863,7225,462
ES,56502,IBITIRAMA,1757,3396,5519,366
ES,56510,ICONHA,3132,4996,8759,631
ES,56537,ITAGUAÇU,3701,4287,8571,583
ES,56553,ITAPEMIRIM,8488,17409,27295,1398
ES,56570,ITARANA,2498,4024,7088,566
ES,56596,IÚNA,4631,9849,15408,928
ES,56618,JERÔNIMO MONTEIRO,3273,3564,7403,566
ES,56626,JOÃO NEIVA,3731,5322,9674,621
ES,56634,LINHARES,32158,47927,86168,6083
ES,56650,MANTENÓPOLIS,3128,3793,7224,303
ES,56677,MIMOSO DO SUL,7698,6570,15298,1030
ES,56693,MONTANHA,5844,4283,10659,532
ES,56715,MUCURICI,2324,1288,3795,183
ES,56731,MUNIZ FREIRE,4531,5236,10509,742
ES,56758,MUQUI,3840,4167,8661,654
ES,56774,NOVA VENÉCIA,13420,13657,28782,1705
ES,56790,PANCAS,5036,5331,10966,599
ES,56812,PINHEIROS,8069,4641,13378,668
ES,56839,PIÚMA,4911,7077,12670,682
ES,56855,PRESIDENTE KENNEDY,3492,5648,9548,408
ES,56871,RIO NOVO DO SUL,1958,4684,7030,388
ES,56898,SANTA LEOPOLDINA,3394,3605,7673,674
ES,56910,SANTA TERESA,4943,8715,14738,1080
ES,56936,SÃO GABRIEL DA PALHA,8018,9876,18840,946
ES,56952,SÃO JOSÉ DO CALÇADO,3386,2743,6563,434
ES,56979,SÃO MATEUS,32554,27473,64280,4253
ES,56995,SERRA,119399,125603,266209,21207
ES,57010,VIANA,17599,19780,40379,3000
ES,57037,VILA VELHA,97141,147059,268227,24027
ES,57053,VITÓRIA,89301,102641,213026,21084
ES,57070,MARILÂNDIA,2986,4759,8234,489
ES,57096,IBATIBA,4343,9091,14230,796
ES,57118,RIO BANANAL,5065,5487,11237,685
ES,57134,JAGUARÉ,9973,6203,16894,718
ES,57150,PEDRO CANÁRIO,7320,4671,12652,661
ES,57916,LARANJA DA TERRA,2756,4090,7299,453
ES,57932,SANTA MARIA DE JETIBÁ,7111,15370,23956,1475
ES,57959,VARGEM ALTA,3339,7984,12055,732
ES,57975,VENDA NOVA DO IMIGRANTE,3388,9539,13973,1046
ES,57991,ÁGUIA BRANCA,3799,2466,6582,317
GO,92010,ABADIÂNIA,2594,5192,8380,594
GO,92029,BONFINÓPOLIS,2508,2359,5298,431
GO,92037,ÁGUA LIMPA,787,885,1784,112
GO,92053,ALEXÂNIA,4861,9486,15616,1269
GO,92061,CAMPOS VERDES,1951,907,3045,187
GO,92096,ALOÂNDIA,705,789,1625,131
GO,92100,CEZARINA,2256,2751,5425,418
GO,92118,ALTO PARAÍSO DE GOIÁS,3064,1758,5160,338
GO,92126,COLINAS DO SUL,1602,697,2481,182
GO,92150,ALVORADA DO NORTE,2448,2126,4910,336
GO,92169,MORRO AGUDO DE GOIÁS,861,1310,2310,139
GO,92177,AMORINÓPOLIS,1240,1371,2805,194
GO,92207,EDEALINA,1125,1644,2949,180
GO,92215,ANÁPOLIS,59548,134635,213604,19421
GO,92223,FAINA,2544,1838,4665,283
GO,92231,ANHANGÜERA,428,375,879,76
GO,92258,ANICUNS,4460,6510,11762,792
GO,92266,GOUVELÂNDIA,1720,987,2883,176
GO,92274,APARECIDA DE GOIÂNIA,100800,128323,252962,23839
GO,92282,ITAGUARI,1992,1664,3906,250
GO,92290,APORÉ,958,1131,2227,138
GO,92312,ARAÇU,1556,1413,3212,243
GO,92320,MATRINCHÃ,1433,1266,2891,192
GO,92339,ARAGARÇAS,4336,5117,10037,584
GO,92347,MIMOSO DE GOIÁS,1206,1046,2447,195
GO,92355,ARAGOIÂNIA,2909,3290,6682,483
GO,92363,MONTIVIDIU,2401,4426,7136,309
GO,92444,NOVO PLANALTO,1256,1308,2747,183
GO,92460,PALESTINA DE GOIÁS,1139,1450,2711,122
GO,92495,ARUANÃ,2241,2205,4682,236
GO,92517,AURILÂNDIA,1287,957,2382,138
GO,92550,AVELINÓPOLIS,1026,1481,2699,192
GO,92568,SANTA FÉ DE GOIÁS,1367,1466,2992,159
GO,92614,BALIZA,1252,751,2108,105
GO,92622,SÃO JOÃO DA PARAÚNA,650,895,1643,98
GO,92630,BARRO ALTO,3129,3478,7081,474
GO,92649,SÃO LUIZ DO NORTE,1838,1526,3570,206
GO,92657,BELA VISTA DE GOIÁS,6616,8601,16853,1636
GO,92665,SÃO MIGUEL DO PASSA QUATRO,1281,1285,2811,245
GO,92673,BOM JARDIM DE GOIÁS,2801,2194,5261,266
GO,92690,BOM JESUS DE GOIÁS,5843,5983,12603,777
GO,92703,SENADOR CANEDO,27475,31208,64183,5500
GO,92711,BRAZABRANTES,1121,1300,2613,192
GO,92720,SIMOLÂNDIA,2303,1475,4073,295
GO,92754,BRITÂNIA,1432,1908,3595,255
GO,92762,TERESINA DE GOIÁS,1219,571,1906,116
GO,92770,BURITI ALEGRE,2684,2872,5938,382
GO,92789,TROMBAS,1046,971,2183,166
GO,92797,CABECEIRAS,2665,2191,5211,355
GO,92800,TURVELÂNDIA,1745,1179,3087,163
GO,92819,CACHOEIRA ALTA,2718,2752,5826,356
GO,92827,RIO QUENTE,1149,1554,2929,226
GO,92835,CACHOEIRA DE GOIÁS,634,643,1393,116
GO,92851,CAÇU,2918,4453,7898,527
GO,92860,GUARINOS,1110,587,1819,122
GO,92878,CAIAPÔNIA,3986,5004,9564,574
GO,92886,COCALZINHO DE GOIÁS,4597,6334,11792,861
GO,92894,CALDAS NOVAS,16159,27595,47155,3401
GO,92908,SANTO ANTÔNIO DE GOIÁS,2098,2331,4778,349
GO,92916,CAMPESTRE DE GOIÁS,1310,1322,2818,186
GO,92924,CHAPADÃO DO CÉU,2015,3925,6198,258
GO,92932,CAMPINORTE,2370,3851,6714,493
GO,92940,ALTO HORIZONTE,1840,2426,4472,206
GO,92959,CAMPO ALEGRE DE GOIÁS,1970,1776,4021,275
GO,92967,CASTELÂNDIA,1391,1147,2627,89
GO,92975,CAMPOS BELOS,6217,3577,10414,620
GO,92983,JESÚPOLIS,694,1065,1867,108
GO,92991,CARMO DO RIO VERDE,2134,2991,5402,277
GO,93009,APARECIDA DO RIO DOCE,1049,956,2129,124
GO,93017,CATALÃO,27130,24380,55658,4148
GO,93025,CIDADE OCIDENTAL,15150,16181,34286,2955
GO,93033,CATURAÍ,1882,1484,3632,266
GO,93041,PROFESSOR JAMIL,1195,956,2326,175
GO,93050,CAVALCANTE,4134,766,5205,305
GO,93068,PEROLÂNDIA,1040,1102,2284,142
GO,93076,CERES,4463,7740,13159,956
GO,93084,NOVA IGUAÇU DE GOIÁS,979,954,2029,96
GO,93092,DIVINÓPOLIS DE GOIÁS,2188,1037,3420,195
GO,93106,BURITI DE GOIÁS,837,1575,2575,163
GO,93122,CALDAZINHA,1056,1154,2488,278
GO,93149,GUARAÍTA,997,989,2123,137
GO,93157,CÓRREGO DO OURO,636,1511,2302,155
GO,93165,INACIOLÂNDIA,2046,1248,3519,225
GO,93173,CORUMBÁ DE GOIÁS,2200,2878,5551,473
GO,93181,MONTIVIDIU DO NORTE,1283,1246,2651,122
GO,93190,CORUMBAÍBA,2164,2575,5117,378
GO,93203,SANTO ANTÔNIO DA BARRA,1732,1199,3071,140
GO,93220,TEREZÓPOLIS DE GOIÁS,2110,2472,4952,370
GO,93246,UIRAPURU,1116,782,2028,130
GO,93254,CRISTALINA,8817,15525,25897,1555
GO,93262,BURITINÓPOLIS,1217,921,2378,240
GO,93270,CRISTIANÓPOLIS,996,1730,2876,150
GO,93289,VILA BOA,1724,805,2722,193
GO,93297,CRIXÁS,4986,3685,9161,490
GO,93300,VALPARAÍSO DE GOIÁS,28979,35135,70090,5976
GO,93319,CROMÍNIA,1268,1428,2967,271
GO,93327,NOVO GAMA,16787,19081,38922,3054
GO,93335,CUMARI,1125,672,1912,115
GO,93343,ÁGUAS LINDAS DE GOIÁS,38149,38972,83768,6647
GO,93351,DAMIANÓPOLIS,1199,1203,2679,277
GO,93360,ABADIA DE GOIÁS,3649,4710,9011,652
GO,93378,DAMOLÂNDIA,1242,1171,2699,286
GO,93386,AMARALINA,1251,929,2346,166
GO,93394,DAVINÓPOLIS,1547,887,2626,192
GO,93408,BONÓPOLIS,1357,989,2476,130
GO,93424,PORTEIRÃO,1312,1148,2608,148
GO,93432,DIORAMA,684,950,1810,176
GO,93440,SANTA RITA DO NOVO DESTINO,1082,942,2156,132
GO,93483,SÃO PATRÍCIO,588,1098,1824,138
GO,93491,EDÉIA,3011,3763,7243,469
GO,93505,VILA PROPÍCIO,1834,1801,3882,247
GO,93513,ESTRELA DO NORTE,1113,1012,2304,179
GO,93530,FAZENDA NOVA,1802,2160,4196,234
GO,93548,IPIRANGA DE GOIÁS,1013,1256,2414,145
GO,93564,GAMELEIRA DE GOIÁS,1098,1219,2546,229
GO,93572,FIRMINÓPOLIS,2090,3976,6474,408
GO,93580,CAMPO LIMPO DE GOIÁS,1697,2701,4674,276
GO,93599,FLORES DE GOIÁS,2674,2025,4987,288
GO,93602,LAGOA SANTA,437,610,1113,66
GO,93610,FORMOSA,23315,29070,56931,4546
GO,93637,FORMOSO,1758,1456,3409,195
GO,93670,GOIANÁPOLIS,2161,5371,7954,422
GO,93696,GOIANDIRA,1824,1313,3413,276
GO,93718,GOIANÉSIA,17030,22123,42148,2995
GO,93734,GOIÂNIA,262845,445715,794642,86082
GO,93750,GOIANIRA,12818,14620,29959,2521
GO,93777,GOIÁS,7855,5542,14369,972
GO,93793,GOIATUBA,7557,11231,20276,1488
GO,93815,GUAPÓ,4821,4440,10086,825
GO,93831,GUARANI DE GOIÁS,2141,929,3308,238
GO,93874,HEITORAÍ,1371,1450,3025,204
GO,93890,HIDROLÂNDIA,5899,6832,14115,1384
GO,93912,HIDROLINA,1538,1239,2941,164
GO,93939,IACIARA,3329,2116,5887,442
GO,93955,INHUMAS,13094,14636,30541,2811
GO,93971,IPAMERI,6682,7158,14926,1086
GO,93998,IPORÁ,7317,10380,19200,1503
GO,94013,ISRAELÂNDIA,1004,935,2093,154
GO,94030,ITABERAÍ,10837,11317,23561,1407
GO,94072,ITAGUARU,2226,1778,4252,248
GO,94110,ITAJÁ,1086,1470,2763,207
GO,94137,ITAPACI,5527,5189,11428,712
GO,94153,ITAPIRAPUÃ,2530,2262,5028,236
GO,94196,ITAPURANGA,7807,8166,17033,1060
GO,94218,ITARUMÃ,1511,1526,3265,228
GO,94234,ITAUÇU,2562,2758,5772,452
GO,94250,ITUMBIARA,21519,28583,54532,4430
GO,94277,IVOLÂNDIA,1043,893,2097,161
GO,94293,JANDAIA,1790,2409,4543,344
GO,94315,JARAGUÁ,7618,15697,25125,1810
GO,94331,JATAÍ,19072,29938,52553,3543
GO,94358,JAUPACI,1022,933,2105,150
GO,94374,JOVIÂNIA,1990,1999,4264,275
GO,94390,JUSSARA,4281,5800,10854,773
GO,94439,LEOPOLDO DE BULHÕES,2267,2368,4999,364
GO,94455,LUZIÂNIA,36599,51797,96116,7720
GO,94471,MAIRIPOTABA,916,1000,2067,151
GO,94498,MAMBAÍ,1729,2444,4429,256
GO,94510,MARA ROSA,2867,3015,6215,333
GO,94536,MARZAGÃO,918,899,1935,118
GO,94552,PARANAIGUARA,2842,2024,5230,364
GO,94579,MAURILÂNDIA,2834,2131,5202,237
GO,94595,MINEIROS,14154,18653,35203,2396
GO,94650,MOIPORÁ,670,923,1720,127
GO,94676,MONTE ALEGRE DE GOIÁS,2692,1047,4013,274
GO,94714,MONTES CLAROS DE GOIÁS,2009,2801,5134,324
GO,94730,MORRINHOS,11111,13719,26782,1952
GO,94757,MOSSÂMEDES,2063,1285,3592,244
GO,94773,MOZARLÂNDIA,3785,4277,8576,514
GO,94790,MUTUNÓPOLIS,1054,1389,2555,112
GO,94854,NAZÁRIO,2214,2926,5529,389
GO,94870,NERÓPOLIS,7397,8645,17487,1445
GO,94897,NIQUELÂNDIA,8907,9361,19939,1671
GO,94919,NOVA AMÉRICA,863,1005,1980,112
GO,94935,NOVA AURORA,900,654,1701,147
GO,94951,NOVA ROMA,1385,508,2049,156
GO,94978,NOVA VENEZA,2509,3068,6042,465
GO,95010,NOVO BRASIL,1144,1349,2647,154
GO,95036,ORIZONA,3544,4461,8981,976
GO,95052,OURO VERDE DE GOIÁS,1064,1563,2892,265
GO,95079,OUVIDOR,3558,2713,6703,432
GO,95095,PADRE BERNARDO,5909,6951,14008,1148
GO,95117,PALMEIRAS DE GOIÁS,5861,9396,16332,1075
GO,95133,PALMELO,758,860,1754,136
GO,95150,PALMINÓPOLIS,1046,1944,3206,216
GO,95176,PANAMÁ,901,834,1887,152
GO,95230,PARAÚNA,2509,3502,6371,360
GO,95311,PETROLINA DE GOIÁS,2006,2998,5497,493
GO,95354,PILAR DE GOIÁS,1533,1054,2758,171
GO,95397,PIRACANJUBA,5899,6428,13599,1272
GO,95419,PIRANHAS,3146,3480,7010,384
GO,95435,PIRENÓPOLIS,6441,7490,15095,1164
GO,95451,PIRES DO RIO,5521,9187,15896,1188
GO,95494,PONTALINA,4860,5398,10971,713
GO,95559,PORANGATU,10080,11535,23025,1410
GO,95575,PORTELÂNDIA,1085,1075,2332,172
GO,95613,POSSE,9165,8127,18479,1187
GO,95630,QUIRINÓPOLIS,11721,12575,25987,1691
GO,95656,RIALMA,2324,4114,6836,398
GO,95672,RIANÁPOLIS,967,1767,2949,215
GO,95710,RIO VERDE,41013,60502,108892,7377
GO,95737,RUBIATABA,3630,7184,11658,844
GO,95753,SANCLERLÂNDIA,2292,2797,5441,352
GO,95770,SANTA BÁRBARA DE GOIÁS,1739,2100,4136,297
GO,95796,SANTA CRUZ DE GOIÁS,1098,1151,2448,199
GO,95818,SANTA HELENA DE GOIÁS,10275,10269,22295,1751
GO,95834,SANTA RITA DO ARAGUAIA,1447,1546,3157,164
GO,95850,SANTA ROSA DE GOIÁS,1194,1115,2526,217
GO,95877,SANTA TEREZA DE GOIÁS,1160,982,2316,174
GO,95893,SANTA TEREZINHA DE GOIÁS,3086,2408,5810,316
GO,95915,SÃO DOMINGOS,3182,1580,5060,298
GO,95931,SÃO FRANCISCO DE GOIÁS,1363,2005,3642,274
GO,95958,PLANALTINA,21130,20670,45640,3840
GO,95974,SÃO JOÃO D ALIANÇA,2573,2298,5281,410
GO,95990,SÃO LUÍS DE MONTES BELOS,4876,12165,18202,1161
GO,96016,SÃO MIGUEL DO ARAGUAIA,5100,7586,13342,656
GO,96059,SÃO SIMÃO,5454,3993,9983,536
GO,96075,SERRANÓPOLIS,2148,2120,4538,270
GO,96091,SILVÂNIA,4767,6134,12089,1188
GO,96113,SÍTIO D ABADIA,1135,748,2069,186
GO,96172,TAQUARAL DE GOIÁS,1380,1699,3378,299
GO,96237,TRÊS RANCHOS,1496,1018,2720,206
GO,96253,TRINDADE,27687,33572,67427,6168
GO,96318,TURVÂNIA,1342,2069,3653,242
GO,96334,URUAÇU,9351,10765,21562,1446
GO,96350,URUANA,3333,4185,8055,537
GO,96377,URUTAÍ,1295,1112,2628,221
GO,96393,VARJÃO,1022,1532,2830,276
GO,96415,VIANÓPOLIS,2757,4762,8234,715
GO,96458,ACREÚNA,5047,5733,11457,677
GO,96474,MINAÇU,7249,8113,16241,879
GO,96512,MUNDO NOVO,1812,1650,3632,170
GO,96539,NOVA CRIXÁS,3505,2687,6485,293
GO,96555,NOVA GLÓRIA,2292,2559,5217,366
GO,96571,VICENTINÓPOLIS,2414,2344,5008,250
GO,96610,AMERICANO DO BRASIL,1937,1771,4057,349
GO,96695,ARAGUAPAZ,2132,2056,4475,287
GO,96717,ARENÓPOLIS,1265,1165,2596,166
GO,96733,CACHOEIRA DOURADA,2885,2149,5277,243
GO,96750,DOVERLÂNDIA,2020,2087,4406,299
GO,96776,SANTO ANTÔNIO DO DESCOBERTO,13526,16431,32811,2854
GO,96814,INDIARA,4226,3930,8637,481
GO,96873,CAMPINAÇU,1335,1153,2651,163
GO,96890,SANTA ISABEL,1173,1512,2869,184
GO,96911,ADELÂNDIA,613,1432,2176,131
GO,96938,ÁGUA FRIA DE GOIÁS,1326,1777,3388,285
MA,7005,ÁGUA DOCE DO MARANHÃO,6530,1168,7986,288
MA,7013,AFONSO CUNHA,4605,530,5266,131
MA,7021,ALTO ALEGRE DO MARANHÃO,10341,2507,13258,410
MA,7030,ALCÂNTARA,10006,2288,12906,612
MA,7048,ALTO ALEGRE DO PINDARÉ,12209,2385,15049,455
MA,7056,ALDEIAS ALTAS,10611,1836,12958,511
MA,7064,APICUM-AÇU,7188,2454,10089,447
MA,7072,ALTAMIRA DO MARANHÃO,2905,824,3859,130
MA,7080,AMAPÁ DO MARANHÃO,3016,903,4049,130
MA,7099,ALTO PARNAÍBA,4010,1653,5896,233
MA,7102,ARAGUANÃ,4510,906,5628,212
MA,7110,AMARANTE DO MARANHÃO,11252,7604,19710,854
MA,7129,BACABEIRA,8952,2033,11471,486
MA,7137,ANAJATUBA,11650,2104,14254,500
MA,7145,BACURITUBA,3257,369,3748,122
MA,7153,ANAPURUS,8398,1926,10728,404
MA,7161,BELÁGUA,5145,520,5758,93
MA,7170,ARAIOSES,19250,3247,23445,948
MA,7188,BELA VISTA DO MARANHÃO,5591,1408,7232,233
MA,7196,ARARI,12970,3602,17477,905
MA,7200,BERNARDO DO MEARIM,2872,875,3922,175
MA,7218,AXIXÁ,6314,1480,8091,297
MA,7226,CACHOEIRA GRANDE,5097,1050,6371,224
MA,7234,BACABAL,33396,16084,51790,2310
MA,7242,DAVINÓPOLIS,5560,2852,8822,410
MA,7250,BACURI,8234,1435,10056,387
MA,7269,BOM JESUS DAS SELVAS,9842,4453,14729,434
MA,7277,BALSAS,25262,21123,48913,2528
MA,7285,BOM LUGAR,6592,1828,8610,190
MA,7293,BARÃO DE GRAJAÚ,9254,1162,10936,520
MA,7307,BREJO DE AREIA,3928,1117,5292,247
MA,7315,BARRA DO CORDA,29316,14318,45308,1674
MA,7323,BOA VISTA DO GURUPI,3328,1132,4630,170
MA,7331,BARREIRINHAS,28861,6422,36747,1464
MA,7340,BURITICUPU,20917,9351,31282,1014
MA,7358,BENEDITO LEITE,2440,554,3089,95
MA,7366,BURITIRANA,5230,3026,8581,325
MA,7374,BEQUIMÃO,10841,2095,13556,620
MA,7382,CAMPESTRE DO MARANHÃO,4984,2023,7282,275
MA,7390,BREJO,14561,3355,18544,628
MA,7404,CAPINZAL DO NORTE,4840,1465,6599,294
MA,7412,BURITI,13785,1691,15982,506
MA,7420,CENTRAL DO MARANHÃO,4628,468,5229,133
MA,7439,BURITI BRAVO,10380,1594,12467,493
MA,7447,CENTRO DO GUILHERME,4567,995,5708,146
MA,7455,CAJAPIÓ,5872,683,6804,249
MA,7463,CENTRO NOVO DO MARANHÃO,6952,1653,8947,342
MA,7471,CAJARI,9989,1392,11769,388
MA,7480,CIDELÂNDIA,5774,2161,8268,333
MA,7498,CÂNDIDO MENDES,8394,2652,11506,460
MA,7501,CONCEIÇÃO DO LAGO-AÇU,6455,1810,8616,351
MA,7510,CANTANHEDE,7941,1524,9746,281
MA,7528,FEIRA NOVA DO MARANHÃO,3120,1464,4819,235
MA,7536,CAROLINA,8344,4435,13378,599
MA,7544,FERNANDO FALCÃO,5495,1549,7224,180
MA,7552,CARUTAPERA,9630,3361,13618,627
MA,7560,FORMOSA DA SERRA NEGRA,6146,3375,10057,536
MA,7579,CAXIAS,61772,16986,83325,4567
MA,7595,CEDRAL,5099,1145,6519,275
MA,7609,GOVERNADOR EDISON LOBÃO,6788,3806,11118,524
MA,7617,CHAPADINHA,30953,10060,42823,1810
MA,7625,GOVERNADOR LUIZ ROCHA,3209,1154,4522,159
MA,7633,CODÓ,40773,11637,55391,2981
MA,7641,GOVERNADOR NEWTON BELLO,4420,992,5611,199
MA,7650,COELHO NETO,18984,3775,23753,994
MA,7668,GOVERNADOR NUNES FREIRE,8554,3541,12519,424
MA,7676,COLINAS,16015,3742,20416,659
MA,7684,IGARAPÉ DO MEIO,6721,1274,8263,268
MA,7692,COROATÁ,22775,7500,31382,1107
MA,7706,ITAIPAVA DO GRAJAÚ,5820,1638,7695,237
MA,7714,CURURUPU,15506,2952,19105,647
MA,7722,ITINGA DO MARANHÃO,7039,5730,13354,585
MA,7730,DOM PEDRO,9089,3845,13459,525
MA,7749,JATOBÁ,4005,812,4954,137
MA,7757,DUQUE BACELAR,6259,701,7208,248
MA,7765,JENIPAPO DOS VIEIRAS,7311,1810,9541,420
MA,7773,ESPERANTINÓPOLIS,7862,2412,10622,348
MA,7781,JUNCO DO MARANHÃO,2822,646,3583,115
MA,7790,FORTALEZA DOS NOGUEIRAS,5343,2163,7807,301
MA,7803,LAGO DOS RODRIGUES,4843,1371,6402,188
MA,7811,FORTUNA,7247,1493,9110,370
MA,7820,LAGOA DO MATO,4924,720,5808,164
MA,7838,GODOFREDO VIANA,4232,1665,6136,239
MA,7846,LAGOA GRANDE DO MARANHÃO,5530,1355,7103,218
MA,7854,GONÇALVES DIAS,6975,1928,9260,357
MA,7862,LAJEADO NOVO,2829,1800,4847,218
MA,7870,GOVERNADOR ARCHER,4754,1003,6000,243
MA,7889,MARACAÇUMÉ,7106,2963,10537,468
MA,7897,GOVERNADOR EUGÊNIO BARROS,6449,1396,8100,255
MA,7900,MARAJÁ DO SENA,3404,926,4493,163
MA,7919,GRAÇA ARANHA,3672,861,4675,142
MA,7927,MARANHÃOZINHO,4655,1106,5998,237
MA,7935,GRAJAÚ,24335,11538,37465,1592
MA,7943,MATÕES DO NORTE,4050,675,4900,175
MA,7951,GUIMARÃES,5703,847,6792,242
MA,7960,MILAGRES DO MARANHÃO,3690,618,4484,176
MA,7978,HUMBERTO DE CAMPOS,13526,2733,16928,669
MA,7986,NOVA COLINAS,2482,712,3369,175
MA,7994,ICATU,13632,2843,17193,718
MA,8001,NOVA OLINDA DO MARANHÃO,7259,1763,9416,394
MA,8010,IGARAPÉ GRANDE,4204,2098,6615,313
MA,8028,OLINDA NOVA DO MARANHÃO,6005,1090,7469,374
MA,8036,IMPERATRIZ,62170,70830,143659,10659
MA,8044,PAULINO NEVES,8834,1625,10973,514
MA,8052,SÃO LUÍS GONZAGA DO MARANHÃO,10370,1640,12352,342
MA,8060,PEDRO DO ROSÁRIO,10489,1737,12605,379
MA,8079,ITAPECURU MIRIM,26031,6192,33819,1596
MA,8087,PERITORÓ,9817,1958,12128,353
MA,8095,JOÃO LISBOA,10238,5135,16199,826
MA,8109,PORTO RICO DO MARANHÃO,3413,1128,4770,229
MA,8117,JOSELÂNDIA,7018,1794,9111,299
MA,8125,PRESIDENTE MÉDICI,3083,652,3943,208
MA,8133,LAGO DA PEDRA,14977,9634,25361,750
MA,8141,PRESIDENTE SARNEY,8558,1550,10436,328
MA,8150,LAGO DO JUNCO,4766,1374,6298,158
MA,8168,RAPOSA,10664,4906,16399,829
MA,8176,LAGO VERDE,7427,1390,9041,224
MA,8184,RIBAMAR FIQUENE,3231,1501,4942,210
MA,8192,LIMA CAMPOS,5384,2327,8049,338
MA,8206,SANTA FILOMENA DO MARANHÃO,3657,780,4581,144
MA,8214,LORETO,4751,1267,6259,241
MA,8222,SANTANA DO MARANHÃO,4568,1039,5766,159
MA,8230,LUÍS DOMINGUES,2799,1269,4289,221
MA,8249,SANTO AMARO DO MARANHÃO,7179,1201,8691,311
MA,8257,MAGALHÃES DE ALMEIDA,6985,1763,9219,471
MA,8265,SÃO DOMINGOS DO AZEITÃO,3852,968,4995,175
MA,8273,MATA ROMA,9298,2048,11792,446
MA,8281,SÃO FRANCISCO DO BREJÃO,3592,2165,6002,245
MA,8290,MATINHA,11072,3230,14827,525
MA,8303,SÃO JOÃO DO CARÚ,5229,1638,7121,254
MA,8311,MATÕES,15394,2573,18697,730
MA,8320,SÃO JOÃO DO PARAÍSO,4020,2246,6547,281
MA,8338,MIRADOR,9566,1916,11776,294
MA,8346,SÃO JOÃO DO SOTER,8723,1128,10126,275
MA,8354,MIRINZAL,6405,1537,8291,349
MA,8362,SÃO JOSÉ DOS BASÍLIOS,4069,646,4845,130
MA,8370,MONÇÃO,11437,2324,14323,562
MA,8389,SÃO PEDRO DA ÁGUA BRANCA,4384,2267,6883,232
MA,8397,MONTES ALTOS,3765,1751,5820,304
MA,8400,SÃO PEDRO DOS CRENTES,1317,2065,3523,141
MA,8419,MORROS,9620,2344,12376,412
MA,8427,SÃO RAIMUNDO DO DOCA BEZERRA,2944,663,3789,182
MA,8435,NINA RODRIGUES,5987,1148,7421,286
MA,8443,SÃO ROBERTO,2789,576,3458,93
MA,8451,NOVA IORQUE,2381,495,2977,101
MA,8460,SATUBINHA,3915,1091,5275,269
MA,8478,OLHO D ÁGUA DAS CUNHÃS,8183,2052,10669,434
MA,8486,SENADOR ALEXANDRE COSTA,4503,1170,5851,178
MA,8494,PAÇO DO LUMIAR,37374,19684,61823,4765
MA,8508,SENADOR LA ROCQUE,6148,2594,9095,353
MA,8516,PALMEIRÂNDIA,9758,1586,11682,338
MA,8524,SERRANO DO MARANHÃO,5786,564,6474,124
MA,8532,PARAIBANO,8551,1588,10456,317
MA,8540,SUCUPIRA DO RIACHÃO,2779,330,3232,123
MA,8559,PARNARAMA,15289,2070,18001,642
MA,8567,TRIZIDELA DO VALE,8525,3744,12913,644
MA,8575,PASSAGEM FRANCA,7711,1680,9796,405
MA,8583,TUFILÂNDIA,3448,734,4265,83
MA,8591,PASTOS BONS,8569,2011,10876,296
MA,8605,TURILÂNDIA,8384,1934,10681,363
MA,8613,PEDREIRAS,14227,7149,22294,918
MA,8621,VILA NOVA DOS MARTÍRIOS,3864,2058,6212,290
MA,8630,PENALVA,15401,2295,18290,594
MA,8656,PERI MIRIM,6731,1323,8291,237
MA,8672,PINDARÉ-MIRIM,14194,3820,18760,746
MA,8699,PINHEIRO,31891,10146,44578,2541
MA,8710,PIO XII,10924,2609,14013,480
MA,8737,PIRAPEMAS,7301,1412,9010,297
MA,8753,POÇÃO DE PEDRAS,7826,2643,10929,460
MA,8770,PORTO FRANCO,8261,4881,13794,652
MA,8796,PRESIDENTE DUTRA,15396,7096,23372,880
MA,8818,PRESIDENTE JUSCELINO,5957,1095,7333,281
MA,8834,PRESIDENTE VARGAS,6375,892,7544,277
MA,8850,PRIMEIRA CRUZ,6790,931,7966,245
MA,8877,RIACHÃO,8529,3104,12019,386
MA,8893,SÃO JOSÉ DE RIBAMAR,56572,28838,91840,6430
MA,8915,ROSÁRIO,17827,4756,23879,1296
MA,8931,SAMBAÍBA,2998,1150,4283,135
MA,8958,SANTA HELENA,12323,3561,16489,605
MA,8974,SANTA LUZIA,24920,6719,32650,1011
MA,8990,SANTA QUITÉRIA DO MARANHÃO,12154,2410,15173,609
MA,9016,SANTA RITA,14539,3156,18529,834
MA,9032,SANTO ANTÔNIO DOS LOPES,8052,2812,11359,495
MA,9059,SÃO BENEDITO DO RIO PRETO,9726,1560,11580,294
MA,9075,SÃO BENTO,15757,3574,20057,726
MA,9091,SÃO BERNARDO,12501,2892,16050,657
MA,9113,SÃO DOMINGOS DO MARANHÃO,13955,5795,20492,742
MA,9130,SÃO FÉLIX DE BALSAS,2223,626,2917,68
MA,9156,SÃO FRANCISCO DO MARANHÃO,5811,722,6752,219
MA,9172,SÃO JOÃO BATISTA,11988,1751,14198,459
MA,9199,SÃO JOÃO DOS PATOS,11060,2801,14511,650
MA,9210,SÃO LUÍS,345123,210140,610825,55562
MA,9237,SÃO MATEUS DO MARANHÃO,15212,4386,20300,702
MA,9253,SÃO RAIMUNDO DAS MANGABEIRAS,7842,3246,11481,393
MA,9270,SÃO VICENTE FERRER,9074,1689,11137,374
MA,9296,SÍTIO NOVO,7300,3192,11055,563
MA,9318,SUCUPIRA DO NORTE,5035,1257,6467,175
MA,9334,TASSO FRAGOSO,3465,1677,5358,216
MA,9350,TIMBIRAS,11445,2144,14236,647
MA,9377,TIMON,66012,21167,92910,5731
MA,9393,TUNTUM,14414,5440,20712,858
MA,9415,TURIAÇU,16307,3713,20684,664
MA,9431,TUTÓIA,21378,5933,29129,1818
MA,9458,URBANO SANTOS,15150,2833,18508,525
MA,9474,VARGEM GRANDE,18489,3747,23066,830
MA,9490,VIANA,20355,7349,28873,1169
MA,9512,VITÓRIA DO MEARIM,12677,4500,17798,621
MA,9539,VITORINO FREIRE,12335,4335,17338,668
MA,9555,BOM JARDIM,14282,4218,19241,741
MA,9571,SANTA INÊS,29412,14011,45528,2105
MA,9598,PAULO RAMOS,8564,2929,11862,369
MA,9610,AÇAILÂNDIA,26316,28942,58279,3021
MA,9636,ESTREITO,9434,7178,17425,813
MA,9652,SANTA LUZIA DO PARUÁ,8930,3264,12646,452
MA,9679,ARAME,11512,4150,16044,382
MA,9695,MIRANDA DO NORTE,8884,2711,12097,502
MA,9717,ZÉ DOCA,17096,5782,23789,911
MG,40002,ALFREDO VASCONCELOS,2617,1564,4585,404
MG,40010,ABADIA DOS DOURADOS,2228,1869,4378,281
MG,40029,ARAPORÃ,2412,2192,4904,300
MG,40037,ABAETÉ,6119,6504,13580,957
MG,40045,BRASILÂNDIA DE MINAS,5056,3294,8709,359
MG,40053,ABRE CAMPO,5004,3139,8628,485
MG,40061,CAPITÃO ANDRADE,1264,1224,2631,143
MG,40070,ACAIACA,1702,665,2508,141
MG,40088,CARNEIRINHO,3032,2637,5939,270
MG,40096,AÇUCENA,3124,1856,5225,245
MG,40100,CATUJI,4024,1114,5393,255
MG,40118,ÁGUA BOA,4612,2418,7366,336
MG,40126,DIVISA ALEGRE,2248,1141,3625,236
MG,40134,ÁGUA COMPRIDA,744,923,1751,84
MG,40142,DIVISÓPOLIS,3141,1387,4773,245
MG,40150,AGUANIL,1500,1235,2943,208
MG,40169,DURANDÉ,2740,1825,4810,245
MG,40177,ÁGUAS FORMOSAS,5940,4049,10539,550
MG,40185,ENTRE FOLHAS,2181,1870,4227,176
MG,40193,ÁGUAS VERMELHAS,4399,1656,6504,449
MG,40207,FERVEDOURO,3598,2310,6237,329
MG,40215,AIMORÉS,6036,6976,13701,689
MG,40223,FRANCISCÓPOLIS,2233,819,3200,148
MG,40231,AIURUOCA,1914,1545,3715,256
MG,40240,ICARAÍ DE MINAS,4313,1505,6044,226
MG,40258,ALAGOA,606,1091,1849,152
MG,40266,IPABA,4752,4501,9733,480
MG,40274,ALBERTINA,707,1416,2256,133
MG,40282,JAÍBA,11109,6511,18320,700
MG,40290,ALÉM PARAÍBA,11157,8165,20701,1379
MG,40304,JAMPRUCA,1996,781,2900,123
MG,40312,ALFENAS,18009,23542,44988,3437
MG,40320,JUATUBA,8171,7538,17186,1477
MG,40339,ALMENARA,14645,5235,20825,945
MG,40347,LAGOA GRANDE,3137,2159,5574,278
MG,40355,ALPERCATA,2412,1772,4391,207
MG,40363,LIMEIRA DO OESTE,2666,1964,4824,194
MG,40371,ALPINÓPOLIS,5271,5736,11946,939
MG,40380,LONTRA,4112,1247,5647,288
MG,40398,ALTEROSA,4062,4697,9229,470
MG,40401,MAMONAS,3049,1190,4514,275
MG,40410,ALTO RIO DOCE,5052,1602,7128,474
MG,40428,MATA VERDE,2780,1801,4860,279
MG,40436,ALVARENGA,1823,1369,3316,124
MG,40444,MATIAS CARDOSO,3428,1209,4869,232
MG,40452,ALVINÓPOLIS,6437,2662,9761,662
MG,40460,MONTEZUMA,2587,1060,3954,307
MG,40479,ALVORADA DE MINAS,2159,598,2931,174
MG,40487,NAQUE,2186,1491,3839,162
MG,40495,AMPARO DO SERRA,2551,710,3438,177
MG,40509,NOVO ORIENTE DE MINAS,3836,1334,5452,282
MG,40517,ANDRADAS,7204,13251,22305,1850
MG,40525,PALMÓPOLIS,2737,848,3821,236
MG,40533,CACHOEIRA DE PAJEÚ,3231,1287,4728,210
MG,40541,PEDRAS DE MARIA DA CRUZ,3983,1046,5194,165
MG,40550,ANDRELÂNDIA,3718,2544,6833,571
MG,40568,PERIQUITO,2328,1961,4452,163
MG,40576,ANTÔNIO CARLOS,4576,2134,7254,544
MG,40584,PONTO DOS VOLANTES,4059,1592,6006,355
MG,40592,ANTÔNIO DIAS,3493,2440,6417,484
MG,40606,RIACHINHO,2589,1245,4090,256
MG,40614,ANTÔNIO PRADO DE MINAS,842,536,1463,85
MG,40622,ROSÁRIO DA LIMEIRA,2300,1264,3872,308
MG,40630,ARAÇAÍ,1048,657,1883,178
MG,40649,SANTA BÁRBARA DO LESTE,2611,2413,5329,305
MG,40657,ARACITABA,1185,572,1915,158
MG,40665,SANTA RITA DE MINAS,2045,2040,4339,254
MG,40673,ARAÇUAÍ,11733,5512,18049,804
MG,40681,SANTANA DO PARAÍSO,6817,9595,17361,949
MG,40690,ARAGUARI,24703,36783,66624,5138
MG,40703,SÃO JOÃO DA LAGOA,2616,776,3593,201
MG,40711,ARANTINA,1386,538,2050,126
MG,40720,SÃO JOÃO DO MANHUAÇU,3356,3460,7059,243
MG,40738,ARAPONGA,3575,1045,4896,276
MG,40746,SÃO JOÃO DO MANTENINHA,1822,1636,3624,166
MG,40754,ARAPUÁ,828,1333,2333,172
MG,40762,SÃO JOÃO DO PACUÍ,2090,535,2797,172
MG,40770,ARAÚJOS,2003,2705,5068,360
MG,40789,SÃO JOSÉ DA LAPA,6766,7307,15425,1352
MG,40797,ARAXÁ,25864,28179,59959,5916
MG,40800,SARZEDO,8277,9481,19388,1630
MG,40819,ARCEBURGO,2275,2843,5529,411
MG,40827,SEM PEIXE,1752,647,2551,152
MG,40835,ARCOS,10064,11953,24436,2419
MG,40843,SENADOR AMARAL,1736,2191,4175,248
MG,40851,AREADO,3400,4599,8745,746
MG,40860,UBAPORANGA,3255,3909,7555,391
MG,40878,ARGIRITA,1531,607,2239,101
MG,40886,URUCUIA,3240,1665,5219,314
MG,40894,ARINOS,5555,3210,9278,513
MG,40908,VARGEM ALEGRE,2249,1734,4098,115
MG,40916,ASTOLFO DUTRA,4266,3665,8354,423
MG,40924,JOSENÓPOLIS,1554,475,2114,85
MG,40932,ATALÉIA,4923,2087,7320,310
MG,40940,JUVENÍLIA,2438,1049,3650,163
MG,40959,AUGUSTO DE LIMA,1615,1028,2843,200
MG,40967,LEME DO PRADO,1980,620,2774,174
MG,40975,BAEPENDI,4084,6702,11644,858
MG,40983,LUISBURGO,1647,2227,4213,339
MG,40991,BALDIM,2670,2160,5327,497
MG,41009,LUISLÂNDIA,3633,676,4469,160
MG,41017,BAMBUÍ,7173,5532,13777,1072
MG,41025,MÁRIO CAMPOS,4270,4297,9366,799
MG,41033,BANDEIRA,2329,515,2978,134
MG,41041,MARTINS SOARES,3185,2388,5817,244
MG,41050,BANDEIRA DO SUL,1554,2111,3963,298
MG,41068,MIRAVÂNIA,1833,506,2460,121
MG,41076,BARÃO DE COCAIS,10079,6613,18501,1809
MG,41084,MONTE FORMOSO,1976,532,2674,166
MG,41092,BARÃO DE MONTE ALTO,2663,1297,4124,164
MG,41106,NATALÂNDIA,1430,789,2331,112
MG,41114,BARBACENA,40846,28281,75241,6114
MG,41122,NINHEIRA,3306,1381,5148,461
MG,41130,BARRA LONGA,2971,942,4149,236
MG,41149,NOVA BELÉM,1347,1007,2476,122
MG,41157,TRÊS MARIAS,8462,7792,17398,1144
MG,41165,NOVA PORTEIRINHA,2870,1431,4511,210
MG,41173,BARROSO,7550,4529,13122,1043
MG,41181,NOVORIZONTE,1921,1084,3207,202
MG,41190,BELA VISTA DE MINAS,3902,1889,6222,431
MG,41203,OLHOS D ÁGUA,2811,780,3763,172
MG,41211,BELMIRO BRAGA,1532,694,2374,148
MG,41220,ORATÓRIOS,2440,671,3283,172
MG,41238,BELO HORIZONTE,638002,699105,1500199,163092
MG,41246,ORIZÂNIA,2648,1881,4787,258
MG,41254,BELO ORIENTE,7341,6172,14188,675
MG,41262,PADRE CARVALHO,2098,776,2991,117
MG,41270,BELO VALE,3569,2132,6143,442
MG,41289,PAI PEDRO,2774,754,3694,166
MG,41297,BERILO,4028,1137,5456,291
MG,41300,PATIS,2976,610,3725,139
MG,41319,BERTÓPOLIS,2069,750,2924,105
MG,41327,PEDRA BONITA,2148,2163,4531,220
MG,41335,BETIM,106684,105877,233036,20475
MG,41343,PIEDADE DE CARATINGA,2556,2772,5579,251
MG,41351,BIAS FORTES,1960,626,2793,207
MG,41360,PINGO D ÁGUA,1879,1006,3031,146
MG,41378,BICAS,4428,3470,8589,691
MG,41386,PINTÓPOLIS,2932,918,4095,245
MG,41394,BIQUINHAS,958,772,1869,139
MG,41408,PONTO CHIQUE,1961,436,2511,114
MG,41416,BOA ESPERANÇA,10777,10598,23135,1760
MG,41424,REDUTO,2265,1846,4328,217
MG,41432,BOCAINA DE MINAS,1782,1280,3338,276
MG,41440,SANTA BÁRBARA DO MONTE VERDE,1522,819,2505,164
MG,41459,BOCAIÚVA,18570,6887,26876,1419
MG,41467,SANTA CRUZ DE MINAS,2137,2378,4976,461
MG,41475,BOM DESPACHO,9411,16382,28330,2537
MG,41483,SANTA CRUZ DE SALINAS,2226,391,2792,175
MG,41491,BOM JARDIM DE MINAS,2531,1485,4377,361
MG,41505,SANTA HELENA DE MINAS,2551,814,3551,186
MG,41513,BOM JESUS DA PENHA,974,1457,2670,239
MG,41521,SANTO ANTÔNIO DO RETIRO,2919,1075,4258,264
MG,41530,BOM JESUS DO AMPARO,2229,1219,3736,288
MG,41548,SÃO DOMINGOS DAS DORES,1829,1886,3960,245
MG,41556,BOM JESUS DO GALHO,4865,3709,8945,371
MG,41564,SÃO FÉLIX DE MINAS,1226,981,2316,109
MG,41572,BOM REPOUSO,3431,3206,7163,526
MG,41580,SÃO GERALDO DO BAIXIO,1169,905,2193,119
MG,41599,BOM SUCESSO,5664,4297,10868,907
MG,41602,SÃO JOÃO DAS MISSÕES,5008,1441,6653,204
MG,41610,BONFIM,2756,1850,5178,572
MG,41629,SÃO JOAQUIM DE BICAS,8235,6394,15796,1167
MG,41637,BONFINÓPOLIS DE MINAS,1996,1260,3464,208
MG,41645,SÃO JOSÉ DA BARRA,2304,2214,4917,399
MG,41653,BORDA DA MATA,3691,5131,9839,1017
MG,41661,ALTO CAPARAÓ,1018,2385,3542,139
MG,41670,BOTELHOS,4964,3735,9363,664
MG,41688,ANGELÂNDIA,2360,1793,4428,275
MG,41696,BOTUMIRIM,2740,644,3596,212
MG,41700,ARICANDUVA,2172,849,3205,184
MG,41718,BRASÍLIA DE MINAS,12775,4795,18590,1020
MG,41726,BERIZAL,1991,740,2969,238
MG,41734,BRÁS PIRES,1858,1051,3069,160
MG,41742,BONITO DE MINAS,4342,815,5441,284
MG,41750,BRAÚNAS,1703,1020,2879,156
MG,41769,BUGRE,1530,1414,3117,173
MG,41777,BRAZÓPOLIS,3689,4332,8990,969
MG,41785,CABECEIRA GRANDE,1977,1736,3945,232
MG,41793,BRUMADINHO,11438,10520,24455,2497
MG,41807,CAMPO AZUL,2135,488,2742,119
MG,41815,BUENO BRANDÃO,2028,3794,6396,574
MG,41823,CANTAGALO,1741,563,2451,147
MG,41831,BUENÓPOLIS,3064,1604,5044,376
MG,41840,CATAS ALTAS,2047,1202,3658,409
MG,41858,BURITIS,6318,6588,13703,797
MG,41866,CATUTI,2221,707,3135,207
MG,41874,BURITIZEIRO,7642,5062,13571,867
MG,41882,CHAPADA GAÚCHA,4070,1917,6259,272
MG,41890,CABO VERDE,3724,3138,7337,475
MG,41904,CÔNEGO MARINHO,3391,564,4218,263
MG,41912,CACHOEIRA DA PRATA,1381,1109,2753,263
MG,41920,CONFINS,2253,2649,5348,446
MG,41939,CACHOEIRA DE MINAS,2597,4092,7492,803
MG,41947,CÓRREGO FUNDO,1598,1897,4013,518
MG,41955,CACHOEIRA DOURADA,1206,528,1825,91
MG,41963,CRISÓLITA,2330,706,3180,144
MG,41971,CAETANÓPOLIS,2756,3266,6609,587
MG,41980,CUPARAQUE,1083,1564,2779,132
MG,41998,CAETÉ,12904,9555,25470,3011
MG,42005,CURRAL DE DENTRO,2580,1560,4394,254
MG,42013,CAIANA,1780,1193,3154,181
MG,42021,DELTA,3125,1731,5096,240
MG,42030,CAJURI,2503,860,3531,168
MG,42048,DOM BOSCO,1219,1307,2642,116
MG,42056,CALDAS,3088,4279,8088,721
MG,42064,FREI LAGONEGRO,1623,668,2432,141
MG,42072,CAMACHO,1383,869,2388,136
MG,42080,FRUTA DE LEITE,2254,507,2902,141
MG,42099,CAMANDUCAIA,5491,6686,13027,850
MG,42102,GAMELEIRAS,2249,941,3351,161
MG,42110,CAMBUÍ,6242,7825,15842,1775
MG,42129,GLAUCILÂNDIA,2132,744,3024,148
MG,42137,CAMBUQUIRA,3450,3227,7355,678
MG,42145,GOIABEIRA,903,1138,2165,124
MG,42153,CAMPANÁRIO,1413,643,2159,103
MG,42161,GOIANÁ,1651,1236,3107,220
MG,42170,CAMPANHA,3234,5149,9081,698
MG,42188,GUARACIAMA,3102,546,3814,166
MG,42196,CAMPESTRE,4457,6805,12509,1247
MG,42200,IBIRACATU,2916,710,3812,186
MG,42218,CAMPINA VERDE,5017,5048,10612,547
MG,42226,IMBÉ DE MINAS,2383,1507,4076,186
MG,42234,CAMPO BELO,11575,14632,28466,2259
MG,42242,INDAIABIRA,2192,1561,3955,202
MG,42250,CAMPO DO MEIO,4310,2643,7365,412
MG,42269,JAPONVAR,4519,989,5804,296
MG,42277,CAMPO FLORIDO,2647,1973,4811,191
MG,42285,JENIPAPO DE MINAS,2556,767,3490,167
MG,42293,CAMPOS ALTOS,2818,3759,7029,452
MG,42307,JOSÉ GONÇALVES DE MINAS,1740,563,2472,169
MG,42315,CAMPOS GERAIS,6428,7413,14866,1025
MG,42323,JOSÉ RAYDAN,1650,826,2628,152
MG,42331,CANAÃ,2416,709,3373,248
MG,42340,SÃO SEBASTIÃO DA VARGEM ALEGRE,1216,837,2205,152
MG,42358,CANÁPOLIS,3921,2195,6424,308
MG,42366,SÃO SEBASTIÃO DO ANTA,1789,1721,3673,163
MG,42374,CANA VERDE,1850,1671,3713,192
MG,42382,SERRANÓPOLIS DE MINAS,2020,734,2895,141
MG,42390,CANDEIAS,4020,3888,8480,572
MG,42404,SETUBINHA,4151,949,5346,246
MG,42412,CAPARAÓ,1320,1775,3279,184
MG,42420,TAPARUBA,1587,990,2703,126
MG,42439,CAPELA NOVA,2094,979,3369,296
MG,42447,UNIÃO DE MINAS,1432,882,2398,84
MG,42455,CAPELINHA,11470,7616,20382,1296
MG,42463,URUANA DE MINAS,1268,1068,2467,131
MG,42471,CAPETINGA,1839,1853,3983,291
MG,42480,VARGEM GRANDE DO RIO PARDO,1401,1363,3001,237
MG,42498,CAPIM BRANCO,2589,3083,6206,534
MG,42501,VARJÃO DE MINAS,2543,2080,4913,290
MG,42510,CAPINÓPOLIS,4891,3314,8615,410
MG,42528,VERDELÂNDIA,3399,1083,4643,161
MG,42536,CAPITÃO ENÉAS,6269,2256,8950,425
MG,42544,VEREDINHA,2517,818,3532,197
MG,42552,CAPITÓLIO,2230,3171,5761,360
MG,42560,VERMELHO NOVO,1973,1355,3556,228
MG,42579,CAPUTIRA,3541,2138,5991,312
MG,42587,TOCOS DO MOJI,1631,1164,3151,356
MG,42595,CARAÍ,6720,1818,9040,502
MG,42617,CARANAÍBA,1396,835,2449,218
MG,42633,CARANDAÍ,8401,6309,15862,1152
MG,42650,CARANGOLA,9422,7390,18064,1252
MG,42676,CARATINGA,20758,22135,45862,2969
MG,42692,CARBONITA,3458,1656,5398,284
MG,42714,CAREAÇU,1711,1869,3878,298
MG,42730,CARLOS CHAGAS,6409,3668,10666,589
MG,42757,CARMÉSIA,1028,567,1703,108
MG,42773,CARMO DA CACHOEIRA,3788,2407,6834,639
MG,42790,CARMO DA MATA,4287,2550,7432,595
MG,42811,CARMO DE MINAS,3448,3462,7475,565
MG,42838,CARMO DO CAJURU,6416,6747,14537,1374
MG,42854,CARMO DO PARANAÍBA,5538,9356,15820,926
MG,42870,CARMO DO RIO CLARO,4816,6068,11812,928
MG,42897,CARMÓPOLIS DE MINAS,5274,4801,10940,865
MG,42919,CARRANCAS,1375,1032,2645,238
MG,42935,CARVALHÓPOLIS,1094,1344,2557,119
MG,42951,CARVALHOS,1520,1218,3018,280
MG,42978,CASA GRANDE,920,956,2093,217
MG,42994,CASCALHO RICO,1120,1328,2596,148
MG,43010,CÁSSIA,4609,4566,9950,775
MG,43036,CONCEIÇÃO DA BARRA DE MINAS,1636,1026,2890,228
MG,43052,CATAGUASES,23298,13514,39577,2765
MG,43079,CATAS ALTAS DA NORUEGA,1913,759,2866,194
MG,43095,CAXAMBU,6106,5246,12488,1136
MG,43117,CEDRO DO ABAETÉ,432,390,894,72
MG,43133,CENTRAL DE MINAS,1956,1895,4046,195
MG,43150,CENTRALINA,3638,1742,5632,252
MG,43176,CHÁCARA,1725,1070,2980,185
MG,43192,CHALÉ,2133,1764,4033,136
MG,43214,CHAPADA DO NORTE,4354,749,5340,237
MG,43230,CHIADOR,1179,966,2303,158
MG,43257,CIPOTÂNEA,2362,1001,3649,286
MG,43273,CLARAVAL,1087,2286,3604,231
MG,43290,CLARO DOS POÇÕES,3174,2045,5597,378
MG,43311,CLÁUDIO,5357,9597,16746,1792
MG,43338,COIMBRA,2999,1507,4894,388
MG,43354,COLUNA,2890,1279,4421,252
MG,43370,COMENDADOR GOMES,874,1068,2044,102
MG,43397,COMERCINHO,3386,805,4409,218
MG,43419,CONCEIÇÃO DA APARECIDA,2894,2890,6166,382
MG,43435,CONCEIÇÃO DAS PEDRAS,933,829,2017,255
MG,43451,CONCEIÇÃO DAS ALAGOAS,8176,5793,14603,634
MG,43478,CONCEIÇÃO DE IPANEMA,1830,1238,3178,110
MG,43494,CONCEIÇÃO DO MATO DENTRO,8367,3255,12405,783
MG,43516,CONCEIÇÃO DO PARÁ,1329,2249,3868,290
MG,43532,CONCEIÇÃO DO RIO VERDE,4281,2761,7514,472
MG,43559,CONCEIÇÃO DOS OUROS,2440,3801,6928,687
MG,43575,CONGONHAL,2602,4080,7318,636
MG,43591,CONGONHAS,16486,13048,32939,3405
MG,43613,CONGONHAS DO NORTE,1952,561,2647,134
MG,43630,CONQUISTA,2070,1817,4208,321
MG,43656,CONSELHEIRO LAFAIETE,40769,27796,76236,7671
MG,43672,CONSELHEIRO PENA,4790,5868,11302,644
MG,43699,CONSOLAÇÃO,600,625,1359,134
MG,43710,CONTAGEM,151516,171682,359441,36243
MG,43737,COQUEIRAL,2551,2664,5684,469
MG,43753,CORAÇÃO DE JESUS,10933,3200,14926,793
MG,43770,CORDISBURGO,2914,2096,5389,379
MG,43796,CORDISLÂNDIA,1110,799,2053,144
MG,43818,CORINTO,7866,4774,13474,834
MG,43834,COROACI,3145,1909,5359,305
MG,43850,COROMANDEL,7080,9176,17677,1421
MG,43877,CORONEL FABRICIANO,24069,31812,59567,3686
MG,43893,CORONEL MURTA,3786,1066,5046,194
MG,43915,CORONEL PACHECO,1247,820,2230,163
MG,43931,CORONEL XAVIER CHAVES,1396,669,2266,201
MG,43958,CÓRREGO DANTA,1016,1050,2193,127
MG,43974,CÓRREGO DO BOM JESUS,1290,1484,3086,312
MG,43990,CÓRREGO NOVO,1657,813,2573,103
MG,44016,COUTO DE MAGALHÃES DE MINAS,1938,477,2573,158
MG,44032,CRISTAIS,3007,2813,6251,431
MG,44059,CRISTÁLIA,2467,769,3408,172
MG,44075,CRISTIANO OTONI,1595,1462,3357,300
MG,44091,CRISTINA,2336,3102,5953,515
MG,44113,CRUCILÂNDIA,1806,1779,3915,330
MG,44130,CRUZEIRO DA FORTALEZA,1319,1580,3088,189
MG,44156,CRUZÍLIA,5206,3622,9521,693
MG,44172,CURVELO,22169,17903,43599,3527
MG,44199,DATAS,2603,678,3489,208
MG,44210,DELFIM MOREIRA,2107,2483,5031,441
MG,44237,DELFINÓPOLIS,1947,2152,4383,284
MG,44253,DESCOBERTO,1943,1160,3411,308
MG,44270,DESTERRO DE ENTRE RIOS,1718,2336,4522,468
MG,44296,DESTERRO DO MELO,1496,1066,2831,269
MG,44318,DIAMANTINA,17923,7167,27084,1994
MG,44334,DIOGO DE VASCONCELOS,2089,524,2793,180
MG,44350,DIONÍSIO,2686,1701,4614,227
MG,44377,DIVINÉSIA,2381,939,3526,206
MG,44393,DIVINO,6492,4288,11290,510
MG,44415,DIVINO DAS LARANJEIRAS,1475,1392,3034,167
MG,44431,DIVINOLÂNDIA DE MINAS,2310,1372,3903,221
MG,44458,DIVINÓPOLIS,56562,65668,133678,11448
MG,44474,DIVISA NOVA,1901,1596,3740,243
MG,44490,DOM CAVATI,1473,1555,3172,144
MG,44512,DOM JOAQUIM,1807,843,2822,172
MG,44539,DOM SILVÉRIO,2124,872,3264,268
MG,44555,DOM VIÇOSO,1039,1099,2325,187
MG,44571,DONA EUSÉBIA,2457,1848,4520,215
MG,44598,DORES DE CAMPOS,2952,2695,6247,600
MG,44610,DORES DE GUANHÃES,2174,1103,3453,176
MG,44636,DORES DO INDAIÁ,3035,4145,7739,559
MG,44652,DORES DO TURVO,2333,1206,3793,254
MG,44679,DORESÓPOLIS,681,726,1496,89
MG,44695,DOURADOQUARA,885,567,1588,136
MG,44717,ELÓI MENDES,5835,8197,15245,1213
MG,44733,ENGENHEIRO CALDAS,2664,2241,5149,244
MG,44750,ENGENHEIRO NAVARRO,3105,1006,4323,212
MG,44776,ENTRE RIOS DE MINAS,5116,3389,9477,972
MG,44792,ERVÁLIA,7731,3251,11778,796
MG,44814,ESMERALDAS,20127,15575,38825,3123
MG,44830,ESPERA FELIZ,6857,5661,13198,680
MG,44857,ESPINOSA,11336,5243,17425,846
MG,44873,ESPÍRITO SANTO DO DOURADO,1908,1718,3924,298
MG,44890,ESTIVA,3016,3541,7258,701
MG,44911,ESTRELA DALVA,1275,678,2074,121
MG,44938,ESTRELA DO INDAIÁ,988,929,2066,149
MG,44954,ESTRELA DO SUL,2497,1545,4259,217
MG,44970,EUGENÓPOLIS,3482,3120,6957,355
MG,44997,EWBANK DA CÂMARA,2228,953,3324,143
MG,45012,EXTREMA,11200,13154,26753,2399
MG,45039,FAMA,1082,1090,2289,117
MG,45055,FARIA LEMOS,1494,819,2451,138
MG,45071,FELÍCIO DOS SANTOS,1898,908,3133,327
MG,45098,SÃO GONÇALO DO RIO PRETO,1480,339,1962,143
MG,45110,FELISBURGO,2498,825,3552,229
MG,45136,FELIXLÂNDIA,4686,2890,8289,713
MG,45152,FERNANDES TOURINHO,890,830,1829,109
MG,45179,FERROS,3847,1573,5789,369
MG,45195,FLORESTAL,2436,2086,5025,503
MG,45217,FORMIGA,14754,21644,40580,4182
MG,45233,FORMOSO,2632,1430,4274,212
MG,45250,FORTALEZA DE MINAS,920,1088,2193,185
MG,45276,FORTUNA DE MINAS,1330,719,2192,143
MG,45292,FRANCISCO BADARÓ,3024,1023,4317,270
MG,45314,FRANCISCO DUMONT,1813,974,2980,193
MG,45330,FRANCISCO SÁ,9788,3222,13673,663
MG,45357,FREI GASPAR,2475,1052,3677,150
MG,45373,FREI INOCÊNCIO,2694,1796,4746,256
MG,45390,FRONTEIRA,4099,3218,7649,332
MG,45411,FRUTAL,12801,15115,29698,1782
MG,45438,FUNILÂNDIA,1645,1704,3699,350
MG,45454,GALILÉIA,1824,1677,3621,120
MG,45470,GONÇALVES,987,1523,2842,332
MG,45497,GONZAGA,1716,987,2924,221
MG,45519,GOUVEIA,5053,1878,7429,498
MG,45535,GOVERNADOR VALADARES,53339,84540,146709,8830
MG,45551,GRÃO MOGOL,5697,1759,7871,415
MG,45578,GRUPIARA,596,574,1246,76
MG,45594,GUANHÃES,8763,6333,16261,1165
MG,45616,GUAPÉ,2881,4537,7875,457
MG,45632,GUARACIABA,4002,1431,5866,433
MG,45659,GUARANÉSIA,6312,4027,11139,800
MG,45675,GUARANI,3405,1538,5237,294
MG,45691,GUARARÁ,1425,1042,2656,189
MG,45713,GUARDA-MOR,2025,1957,4214,232
MG,45730,GUAXUPÉ,13672,12288,28311,2351
MG,45756,GUIDOVAL,2975,1704,5001,322
MG,45772,GUIMARÂNIA,2281,2382,5058,395
MG,45799,GUIRICEMA,3398,1837,5562,327
MG,45810,GURINHATÃ,1683,1620,3533,230
MG,45837,HELIODORA,2078,1481,3980,421
MG,45853,IAPU,2817,2883,5953,253
MG,45870,IBERTIOGA,2595,869,3696,232
MG,45896,IBIÁ,6019,5317,12094,758
MG,45918,IBIAÍ,3233,862,4299,204
MG,45934,IBIRACI,2836,3637,6832,359
MG,45950,IBIRITÉ,46074,41359,95720,8287
MG,45977,IBITIÚRA DE MINAS,711,1649,2517,157
MG,45993,IBITURUNA,949,784,1904,171
MG,46019,IGARAPÉ,10933,10839,23825,2053
MG,46035,IGARATINGA,2678,3191,6233,364
MG,46051,IGUATAMA,2573,1932,4792,287
MG,46078,IJACI,2006,1689,4205,510
MG,46094,ILICÍNEA,3793,3241,7448,414
MG,46116,INCONFIDENTES,2083,2458,4912,371
MG,46132,INDIANÓPOLIS,2042,1537,3752,173
MG,46159,INGAÍ,1148,718,2035,169
MG,46175,INHAPIM,6498,7134,14344,712
MG,46191,INHAÚMA,2215,1843,4379,321
MG,46213,INIMUTABA,2784,1527,4595,284
MG,46230,IPANEMA,5372,5008,10938,558
MG,46256,IPATINGA,45297,79427,133714,8990
MG,46272,IPIAÇU,1606,892,2624,126
MG,46299,IPUIÚNA,2641,3003,6084,440
MG,46310,IRAÍ DE MINAS,2218,2393,4795,184
MG,46337,ITABIRA,35025,27203,69827,7599
MG,46353,ITABIRINHA,3009,2664,5970,297
MG,46370,ITABIRITO,16176,12009,32176,3991
MG,46396,ITACAMBIRA,2624,581,3389,184
MG,46418,ITACARAMBI,6166,2292,8823,365
MG,46434,ITAGUARA,3502,3602,8076,972
MG,46450,ITAIPÉ,3743,1534,5633,356
MG,46477,ITAJUBÁ,17695,31321,54180,5164
MG,46493,ITAMARANDIBA,10799,5899,17865,1167
MG,46515,ITAMARATI DE MINAS,1709,937,2809,163
MG,46531,ITAMBACURI,7693,3338,11516,485
MG,46558,ITAMBÉ DO MATO DENTRO,1221,501,1898,176
MG,46574,ITAMOGI,2982,3225,6672,465
MG,46590,ITAMONTE,3371,4854,8985,760
MG,46612,ITANHANDU,4072,4431,9457,954
MG,46639,ITANHOMI,3565,2607,6470,298
MG,46655,ITAOBIM,6506,4077,11088,505
MG,46671,ITAPAGIPE,3417,3663,7643,563
MG,46698,ITAPECERICA,7222,5360,13621,1039
MG,46710,ITAPEVA,2255,3469,6169,445
MG,46736,ITATIAIUÇU,3008,4210,7780,562
MG,46752,ITAÚNA,17554,31636,54045,4855
MG,46779,ITAVERAVA,2591,1400,4319,328
MG,46795,ITINGA,5667,1445,7328,216
MG,46817,ITUETA,1287,2158,3612,167
MG,46833,ITUIUTABA,31282,21868,56711,3561
MG,46850,ITUMIRIM,2304,1660,4421,457
MG,46876,ITURAMA,11617,9239,21890,1034
MG,46892,ITUTINGA,1716,907,2829,206
MG,46914,JABOTICATUBAS,5715,4555,11335,1065
MG,46930,JACINTO,4028,1866,6177,283
MG,46957,JACUÍ,1221,2820,4429,388
MG,46973,JACUTINGA,3682,9293,14020,1045
MG,46990,JAGUARAÇU,1110,1161,2400,129
MG,47015,JANAÚBA,21150,15529,38802,2123
MG,47031,JANUÁRIA,24868,7199,33865,1798
MG,47058,JAPARAÍBA,1241,1225,2776,310
MG,47074,JECEABA,2708,1467,4564,389
MG,47090,JEQUERI,4797,1930,7134,407
MG,47112,JEQUITAÍ,3006,1021,4259,232
MG,47139,JEQUITIBÁ,2092,1930,4381,359
MG,47155,JEQUITINHONHA,8828,2462,11769,479
MG,47171,JESUÂNIA,1402,1477,3145,266
MG,47198,JOAÍMA,5103,1433,6807,271
MG,47210,JOANÉSIA,1857,1287,3363,219
MG,47236,JOÃO MONLEVADE,21601,19501,45264,4162
MG,47252,JOÃO PINHEIRO,12791,13036,27221,1394
MG,47279,JOAQUIM FELÍCIO,1310,854,2350,186
MG,47295,JORDÂNIA,3128,1694,5041,219
MG,47317,NOVA UNIÃO,2309,1354,4000,337
MG,47333,JUIZ DE FORA,167048,121945,317458,28465
MG,47350,JURAMENTO,2366,930,3479,183
MG,47376,JURUAIA,2633,3907,7096,556
MG,47392,LADAINHA,5187,1640,7215,388
MG,47414,LAGAMAR,2125,2369,4811,317
MG,47430,LAGOA DA PRATA,10022,14777,26955,2156
MG,47457,LAGOA DOS PATOS,1524,836,2485,125
MG,47473,LAGOA DOURADA,3756,3466,7939,717
MG,47490,LAGOA FORMOSA,4961,5598,11482,923
MG,47511,LAGOA SANTA,13752,20728,38128,3648
MG,47538,LAJINHA,5568,5529,11579,482
MG,47554,LAMBARI,4533,7218,12674,923
MG,47570,LAMIM,1907,580,2643,156
MG,47597,LARANJAL,2179,1996,4360,185
MG,47619,LASSANCE,2577,1224,4010,209
MG,47635,LAVRAS,25243,24450,55315,5622
MG,47651,LEANDRO FERREIRA,1063,1285,2532,184
MG,47678,LEOPOLDINA,17698,10855,30600,2047
MG,47694,LIBERDADE,1953,956,3245,336
MG,47716,LIMA DUARTE,7229,2717,10688,742
MG,47732,LUMINÁRIAS,1863,1250,3412,299
MG,47759,LUZ,4330,5320,10279,629
MG,47775,MACHACALIS,2654,1385,4222,183
MG,47791,MACHADO,8372,12612,22548,1564
MG,47813,MADRE DE DEUS DE MINAS,1989,1143,3403,271
MG,47830,MALACACHETA,6271,2933,9723,519
MG,47856,MANGA,6995,3358,10796,443
MG,47872,MANHUAÇU,19359,22500,44770,2911
MG,47899,MANHUMIRIM,5988,5531,12343,824
MG,47910,MANTENA,5663,7830,14307,814
MG,47937,MARAVILHAS,2147,2501,5045,397
MG,47953,MAR DE ESPANHA,3959,3369,7884,556
MG,47970,MARIA DA FÉ,3326,5257,9535,952
MG,47996,MARIANA,25076,9949,38113,3088
MG,48011,MARILAC,1924,885,2949,140
MG,48038,MARIPÁ DE MINAS,1113,1049,2303,141
MG,48054,MARLIÉRIA,1642,1377,3250,231
MG,48070,MARMELÓPOLIS,1019,1005,2245,221
MG,48097,MARTINHO CAMPOS,3167,4384,8162,611
MG,48119,MATERLÂNDIA,1955,503,2580,122
MG,48135,MATEUS LEME,9045,8957,19741,1739
MG,48151,MATIAS BARBOSA,4975,3603,9170,592
MG,48178,MATIPÓ,5890,4403,10745,452
MG,48194,MATO VERDE,5058,2757,8209,394
MG,48216,MATOZINHOS,10803,9629,22560,2128
MG,48232,MATUTINA,1123,1096,2389,170
MG,48259,MEDEIROS,897,1276,2337,164
MG,48275,MEDINA,7400,3111,10920,409
MG,48291,MENDES PIMENTEL,1886,1383,3526,257
MG,48313,MERCÊS,4165,1824,6420,431
MG,48330,MESQUITA,1884,1512,3611,215
MG,48356,MINAS NOVAS,9977,2437,12976,562
MG,48372,MINDURI,1256,1048,2474,170
MG,48399,MIRABELA,5721,2039,8164,404
MG,48410,MIRADOURO,3597,2312,6218,309
MG,48437,MIRAÍ,3656,3620,7731,455
MG,48453,MOEDA,1867,1761,4013,385
MG,48470,MOEMA,2193,2355,4931,383
MG,48496,MONJOLOS,981,468,1537,88
MG,48518,MONSENHOR PAULO,2503,2281,5160,376
MG,48534,MONTALVÂNIA,5839,2283,8510,388
MG,48550,MONTE ALEGRE DE MINAS,5656,4347,10692,689
MG,48577,MONTE AZUL,7832,4657,13114,625
MG,48593,MONTE BELO,3889,3539,8066,638
MG,48615,MONTE CARMELO,13695,11325,26777,1757
MG,48631,MONTE SANTO DE MINAS,5237,5608,11897,1052
MG,48658,MONTES CLAROS,103694,99858,222382,18830
MG,48674,MONTE SIÃO,3246,9824,13982,912
MG,48690,MORADA NOVA DE MINAS,2360,2565,5195,270
MG,48712,MORRO DA GARÇA,1414,515,2046,117
MG,48739,MORRO DO PILAR,1746,660,2558,152
MG,48755,MUNHOZ,2023,2183,4477,271
MG,48771,MURIAÉ,27340,28731,59782,3711
MG,48798,MUTUM,7472,7613,15801,716
MG,48810,MUZAMBINHO,5789,6591,13383,1003
MG,48836,NACIP RAYDAN,1119,512,1705,74
MG,48852,NANUQUE,9662,9124,19691,905
MG,48879,NATÉRCIA,1052,1578,2997,367
MG,48895,NAZARENO,3193,1464,5030,373
MG,48917,NEPOMUCENO,6925,6868,15026,1233
MG,48933,NOVA ERA,6130,3856,10918,932
MG,48950,NOVA LIMA,27956,24108,58726,6662
MG,48976,NOVA MÓDICA,1493,833,2480,154
MG,48992,NOVA PONTE,4414,4276,9168,478
MG,49018,NOVA RESENDE,3912,5169,9828,747
MG,49034,NOVA SERRANA,12729,31098,46543,2716
MG,49050,NOVO CRUZEIRO,10489,2891,13987,607
MG,49077,OLARIA,1116,470,1704,118
MG,49093,OLÍMPIO NORONHA,1178,652,1976,146
MG,49115,OLIVEIRA,11995,10656,25163,2512
MG,49131,OLIVEIRA FORTES,1363,447,1939,129
MG,49158,ONÇA DE PITANGUI,1014,1378,2577,185
MG,49174,OURO BRANCO,11997,10053,24310,2260
MG,49190,OURO FINO,5688,10885,18351,1778
MG,49212,OURO PRETO,32572,12345,48979,4062
MG,49239,OURO VERDE DE MINAS,2882,1712,4795,201
MG,49255,PADRE PARAÍSO,5254,3033,8781,494
MG,49271,PAINEIRAS,1826,1057,3124,241
MG,49298,PAINS,2421,2476,5242,345
MG,49310,PAIVA,852,372,1335,111
MG,49336,PALMA,2531,1288,4009,190
MG,49352,FRONTEIRA DOS VALES,2156,538,2854,160
MG,49379,PAPAGAIOS,4566,4107,9193,520
MG,49395,PARACATU,20380,25202,48794,3212
MG,49417,PARÁ DE MINAS,16698,27692,49411,5021
MG,49433,PARAGUAÇU,5558,6136,12601,907
MG,49450,PARAISÓPOLIS,4560,6252,12162,1350
MG,49476,PARAOPEBA,7049,7292,15491,1150
MG,49492,PASSABÉM,813,416,1354,125
MG,49514,PASSA QUATRO,5024,4147,10078,907
MG,49530,PASSA TEMPO,3029,1920,5360,411
MG,49557,PASSA VINTE,928,729,1832,175
MG,49573,PASSOS,26594,27878,59147,4675
MG,49590,PATOS DE MINAS,28983,47758,84132,7391
MG,49611,PATROCÍNIO,19008,27014,50188,4166
MG,49638,PATROCÍNIO DO MURIAÉ,2186,1554,3957,217
MG,49654,PAULA CÂNDIDO,3971,1369,5717,377
MG,49670,PAULISTAS,2207,444,2823,172
MG,49697,PAVÃO,2848,1193,4210,169
MG,49719,PEÇANHA,5470,2533,8493,490
MG,49735,PEDRA AZUL,6768,4091,11448,589
MG,49751,PEDRA DO ANTA,1793,616,2584,175
MG,49778,PEDRA DO INDAIÁ,1122,1414,2769,233
MG,49794,PEDRA DOURADA,1262,740,2164,162
MG,49816,PEDRALVA,2808,3491,6984,685
MG,49832,PEDRINÓPOLIS,1161,1108,2432,163
MG,49859,PEDRO LEOPOLDO,15871,17728,37344,3745
MG,49875,PEDRO TEIXEIRA,1407,363,1931,161
MG,49891,PEQUERI,1369,929,2438,140
MG,49913,PEQUI,1375,1301,2879,203
MG,49930,PERDIGÃO,1545,4350,6301,406
MG,49956,PERDIZES,4034,4971,9715,710
MG,49972,PERDÕES,5548,6303,12812,961
MG,49999,PESCADOR,1433,705,2254,116
MG,50016,PIAU,1496,765,2408,147
MG,50032,PIEDADE DE PONTE NOVA,1919,745,2786,122
MG,50059,PIEDADE DO RIO GRANDE,1612,991,2857,254
MG,50075,PIEDADE DOS GERAIS,1763,1546,3567,258
MG,50091,PIMENTA,2246,2561,5207,400
MG,50113,PIRACEMA,2590,1517,4525,418
MG,50130,PIRAJUBA,1734,1394,3240,112
MG,50156,PIRANGA,5593,2569,8992,830
MG,50172,PIRANGUÇU,1303,1906,3552,343
MG,50199,PIRANGUINHO,2403,2552,5466,511
MG,50210,PIRAPETINGA,4196,3141,7688,351
MG,50237,PIRAPORA,12602,14622,29388,2164
MG,50253,PIRAÚBA,4158,2722,7243,363
MG,50270,PITANGUI,5725,9476,16670,1469
MG,50296,PIUMHI,6598,10889,18573,1086
MG,50318,PLANURA,2905,2709,5909,295
MG,50334,POÇO FUNDO,4846,4336,9900,718
MG,50350,POÇOS DE CALDAS,34095,45269,88045,8681
MG,50377,POCRANE,2762,2339,5371,270
MG,50393,POMPÉU,9731,6612,17376,1033
MG,50415,PONTE NOVA,22134,9943,34505,2428
MG,50431,PORTEIRINHA,14220,7272,22596,1104
MG,50458,PORTO FIRME,4288,1938,6616,390
MG,50474,POTÉ,4568,2924,7856,364
MG,50490,POUSO ALEGRE,31617,43132,83105,8356
MG,50512,POUSO ALTO,1756,2113,4296,427
MG,50539,PRADOS,3396,1787,5684,501
MG,50555,PRATA,8323,6556,15744,865
MG,50571,PRATÁPOLIS,2569,2498,5448,381
MG,50598,PRATINHA,785,1267,2239,187
MG,50610,PRESIDENTE BERNARDES,2673,1045,3973,255
MG,50636,PRESIDENTE JUSCELINO,1700,708,2567,159
MG,50652,PRESIDENTE KUBITSCHEK,1797,274,2170,99
MG,50679,PRESIDENTE OLEGÁRIO,5422,5086,11390,882
MG,50695,ALTO JEQUITIBÁ,1897,3267,5421,257
MG,50717,PRUDENTE DE MORAIS,2993,2817,6359,549
MG,50733,QUARTEL GERAL,1497,901,2605,207
MG,50750,QUELUZITO,1057,754,2013,202
MG,50776,RAPOSOS,6145,3220,10574,1209
MG,50792,RAUL SOARES,7645,4649,13110,816
MG,50814,RECREIO,3564,2010,5863,289
MG,50830,RESENDE COSTA,3733,2677,7246,836
MG,50857,RESPLENDOR,3104,5284,8786,398
MG,50873,RESSAQUINHA,2047,1036,3427,344
MG,50890,RIACHO DOS MACHADOS,3755,1362,5393,276
MG,50911,RIBEIRÃO DAS NEVES,81560,70704,165417,13153
MG,50938,RIBEIRÃO VERMELHO,1445,917,2598,236
MG,50954,RIO ACIMA,3548,2502,6703,653
MG,50970,RIO CASCA,4817,2267,7533,449
MG,50997,RIO DOCE,1245,557,1919,117
MG,51012,RIO DO PRADO,2197,518,2836,121
MG,51039,RIO ESPERA,2372,1293,3953,288
MG,51055,RIO MANSO,1987,1330,3631,314
MG,51071,RIO NOVO,3067,2006,5416,343
MG,51098,RIO PARANAÍBA,3931,3311,7696,454
MG,51110,RIO PARDO DE MINAS,8558,5124,14700,1018
MG,51136,RIO PIRACICABA,5215,2913,8941,813
MG,51152,RIO POMBA,5954,3983,10659,722
MG,51179,RIO PRETO,2528,1224,4011,259
MG,51195,RIO VERMELHO,4018,1495,5920,407
MG,51217,RITÁPOLIS,2125,1043,3496,328
MG,51233,ROCHEDO DE MINAS,907,840,1872,125
MG,51250,RODEIRO,2676,2218,5146,252
MG,51276,ROMARIA,1592,806,2514,116
MG,51292,RUBELITA,3646,672,4517,199
MG,51314,RUBIM,3257,1112,4626,257
MG,51330,SABARÁ,35019,30855,73032,7158
MG,51357,SABINÓPOLIS,5492,1846,7719,381
MG,51373,SACRAMENTO,6142,7628,14841,1071
MG,51390,SALINAS,13686,7675,22703,1342
MG,51411,SALTO DA DIVISA,2224,988,3394,182
MG,51438,SANTA BÁRBARA,10772,5691,18148,1685
MG,51454,SANTA BÁRBARA DO TUGÚRIO,2437,687,3328,204
MG,51470,SANTA CRUZ DO ESCALVADO,2543,948,3646,155
MG,51497,SANTA EFIGÊNIA DE MINAS,1554,708,2405,143
MG,51519,SANTA FÉ DE MINAS,1744,506,2367,117
MG,51535,SANTA JULIANA,3944,3872,8171,355
MG,51551,SANTA LUZIA,59518,57627,129041,11896
MG,51578,SANTA MARGARIDA,4784,4617,9871,470
MG,51594,SANTA MARIA DE ITABIRA,4202,1760,6422,460
MG,51616,SANTA MARIA DO SALTO,1703,987,2835,145
MG,51632,SANTA MARIA DO SUAÇUÍ,4834,2326,7463,303
MG,51659,SANTANA DA VARGEM,2407,1942,4720,371
MG,51675,SANTANA DE CATAGUASES,1276,1123,2577,178
MG,51691,SANTANA DE PIRAPAMA,3084,1900,5459,475
MG,51713,SANTANA DO DESERTO,1692,781,2650,177
MG,51730,SANTANA DO GARAMBÉU,1208,430,1738,100
MG,51756,SANTANA DO JACARÉ,1514,1181,2914,219
MG,51772,SANTANA DO MANHUAÇU,3290,2036,5582,256
MG,51799,SANTANA DO RIACHO,2544,1335,4163,284
MG,51810,SANTANA DOS MONTES,1685,952,2865,228
MG,51837,SANTA RITA DE CALDAS,1923,3104,5444,417
MG,51853,SANTA RITA DE JACUTINGA,2006,1110,3321,205
MG,51870,SANTA RITA DE IBITIPOCA,1729,532,2488,227
MG,51896,SANTA RITA DO ITUETO,1463,1925,3573,185
MG,51918,SANTA RITA DO SAPUCAÍ,7278,13558,23732,2896
MG,51934,SANTA ROSA DA SERRA,1238,979,2333,116
MG,51950,SANTA VITÓRIA,7380,4762,12800,658
MG,51977,SANTO ANTÔNIO DO AMPARO,6774,3002,10409,633
MG,51993,SANTO ANTÔNIO DO AVENTUREIRO,1500,1047,2759,212
MG,52019,SANTO ANTÔNIO DO GRAMA,2030,686,2893,177
MG,52035,SANTO ANTÔNIO DO ITAMBÉ,1623,383,2170,164
MG,52051,SANTO ANTÔNIO DO JACINTO,3599,2090,5967,278
MG,52078,SANTO ANTÔNIO DO MONTE,4073,10386,15448,989
MG,52094,SANTO ANTÔNIO DO RIO ABAIXO,886,436,1419,97
MG,52116,SANTO HIPÓLITO,1388,492,2004,124
MG,52132,SANTOS DUMONT,16899,9349,28600,2352
MG,52159,SÃO BENTO ABADE,1509,1287,3062,266
MG,52175,SÃO BRÁS DO SUAÇUÍ,1598,805,2655,252
MG,52191,SÃO DOMINGOS DO PRATA,6330,3402,10495,763
MG,52213,SÃO FRANCISCO,18390,7674,27523,1459
MG,52230,SÃO FRANCISCO DE PAULA,2752,1440,4577,385
MG,52256,SÃO FRANCISCO DE SALES,2125,1284,3538,129
MG,52272,SÃO FRANCISCO DO GLÓRIA,2088,1009,3260,163
MG,52299,SÃO GERALDO,3524,1569,5398,305
MG,52310,SÃO GERALDO DA PIEDADE,1507,684,2374,183
MG,52337,SÃO GONÇALO DO ABAETÉ,1975,1679,3874,220
MG,52353,SÃO GONÇALO DO PARÁ,2894,3103,6613,616
MG,52370,SÃO GONÇALO DO RIO ABAIXO,4863,2960,8551,728
MG,52396,SÃO GONÇALO DO SAPUCAÍ,6246,6368,13833,1219
MG,52418,SÃO GOTARDO,7617,11349,20067,1101
MG,52434,SÃO JOÃO BATISTA DO GLÓRIA,1917,2507,4732,308
MG,52450,SÃO JOÃO DA MATA,838,1250,2262,174
MG,52477,SÃO JOÃO DA PONTE,11526,2322,14458,610
MG,52493,SÃO JOÃO DEL REI,23944,24050,53397,5403
MG,52515,SÃO JOÃO DO ORIENTE,2761,2126,5068,181
MG,52531,SÃO JOÃO DO PARAÍSO,5770,4642,11366,954
MG,52558,SÃO JOÃO EVANGELISTA,6043,2107,8582,432
MG,52574,SÃO JOÃO NEPOMUCENO,7538,6460,15326,1328
MG,52590,SÃO JOSÉ DA SAFIRA,1576,894,2607,137
MG,52612,SÃO JOSÉ DA VARGINHA,1365,1213,2807,229
MG,52639,SÃO JOSÉ DO ALEGRE,1036,1451,2765,278
MG,52655,SÃO JOSÉ DO DIVINO,1082,1073,2277,122
MG,52671,SÃO JOSÉ DO GOIABAL,2193,892,3267,182
MG,52698,SÃO JOSÉ DO JACURI,2453,913,3575,209
MG,52710,SÃO JOSÉ DO MANTIMENTO,1274,774,2144,96
MG,52736,SÃO LOURENÇO,8708,14575,25540,2257
MG,52752,SÃO MIGUEL DO ANTA,3142,1227,4745,376
MG,52779,SÃO PEDRO DA UNIÃO,1319,1595,3136,222
MG,52795,SÃO PEDRO DOS FERROS,3146,1034,4405,225
MG,52817,SÃO PEDRO DO SUAÇUÍ,2068,1061,3298,169
MG,52833,SÃO ROMÃO,3012,1199,4394,183
MG,52850,SÃO ROQUE DE MINAS,1023,2868,4133,242
MG,52876,SÃO SEBASTIÃO DA BELA VISTA,2000,2020,4340,320
MG,52892,SÃO SEBASTIÃO DO MARANHÃO,3244,1696,5230,290
MG,52914,SÃO SEBASTIÃO DO OESTE,2489,2149,4972,334
MG,52930,SÃO SEBASTIÃO DO PARAÍSO,14851,17215,36202,4136
MG,52957,SÃO SEBASTIÃO DO RIO PRETO,695,500,1292,97
MG,52973,SÃO SEBASTIÃO DO RIO VERDE,595,886,1651,170
MG,52990,SÃO TIAGO,3371,2510,6888,1007
MG,53015,SÃO TOMÁS DE AQUINO,1928,1916,4297,453
MG,53031,SÃO THOMÉ DAS LETRAS,2569,979,3798,250
MG,53058,SÃO VICENTE DE MINAS,2181,1708,4204,315
MG,53074,SAPUCAÍ-MIRIM,1764,1945,4109,400
MG,53090,SARDOÁ,1736,1106,3027,185
MG,53112,SENADOR CORTES,1132,619,1891,140
MG,53139,SENADOR FIRMINO,3305,1290,4952,357
MG,53155,SENADOR JOSÉ BENTO,685,894,1702,123
MG,53171,SENADOR MODESTINO GONÇALVES,1991,660,2827,176
MG,53198,SENHORA DE OLIVEIRA,2863,939,4048,246
MG,53210,SENHORA DO PORTO,1317,652,2110,141
MG,53236,SENHORA DOS REMÉDIOS,4068,1809,6320,443
MG,53252,SERICITA,2352,2494,5025,179
MG,53279,SERITINGA,815,504,1401,82
MG,53295,SERRA AZUL DE MINAS,1510,435,2091,146
MG,53317,SERRA DA SAUDADE,395,419,889,75
MG,53333,SERRA DOS AIMORÉS,2463,1296,3963,204
MG,53350,SERRA DO SALITRE,2948,3451,6723,324
MG,53376,SERRANIA,2345,2014,4675,316
MG,53392,SERRANOS,916,551,1591,124
MG,53414,SERRO,7841,2481,10904,582
MG,53430,SETE LAGOAS,51445,65641,130968,13882
MG,53457,SILVEIRÂNIA,1391,567,2120,162
MG,53473,SILVIANÓPOLIS,1486,1840,3657,331
MG,53490,SIMÃO PEREIRA,1337,930,2427,160
MG,53511,SIMONÉSIA,5749,4960,11405,696
MG,53538,SOBRÁLIA,1520,1286,2990,184
MG,53554,SOLEDADE DE MINAS,1745,1772,3823,306
MG,53570,TABULEIRO,1819,1017,3061,225
MG,53597,TAIOBEIRAS,7822,9943,18847,1082
MG,53619,TAPIRA,997,2317,3537,223
MG,53635,TAPIRAÍ,771,583,1461,107
MG,53651,TAQUARAÇU DE MINAS,1527,1638,3507,342
MG,53678,TARUMIRIM,3756,3075,7131,300
MG,53694,TEIXEIRAS,5020,2333,7839,486
MG,53716,TEÓFILO OTONI,35724,33233,73292,4335
MG,53732,TIMÓTEO,17562,24760,45310,2988
MG,53759,TIRADENTES,2723,2228,5400,449
MG,53775,TIROS,1395,2562,4190,233
MG,53791,TOCANTINS,5245,4168,10119,706
MG,53813,TOLEDO,1812,2601,4709,296
MG,53830,TOMBOS,2947,2148,5318,223
MG,53856,TRÊS CORAÇÕES,15554,21646,41786,4586
MG,53872,TRÊS PONTAS,17261,13923,34494,3310
MG,53899,TUMIRITINGA,2109,1430,3707,168
MG,53910,TUPACIGUARA,8147,6073,14950,730
MG,53937,TURMALINA,8085,2976,11654,593
MG,53953,TURVOLÂNDIA,1547,1586,3428,295
MG,53970,UBÁ,27196,23297,54497,4004
MG,53996,UBAÍ,4838,1311,6464,315
MG,54011,UBERABA,78984,84023,178906,15899
MG,54038,UBERLÂNDIA,178074,184744,398453,35635
MG,54054,UMBURATIBA,1228,445,1743,70
MG,54070,UNAÍ,17962,24929,46264,3373
MG,54097,URUCÂNIA,4000,2002,6299,297
MG,54119,VARGEM BONITA,747,1030,1878,101
MG,54135,VARGINHA,28811,41672,79043,8560
MG,54151,VÁRZEA DA PALMA,9750,7528,18633,1355
MG,54178,VARZELÂNDIA,7803,2290,10510,417
MG,54194,VAZANTE,6240,4950,12100,910
MG,54216,WENCESLAU BRAZ,880,942,2012,190
MG,54232,VERÍSSIMO,1224,815,2177,138
MG,54259,VESPASIANO,31416,30471,67273,5386
MG,54275,VIÇOSA,29535,12600,45831,3696
MG,54291,VIEIRAS,1720,1140,3018,158
MG,54313,MATHIAS LOBATO,1410,811,2291,70
MG,54330,VIRGEM DA LAPA,4482,1594,6406,330
MG,54356,VIRGÍNIA,2772,2344,5635,519
MG,54372,VIRGINÓPOLIS,3604,1519,5636,513
MG,54399,VIRGOLÂNDIA,2094,688,2980,198
MG,54410,VISCONDE DO RIO BRANCO,13028,8712,23117,1377
MG,54437,VOLTA GRANDE,1849,975,2973,149
MG,54453,ITAÚ DE MINAS,3419,4608,8884,857
MS,55000,NOVA ALVORADA DO SUL,4832,5383,10806,591
MS,55018,ALCINÓPOLIS,1306,1123,2630,201
MS,55026,LAGUNA CARAPÃ,1668,2393,4295,234
MS,55034,JAPORÃ,3049,1169,4357,139
MS,55042,NOVO HORIZONTE DO SUL,1431,1275,2902,196
MS,55050,PARAÍSO DAS ÁGUAS,888,1905,2985,192
MS,55069,FIGUEIRÃO,876,884,1924,164
MS,90034,ÁGUA CLARA,3428,4181,8084,475
MS,90115,AMAMBAI,8358,10109,19528,1061
MS,90131,ANASTÁCIO,6034,6364,13256,858
MS,90158,ANAURILÂNDIA,2320,1897,4573,356
MS,90174,ANTÔNIO JOÃO,2648,2730,5699,321
MS,90190,APARECIDA DO TABOADO,5032,7221,13301,1048
MS,90212,AQUIDAUANA,12259,11937,25838,1642
MS,90298,BANDEIRANTES,2072,2223,4672,377
MS,90379,BATAGUASSU,5748,6768,13601,1085
MS,90395,BATAYPORÃ,2753,2815,6021,453
MS,90417,BELA VISTA,4904,6129,11667,634
MS,90433,BONITO,5113,7340,13237,784
MS,90450,BRASILÂNDIA,2451,3296,6237,490
MS,90492,CAMAPUÃ,3559,4253,8378,566
MS,90514,CAMPO GRANDE,176576,278642,510748,55530
MS,90530,CARACOL,1550,1771,3459,138
MS,90557,CAARAPÓ,6137,9003,15870,730
MS,90573,CASSILÂNDIA,3598,6252,10909,1059
MS,90611,CORGUINHO,1352,1384,2982,246
MS,90638,CORUMBÁ,24073,22949,51383,4361
MS,90654,COXIM,8298,9149,18686,1239
MS,90735,DOURADOS,46493,72596,130204,11115
MS,90751,FÁTIMA DO SUL,5610,6025,12661,1026
MS,90794,GLÓRIA DE DOURADOS,2630,2842,5879,407
MS,90816,GUIA LOPES DA LAGUNA,2433,2759,5547,355
MS,90859,IGUATEMI,2997,4242,7602,363
MS,90875,INOCÊNCIA,1794,2293,4454,367
MS,90891,ITAPORÃ,3854,6452,10930,624
MS,90930,IVINHEMA,5896,8504,15403,1003
MS,90972,JARAGUARI,1889,1771,3982,322
MS,90999,JARDIM,4757,7401,12950,792
MS,91014,JATEÍ,1537,1527,3318,254
MS,91030,LADÁRIO,4732,4566,10120,822
MS,91073,MARACAJU,7072,13484,21688,1132
MS,91111,MIRANDA,8380,5194,14271,697
MS,91138,NAVIRAÍ,9124,16195,27002,1683
MS,91154,NIOAQUE,3692,3813,7906,401
MS,91235,NOVA ANDRADINA,10254,13211,25307,1842
MS,91251,PARANAÍBA,9219,11266,22623,2138
MS,91278,PEDRO GOMES,2002,2063,4285,220
MS,91316,PONTA PORÃ,18761,28616,51121,3744
MS,91375,PORTO MURTINHO,2596,2697,5495,202
MS,91413,RIBAS DO RIO PARDO,4387,4865,9943,691
MS,91430,RIO BRILHANTE,7852,10106,18973,1015
MS,91456,RIO NEGRO,1338,1399,2968,231
MS,91472,RIO VERDE DE MATO GROSSO,4462,5493,10507,552
MS,91499,ROCHEDO,1399,1603,3309,307
MS,91570,SIDROLÂNDIA,10845,12603,24988,1540
MS,91596,TERENOS,4669,4542,10155,944
MS,91650,TRÊS LAGOAS,24636,33397,63406,5373
MS,91693,ANGÉLICA,3024,2788,6276,464
MS,91715,ARAL MOREIRA,2812,2962,6005,231
MS,91731,ELDORADO,2378,3433,6194,383
MS,91758,DEODÁPOLIS,3452,3849,7845,544
MS,91782,CHAPADÃO DO SUL,4350,10087,15132,695
MS,91790,MUNDO NOVO,3863,6025,10407,519
MS,91804,DOIS IRMÃOS DO BURITI,3853,1963,6203,387
MS,91820,JUTI,2084,1793,4043,166
MS,91847,PARANHOS,3419,2346,6054,289
MS,91863,SANTA RITA DO PARDO,1613,1721,3640,306
MS,91880,SONORA,3567,4269,8227,391
MS,91901,VICENTINA,2528,1632,4570,410
MS,98019,BODOQUENA,2343,2289,5000,368
MS,98035,COSTA RICA,6034,8605,15602,963
MS,98051,DOURADINA,1553,2222,3984,209
MS,98078,ITAQUIRAÍ,5227,4117,9937,593
MS,98094,SÃO GABRIEL DO OESTE,4994,10198,16121,929
MS,98116,SELVÍRIA,2835,1842,4968,291
MS,98132,SETE QUEDAS,1967,3136,5383,280
MS,98159,TACURU,3034,1474,4749,241
MS,98175,TAQUARUSSU,1516,1131,2756,109
MS,98590,CORONEL SAPUCAIA,4254,4254,8868,360
MT,89788,COLNIZA,3004,8656,12178,518
MT,89796,COLÍDER,3328,13331,17540,881
MT,89800,CURVELÂNDIA,1203,1934,3305,168
MT,89818,NOVA BRASILÂNDIA,1346,1156,2712,210
MT,89826,NOVA SANTA HELENA,625,1499,2204,80
MT,89834,PARANATINGA,3295,7166,10978,517
MT,89843,SANTO ANTÔNIO DO LESTE,642,1042,1774,90
MT,89850,SINOP,18557,58474,81031,4000
MT,89877,ALTA FLORESTA,8557,19745,29932,1630
MT,89893,ARAPUTANGA,2349,5617,8480,514
MT,89915,JAURU,1393,3282,4913,238
MT,89931,SÃO JOSÉ DOS QUATRO MARCOS,3026,6343,9871,502
MT,89958,RIO BRANCO,1211,1523,2923,189
MT,89960,RONDOLÂNDIA,804,968,1882,110
MT,89974,SALTO DO CÉU,737,1369,2223,117
MT,89990,PONTES E LACERDA,5367,16094,22742,1281
MT,90018,ACORIZAL,2986,2220,5471,265
MT,90026,SÃO JOSÉ DO POVO,883,1020,2043,140
MT,90042,ALTO BOA VISTA,716,2047,2885,122
MT,90050,ALTO ARAGUAIA,3188,5007,8668,473
MT,90069,QUERÊNCIA,2786,7473,10581,322
MT,90077,ALTO GARÇAS,2324,3440,6038,274
MT,90085,CANABRAVA DO NORTE,785,1641,2563,137
MT,90093,ALTO PARAGUAI,2648,1599,4522,275
MT,90107,SANTA CARMEM,634,2063,2813,116
MT,90123,NOVA MARINGÁ,875,2012,2975,88
MT,90140,NOVA GUARITA,1017,1706,2814,91
MT,90166,NOVA MARILÂNDIA,779,1116,2006,111
MT,90182,PORTO ESTRELA,1467,770,2351,114
MT,90204,GLÓRIA D OESTE,651,1250,1982,81
MT,90220,TABAPORÃ,1155,3574,4964,235
MT,90239,ARAGUAINHA,465,314,814,35
MT,90247,SÃO JOSÉ DO XINGU,1224,1536,2860,100
MT,90255,ARENÁPOLIS,2371,3221,5962,370
MT,90263,APIACÁS,1557,2417,4165,191
MT,90271,ARIPUANÃ,2264,6510,9146,372
MT,90280,CONFRESA,4802,10371,15782,609
MT,90301,LAMBARI D OESTE,1393,1478,3068,197
MT,90310,BARÃO DE MELGAÇO,3010,1636,4897,251
MT,90328,SANTO AFONSO,717,901,1721,103
MT,90336,BARRA DO BUGRES,8475,7905,17367,987
MT,90344,PLANALTO DA SERRA,992,885,1985,108
MT,90352,BARRA DO GARÇAS,12688,18492,33201,2021
MT,90360,NOVA MONTE VERDE,1220,2925,4331,186
MT,90387,NOVA BANDEIRANTES,1255,4958,6471,258
MT,90409,SÃO PEDRO DA CIPA,1230,1318,2680,132
MT,90425,COTRIGUAÇU,1755,3995,6045,295
MT,90441,RIBEIRÃOZINHO,770,771,1650,109
MT,90468,BRASNORTE,2229,5632,8174,313
MT,90476,CÁCERES,21730,21725,46454,2999
MT,90484,CAMPO NOVO DO PARECIS,6180,12526,19499,793
MT,90506,CAMPO VERDE,7158,15196,23548,1194
MT,90522,CLÁUDIA,1534,4385,6162,243
MT,90549,CASTANHEIRA,1378,2559,4156,219
MT,90565,JANGADA,3230,1963,5468,275
MT,90581,JURUENA,1240,3019,4453,194
MT,90590,CHAPADA DOS GUIMARÃES,6127,5722,12558,709
MT,90603,LUCAS DO RIO VERDE,9278,25571,36336,1487
MT,90620,MATUPÁ,2525,6661,9572,386
MT,90646,NOVA MUTUM,6198,17140,24316,978
MT,90662,RIBEIRÃO CASCALHEIRA,1658,3157,5046,231
MT,90670,CUIABÁ,127067,192100,348309,29142
MT,90689,TAPURAH,1536,4751,6504,217
MT,90697,DIAMANTINO,4527,7126,12161,508
MT,90700,PONTAL DO ARAGUAIA,1546,1962,3721,213
MT,90719,DOM AQUINO,1988,2430,4719,301
MT,90727,SAPEZAL,3971,8572,13001,458
MT,90743,CAMPOS DE JÚLIO,1103,2602,3834,129
MT,90760,CARLINDA,2332,2980,5665,353
MT,90778,GENERAL CARNEIRO,1496,1425,3048,127
MT,90786,FELIZ NATAL,1559,2815,4508,134
MT,90808,NOVO MUNDO,1106,2557,3793,130
MT,90824,GAÚCHA DO NORTE,1231,2568,3922,123
MT,90832,GUIRATINGA,2808,3019,6254,427
MT,90840,UNIÃO DO SUL,741,1416,2236,79
MT,90867,NOVA LACERDA,1144,1760,3053,149
MT,90883,NOVA UBIRATÃ,1743,3554,5515,218
MT,90905,BOM JESUS DO ARAGUAIA,1328,1960,3433,145
MT,90913,ITIQUIRA,2472,3572,6470,426
MT,90921,SERRA NOVA DOURADA,374,724,1140,42
MT,90948,NOVO SANTO ANTÔNIO,472,723,1273,78
MT,90956,JACIARA,4687,9593,15195,915
MT,90964,NOVA NAZARÉ,737,894,1718,87
MT,90980,SANTA CRUZ DO XINGU,419,821,1291,51
MT,91006,CONQUISTA D OESTE,590,1442,2117,85
MT,91022,VALE DE SÃO DOMINGOS,468,1365,1897,64
MT,91049,SANTA RITA DO TRIVELATO,522,1032,1641,87
MT,91057,LUCIARA,739,836,1652,77
MT,91081,IPIRANGA DO NORTE,963,2549,3632,120
MT,91090,VILA BELA DA SANTÍSSIMA TRINDADE,3252,3863,7550,435
MT,91103,ITANHANGÁ,801,2922,3797,74
MT,91170,NOBRES,2833,5659,8964,472
MT,91197,NORTELÂNDIA,1775,1600,3618,243
MT,91219,NOSSA SENHORA DO LIVRAMENTO,6339,2782,9637,516
MT,91294,POCONÉ,11240,5830,17805,735
MT,91332,PONTE BRANCA,843,504,1432,85
MT,91359,PORTO DOS GAÚCHOS,771,2049,2943,123
MT,91391,POXORÉU,4579,4467,9693,647
MT,91510,RONDONÓPOLIS,43158,74582,125214,7474
MT,91537,ROSÁRIO OESTE,4949,4075,9550,526
MT,91553,SANTO ANTÔNIO DO LEVERGER,6753,5343,12872,776
MT,91618,TESOURO,1075,849,2111,187
MT,91634,TORIXORÉU,1200,1278,2639,161
MT,91677,VÁRZEA GRANDE,57411,75663,142859,9785
MT,91774,MIRASSOL D OESTE,4326,9085,14195,784
MT,91812,PEDRA PRETA,4444,5304,10336,588
MT,91839,SÃO FÉLIX DO ARAGUAIA,1910,2902,5068,256
MT,91855,TANGARÁ DA SERRA,13286,34774,51371,3311
MT,91898,JUSCIMEIRA,2700,3667,6712,345
MT,91910,ÁGUA BOA,3081,10472,14032,479
MT,91936,CANARANA,2520,8650,11558,388
MT,91952,NOVA XAVANTINA,3411,7099,11046,536
MT,91979,SANTA TEREZINHA,1854,1359,3408,195
MT,91995,SÃO JOSÉ DO RIO CLARO,1937,6014,8309,358
MT,98191,JUARA,4059,12362,17277,856
MT,98310,JUÍNA,6915,15291,23311,1105
MT,98337,DENISE,1950,2243,4409,216
MT,98612,ALTO TAQUARI,1761,3302,5325,262
MT,98639,ARAGUAIANA,1117,1036,2300,147
MT,98655,CAMPINÁPOLIS,4094,2905,7245,246
MT,98671,COCALINHO,1393,1693,3179,93
MT,98698,ITAÚBA,918,1846,2918,154
MT,98710,MARCELÂNDIA,1397,4487,6073,189
MT,98736,NOVA OLÍMPIA,4680,3914,9030,436
MT,98752,NOVA CANAÃ DO NORTE,1855,4769,7040,416
MT,98779,NOVO SÃO JOAQUIM,1213,2463,3839,163
MT,98795,NOVO HORIZONTE DO NORTE,713,1384,2263,166
MT,98817,PEIXOTO DE AZEVEDO,6893,8720,16363,750
MT,98833,PARANAÍTA,2046,4330,6732,356
MT,98850,PORTO ALEGRE DO NORTE,2195,3165,5575,215
MT,98876,PORTO ESPERIDIÃO,2474,2779,5448,195
MT,98892,PRIMAVERA DO LESTE,9203,27127,38037,1707
MT,98914,RESERVA DO CABAÇAL,554,689,1347,104
MT,98930,SORRISO,13457,35904,51174,1813
MT,98957,TERRA NOVA DO NORTE,2101,3765,6178,312
MT,98973,VERA,1454,3461,5147,232
MT,98990,VILA RICA,2975,6247,9623,401
MT,99015,COMODORO,3082,6301,9793,410
MT,99031,FIGUEIRÓPOLIS D OESTE,493,1512,2116,111
MT,99058,GUARANTÃ DO NORTE,3024,12410,15986,552
MT,99074,INDIAVAÍ,624,795,1488,69
PA,4006,GOIANÉSIA DO PARÁ,9008,6085,15965,872
PA,4014,ABAETETUBA,70766,22267,98299,5266
PA,4022,TAILÂNDIA,20617,16644,39397,2136
PA,4030,ACARÁ,24143,9994,36940,2803
PA,4049,BOM JESUS DO TOCANTINS,4541,3477,8489,471
PA,4057,AFUÁ,12781,5785,20740,2174
PA,4065,SÃO JOÃO DE PIRABAS,9054,3540,13456,862
PA,4073,ALENQUER,15772,14435,32583,2376
PA,4081,TUCUMÃ,6862,12354,20053,837
PA,4090,ALMEIRIM,11781,4798,17368,789
PA,4103,MÃE DO RIO,10003,7738,19093,1352
PA,4111,ALTAMIRA,23403,36642,63429,3384
PA,4120,ELDORADO DOS CARAJÁS,7206,6676,14646,764
PA,4138,ANAJÁS,7161,6827,15369,1381
PA,4146,SANTA LUZIA DO PARÁ,9564,3070,13468,834
PA,4154,ANANINDEUA,126428,121572,278875,30875
PA,4162,PALESTINA DO PARÁ,2651,1687,4527,189
PA,4170,AUGUSTO CORRÊA,19088,6634,28213,2491
PA,4189,IPIXUNA DO PARÁ,11077,5288,17368,1003
PA,4197,AVEIRO,4740,2953,8135,442
PA,4200,JACAREACANGA,4382,3986,8812,444
PA,4219,BAGRE,8816,2316,11691,559
PA,4227,BRASIL NOVO,3875,7470,11924,579
PA,4235,BAIÃO,15094,4653,20811,1064
PA,4243,SANTA BÁRBARA DO PARÁ,7127,5177,13472,1168
PA,4251,BARCARENA,46430,23416,76002,6156
PA,4260,ÁGUA AZUL DO NORTE,3079,4105,7507,323
PA,4278,BELÉM,392207,370564,857507,94736
PA,4286,TRAIRÃO,2722,5348,8391,321
PA,4294,BENEVIDES,19270,14975,37208,2963
PA,4308,PAU D ARCO,2452,2667,5444,325
PA,4316,BONITO,6710,2428,9904,766
PA,4324,ULIANÓPOLIS,7409,6704,14668,555
PA,4332,BRAGANÇA,40248,22673,68974,6053
PA,4340,AURORA DO PARÁ,9519,3480,13852,853
PA,4359,BREVES,32399,17819,53763,3545
PA,4367,TERRA SANTA,6114,4076,10752,562
PA,4375,BUJARU,11878,4647,17668,1143
PA,4383,NOVO PROGRESSO,2830,12824,16111,457
PA,4391,CACHOEIRA DO ARARI,10686,2520,14098,892
PA,4405,VITÓRIA DO XINGU,5454,5312,11400,634
PA,4413,CAMETÁ,61121,17289,82812,4402
PA,4421,NOVO REPARTIMENTO,14140,17086,32712,1486
PA,4430,CAPANEMA,24307,14809,42028,2912
PA,4448,BREU BRANCO,12627,8732,22608,1249
PA,4456,CAPITÃO POÇO,20487,10818,33443,2138
PA,4464,SÃO DOMINGOS DO ARAGUAIA,6668,4571,11862,623
PA,4472,CASTANHAL,49819,52329,112472,10324
PA,4480,NOVA ESPERANÇA DO PIRIÁ,6643,4689,12030,698
PA,4499,CHAVES,6321,2771,9951,859
PA,4502,ABEL FIGUEIREDO,2377,1563,4144,204
PA,4510,COLARES,6411,1864,9002,727
PA,4529,CUMARU DO NORTE,1962,3206,5348,180
PA,4537,CONCEIÇÃO DO ARAGUAIA,10307,12110,24017,1600
PA,4545,TERRA ALTA,5332,2500,8377,545
PA,4553,CURRALINHO,13871,3556,18253,826
PA,4561,FLORESTA DO ARAGUAIA,4826,5350,10665,489
PA,4570,CURUÇÁ,17963,6246,25810,1601
PA,4588,BANNACH,848,1238,2180,94
PA,4596,FARO,3988,883,5033,162
PA,4600,NOVA IPIXUNA,4205,3365,8145,575
PA,4618,GURUPÁ,12035,4414,17336,887
PA,4626,PLACAS,3607,6163,10305,535
PA,4634,IGARAPÉ-AÇU,16956,5923,24589,1710
PA,4642,MARITUBA,34111,27552,67934,6271
PA,4650,IGARAPÉ-MIRI,25116,13133,40975,2726
PA,4669,TRACUATEUA,14326,3662,19089,1101
PA,4677,INHANGAPI,4409,2509,7542,624
PA,4685,QUATIPURU,5259,1673,7404,472
PA,4693,IRITUIA,14636,4612,20765,1517
PA,4707,CANAÃ DOS CARAJÁS,13059,21128,35827,1640
PA,4715,ITAITUBA,21740,34063,58949,3146
PA,4723,ANAPU,6332,9334,16319,653
PA,4731,ITUPIRANGA,14322,8472,23926,1132
PA,4740,CURUÁ,6415,1789,8718,514
PA,4758,JACUNDÁ,13309,9627,24384,1448
PA,4766,CACHOEIRA DO PIRIÁ,7535,2516,10665,614
PA,4774,JURUTI,16377,10785,28774,1612
PA,4782,PIÇARRA,3322,3548,7217,347
PA,4790,LIMOEIRO DO AJURU,12509,4276,17976,1191
PA,4804,BELTERRA,6056,5169,11992,767
PA,4812,MAGALHÃES BARATA,4356,1816,6610,438
PA,4820,SÃO JOÃO DA PONTA,3182,1286,4818,350
PA,4839,MARABÁ,62464,68387,139478,8627
PA,4847,SAPUCAIA,1913,1576,3658,169
PA,4855,MARACANÃ,13482,5778,20598,1338
PA,4863,MOJUÍ DOS CAMPOS,6211,8614,15791,966
PA,4871,MARAPANIM,12018,5348,18780,1414
PA,4898,MELGAÇO,8042,3857,12557,658
PA,4910,MOCAJUBA,15487,4909,21577,1181
PA,4936,MOJU,30251,10858,43560,2451
PA,4952,MONTE ALEGRE,18112,17901,38708,2695
PA,4979,MUANÁ,15710,4758,21693,1225
PA,4995,NOVA TIMBOTEUA,6352,2216,9122,554
PA,5010,ÓBIDOS,19762,7800,29312,1750
PA,5037,OEIRAS DO PARÁ,14713,3321,19032,998
PA,5053,ORIXIMINÁ,19850,13572,35982,2560
PA,5070,OURÉM,8939,2809,12615,867
PA,5096,PARAGOMINAS,22360,29708,55250,3182
PA,5118,PEIXE-BOI,4661,1942,7028,425
PA,5134,PONTA DE PEDRAS,12296,3667,17080,1117
PA,5150,PORTEL,16823,7865,26386,1698
PA,5177,PORTO DE MOZ,10943,5361,17069,765
PA,5193,PRAINHA,11278,7946,20004,780
PA,5215,PRIMAVERA,5811,1823,8216,582
PA,5231,SALINÓPOLIS,16767,8441,27075,1867
PA,5258,SALVATERRA,10190,3885,15156,1081
PA,5274,SANTA CRUZ DO ARARI,3200,1161,4587,226
PA,5290,SANTA ISABEL DO PARÁ,19464,15362,38225,3399
PA,5312,SANTA MARIA DO PARÁ,8978,6708,16885,1199
PA,5339,SANTANA DO ARAGUAIA,6172,9876,16735,687
PA,5355,SANTARÉM,78380,92736,187743,16627
PA,5371,SANTARÉM NOVO,3767,1159,5191,265
PA,5398,SANTO ANTÔNIO DO TAUÁ,12027,6361,19809,1421
PA,5410,SÃO CAETANO DE ODIVELAS,8478,2713,12125,934
PA,5436,SÃO DOMINGOS DO CAPIM,13427,3948,18794,1419
PA,5452,SÃO FÉLIX DO XINGU,9778,18706,29654,1170
PA,5479,SÃO FRANCISCO DO PARÁ,7402,4117,12293,774
PA,5495,SÃO JOÃO DO ARAGUAIA,5024,3086,8538,428
PA,5517,SÃO MIGUEL DO GUAMÁ,20452,9153,32486,2881
PA,5533,SÃO SEBASTIÃO DA BOA VISTA,12744,3944,17510,822
PA,5550,SENADOR JOSÉ PORFÍRIO,4881,4068,9426,477
PA,5576,SOURE,12101,3498,16736,1137
PA,5592,TOMÉ-AÇU,22565,13846,38676,2265
PA,5614,TUCURUÍ,29837,20907,54153,3409
PA,5630,VIGIA,19936,7942,29940,2062
PA,5657,VISEU,25546,5763,32720,1411
PA,5673,REDENÇÃO,14587,30037,46973,2349
PA,5690,RIO MARIA,4344,5618,10475,513
PA,5711,XINGUARA,9613,15385,26313,1315
PA,5738,RONDON DO PARÁ,9409,10056,20415,950
PA,5754,URUARÁ,5730,15092,21864,1042
PA,5770,MEDICILÂNDIA,4768,9415,15061,878
PA,5797,SÃO GERALDO DO ARAGUAIA,6403,7831,14879,645
PA,5819,CONCÓRDIA DO PARÁ,11500,6389,18821,932
PA,5835,PARAUAPEBAS,54645,77396,140008,7967
PA,5851,CURIONÓPOLIS,5750,6081,12427,596
PA,5878,GARRAFÃO DO NORTE,11603,3960,16825,1262
PA,5894,RURÓPOLIS,5359,7772,13934,803
PA,5916,PACAJÁ,8162,11511,20813,1140
PA,5932,BREJO GRANDE DO ARAGUAIA,2898,2035,5163,230
PA,5959,OURILÂNDIA DO NORTE,6496,9605,16793,692
PA,5975,DOM ELISEU,11863,9705,22639,1071
PA,5991,SANTA MARIA DAS BARREIRAS,3467,5338,9202,397
PB,19003,RIACHÃO DO POÇO,2376,902,3463,185
PB,19011,ÁGUA BRANCA,4946,672,5858,240
PB,19020,SOBRADO,3849,1402,5616,365
PB,19038,AGUIAR,2965,571,3683,147
PB,19046,SÃO JOSÉ DOS RAMOS,3153,834,4192,205
PB,19054,ALAGOA GRANDE,11860,3573,16207,774
PB,19062,CAPIM,3519,1085,4898,294
PB,19070,ALAGOA NOVA,8721,2243,11872,908
PB,19089,CUITÉ DE MAMANGUAPE,4137,834,5198,227
PB,19097,ALAGOINHA,7026,1385,8825,414
PB,19100,CURRAL DE CIMA,3402,650,4323,271
PB,19119,ALHANDRA,8729,5275,14686,682
PB,19127,RIACHÃO DO BACAMARTE,2569,720,3465,176
PB,19135,SÃO JOÃO DO RIO DO PEIXE,8822,1697,11031,512
PB,19143,MATINHAS,2566,603,3325,156
PB,19151,ARAÇAGI,8345,1557,10379,477
PB,19160,LOGRADOURO,2102,897,3169,170
PB,19178,ARARA,4725,1255,6384,404
PB,19186,SERTÃOZINHO,2532,665,3351,154
PB,19194,ARARUNA,7030,2175,9785,580
PB,19208,RIACHÃO,1842,439,2380,99
PB,19216,AREIA,10263,2669,13698,766
PB,19224,SÃO DOMINGOS DO CARIRI,1593,527,2274,154
PB,19232,AREIAL,3300,1029,4635,306
PB,19240,CARAÚBAS,2678,597,3441,166
PB,19259,AROEIRAS,9398,2131,12059,530
PB,19267,SANTO ANDRÉ,1779,354,2242,109
PB,19275,DAMIÃO,2703,430,3297,164
PB,19283,SOSSÊGO,2189,305,2632,138
PB,19291,BAÍA DA TRAIÇÃO,4775,892,5881,214
PB,19305,BARAÚNA,2743,520,3433,170
PB,19313,BANANEIRAS,10394,2317,13542,831
PB,19321,ASSUNÇÃO,2379,638,3143,126
PB,19330,BARRA DE SANTA ROSA,6603,1367,8305,335
PB,19348,ZABELÊ,1525,229,1830,76
PB,19356,BARRA DE SÃO MIGUEL,3331,1159,4712,222
PB,19364,CACIMBAS,3693,513,4363,157
PB,19372,BAYEUX,30224,25160,59310,3926
PB,19380,CAJAZEIRINHAS,2353,464,2929,112
PB,19399,BELÉM,6638,2525,9683,520
PB,19402,SÃO BENTINHO,2378,376,2878,124
PB,19410,BELÉM DO BREJO DO CRUZ,3502,1077,4818,239
PB,19429,SÃO DOMINGOS,1800,478,2433,155
PB,19437,BOA VENTURA,3060,587,3841,194
PB,19445,SÃO JOSÉ DE PRINCESA,2131,229,2465,105
PB,19453,BOM JESUS,2059,230,2380,91
PB,19461,MARIZÓPOLIS,3448,1201,4895,246
PB,19470,BOM SUCESSO,3112,344,3658,202
PB,19488,MATO GROSSO,1969,176,2219,74
PB,19496,BONITO DE SANTA FÉ,4223,1269,5729,237
PB,19500,BERNARDINO BATISTA,1923,323,2343,97
PB,19518,BOQUEIRÃO,7821,3255,11687,611
PB,19526,POÇO DE JOSÉ DE MOURA,2491,422,3046,133
PB,19534,IGARACY,3172,662,4096,262
PB,19542,SÃO JOSÉ DO BREJO DO CRUZ,1273,429,1812,110
PB,19550,BORBOREMA,2576,616,3367,175
PB,19569,SANTA INÊS,2544,217,2855,94
PB,19577,BREJO DO CRUZ,5514,1983,7946,449
PB,19585,AMPARO,1764,226,2047,57
PB,19593,BREJO DOS SANTOS,3335,1121,4652,196
PB,19607,CASSERENGUE,3531,602,4388,255
PB,19615,CAAPORÃ,8633,3743,12956,580
PB,19623,GADO BRAVO,4626,891,5816,299
PB,19631,CABACEIRAS,2555,1131,3971,285
PB,19640,POÇO DANTAS,2543,316,2974,115
PB,19658,CABEDELO,19453,16630,39032,2949
PB,19666,JOCA CLAUDINO,1550,250,1907,107
PB,19674,CACHOEIRA DOS ÍNDIOS,4870,742,5842,230
PB,19682,TENÓRIO,1846,382,2332,104
PB,19690,CACIMBA DE AREIA,2455,494,3047,98
PB,19704,COXIXOLA,1196,258,1529,75
PB,19712,CACIMBA DE DENTRO,7392,2056,9920,472
PB,19720,PARARI,1345,307,1718,66
PB,19739,CAIÇARA,3188,1168,4589,233
PB,19747,PEDRO RÉGIS,2641,828,3705,236
PB,19755,CAJAZEIRAS,28685,6105,36545,1755
PB,19763,ALCANTIL,2261,1309,3860,290
PB,19771,CALDAS BRANDÃO,3136,869,4192,187
PB,19780,BARRA DE SANTANA,4145,1268,5749,336
PB,19798,CAMALAÚ,4047,441,4637,149
PB,19801,CATURITÉ,2998,773,4022,251
PB,19810,CAMPINA GRANDE,118874,102633,241623,20116
PB,19828,RIACHO DE SANTO ANTÔNIO,1360,537,1983,86
PB,19836,CARRAPATEIRA,1422,232,1730,76
PB,19844,APARECIDA,4090,1158,5498,250
PB,19852,CATINGUEIRA,2842,821,3882,219
PB,19860,SÃO FRANCISCO,2459,621,3243,163
PB,19879,CATOLÉ DO ROCHA,12620,3665,17098,813
PB,19887,VIEIRÓPOLIS,3037,623,3840,180
PB,19895,CONCEIÇÃO,8425,1987,10900,488
PB,19909,AREIA DE BARAÚNAS,1378,238,1703,87
PB,19917,CONDADO,3380,667,4246,199
PB,19925,ALGODÃO DE JANDAÍRA,1918,287,2279,74
PB,19933,CONDE,10649,6093,17617,875
PB,19941,BOA VISTA,3314,1345,4956,297
PB,19950,CONGO,3395,655,4254,204
PB,19968,MARCAÇÃO,4570,770,5535,195
PB,19976,COREMAS,6736,1788,8890,366
PB,19984,MATURÉIA,3355,532,4064,177
PB,19992,CRUZ DO ESPÍRITO SANTO,8879,3076,12541,586
PB,20001,SANTA CECÍLIA,4000,1215,5521,306
PB,20010,CUBATI,3677,1084,5022,261
PB,20036,CUITÉ,10224,1964,12830,642
PB,20052,CUITEGI,3143,839,4218,236
PB,20079,CURRAL VELHO,1302,320,1763,141
PB,20095,DESTERRO,4426,946,5599,227
PB,20117,VISTA SERRANA,1722,482,2353,149
PB,20133,DIAMANTE,3144,651,3987,192
PB,20150,DONA INÊS,5653,816,6701,232
PB,20176,DUAS ESTRADAS,2051,564,2747,132
PB,20192,EMAS,1875,486,2498,137
PB,20214,ESPERANÇA,12510,5268,19038,1260
PB,20230,FAGUNDES,5742,1263,7369,364
PB,20257,FREI MARTINHO,1619,510,2259,130
PB,20273,GUARABIRA,20150,11134,33531,2247
PB,20290,GURINHÉM,6346,1912,8621,363
PB,20311,GURJÃO,2055,339,2502,108
PB,20338,IBIARA,3244,570,3978,164
PB,20354,IMACULADA,5274,722,6211,215
PB,20370,INGÁ,7757,3027,11319,535
PB,20397,ITABAIANA,9176,5056,14914,682
PB,20419,ITAPORANGA,9547,2520,12813,746
PB,20435,ITAPOROROCA,7466,2186,10204,552
PB,20451,ITATUBA,4743,1505,6516,268
PB,20478,JACARAÚ,6927,2527,10036,582
PB,20494,JERICÓ,4328,732,5271,211
PB,20516,JOÃO PESSOA,217243,203971,458518,37304
PB,20532,JUAREZ TÁVORA,4321,1234,5796,241
PB,20559,JUAZEIRINHO,7593,2141,10184,450
PB,20575,JUNCO DO SERIDÓ,3305,870,4453,278
PB,20591,JURIPIRANGA,5481,1867,7638,290
PB,20613,JURU,4819,629,5685,237
PB,20630,LAGOA,2933,461,3545,151
PB,20656,LAGOA DE DENTRO,3998,1067,5336,271
PB,20672,LAGOA SECA,9738,5279,16113,1096
PB,20699,LASTRO,2755,493,3366,118
PB,20710,LIVRAMENTO,3234,869,4311,208
PB,20737,LUCENA,6128,2885,9557,544
PB,20753,MÃE D ÁGUA,2363,455,2950,132
PB,20770,MALTA,3251,491,3896,154
PB,20796,MAMANGUAPE,16631,7160,25219,1428
PB,20818,MANAÍRA,5412,661,6383,310
PB,20834,MARI,9659,3414,13741,668
PB,20850,MASSARANDUBA,6241,2216,8970,513
PB,20877,MATARACA,4270,1610,6138,258
PB,20893,MOGEIRO,5680,2275,8266,311
PB,20915,MONTADAS,2679,934,3821,208
PB,20931,MONTE HOREBE,2399,339,2932,194
PB,20958,MONTEIRO,15433,3732,20100,935
PB,20974,MULUNGU,5197,1480,7084,407
PB,20990,NATUBA,3498,1059,4870,313
PB,21016,NAZAREZINHO,4549,700,5470,221
PB,21032,NOVA FLORESTA,4471,1072,5916,373
PB,21059,NOVA OLINDA,3011,491,3673,171
PB,21075,NOVA PALMEIRA,2282,345,2798,171
PB,21091,OLHO D ÁGUA,3858,827,4992,307
PB,21113,OLIVEDOS,2215,683,3120,222
PB,21130,OURO VELHO,1905,432,2420,83
PB,21156,PASSAGEM,1522,382,2007,103
PB,21172,PATOS,33579,15475,52459,3405
PB,21199,PAULISTA,5536,1824,7709,349
PB,21210,PEDRA BRANCA,2011,601,2797,185
PB,21237,PEDRA LAVRADA,3664,829,4806,313
PB,21253,PEDRAS DE FOGO,11992,5349,18345,1004
PB,21270,PIANCÓ,6760,2099,9429,570
PB,21296,PICUÍ,8346,2538,11656,772
PB,21318,PILAR,5627,1952,7946,367
PB,21334,PILÕES,3866,962,5081,253
PB,21350,PILÕEZINHOS,3104,636,3955,215
PB,21377,PIRPIRITUBA,4183,1220,5782,379
PB,21393,PITIMBU,6382,2729,9456,345
PB,21415,POCINHOS,6852,3211,10732,669
PB,21431,POMBAL,12448,5562,19088,1078
PB,21458,PRATA,2310,744,3194,140
PB,21474,PRINCESA ISABEL,9810,1615,11930,505
PB,21490,PUXINANÃ,6344,2660,9621,617
PB,21512,QUEIMADAS,19148,6750,27340,1442
PB,21539,QUIXABA,1301,469,1847,77
PB,21555,REMÍGIO,8177,2056,10760,527
PB,21571,RIACHO DOS CAVALOS,5084,889,6198,225
PB,21598,RIO TINTO,10175,3965,14868,728
PB,21610,SALGADINHO,1841,449,2443,153
PB,21636,SALGADO DE SÃO FÉLIX,5264,1719,7372,389
PB,21652,SANTA CRUZ,3669,648,4478,161
PB,21679,SANTA HELENA,3763,454,4376,159
PB,21695,SANTA LUZIA,6544,2318,9410,548
PB,21717,SANTANA DE MANGUEIRA,2858,325,3323,140
PB,21733,SANTANA DOS GARROTES,3250,854,4393,289
PB,21750,SANTA RITA,43433,28520,76888,4935
PB,21776,SANTA TERESINHA,3189,938,4354,227
PB,21792,SÃO BENTO,11629,8358,21257,1270
PB,21814,SÃO JOÃO DO CARIRI,2679,530,3373,164
PB,21830,SÃO JOÃO DO TIGRE,2406,468,2996,122
PB,21857,SÃO JOSÉ DA LAGOA TAPADA,4162,779,5126,185
PB,21873,SÃO JOSÉ DE CAIANA,2940,602,3702,160
PB,21890,SÃO JOSÉ DE ESPINHARAS,2664,594,3389,131
PB,21911,SÃO JOSÉ DE PIRANHAS,9612,1570,11621,439
PB,21938,SÃO JOSÉ DO BONFIM,2363,715,3219,141
PB,21954,SÃO JOSÉ DO SABUGI,2514,767,3473,192
PB,21970,SÃO JOSÉ DOS CORDEIROS,2150,405,2657,102
PB,21997,SÃO MAMEDE,3752,1276,5350,322
PB,22012,SÃO MIGUEL DE TAIPU,2743,1798,4734,193
PB,22039,SÃO SEBASTIÃO DE LAGOA DE ROÇA,4315,1615,6402,472
PB,22055,SÃO SEBASTIÃO DO UMBUZEIRO,2036,271,2413,106
PB,22071,SAPÉ,18697,7905,28234,1632
PB,22098,SÃO VICENTE DO SERIDÓ,5048,1228,6644,368
PB,22110,SERRA BRANCA,5629,1943,8067,495
PB,22136,SERRA DA RAIZ,1598,545,2306,163
PB,22152,SERRA GRANDE,1894,303,2328,131
PB,22179,SERRA REDONDA,3593,1020,4920,307
PB,22195,SERRARIA,2286,642,3120,192
PB,22217,SOLÂNEA,11154,3812,15961,995
PB,22233,SOLEDADE,5933,2165,8587,489
PB,22250,SOUSA,25912,9618,37735,2205
PB,22276,SUMÉ,8323,1885,10624,416
PB,22292,TACIMA,4188,1220,5649,241
PB,22314,TAPEROÁ,6094,1357,7846,395
PB,22330,TAVARES,7058,811,8148,279
PB,22357,TEIXEIRA,7140,1452,8981,389
PB,22373,TRIUNFO,4750,588,5578,240
PB,22390,UIRAÚNA,7562,1607,9584,415
PB,22411,UMBUZEIRO,3915,973,5102,214
PB,22438,VÁRZEA,1773,300,2158,85
PE,23000,QUIXABA,4288,429,4820,103
PE,23019,AFOGADOS DA INGAZEIRA,16466,4334,21459,659
PE,23027,LAGOA DO CARRO,8188,3213,11780,379
PE,23035,AFRÂNIO,9681,2616,12998,701
PE,23043,SANTA CRUZ DA BAIXA VERDE,6064,918,7189,207
PE,23051,AGRESTINA,11690,3299,15501,512
PE,23060,XEXÉU,5064,1948,7359,347
PE,23078,ÁGUA PRETA,10823,3544,14798,431
PE,23086,VERTENTE DO LÉRIO,4693,1013,5946,240
PE,23094,ÁGUAS BELAS,17736,4394,22788,658
PE,23108,SANTA CRUZ,8429,1140,9833,264
PE,23116,ALAGOINHA,8207,973,9424,244
PE,23124,JUCATI,6301,986,7558,271
PE,23132,ALIANÇA,14651,5480,20807,676
PE,23140,DORMENTES,9469,2316,12316,531
PE,23159,ALTINHO,9861,2654,12979,464
PE,23167,CARNAUBEIRA DA PENHA,7994,615,8760,151
PE,23175,AMARAJI,8525,3711,12741,505
PE,23183,LAGOA GRANDE,12188,2587,15432,657
PE,23191,ANGELIM,5044,1288,6582,250
PE,23205,ARAÇOIABA,9036,3552,13096,508
PE,23213,ARARIPINA,33659,8091,43874,2124
PE,23221,CASINHAS,6951,1361,8706,394
PE,23230,ARCOVERDE,28252,8763,38620,1605
PE,23248,MANARI,8167,852,9233,214
PE,23256,BARRA DE GUABIRABA,5025,2618,7913,270
PE,23264,JATOBÁ,6707,1072,8007,228
PE,23272,BARREIROS,14124,7283,22242,835
PE,23280,TAMANDARÉ,9254,4298,14005,453
PE,23299,BELÉM DE MARIA,5315,1671,7224,238
PE,23302,JAQUEIRA,4773,1680,6660,207
PE,23310,BELÉM DO SÃO FRANCISCO,9731,1590,11747,426
PE,23329,SANTA FILOMENA,7786,1003,9211,422
PE,23337,BELO JARDIM,31267,12047,45811,2497
PE,23353,BETÂNIA,6128,721,7017,168
PE,23370,BEZERROS,26340,9262,37066,1464
PE,23396,BODOCÓ,17029,1817,19620,774
PE,23418,BOM CONSELHO,19475,4457,24817,885
PE,23434,BOM JARDIM,17080,4817,22652,755
PE,23450,BONITO,15298,6996,22931,637
PE,23477,BREJÃO,5644,1160,6957,153
PE,23493,BREJINHO,4510,716,5408,182
PE,23515,BREJO DA MADRE DE DEUS,16888,7142,25024,994
PE,23531,BUENOS AIRES,6638,1812,8710,260
PE,23558,BUÍQUE,22412,3030,26217,775
PE,23574,CABO DE SANTO AGOSTINHO,85327,36821,128191,6043
PE,23590,CABROBÓ,15805,2861,19316,650
PE,23612,CACHOEIRINHA,8966,2681,12117,470
PE,23639,CAETÉS,12467,1092,13899,340
PE,23655,CALÇADO,5071,647,5941,223
PE,23671,CALUMBI,4423,555,5047,69
PE,23698,CAMOCIM DE SÃO FÉLIX,8444,2833,11610,333
PE,23710,CAMUTANGA,3941,1425,5559,193
PE,23736,CANHOTINHO,9041,3208,12669,420
PE,23752,CAPOEIRAS,9595,1202,11132,335
PE,23779,CARNAÍBA,10101,1335,11731,295
PE,23795,CARPINA,24968,18701,45769,2100
PE,23817,CARUARU,109406,75159,195286,10721
PE,23833,CATENDE,13470,4497,18639,672
PE,23850,CEDRO,6160,735,7205,310
PE,23876,CHÃ DE ALEGRIA,6194,2249,8701,258
PE,23892,CHÃ GRANDE,9718,4207,14480,555
PE,23914,CONDADO,10414,3989,14942,539
PE,23930,CORRENTES,7801,1210,9311,300
PE,23957,CORTÊS,5666,1972,7977,339
PE,23973,CUMARU,8449,2315,11075,311
PE,23990,CUPIRA,9548,4796,14915,571
PE,24015,CUSTÓDIA,17684,2222,20316,410
PE,24031,ESCADA,25712,10034,37326,1580
PE,24058,EXU,17233,2184,20161,744
PE,24074,FEIRA NOVA,8711,4366,13672,595
PE,24090,FERREIROS,5422,1905,7586,259
PE,24112,FLORES,10174,1402,11846,270
PE,24139,FLORESTA,15262,2351,18118,505
PE,24155,FREI MIGUELINHO,7057,2455,9790,278
PE,24171,GAMELEIRA,7597,3191,11182,394
PE,24198,GARANHUNS,54269,17690,75248,3289
PE,24210,GLÓRIA DO GOITÁ,12857,3880,17291,554
PE,24236,GOIANA,31649,16386,49909,1874
PE,24252,GRANITO,4547,608,5385,230
PE,24279,GRAVATÁ,31678,16885,50939,2376
PE,24295,IATI,8795,1312,10415,308
PE,24317,IBIMIRIM,13032,1474,14801,295
PE,24333,IBIRAJUBA,4089,868,5115,158
PE,24350,IGARASSU,43924,21690,68683,3069
PE,24376,IGUARACY,5644,841,6705,220
PE,24392,INAJÁ,9507,940,10633,186
PE,24414,INGAZEIRA,2843,353,3257,61
PE,24430,IPOJUCA,45294,16142,63774,2338
PE,24457,IPUBI,12952,2358,15912,602
PE,24473,ITACURUBA,2965,411,3480,104
PE,24490,ITAÍBA,11427,1977,13885,481
PE,24511,ILHA DE ITAMARACÁ,9575,3393,13449,481
PE,24538,ITAPETIM,7253,1417,8861,191
PE,24554,ITAQUITINGA,6934,2961,10275,380
PE,24570,JABOATÃO DOS GUARARAPES,199245,147345,367250,20660
PE,24597,JATAÚBA,8698,1916,10966,352
PE,24619,JOÃO ALFREDO,13629,3279,17703,795
PE,24635,JOAQUIM NABUCO,6750,2480,9565,335
PE,24651,JUPI,7953,1296,9605,356
PE,24678,JUREMA,6641,1598,8652,413
PE,24694,LAGOA DE ITAENGA,9114,4056,13834,664
PE,24716,LAGOA DO OURO,6690,1063,7947,194
PE,24732,LAGOA DOS GATOS,6728,1656,8648,264
PE,24759,LAJEDO,16037,6280,23451,1134
PE,24775,LIMOEIRO,24808,8855,35136,1473
PE,24791,MACAPARANA,9253,4347,14214,614
PE,24813,MACHADOS,6121,1595,8036,320
PE,24830,MARAIAL,4229,1595,6011,187
PE,24856,MIRANDIBA,6891,1426,8532,215
PE,24872,MORENO,23781,11884,37487,1822
PE,24899,NAZARÉ DA MATA,12228,6893,19891,770
PE,24910,OLINDA,140857,91876,247023,14290
PE,24937,OROBÓ,10775,2425,13944,744
PE,24953,OROCÓ,7378,1534,9299,387
PE,24970,OURICURI,29600,4455,35377,1322
PE,24996,PALMARES,20606,8287,30171,1278
PE,25011,PALMEIRINA,3427,612,4193,154
PE,25038,PANELAS,11148,2984,14621,489
PE,25054,PARANATAMA,6968,1064,8292,260
PE,25070,PARNAMIRIM,12525,1200,14071,346
PE,25097,PASSIRA,14430,4409,19501,662
PE,25119,PAUDALHO,20713,12692,34782,1377
PE,25135,PAULISTA,105562,70659,187020,10799
PE,25151,PEDRA,11230,2051,13786,505
PE,25178,PESQUEIRA,29993,5448,36658,1217
PE,25194,PETROLÂNDIA,15010,3178,18682,494
PE,25216,PETROLINA,120083,52261,183869,11525
PE,25232,POÇÃO,6160,987,7376,229
PE,25259,POMBOS,10060,4976,15623,587
PE,25275,PRIMAVERA,5879,2113,8290,298
PE,25291,QUIPAPÁ,8622,1817,10776,337
PE,25313,RECIFE,538562,390904,996696,67230
PE,25330,RIACHO DAS ALMAS,11358,4108,16064,598
PE,25356,RIBEIRÃO,14553,5970,21287,764
PE,25372,RIO FORMOSO,8562,3174,12146,410
PE,25399,SAIRÉ,6170,2311,8867,386
PE,25410,SALGADINHO,3891,1095,5177,191
PE,25437,SALGUEIRO,25615,5588,32441,1238
PE,25453,SALOÁ,7637,929,8795,229
PE,25470,SANHARÓ,9496,2221,12116,399
PE,25496,SANTA CRUZ DO CAPIBARIBE,23517,24637,50998,2844
PE,25518,SANTA MARIA DA BOA VISTA,18836,3481,23269,952
PE,25534,SANTA MARIA DO CAMBUCÁ,5873,2230,8423,320
PE,25550,SANTA TEREZINHA,4990,859,6072,223
PE,25577,SÃO BENEDITO DO SUL,4117,1045,5351,189
PE,25593,SÃO BENTO DO UNA,19472,5927,26394,995
PE,25615,SÃO CAITANO,18056,4683,23705,966
PE,25631,SÃO JOÃO,11311,1630,13328,387
PE,25658,SÃO JOAQUIM DO MONTE,9531,3088,13133,514
PE,25674,SÃO JOSÉ DA COROA GRANDE,6724,4567,11611,320
PE,25690,SÃO JOSÉ DO BELMONTE,16519,2108,19181,554
PE,25712,SÃO JOSÉ DO EGITO,13915,3213,17650,522
PE,25739,SÃO LOURENÇO DA MATA,38450,21834,63560,3276
PE,25755,SÃO VICENTE FÉRRER,8020,2236,10653,397
PE,25771,SERRA TALHADA,35650,9424,46533,1459
PE,25798,SERRITA,10252,1023,11722,447
PE,25810,SERTÂNIA,15521,2362,18435,552
PE,25836,SIRINHAÉM,13807,6536,21068,725
PE,25852,MOREILÂNDIA,6161,732,7160,267
PE,25879,SOLIDÃO,3713,441,4219,65
PE,25895,SURUBIM,24534,10195,36102,1373
PE,25917,TABIRA,13052,2368,15827,407
PE,25933,TACAIMBÓ,5985,1531,7893,377
PE,25950,TACARATU,11169,1480,13000,351
PE,25976,ITAMBÉ,12837,4634,18079,608
PE,25992,TAQUARITINGA DO NORTE,9425,6777,16758,556
PE,26018,TEREZINHA,3870,696,4694,128
PE,26034,TERRA NOVA,6081,460,6736,195
PE,26050,TIMBAÚBA,21021,9534,32010,1455
PE,26077,TORITAMA,14495,11140,26557,922
PE,26093,TRACUNHAÉM,6093,2456,8844,295
PE,26115,TRINDADE,12247,3666,16704,791
PE,26131,TRIUNFO,7475,1163,8990,352
PE,26158,TUPANATINGA,9516,1713,11706,477
PE,26174,TUPARETAMA,5347,753,6268,168
PE,26190,VENTUROSA,8615,1658,10687,414
PE,26212,VERDEJANTE,5269,604,6087,214
PE,26239,VERTENTES,8663,3395,12493,435
PE,26255,VICÊNCIA,10797,4846,16269,626
PE,26271,VITÓRIA DE SANTO ANTÃO,45849,30453,80213,3911
PE,26298,CAMARAGIBE,54184,39415,99172,5573
PE,26310,ABREU E LIMA,37691,24746,65606,3169
PE,26336,ITAPISSUMA,10954,3950,15440,536
PE,30015,FERNANDO DE NORONHA,1140,902,2174,132
PI,10006,BRASILEIRA,4716,811,5773,246
PI,10014,AGRICOLÂNDIA,3135,542,3867,190
PI,10022,ALEGRETE DO PIAUÍ,2665,587,3390,138
PI,10030,ÁGUA BRANCA,8835,3041,12349,473
PI,10049,BAIXA GRANDE DO RIBEIRO,5675,2210,8217,332
PI,10057,ALTO LONGÁ,8253,1442,10256,561
PI,10065,BOM PRINCÍPIO DO PIAUÍ,3850,908,4952,194
PI,10073,ALTOS,22770,3984,28194,1440
PI,10081,BONFIM DO PIAUÍ,3526,254,3932,152
PI,10090,AMARANTE,9683,1537,11735,515
PI,10103,BURITI DOS MONTES,4640,533,5426,253
PI,10111,ANGICAL DO PIAUÍ,4092,853,5165,220
PI,10120,CABECEIRAS DO PIAUÍ,5938,681,6993,374
PI,10138,ANÍSIO DE ABREU,4814,582,5603,207
PI,10146,CALDEIRÃO GRANDE DO PIAUÍ,3448,549,4250,253
PI,10154,ANTÔNIO ALMEIDA,1626,586,2316,104
PI,10162,CANAVIEIRA,2136,348,2592,108
PI,10170,AROAZES,3618,564,4331,149
PI,10189,COIVARAS,3435,706,4373,232
PI,10197,ARRAIAL,2696,409,3293,188
PI,10200,COLÔNIA DO GURGUÉIA,3207,732,4087,148
PI,10219,AVELINO LOPES,5165,1392,7000,443
PI,10227,COLÔNIA DO PIAUÍ,3907,547,4626,172
PI,10235,BARRAS,20919,5229,27548,1400
PI,10243,CORONEL JOSÉ DIAS,3579,285,4005,141
PI,10251,BARREIRAS DO PIAUÍ,1987,450,2574,137
PI,10260,FARTURA DO PIAUÍ,3310,229,3620,81
PI,10278,BARRO DURO,3229,1038,4472,205
PI,10286,JACOBINA DO PIAUÍ,3538,522,4246,186
PI,10294,BATALHA,11708,3347,15899,844
PI,10308,JARDIM DO MULATO,2655,601,3423,167
PI,10316,BENEDITINOS,6277,814,7474,383
PI,10324,LAGOA ALEGRE,5495,744,6521,282
PI,10332,BERTOLÍNIA,2740,739,3686,207
PI,10340,LAGOA DO BARRO DO PIAUÍ,3053,324,3487,110
PI,10359,BOCAINA,3438,807,4448,203
PI,10367,MARCOLÂNDIA,4486,1261,6079,332
PI,10375,BOM JESUS,10360,4165,15328,803
PI,10383,PATOS DO PIAUÍ,3556,413,4178,209
PI,10391,BURITI DOS LOPES,9592,3089,13231,550
PI,10405,PASSAGEM FRANCA DO PIAUÍ,2219,601,2885,65
PI,10413,CAMPINAS DO PIAUÍ,3635,265,3998,98
PI,10421,QUEIMADA NOVA,4792,607,5631,232
PI,10430,CAMPO MAIOR,20533,5936,28183,1714
PI,10448,SANTA CRUZ DOS MILAGRES,2143,379,2658,136
PI,10456,CANTO DO BURITI,9073,1998,11666,595
PI,10464,SANTA ROSA DO PIAUÍ,2531,691,3366,144
PI,10472,CAPITÃO DE CAMPOS,6155,1070,7676,451
PI,10480,SANTANA DO PIAUÍ,2671,442,3264,151
PI,10499,CARACOL,5319,736,6333,278
PI,10502,SÃO BRAZ DO PIAUÍ,2903,216,3223,104
PI,10510,CASTELO DO PIAUÍ,8914,2433,11946,599
PI,10529,SÃO JOSÉ DO DIVINO,3328,501,4060,231
PI,10537,COCAL,12642,3113,16529,774
PI,10545,SIGEFREDO PACHECO,5811,967,7079,301
PI,10553,CONCEIÇÃO DO CANINDÉ,2968,464,3646,214
PI,10561,SÃO LOURENÇO DO PIAUÍ,3555,286,4016,175
PI,10570,CORRENTE,11012,3570,15442,860
PI,10588,VÁRZEA BRANCA,3219,303,3654,132
PI,10596,CRISTALÂNDIA DO PIAUÍ,3478,553,4231,200
PI,10600,BARRA D ALCÂNTARA,2111,328,2539,100
PI,10618,CRISTINO CASTRO,4773,1026,6006,207
PI,10626,BELA VISTA DO PIAUÍ,2310,321,2918,287
PI,10634,CURIMATÁ,5095,1456,6839,288
PI,10642,BREJO DO PIAUÍ,2743,252,3052,57
PI,10650,DEMERVAL LOBÃO,7385,1879,9765,501
PI,10669,BOA HORA,3817,769,4868,282
PI,10677,DOM EXPEDITO LOPES,4177,837,5256,242
PI,10685,DOM INOCÊNCIO,5273,447,5937,217
PI,10693,ELESBÃO VELOSO,7974,1100,9528,454
PI,10707,CAPITÃO GERVÁSIO OLIVEIRA,2730,212,3014,72
PI,10715,ELISEU MARTINS,2217,444,2792,131
PI,10723,CAMPO GRANDE DO PIAUÍ,3279,396,3865,190
PI,10731,ESPERANTINA,16567,5302,22979,1110
PI,10740,CAMPO LARGO DO PIAUÍ,3232,649,4085,204
PI,10758,FLORES DO PIAUÍ,2525,446,3104,133
PI,10766,CURRAIS,3492,644,4281,145
PI,10774,FLORIANO,25485,7249,34803,2069
PI,10782,GEMINIANO,4138,617,4972,217
PI,10790,FRANCINÓPOLIS,2783,342,3256,131
PI,10804,GUARIBAS,2966,180,3219,73
PI,10812,FRANCISCO AYRES,2863,440,3527,224
PI,10820,ILHA GRANDE,5350,1084,6761,327
PI,10839,FRANCISCO SANTOS,4498,760,5583,325
PI,10847,JUREMA,3240,364,3749,145
PI,10855,FRONTEIRAS,5857,1276,7479,346
PI,10863,LAGOA DE SÃO FRANCISCO,3633,591,4439,215
PI,10871,GILBUÉS,4997,1020,6275,258
PI,10880,MORRO CABEÇA NO TEMPO,2225,392,2754,137
PI,10898,GUADALUPE,4828,1064,6178,286
PI,10901,NOVO SANTO ANTÔNIO,3086,394,3637,157
PI,10910,HUGO NAPOLEÃO,2701,544,3396,151
PI,10928,NOSSA SENHORA DE NAZARÉ,3855,498,4516,163
PI,10936,INHUMA,7818,1362,9618,438
PI,10944,PAQUETÁ,2716,454,3317,147
PI,10952,IPIRANGA DO PIAUÍ,5007,597,5830,226
PI,10960,NOVA SANTA RITA,2942,222,3275,111
PI,10979,ISAÍAS COELHO,4322,348,4862,192
PI,10987,SÃO JOÃO DO ARRAIAL,3964,1338,5477,175
PI,10995,ITAINÓPOLIS,6033,1078,7416,305
PI,11010,ITAUEIRA,5129,1141,6633,363
PI,11037,JAICÓS,7744,1402,9659,513
PI,11053,JERUMENHA,2867,604,3602,131
PI,11070,JOAQUIM PIRES,6789,1835,8923,299
PI,11088,SÃO JOÃO DA CANABRAVA,3242,422,3806,142
PI,11096,JOSÉ DE FREITAS,22907,3279,27518,1332
PI,11118,LANDRI SALES,2846,432,3402,124
PI,11134,LUIS CORREIA,15253,3736,20054,1065
PI,11150,LUZILÂNDIA,11578,2907,15058,573
PI,11177,MANOEL EMÍDIO,3011,462,3624,151
PI,11193,MARCOS PARENTE,2174,773,3097,150
PI,11215,MATIAS OLÍMPIO,4928,1143,6340,269
PI,11231,MIGUEL ALVES,15013,2531,18566,1022
PI,11258,MIGUEL LEÃO,903,350,1324,71
PI,11274,MONSENHOR GIL,6545,1302,8235,388
PI,11290,MONSENHOR HIPÓLITO,4709,626,5610,275
PI,11312,MONTE ALEGRE DO PIAUÍ,5680,886,6853,287
PI,11339,NAZARÉ DO PIAUÍ,4412,430,5007,165
PI,11355,NOSSA SENHORA DOS REMÉDIOS,5151,1106,6545,288
PI,11371,NOVO ORIENTE DO PIAUÍ,3359,345,3856,152
PI,11398,OEIRAS,17737,4566,23318,1015
PI,11410,DOMINGOS MOURÃO,2804,330,3259,125
PI,11436,PADRE MARCOS,3842,686,4752,224
PI,11452,PAES LANDIM,2183,710,3107,214
PI,11479,PALMEIRA DO PIAUÍ,2654,697,3555,204
PI,11495,PALMEIRAIS,8267,1214,9841,360
PI,11517,PARNAGUÁ,4577,716,5494,201
PI,11533,PARNAÍBA,55488,26362,88387,6537
PI,11550,PAULISTANA,10490,1711,12731,530
PI,11576,PEDRO II,17672,4900,23990,1418
PI,11592,PICOS,31183,10134,43612,2295
PI,11614,PIMENTEIRAS,5589,1091,7010,330
PI,11630,PIO IX,9375,1321,11203,507
PI,11657,PIRACURUCA,14425,3650,18863,788
PI,11673,PIRIPIRI,27351,8085,37422,1986
PI,11690,PORTO,5291,1207,6752,254
PI,11711,PRATA DO PIAUÍ,2209,310,2620,101
PI,11738,REDENÇÃO DO GURGUÉIA,3558,1180,5031,293
PI,11754,REGENERAÇÃO,8526,1196,10136,414
PI,11770,RIBEIRO GONÇALVES,3063,876,4105,166
PI,11797,RIO GRANDE DO PIAUÍ,3406,495,4042,141
PI,11819,SANTA CRUZ DO PIAUÍ,3770,518,4441,153
PI,11835,SANTA FILOMENA,2961,853,4004,190
PI,11851,SANTA LUZ,2906,895,3978,177
PI,11878,SANTO ANTÔNIO DE LISBOA,3698,793,4721,230
PI,11894,SANTO INÁCIO DO PIAUÍ,2330,344,2734,60
PI,11916,SÃO FÉLIX DO PIAUÍ,2163,566,2937,208
PI,11932,SÃO FRANCISCO DO PIAUÍ,3104,1090,4406,212
PI,11959,SÃO GONÇALO DO PIAUÍ,2611,730,3565,224
PI,11975,SÃO JOÃO DA SERRA,4026,782,5083,275
PI,11991,SÃO JOÃO DO PIAUÍ,9220,2075,11858,563
PI,12009,SÃO JOÃO DA FRONTEIRA,3127,539,3850,184
PI,12017,SÃO JOSÉ DO PEIXE,1983,303,2383,97
PI,12025,SÃO JOÃO DA VARJOTA,2530,422,3060,108
PI,12033,SÃO JOSÉ DO PIAUÍ,3882,602,4597,113
PI,12041,SEBASTIÃO BARROS,2727,499,3375,149
PI,12050,SÃO JULIÃO,2885,1170,4260,205
PI,12068,SEBASTIÃO LEAL,2176,1018,3294,100
PI,12076,SÃO MIGUEL DO TAPUIO,9311,1352,11134,471
PI,12084,ALVORADA DO GURGUÉIA,2826,545,3511,140
PI,12092,SÃO PEDRO DO PIAUÍ,6635,1653,8736,448
PI,12106,ASSUNÇÃO DO PIAUÍ,4316,443,5002,243
PI,12114,SÃO RAIMUNDO NONATO,17355,2830,20972,787
PI,12122,BETÂNIA DO PIAUÍ,3881,317,4369,171
PI,12130,SIMÕES,7476,1127,8974,371
PI,12149,BOQUEIRÃO DO PIAUÍ,3412,495,4092,185
PI,12157,SIMPLÍCIO MENDES,6451,1030,7923,442
PI,12165,CARIDADE DO PIAUÍ,3257,355,3779,167
PI,12173,SOCORRO DO PIAUÍ,2523,510,3236,203
PI,12181,CURRAL NOVO DO PIAUÍ,3371,278,3743,94
PI,12190,TERESINA,301309,138320,483136,43507
PI,12203,JÚLIO BORGES,2997,343,3553,213
PI,12211,UNIÃO,22208,5340,29026,1478
PI,12220,LAGOA DO SÍTIO,2907,447,3531,177
PI,12238,URUÇUÍ,9581,3682,13941,678
PI,12246,MILTON BRANDÃO,3269,1259,4783,255
PI,12254,VALENÇA DO PIAUÍ,9953,2321,12948,674
PI,12262,PAJEÚ DO PIAUÍ,2057,358,2554,139
PI,12270,VÁRZEA GRANDE,2315,454,2925,156
PI,12289,PAVUSSU,2492,242,2844,110
PI,12297,DIRCEU ARCOVERDE,4214,421,4835,200
PI,12300,RIACHO FRIO,2846,299,3267,122
PI,12319,ALAGOINHA DO PIAUÍ,3648,979,4878,251
PI,12327,ACAUÃ,4647,448,5300,205
PI,12335,BELÉM DO PIAUÍ,2038,329,2499,132
PI,12343,CAJAZEIRAS DO PIAUÍ,2280,313,2749,156
PI,12351,CAMPO ALEGRE DO FIDALGO,3174,328,3622,120
PI,12360,COCAL DE TELHA,2902,310,3329,117
PI,12378,FRANCISCO MACEDO,1762,278,2175,135
PI,12386,JOÃO COSTA,2236,331,2703,136
PI,12394,JATOBÁ DO PIAUÍ,4332,643,5179,204
PI,12408,JOCA MARQUES,3035,563,3759,161
PI,12416,JUAZEIRO DO PIAUÍ,3458,693,4415,264
PI,12424,LAGOA DO PIAUÍ,2838,626,3672,208
PI,12432,LAGOINHA DO PIAUÍ,1965,368,2432,99
PI,12440,MADEIRO,3744,716,4619,159
PI,12459,MORRO DO CHAPÉU DO PIAUÍ,3301,625,4069,143
PI,12467,MASSAPÊ DO PIAUÍ,3945,288,4544,311
PI,12475,MURICI DOS PORTELAS,3525,733,4525,267
PI,12483,OLHO D ÁGUA DO PIAUÍ,1447,280,1830,103
PI,12491,PEDRO LAURENTINO,1552,638,2276,86
PI,12505,SÃO FRANCISCO DE ASSIS DO PIAUÍ,2812,640,3759,307
PI,12513,SUSSUAPARA,4247,697,5156,212
PI,12521,TANQUE DO PIAUÍ,1518,274,1903,111
PI,12530,TAMBORIL DO PIAUÍ,1694,257,2048,97
PI,12548,VILA NOVA DO PIAUÍ,1873,369,2391,149
PI,12556,VERA MENDES,2174,279,2562,109
PI,12564,WALL FERRAZ,2665,574,3361,122
PI,12572,CAJUEIRO DA PRAIA,4368,990,5584,226
PI,12580,CURRALINHOS,3390,484,4018,144
PI,12599,PORTO ALEGRE DO PIAUÍ,1209,279,1583,95
PI,12602,RIBEIRA DO PIAUÍ,2331,334,2774,109
PI,12610,SÃO GONÇALO DO GURGUÉIA,1589,348,2032,95
PI,12629,SÃO LUIS DO PIAUÍ,1908,267,2278,103
PI,12637,FLORESTA DO PIAUÍ,1622,195,1892,75
PI,12653,SANTO ANTÔNIO DOS MILAGRES,1262,216,1517,39
PI,12661,SÃO MIGUEL DA BAIXA GRANDE,1480,378,1933,75
PI,12670,CARAÚBAS DO PIAUÍ,2998,761,3953,194
PI,12688,CAXINGÓ,3560,571,4400,269
PI,12696,COCAL DOS ALVES,3758,304,4224,162
PI,12700,SÃO MIGUEL DO FIDALGO,2003,206,2273,64
PI,12718,PAU D ARCO DO PIAUÍ,3297,515,4013,201
PI,12726,NAZÁRIA,7137,1537,9052,378
PI,12734,AROEIRAS DO ITAIM,2633,456,3211,122
PR,74004,GODOY MOREIRA,1217,719,2065,129
PR,74012,ABATIÁ,1867,2329,4411,215
PR,74020,IBEMA,1908,1711,3849,230
PR,74039,ADRIANÓPOLIS,2414,1379,3951,158
PR,74047,LINDOESTE,2173,1529,3899,197
PR,74055,AGUDOS DO SUL,2377,3608,6363,378
PR,74063,OURO VERDE DO OESTE,1420,2274,3920,226
PR,74071,ALMIRANTE TAMANDARÉ,23050,28400,57017,5567
PR,74080,SANTA TEREZA DO OESTE,2950,3954,7345,441
PR,74098,ALTO PARANÁ,3509,4030,8032,493
PR,74101,ANAHY,1049,922,2129,158
PR,74110,ALTO PIQUIRI,2796,2451,5551,304
PR,74128,ÂNGULO,713,1294,2145,138
PR,74136,ALVORADA DO SUL,2124,3047,5388,217
PR,74144,BOA ESPERANÇA DO IGUAÇU,1200,636,1940,104
PR,74152,AMAPORÃ,1570,1375,3109,164
PR,74160,BOM SUCESSO DO SUL,914,1428,2458,116
PR,74179,AMPÉRE,6687,4609,11887,591
PR,74187,BRASILÂNDIA DO SUL,1307,1009,2427,111
PR,74195,ANDIRÁ,4972,6589,12297,736
PR,74209,CAFEZAL DO SUL,1234,1759,3182,189
PR,74217,ANTONINA,3817,6765,11431,849
PR,74225,CANDÓI,5035,3607,9073,431
PR,74233,ANTONIO OLINTO,2403,2242,5123,478
PR,74241,CRUZEIRO DO IGUAÇU,1598,1194,2926,134
PR,74250,APUCARANA,20168,45398,71806,6240
PR,74268,DIAMANTE DO SUL,1201,1137,2435,97
PR,74276,ARAPONGAS,14401,45033,64011,4577
PR,74284,ENTRE RIOS DO OESTE,771,2159,3038,108
PR,74292,ARAPOTI,4601,8864,14362,897
PR,74306,FAROL,1066,1026,2200,108
PR,74314,ARARUNA,3423,4680,8658,555
PR,74322,FAZENDA RIO GRANDE,24054,32547,62309,5708
PR,74330,MARILÂNDIA DO SUL,1853,3297,5552,402
PR,74349,FLOR DA SERRA DO SUL,1917,1559,3648,172
PR,74357,ARAUCÁRIA,35403,37999,81836,8434
PR,74365,HONÓRIO SERPA,2060,1284,3472,128
PR,74373,ASSAÍ,2597,6066,9376,713
PR,74381,IGUATU,838,724,1624,62
PR,74390,ASTORGA,4104,10530,15498,864
PR,74403,IRACEMA DO OESTE,923,826,1831,82
PR,74411,ATALAIA,1128,1544,2855,183
PR,74420,NOVO ITACOLOMI,863,1243,2313,207
PR,74438,BALSA NOVA,3346,5077,9109,686
PR,74446,ITAPERUÇU,9972,5803,16751,976
PR,74454,BANDEIRANTES,5338,12543,18849,968
PR,74462,IVATÉ,1959,2178,4394,257
PR,74470,BARBOSA FERRAZ,2822,3215,6440,403
PR,74489,LIDIANÓPOLIS,939,1487,2570,144
PR,74497,BARRACÃO,2674,2990,5914,250
PR,74500,MARIPÁ,762,3214,4168,192
PR,74519,BARRA DO JACARÉ,985,970,2086,131
PR,74527,MATO RICO,1536,802,2497,159
PR,74535,BELA VISTA DO PARAÍSO,3480,5479,9518,559
PR,74543,MAUÁ DA SERRA,2340,3074,5728,314
PR,74551,BITURUNA,5378,3737,9678,563
PR,74560,MERCEDES,703,3174,4029,152
PR,74578,BOA ESPERANÇA,851,2044,3025,130
PR,74586,NOVA LARANJEIRAS,3666,2396,6303,241
PR,74594,BOCAIÚVA DO SUL,2990,3684,7268,594
PR,74608,NOVA SANTA BÁRBARA,1417,1153,2743,173
PR,74616,BOM SUCESSO,2138,1681,4095,276
PR,74624,PATO BRAGADO,792,2698,3691,201
PR,74632,BORRAZÓPOLIS,2051,2752,5111,308
PR,74640,PINHAL DE SÃO BENTO,1337,477,1905,91
PR,74659,CAFEARA,1016,696,1789,77
PR,74667,PITANGUEIRAS,705,1173,1991,113
PR,74675,CALIFÓRNIA,1774,3273,5460,413
PR,74683,QUATRO PONTES,477,2584,3217,156
PR,74691,CAMBARÁ,5128,7432,13409,849
PR,74705,RAMILÂNDIA,1418,1146,2685,121
PR,74713,CAMBÉ,16512,35256,57132,5364
PR,74721,RANCHO ALEGRE D OESTE,802,937,1828,89
PR,74730,CAMBIRA,1710,2872,4916,334
PR,74748,RIO BONITO DO IGUAÇU,6039,2485,8845,321
PR,74756,CAMPINA DA LAGOA,3682,4740,9126,704
PR,74764,SANTA LÚCIA,1121,1273,2555,161
PR,74772,CAMPINA GRANDE DO SUL,9482,14279,25851,2090
PR,74780,CAMPO BONITO,1489,1219,2869,161
PR,74799,CAMPO DO TENENTE,1776,2770,4932,386
PR,74802,SANTA MARIA DO OESTE,3745,2247,6294,302
PR,74810,CAMPO LARGO,23731,40538,71150,6881
PR,74829,SANTA MÔNICA,1146,883,2144,115
PR,74837,CAMPO MOURÃO,19738,29544,53941,4659
PR,74845,SÃO MANOEL DO PARANÁ,562,889,1555,104
PR,74853,CÂNDIDO DE ABREU,3842,4339,8808,627
PR,74861,SÃO PEDRO DO IGUAÇU,1612,2080,3870,178
PR,74870,CAPANEMA,5737,5671,12092,684
PR,74888,TUNAS DO PARANÁ,1943,1848,3982,191
PR,74896,CAPITÃO LEÔNIDAS MARQUES,4121,4547,9148,480
PR,74900,VENTANIA,3121,2399,5843,323
PR,74918,CARLÓPOLIS,3392,4840,8742,510
PR,74926,ALTO PARAÍSO,935,1138,2195,122
PR,74934,CASCAVEL,58872,110246,184415,15297
PR,74942,DOUTOR ULYSSES,2113,1452,3790,225
PR,74950,CASTRO,14885,23547,42423,3991
PR,74969,VIRMOND,1298,1342,2823,183
PR,74977,CATANDUVAS,2285,2773,5344,286
PR,74985,LARANJAL,2344,1068,3552,140
PR,74993,CENTENÁRIO DO SUL,3744,2515,6543,284
PR,75000,ITAIPULÂNDIA,2877,4355,7499,267
PR,75019,CERRO AZUL,5588,3831,10112,693
PR,75027,NOVA ESPERANÇA DO SUDOESTE,2266,1439,3921,216
PR,75035,CHOPINZINHO,5624,6856,13138,658
PR,75043,PINHAIS,25849,40134,74124,8141
PR,75051,CIANORTE,11573,29090,43913,3250
PR,75060,SAUDADE DO IGUAÇU,2344,1638,4176,194
PR,75078,CIDADE GAÚCHA,3030,3439,6815,346
PR,75086,ARIRANHA DO IVAÍ,1040,716,1868,112
PR,75094,CLEVELÂNDIA,4942,4542,9941,457
PR,75108,ARAPUÃ,1349,1045,2553,159
PR,75116,MANGUEIRINHA,5683,4459,10609,467
PR,75124,BELA VISTA DA CAROBA,1413,899,2419,107
PR,75132,COLOMBO,45132,64155,121279,11992
PR,75140,BOA VENTURA DE SÃO ROQUE,2437,1357,4064,270
PR,75159,COLORADO,6429,6809,14192,954
PR,75167,BOM JESUS DO SUL,1658,1165,2922,99
PR,75175,CONGONHINHAS,2867,1829,4973,277
PR,75183,CAMPINA DO SIMÃO,1750,859,2752,143
PR,75191,CONSELHEIRO MAIRINCK,1086,1053,2295,156
PR,75205,CAMPO MAGRO,6463,7959,15776,1354
PR,75213,CONTENDA,4153,5161,10195,881
PR,75221,CARAMBEÍ,3601,8167,13081,1313
PR,75230,CORBÉLIA,3633,6762,11093,698
PR,75248,CORONEL DOMINGOS SOARES,2383,1356,3873,134
PR,75256,CORNÉLIO PROCÓPIO,9379,15591,27317,2347
PR,75264,CRUZMALTINA,827,1129,2104,148
PR,75272,CORONEL VIVIDA,6480,6546,13857,831
PR,75280,CORUMBATAÍ DO SUL,1358,1090,2692,244
PR,75299,CRUZEIRO DO OESTE,4627,7255,12561,679
PR,75302,ESPERANÇA NOVA,501,981,1563,81
PR,75310,CRUZEIRO DO SUL,1776,1144,3083,163
PR,75329,ESPIGÃO ALTO DO IGUAÇU,1278,1795,3216,143
PR,75337,CRUZ MACHADO,4237,5320,10634,1077
PR,75345,FERNANDES PINHEIRO,2116,1912,4342,314
PR,75353,CURITIBA,348166,612309,1108054,147579
PR,75361,FOZ DO JORDÃO,2098,1079,3287,110
PR,75370,CURIÚVA,3399,3727,7665,539
PR,75388,GOIOXIM,2666,1267,4152,219
PR,75396,DIAMANTE DO NORTE,1433,1765,3359,161
PR,75400,DIAMANTE D OESTE,1718,1066,2955,171
PR,75418,DOIS VIZINHOS,12522,12240,25995,1233
PR,75426,GUAMIRANGA,2042,2967,5326,317
PR,75434,DOUTOR CAMARGO,1321,2367,3976,288
PR,75442,IMBAÚ,3361,2889,6545,295
PR,75450,ENÉAS MARQUES,2404,1701,4351,246
PR,75469,MANFRINÓPOLIS,1609,712,2422,101
PR,75477,ENGENHEIRO BELTRÃO,3101,4485,8081,495
PR,75485,MARQUINHO,1727,1171,3045,147
PR,75493,FAXINAL,2744,6007,9380,629
PR,75507,PEROBAL,1385,2525,4152,242
PR,75515,FÊNIX,1455,1347,3005,203
PR,75523,PONTAL DO PARANÁ,6105,8262,15629,1262
PR,75531,FLORAÍ,1452,1959,3617,206
PR,75540,PORTO BARREIRO,1349,1085,2555,121
PR,75558,FLORESTA,2000,3202,5551,349
PR,75566,PRADO FERREIRA,1169,1218,2523,136
PR,75574,FLORESTÓPOLIS,3940,3318,7617,359
PR,75582,QUARTO CENTENÁRIO,1273,1424,2820,123
PR,75590,FLÓRIDA,916,891,1944,137
PR,75604,RESERVA DO IGUAÇU,2496,1366,4054,192
PR,75612,FORMOSA DO OESTE,1592,2823,4719,304
PR,75620,RIO BRANCO DO IVAÍ,1183,1236,2565,146
PR,75639,FOZ DO IGUAÇU,50745,95147,156292,10400
PR,75647,SERRANÓPOLIS DO IGUAÇU,1012,2403,3554,139
PR,75655,FRANCISCO BELTRÃO,24595,25704,53894,3595
PR,75663,TAMARANA,2363,3464,6286,459
PR,75671,GENERAL CARNEIRO,3472,2676,6444,296
PR,75698,GOIOERÊ,5706,9772,16551,1073
PR,75710,GUAÍRA,5649,11413,17889,827
PR,75736,GUAIRAÇÁ,1689,2089,3990,212
PR,75744,ROSÁRIO DO IVAÍ,1428,1788,3461,245
PR,75752,GUAPIRAMA,1338,1440,2932,154
PR,75760,NOVA TEBAS,2864,1392,4549,293
PR,75779,GUAPOREMA,655,823,1548,70
PR,75787,SULINA,1191,983,2314,140
PR,75795,GUARACI,1245,1928,3367,194
PR,75809,LUIZIANA,2219,1958,4405,228
PR,75817,GUARANIAÇU,3101,4971,8606,534
PR,75833,GUARAPUAVA,47123,48657,103527,7747
PR,75850,GUARAQUEÇABA,2299,2593,5236,344
PR,75876,GUARATUBA,6412,13350,21206,1444
PR,75892,IBAITI,6214,8570,15850,1066
PR,75914,IBIPORÃ,8870,18186,29847,2791
PR,75930,ICARAÍMA,1904,3195,5368,269
PR,75957,IGUARAÇU,1126,1745,3039,168
PR,75973,IMBITUVA,6530,10535,18544,1479
PR,75990,INÁCIO MARTINS,3486,2610,6487,391
PR,76015,INAJÁ,1127,646,1883,110
PR,76031,IPIRANGA,3046,5220,9060,794
PR,76058,IPORÃ,3204,5401,9081,476
PR,76074,IRATI,13475,19046,36142,3621
PR,76090,IRETAMA,3083,2336,5842,423
PR,76112,ITAGUAJÉ,1397,1154,2671,120
PR,76139,ITAMBARACÁ,1433,2090,3705,182
PR,76155,ITAMBÉ,1600,2179,4041,262
PR,76171,ITAPEJARA D OESTE,3728,3201,7256,327
PR,76198,ITAÚNA DO SUL,1338,682,2138,118
PR,76210,IVAÍ,3288,4585,8477,604
PR,76236,IVAIPORÃ,7963,9658,19094,1473
PR,76252,IVATUBA,725,1152,2027,150
PR,76279,JABOTI,1338,1778,3325,209
PR,76295,JACAREZINHO,10741,10508,22693,1444
PR,76317,JAGUAPITÃ,2841,4666,7942,435
PR,76333,JAGUARIAÍVA,6973,11916,19970,1081
PR,76350,JANDAIA DO SUL,3818,8153,13016,1045
PR,76376,JANIÓPOLIS,1771,1724,3687,192
PR,76392,JAPIRA,1354,1314,2840,172
PR,76414,JAPURÁ,1657,3681,5709,371
PR,76430,JARDIM ALEGRE,3297,3455,7136,384
PR,76457,JARDIM OLINDA,670,280,1023,73
PR,76473,JATAIZINHO,2646,4050,7193,497
PR,76490,JOAQUIM TÁVORA,2644,3916,6967,407
PR,76511,JUNDIAÍ DO SUL,1147,732,1990,111
PR,76538,JUSSARA,1695,2334,4276,247
PR,76554,KALORÉ,1279,1596,3087,212
PR,76570,LAPA,11103,14813,28563,2647
PR,76597,LARANJEIRAS DO SUL,10256,7698,19008,1054
PR,76619,LEÓPOLIS,1344,1152,2657,161
PR,76635,LOANDA,4181,7214,11990,595
PR,76651,LOBATO,1413,1429,3026,184
PR,76678,LONDRINA,74610,196164,304945,34171
PR,76694,LUPIONÓPOLIS,1657,1260,3074,157
PR,76716,MALLET,2940,4766,8423,717
PR,76732,MAMBORÊ,2693,5324,8486,469
PR,76759,MANDAGUAÇU,5335,7912,14303,1056
PR,76775,MANDAGUARI,7055,12588,21364,1721
PR,76791,MANDIRITUBA,6100,7614,14758,1044
PR,76813,MANOEL RIBAS,2930,5099,8482,453
PR,76830,MARECHAL CÂNDIDO RONDON,7801,22717,32314,1796
PR,76856,MARIA HELENA,1720,1878,3790,192
PR,76872,MARIALVA,6796,13810,22502,1896
PR,76899,MARILUZ,2958,2761,6010,291
PR,76910,MARINGÁ,67534,136721,229457,25202
PR,76937,MARIÓPOLIS,1755,2301,4280,224
PR,76953,MARMELEIRO,4669,4066,9268,533
PR,76970,MARUMBI,1530,1412,3090,148
PR,76996,MATELÂNDIA,2365,7545,10444,534
PR,77011,MEDIANEIRA,9159,18589,29339,1591
PR,77038,MIRADOR,1022,548,1646,76
PR,77054,MIRASELVA,668,759,1499,72
PR,77070,MOREIRA SALES,2933,3943,7239,363
PR,77097,MORRETES,4040,5666,10536,830
PR,77119,MUNHOZ DE MELO,1132,1430,2709,147
PR,77135,NOSSA SENHORA DAS GRAÇAS,1390,917,2449,142
PR,77151,NOVA ALIANÇA DO IVAÍ,589,529,1185,67
PR,77178,NOVA AMÉRICA DA COLINA,1184,1223,2557,150
PR,77194,NOVA CANTU,2596,1728,4621,297
PR,77216,NOVA ESPERANÇA,5297,8915,15312,1100
PR,77232,NOVA FÁTIMA,2035,2248,4597,314
PR,77259,NOVA LONDRINA,3190,3740,7324,394
PR,77275,ORTIGUEIRA,7852,5384,13957,721
PR,77291,OURIZONA,1178,905,2228,145
PR,77313,PAIÇANDU,8949,11036,21935,1950
PR,77330,PALMAS,12571,9644,23262,1047
PR,77356,PALMEIRA,6461,13093,21260,1706
PR,77372,PALMITAL,4463,3370,8278,445
PR,77399,PALOTINA,4899,13520,19484,1065
PR,77410,PARAÍSO DO NORTE,3491,3866,7709,352
PR,77437,PARANACITY,2988,2438,5785,359
PR,77453,PARANAGUÁ,26605,48442,82616,7569
PR,77470,PARANAPOEMA,990,615,1717,112
PR,77496,PARANAVAÍ,15299,30000,49102,3803
PR,77518,PATO BRANCO,18968,27249,50402,4185
PR,77534,PAULA FREITAS,1397,1930,3571,244
PR,77550,PAULO FRONTIN,1766,2305,4462,391
PR,77577,PEABIRU,3247,4036,7820,537
PR,77593,PÉROLA D OESTE,1768,2339,4270,163
PR,77615,PIÊN,2208,5532,8378,638
PR,77631,PINHALÃO,1809,2173,4276,294
PR,77658,PINHÃO,10459,5867,17421,1095
PR,77674,PIRAÍ DO SUL,5209,7789,14285,1287
PR,77690,PIRAQUARA,22023,25897,52701,4781
PR,77712,PITANGA,10261,8667,20233,1305
PR,77739,PLANALTINA DO PARANÁ,1338,1129,2604,137
PR,77755,PLANALTO,4270,3667,8308,371
PR,77771,PONTA GROSSA,63835,109833,197869,24201
PR,77798,PORECATU,3522,3397,7403,484
PR,77810,PORTO AMAZONAS,1027,1643,2936,266
PR,77836,PORTO RICO,820,1206,2103,77
PR,77852,PORTO VITÓRIA,1005,1228,2444,211
PR,77879,PRESIDENTE CASTELO BRANCO,1625,1248,3049,176
PR,77895,PRIMEIRO DE MAIO,2303,4149,6814,362
PR,77917,PRUDENTÓPOLIS,7493,20602,30313,2218
PR,77933,QUATIGUÁ,1824,3098,5150,228
PR,77950,QUATRO BARRAS,4007,8020,13270,1243
PR,77976,QUERÊNCIA DO NORTE,3346,2762,6379,271
PR,77992,QUINTA DO SOL,1614,1514,3321,193
PR,78018,QUITANDINHA,3448,6766,10953,739
PR,78034,RANCHO ALEGRE,955,1357,2432,120
PR,78050,REALEZA,4716,5993,11259,550
PR,78077,REBOUÇAS,4307,4627,9681,747
PR,78093,RENASCENÇA,2156,1908,4268,204
PR,78115,RESERVA,6629,7367,14982,986
PR,78131,RIBEIRÃO CLARO,3111,3666,7099,322
PR,78158,RIBEIRÃO DO PINHAL,4265,2921,7668,482
PR,78174,RIO AZUL,2880,5323,9021,818
PR,78190,RIO BOM,962,1161,2315,192
PR,78212,RIO BRANCO DO SUL,10672,9245,21215,1298
PR,78239,RIO NEGRO,4680,12132,18506,1694
PR,78255,ROLÂNDIA,10116,24463,37220,2641
PR,78271,RONCADOR,3525,2814,6711,372
PR,78298,RONDON,2147,3261,5681,273
PR,78310,SABÁUDIA,1263,3328,4849,258
PR,78336,SALGADO FILHO,1444,1280,2883,159
PR,78352,SALTO DO ITARARÉ,1708,1340,3277,229
PR,78379,SALTO DO LONTRA,5562,3047,8959,350
PR,78395,SANTA AMÉLIA,1064,1193,2349,92
PR,78417,SANTA CECÍLIA DO PAVÃO,1085,1112,2360,163
PR,78433,SANTA CRUZ DE MONTE CASTELO,2257,2704,5175,214
PR,78450,SANTA FÉ,2693,3922,6949,334
PR,78476,SANTA INÊS,762,573,1400,65
PR,78492,SANTA ISABEL DO IVAÍ,1847,3197,5348,304
PR,78514,SANTA IZABEL DO OESTE,3439,3460,7208,309
PR,78530,SANTA MARIANA,3328,3251,6954,375
PR,78557,SANTANA DO ITARARÉ,1734,1474,3388,180
PR,78573,SANTO ANTÔNIO DO SUDOESTE,6056,5465,12070,549
PR,78590,SANTO ANTÔNIO DA PLATINA,8625,14373,24604,1606
PR,78611,SANTO ANTONIO DO CAIUÁ,1072,618,1795,105
PR,78638,SANTO ANTÔNIO DO PARAÍSO,837,751,1724,136
PR,78654,SANTO INÁCIO,1875,1688,3718,155
PR,78670,SÃO CARLOS DO IVAÍ,1633,2401,4196,162
PR,78697,SÃO JERÔNIMO DA SERRA,3392,2343,6138,403
PR,78719,SÃO JOÃO,3160,3711,7253,382
PR,78735,SÃO JOÃO DO CAIUÁ,2124,1315,3657,218
PR,78751,SÃO JOÃO DO IVAÍ,3287,2973,6702,442
PR,78778,SÃO JOÃO DO TRIUNFO,5309,3060,9065,696
PR,78794,SÃO JORGE DO IVAÍ,1328,2187,3729,214
PR,78816,SÃO JORGE D OESTE,3006,3277,6590,307
PR,78832,SÃO JOSÉ DA BOA VISTA,1255,2068,3548,225
PR,78859,SÃO JOSÉ DOS PINHAIS,52815,95327,165009,16867
PR,78875,SÃO MATEUS DO SUL,11977,12345,26709,2387
PR,78891,SÃO MIGUEL DO IGUAÇU,6224,10358,17289,707
PR,78913,SÃO PEDRO DO IVAÍ,2201,2748,5333,384
PR,78930,SÃO PEDRO DO PARANÁ,648,1232,1961,81
PR,78956,SÃO SEBASTIÃO DA AMOREIRA,2605,2260,5161,296
PR,78972,SÃO TOMÉ,1283,2104,3631,244
PR,78999,SAPOPEMA,2047,1726,3989,216
PR,79014,SENGÉS,3903,5652,10155,600
PR,79030,SERTANEJA,1537,2049,3813,227
PR,79057,SERTANÓPOLIS,2786,6893,10265,586
PR,79073,SIQUEIRA CAMPOS,5555,5323,11847,969
PR,79090,TAMBOARA,1204,1723,3113,186
PR,79111,TAPEJARA,3553,5133,9083,397
PR,79138,TEIXEIRA SOARES,2488,3250,6255,517
PR,79154,TELÊMACO BORBA,15669,21166,40291,3456
PR,79170,TERRA BOA,3276,6302,10242,664
PR,79197,TERRA RICA,3130,5235,8882,517
PR,79219,TERRA ROXA,3219,6915,10572,438
PR,79235,TIBAGI,5345,4831,11038,862
PR,79251,TIJUCAS DO SUL,4014,4633,9451,804
PR,79278,TOLEDO,24725,52366,83218,6127
PR,79294,TOMAZINA,2124,2464,4966,378
PR,79316,TUNEIRAS DO OESTE,1879,2950,5050,221
PR,79332,UBIRATÃ,4993,8948,14801,860
PR,79359,UMUARAMA,16880,40972,62205,4353
PR,79375,UNIÃO DA VITÓRIA,11229,16584,30542,2729
PR,79391,UNIFLOR,906,767,1750,77
PR,79413,URAÍ,2674,3609,6755,472
PR,79430,WENCESLAU BRAZ,3765,6300,10830,765
PR,79456,VERÊ,3141,2399,5785,245
PR,79472,VITORINO,1705,2406,4385,274
PR,79499,XAMBRÊ,1681,2226,4120,213
PR,79510,ALTÔNIA,3501,6813,11049,735
PR,79537,ASSIS CHATEAUBRIAND,7231,12632,21103,1240
PR,79553,QUEDAS DO IGUAÇU,7261,9992,17935,682
PR,79570,CÉU AZUL,1669,4921,6993,403
PR,79596,GRANDES RIOS,1278,2209,3705,218
PR,79618,INDIANÓPOLIS,1094,1645,2933,194
PR,79634,MATINHOS,8736,11805,22419,1878
PR,79650,NOVA AURORA,2776,4841,8012,395
PR,79677,NOVA OLÍMPIA,1383,2269,3807,155
PR,79693,PÉROLA,2672,3938,6973,363
PR,79715,SANTA HELENA,6365,9700,16678,613
PR,79731,TAPIRA,1576,1873,3632,183
PR,79758,MARILENA,2506,1699,4407,202
PR,79774,FRANCISCO ALVES,1673,2695,4541,173
PR,79790,NOVA SANTA ROSA,867,4804,5844,173
PR,79812,BOA VISTA DA APARECIDA,2534,2408,5259,317
PR,79839,BRAGANEY,1577,1736,3498,185
PR,79855,CAFELÂNDIA,3346,6502,10416,568
PR,79871,TRÊS BARRAS DO PARANÁ,3094,3858,7262,310
PR,79898,VERA CRUZ DO OESTE,1976,2973,5214,265
PR,79910,PRANCHITA,1533,2074,3802,195
PR,79936,TUPÃSSI,1316,3475,5010,219
PR,79952,NOVA PRATA DO IGUAÇU,3779,2925,6992,288
PR,79979,JESUÍTAS,2168,3235,5755,352
PR,79995,SÃO JORGE DO PATROCÍNIO,1576,2237,4013,200
PR,84514,CANTAGALO,3929,2586,6850,335
PR,84530,TURVO,5341,3196,9174,637
PR,84557,ALTAMIRA DO PARANÁ,1391,995,2560,174
PR,84573,FIGUEIRA,2758,1800,4831,273
PR,84590,LUNARDELLI,1400,1595,3207,212
PR,84611,SARANDI,21425,25022,50921,4474
PR,84638,JURANDA,1774,2781,4788,233
PR,84654,DOURADINA,1898,3083,5230,249
PR,84670,SANTA TEREZINHA DE ITAIPU,4184,9490,14385,711
PR,84697,MISSAL,2428,4788,7545,329
PR,84719,SÃO JOSÉ DAS PALMEIRAS,1375,1098,2638,165
RJ,58009,QUISSAMÃ,7299,6273,14445,873
RJ,58017,ANGRA DOS REIS,31926,60443,97789,5420
RJ,58025,QUATIS,4065,3823,8431,543
RJ,58033,ARARUAMA,23067,46791,75536,5678
RJ,58041,BELFORD ROXO,97771,137708,251334,15855
RJ,58050,BARRA DO PIRAÍ,24596,23125,52042,4321
RJ,58068,CARDOSO MOREIRA,3252,4974,8694,468
RJ,58076,BARRA MANSA,44825,49812,102987,8350
RJ,58084,VARRE-SAI,2152,3851,6432,429
RJ,58092,BOM JARDIM,6323,8314,16106,1469
RJ,58106,GUAPIMIRIM,12058,17591,31864,2215
RJ,58114,BOM JESUS DO ITABAPOANA,9416,11658,22471,1397
RJ,58122,QUEIMADOS,30421,41093,76935,5421
RJ,58130,CABO FRIO,37586,75184,121532,8762
RJ,58149,JAPERI,22887,29752,56120,3481
RJ,58157,CACHOEIRAS DE MACACU,12743,19018,33892,2131
RJ,58165,COMENDADOR LEVY GASPARIAN,3686,2442,6566,438
RJ,58173,CAMBUCI,4565,4418,9489,506
RJ,58181,APERIBÉ,2982,4290,7691,419
RJ,58190,CAMPOS DOS GOYTACAZES,93871,159381,274762,21510
RJ,58203,RIO DAS OSTRAS,23471,41639,70128,5018
RJ,58211,CANTAGALO,5231,5891,11983,861
RJ,58220,AREAL,2899,4052,7623,672
RJ,58238,CARMO,5838,4715,11248,695
RJ,58246,PINHEIRAL,7297,5749,14021,975
RJ,58254,CASIMIRO DE ABREU,7670,15817,25018,1531
RJ,58262,IGUABA GRANDE,5984,12769,20153,1400
RJ,58270,CONCEIÇÃO DE MACABU,6540,5655,13180,985
RJ,58289,SÃO FRANCISCO DE ITABAPOANA,8792,16831,27215,1592
RJ,58297,CORDEIRO,5672,6479,13064,913
RJ,58300,CARAPEBUS,4102,5139,9758,517
RJ,58319,DUAS BARRAS,3650,3382,7652,620
RJ,58327,PORTO REAL,5750,7202,13816,864
RJ,58335,DUQUE DE CAXIAS,202089,267993,503980,33898
RJ,58343,SÃO JOSÉ DE UBÁ,2074,3289,5727,364
RJ,58351,ENGENHEIRO PAULO DE FRONTIN,4095,3942,8702,665
RJ,58360,TANGUÁ,8097,10634,19854,1123
RJ,58378,ITABORAÍ,53532,70172,132507,8803
RJ,58386,MACUCO,2721,2514,5602,367
RJ,58394,ITAGUAÍ,24174,41991,71261,5096
RJ,58408,ARMAÇÃO DOS BÚZIOS,7812,15040,24457,1605
RJ,58416,ITAOCARA,4954,9266,15208,988
RJ,58424,SEROPÉDICA,16026,25064,44160,3070
RJ,58432,ITAPERUNA,18208,34039,55845,3598
RJ,58440,ITATIAIA,7952,9947,19409,1510
RJ,58459,LAJE DO MURIAÉ,3165,2042,5482,275
RJ,58467,MESQUITA,38687,58124,104066,7255
RJ,58475,MACAÉ,54503,62716,126914,9695
RJ,58491,MAGÉ,57530,81901,148905,9474
RJ,58513,MANGARATIBA,9879,16728,28456,1849
RJ,58530,MARICÁ,50619,52811,110499,7069
RJ,58556,MENDES,5449,5307,11692,936
RJ,58572,MIGUEL PEREIRA,7069,9503,17978,1406
RJ,58599,MIRACEMA,8499,7018,16566,1049
RJ,58610,NATIVIDADE,4313,4499,9477,665
RJ,58637,NILÓPOLIS,38004,55143,100568,7421
RJ,58653,NITERÓI,147370,135810,316544,33364
RJ,58670,NOVA FRIBURGO,41896,60118,112758,10744
RJ,58696,NOVA IGUAÇU,164947,263912,460793,31934
RJ,58718,PARACAMBI,9826,14164,25677,1687
RJ,58734,PARAÍBA DO SUL,10387,12627,25224,2210
RJ,58750,PARATY,8407,14315,24213,1491
RJ,58777,PETRÓPOLIS,59874,97310,176182,18998
RJ,58793,PIRAÍ,8004,8049,17380,1327
RJ,58815,PORCIÚNCULA,5286,4182,10127,659
RJ,58831,RESENDE,25588,39464,71702,6650
RJ,58858,RIO BONITO,11329,20773,34767,2665
RJ,58874,RIO CLARO,5649,5163,11593,781
RJ,58890,RIO DAS FLORES,3937,2046,6390,407
RJ,58912,SANTA MARIA MADALENA,3213,2953,6702,536
RJ,58939,SANTO ANTÔNIO DE PÁDUA,9097,13656,24189,1436
RJ,58955,SÃO FIDÉLIS,7828,13737,22924,1359
RJ,58971,SÃO GONÇALO,208703,246578,492221,36940
RJ,58998,SÃO JOÃO DA BARRA,10893,16398,29252,1961
RJ,59013,SÃO JOÃO DE MERITI,107385,149764,275807,18658
RJ,59030,SÃO PEDRO DA ALDEIA,13718,34986,52149,3445
RJ,59056,SÃO SEBASTIÃO DO ALTO,2690,3025,6046,331
RJ,59072,SAPUCAIA,5142,6568,12394,684
RJ,59099,SAQUAREMA,17521,32668,53881,3692
RJ,59110,SILVA JARDIM,5123,8284,14303,896
RJ,59137,SUMIDOURO,3536,6700,10820,584
RJ,59153,TERESÓPOLIS,27703,59100,95224,8421
RJ,59170,TRAJANO DE MORAES,3399,2927,6769,443
RJ,59196,TRÊS RIOS,23726,19910,47359,3723
RJ,59218,VALENÇA,22058,15066,40603,3479
RJ,59234,VASSOURAS,10263,10379,22339,1697
RJ,59250,VOLTA REDONDA,76843,81346,172545,14356
RJ,59277,ARRAIAL DO CABO,8067,13917,23565,1581
RJ,59293,ITALVA,2823,5275,8557,459
RJ,59315,PATY DO ALFERES,6164,10092,17599,1343
RJ,59331,SÃO JOSÉ DO VALE DO RIO PRETO,2425,9263,12503,815
RJ,60011,RIO DE JANEIRO,1568485,1695777,3608284,344022
RN,16004,TENENTE LAURENTINO CRUZ,2903,976,4089,210
RN,16012,ACARI,4703,1968,7107,436
RN,16020,SERRA DO MEL,5886,3010,9435,539
RN,16039,ASSÚ,24909,7671,34392,1812
RN,16047,CAIÇARA DO NORTE,2746,1184,4139,209
RN,16055,AFONSO BEZERRA,5383,1884,7697,430
RN,16063,SÃO MIGUEL DO GOSTOSO,4568,2047,6948,333
RN,16071,ÁGUA NOVA,1914,244,2250,92
RN,16080,ITAJÁ,3661,1255,5135,219
RN,16098,ALEXANDRIA,7344,1129,8818,345
RN,16101,BODÓ,2055,473,2631,103
RN,16110,ALMINO AFONSO,3318,652,4159,189
RN,16128,TRIUNFO POTIGUAR,2244,859,3231,128
RN,16136,ALTO DO RODRIGUES,6989,1522,8931,420
RN,16144,FERNANDO PEDROZA,1793,663,2596,140
RN,16152,ANGICOS,5262,2171,7868,435
RN,16160,MAJOR SALES,2024,356,2484,104
RN,16179,ANTÔNIO MARTINS,3915,602,4672,155
RN,16187,VENHA-VER,2329,293,2744,122
RN,16195,APODI,17646,4412,23749,1691
RN,16209,SERRINHA DOS PINTOS,2669,478,3274,127
RN,16217,AREIA BRANCA,10803,4487,16260,970
RN,16225,TIBAU,3427,1475,5142,240
RN,16233,AREZ,5985,2362,8771,424
RN,16241,SANTA MARIA,2560,918,3639,161
RN,16250,CAMPO GRANDE,4692,1747,6802,363
RN,16268,RIO DO FOGO,4766,2813,7968,389
RN,16276,BAÍA FORMOSA,3327,1806,5423,290
RN,16284,PORTO DO MANGUE,3001,686,3882,195
RN,16292,BARCELONA,2201,1254,3642,187
RN,16306,JUNDIÁ,2176,950,3328,202
RN,16314,BENTO FERNANDES,3026,725,3918,167
RN,16330,BOM JESUS,4295,2230,6816,291
RN,16357,BREJINHO,5065,2068,7574,441
RN,16373,CAIÇARA DO RIO DO VENTO,2200,714,3059,145
RN,16390,CAICÓ,23044,10816,35807,1947
RN,16411,CAMPO REDONDO,5316,1004,6548,228
RN,16438,CANGUARETAMA,13523,3920,18296,853
RN,16454,CARAÚBAS,11418,2707,14929,804
RN,16470,CARNAÚBA DOS DANTAS,2535,1750,4663,378
RN,16497,CARNAUBAIS,5192,1342,6945,411
RN,16519,CEARÁ-MIRIM,31891,10602,44868,2375
RN,16535,CERRO CORÁ,5143,1264,6772,365
RN,16551,CORONEL EZEQUIEL,2609,662,3484,213
RN,16578,CORONEL JOÃO PESSOA,2507,450,3100,143
RN,16594,CRUZETA,3870,1084,5226,272
RN,16616,CURRAIS NOVOS,14775,7834,24111,1502
RN,16632,DOUTOR SEVERIANO,3970,580,4782,232
RN,16659,ENCANTO,3231,472,3822,119
RN,16675,EQUADOR,2459,999,3642,184
RN,16691,ESPÍRITO SANTO,3328,2241,5746,177
RN,16713,EXTREMOZ,12753,8832,22870,1285
RN,16730,FELIPE GUERRA,4594,845,5688,249
RN,16756,FLORÂNIA,4771,1428,6522,323
RN,16772,FRANCISCO DANTAS,1778,350,2219,91
RN,16799,GALINHOS,1162,825,2081,94
RN,16810,GOIANINHA,10356,5228,16449,865
RN,16837,GOVERNADOR DIX-SEPT ROSADO,7190,1669,9387,528
RN,16853,GROSSOS,4924,1946,7249,379
RN,16870,GUAMARÉ,7950,3048,11724,726
RN,16896,IELMO MARINHO,5877,2470,8785,438
RN,16918,IPANGUAÇU,8060,1632,10032,340
RN,16934,IPUEIRA,1289,304,1692,99
RN,16950,ITAÚ,2984,744,3915,187
RN,16977,JAÇANÃ,3478,964,4684,242
RN,16993,JANDAÍRA,3289,1151,4638,198
RN,17019,JANDUÍS,2802,579,3471,90
RN,17035,BOA SAÚDE,3537,1996,5839,306
RN,17051,JAPI,3445,631,4261,185
RN,17078,JARDIM DE ANGICOS,1785,450,2383,148
RN,17094,JARDIM DE PIRANHAS,6980,1267,8622,375
RN,17116,JARDIM DO SERIDÓ,5296,2238,7990,456
RN,17132,JOÃO CÂMARA,14498,4982,20492,1012
RN,17159,JOÃO DIAS,1887,368,2365,110
RN,17175,JOSÉ DA PENHA,3446,485,4073,142
RN,17191,JUCURUTU,8806,2836,12173,531
RN,17213,MESSIAS TARGINO,2687,884,3693,122
RN,17230,LAGOA D ANTA,3345,877,4413,191
RN,17256,LAGOA DE PEDRAS,4197,1129,5637,311
RN,17272,LAGOA DE VELHOS,1644,724,2500,132
RN,17299,LAGOA NOVA,6702,2031,9225,492
RN,17310,LAGOA SALGADA,5063,1662,7129,404
RN,17337,LAJES,5079,1474,6969,416
RN,17353,LAJES PINTADAS,2826,1055,4095,214
RN,17370,LUCRÉCIA,2300,404,2821,117
RN,17396,LUÍS GOMES,4712,622,5535,201
RN,17418,MACAÍBA,25896,13369,41558,2293
RN,17434,MACAU,12746,3193,16862,923
RN,17450,MARCELINO VIEIRA,4655,608,5442,179
RN,17477,MARTINS,4040,1077,5385,268
RN,17493,MAXARANGUAPE,4925,2139,7416,352
RN,17515,FRUTUOSO GOMES,2653,475,3246,118
RN,17531,MONTANHAS,5307,1366,7004,331
RN,17558,MONTE ALEGRE,8161,4344,13204,699
RN,17574,MONTE DAS GAMELEIRAS,1498,578,2175,99
RN,17590,MOSSORÓ,88081,46378,144245,9786
RN,17612,NATAL,225529,188942,449729,35258
RN,17639,NÍSIA FLORESTA,9763,6200,16712,749
RN,17655,NOVA CRUZ,13405,5748,20157,1004
RN,17671,OLHO D ÁGUA DO BORGES,2712,501,3396,183
RN,17698,OURO BRANCO,2565,770,3498,163
RN,17710,PARANÁ,2726,297,3135,112
RN,17736,PARAÚ,2515,811,3505,179
RN,17752,PARAZINHO,2834,1040,4048,174
RN,17779,PARELHAS,7839,4658,13479,982
RN,17795,PARNAMIRIM,48084,53530,109936,8322
RN,17817,PASSA E FICA,4645,2187,7249,417
RN,17833,PASSAGEM,1836,960,2947,151
RN,17850,PATU,5652,1630,7648,366
RN,17876,PAU DOS FERROS,12280,3513,16556,763
RN,17892,PEDRA GRANDE,2405,695,3252,152
RN,17914,PEDRA PRETA,1802,680,2608,126
RN,17930,PEDRO AVELINO,3395,1058,4713,260
RN,17957,PEDRO VELHO,6490,2066,8995,439
RN,17973,PENDÊNCIAS,6626,1551,8544,367
RN,17990,PILÕES,2345,294,2709,70
RN,18015,POÇO BRANCO,6922,1506,8802,374
RN,18031,PORTALEGRE,3495,1233,5143,415
RN,18058,SERRA CAIADA,4522,1761,6552,269
RN,18074,PUREZA,4479,1311,6105,315
RN,18090,RAFAEL FERNANDES,3193,598,3921,130
RN,18112,RIACHO DA CRUZ,1811,362,2277,104
RN,18139,RIACHO DE SANTANA,2529,393,3026,104
RN,18155,RIACHUELO,3667,1288,5179,224
RN,18171,RODOLFO FERNANDES,2611,555,3352,186
RN,18198,RUY BARBOSA,1701,1304,3149,144
RN,18210,SÃO FRANCISCO DO OESTE,2358,552,3125,215
RN,18236,SANTA CRUZ,13939,5615,20593,1039
RN,18252,SANTANA DO SERIDÓ,1317,614,2117,186
RN,18279,SANTANA DO MATOS,6724,1551,8789,514
RN,18295,SANTO ANTÔNIO,10080,3415,14227,732
RN,18317,SÃO BENTO DO NORTE,2198,617,2977,162
RN,18333,SÃO BENTO DO TRAIRÍ,2310,697,3169,162
RN,18350,SÃO FERNANDO,2096,671,2928,161
RN,18376,SÃO GONÇALO DO AMARANTE,33841,21368,58691,3482
RN,18392,SÃO JOÃO DO SABUGI,3157,870,4303,276
RN,18414,SÃO JOSÉ DE MIPIBU,15481,8218,25036,1337
RN,18430,SÃO JOSÉ DO CAMPESTRE,5148,2438,7912,326
RN,18457,SÃO JOSÉ DO SERIDÓ,2689,714,3609,206
RN,18473,SÃO MIGUEL,10381,2040,13106,685
RN,18490,SÃO PAULO DO POTENGI,6085,4257,10902,560
RN,18511,SÃO PEDRO,3439,1196,4865,230
RN,18538,SÃO RAFAEL,4033,1388,5756,335
RN,18554,SÃO TOMÉ,3977,2924,7196,295
RN,18570,SÃO VICENTE,2788,1020,3998,190
RN,18597,SENADOR ELÓI DE SOUZA,3123,1079,4383,181
RN,18619,SENADOR GEORGINO AVELINO,2013,890,3056,153
RN,18635,SERRA DE SÃO BENTO,2991,1032,4254,231
RN,18651,SERRA NEGRA DO NORTE,3358,1343,4915,214
RN,18678,SERRINHA,3618,1302,5234,314
RN,18694,SEVERIANO MELO,4233,801,5361,327
RN,18716,SÍTIO NOVO,3021,641,3815,153
RN,18732,TABOLEIRO GRANDE,1743,500,2347,104
RN,18759,TAIPU,6286,1499,8216,431
RN,18775,TANGARÁ,5732,2697,8921,492
RN,18791,TENENTE ANANIAS,4700,1280,6192,212
RN,18813,TIBAU DO SUL,6362,3084,9877,431
RN,18830,TIMBAÚBA DOS BATISTAS,1424,562,2073,87
RN,18856,TOUROS,12838,6809,20574,927
RN,18872,UMARIZAL,5270,1143,6743,330
RN,18899,UPANEMA,5631,3273,9428,524
RN,18910,VÁRZEA,2540,1202,3912,170
RN,18937,RAFAEL GODEIRO,1767,958,2868,143
RN,18953,VERA CRUZ,5188,2273,7904,443
RN,18970,VIÇOSA,1106,259,1438,73
RN,18996,VILA FLOR,1783,536,2412,93
RN,30031,BARAÚNA,10983,4493,16248,772
RO,116,PIMENTA BUENO,4887,13773,19734,1074
RO,132,VILHENA,10784,34872,48529,2873
RO,159,JARU,6846,20725,29197,1626
RO,175,OURO PRETO DO OESTE,5740,13523,20487,1224
RO,19,GUAJARÁ-MIRIM,7028,12157,20555,1370
RO,191,PRESIDENTE MÉDICI,2889,7589,11212,734
RO,213,COSTA MARQUES,2551,3883,6746,312
RO,230,COLORADO DO OESTE,2534,6620,9707,553
RO,256,ESPIGÃO DO OESTE,4277,12531,17760,952
RO,272,CEREJEIRAS,1953,7323,9799,523
RO,299,ROLIM DE MOURA,7538,19711,29023,1774
RO,310,ALTA FLORESTA D OESTE,3976,9034,13718,708
RO,337,ALVORADA DO OESTE,2819,4766,8095,510
RO,35,PORTO VELHO,92037,152878,269018,24103
RO,353,SANTA LUZIA D OESTE,1576,2875,4776,325
RO,370,NOVA BRASILÂNDIA D OESTE,2785,6909,10266,572
RO,396,MACHADINHO D OESTE,4730,10612,16218,876
RO,418,SÃO MIGUEL DO GUAPORÉ,3986,7845,12610,779
RO,434,NOVA MAMORÉ,3037,9627,13149,485
RO,450,CABIXI,1136,2206,3515,173
RO,477,CANDEIAS DO JAMARI,5124,7449,13379,806
RO,493,ITAPUÃ DO OESTE,1707,2481,4473,285
RO,51,JI-PARANÁ,16470,47429,67955,4056
RO,515,NOVO HORIZONTE DO OESTE,1853,3127,5317,337
RO,531,CASTANHEIRAS,887,1236,2250,127
RO,558,VALE DO PARAÍSO,1517,2607,4350,226
RO,566,URUPÁ,2159,4102,6624,363
RO,574,MIRANTE DA SERRA,2333,3711,6378,334
RO,582,SERINGUEIRAS,2462,4401,7241,378
RO,590,THEOBROMA,1785,3519,5673,369
RO,604,MINISTRO ANDREAZZA,1536,2737,4518,245
RO,612,GOVERNADOR JORGE TEIXEIRA,1543,3415,5290,332
RO,620,CACAULÂNDIA,723,2046,2924,155
RO,639,ALTO PARAÍSO,2042,6020,8406,344
RO,647,RIO CRESPO,599,1640,2357,118
RO,655,CORUMBIARA,1520,2493,4291,278
RO,663,MONTE NEGRO,1816,4969,7161,376
RO,671,CAMPO NOVO DE RONDÔNIA,1489,3647,5456,320
RO,680,CUJUBIM,1810,5603,7752,339
RO,698,VALE DO ANARI,1306,3061,4649,282
RO,701,PARECIS,957,1346,2443,140
RO,710,SÃO FELIPE D OESTE,1017,2061,3340,262
RO,728,PRIMAVERA DE RONDÔNIA,581,1486,2194,127
RO,736,ALTO ALEGRE DOS PARECIS,1957,3961,6288,370
RO,744,NOVA UNIÃO,1749,2129,4057,179
RO,752,TEIXEIRÓPOLIS,1106,1746,2975,123
RO,779,BURITIS,3249,11602,15546,695
RO,78,ARIQUEMES,10539,36941,50246,2766
RO,787,PIMENTEIRAS DO OESTE,502,902,1483,79
RO,795,SÃO FRANCISCO DO GUAPORÉ,2633,6162,9209,414
RO,809,CHUPINGUAIA,1683,3137,5030,210
RO,94,CACOAL,11986,34681,49866,3199
RR,3000,CAROEBE,1074,4161,5518,283
RR,3018,BOA VISTA,36022,136176,188445,16247
RR,3026,IRACEMA,1421,3114,4824,289
RR,3034,CARACARAÍ,3213,7545,11435,677
RR,3042,AMAJARI,1193,4005,5484,286
RR,3050,ALTO ALEGRE,2362,6130,9070,578
RR,3069,CANTÁ,2916,7372,11042,754
RR,3077,BONFIM,2598,5488,8454,368
RR,3085,RORAINÓPOLIS,4377,10921,16215,917
RR,3093,MUCAJAÍ,2232,7441,10182,509
RR,3107,UIRAMUTÃ,3600,1709,5404,95
RR,3115,NORMANDIA,2686,3682,6564,196
RR,3123,PACARAIMA,2279,4104,6672,289
RR,3131,SÃO JOÃO DA BALIZA,1369,2519,4146,258
RR,3158,SÃO LUIZ,1418,3220,4914,276
RS,84735,ÁUREA,1014,1485,2682,183
RS,84743,TRÊS ARROIOS,644,1185,2009,180
RS,84751,NOVA ROMA DO SUL,567,1814,2564,183
RS,84760,PROGRESSO,1966,1943,4205,296
RS,84778,PIRAPÓ,950,552,1659,157
RS,84786,JABOTICABA,1289,1138,2590,163
RS,84794,SÃO JORGE,443,1507,2087,137
RS,84808,ALTO ALEGRE,573,695,1471,203
RS,84816,NOVA HARTZ,4634,6476,11923,813
RS,84824,DOIS LAJEADOS,563,1679,2447,205
RS,84832,SÃO DOMINGOS DO SUL,741,1190,2121,190
RS,84840,TUNAS,1703,864,2699,132
RS,84859,SÃO JOÃO DA URTIGA,1243,1915,3383,225
RS,84867,GUABIJU,271,778,1127,78
RS,84875,QUINZE DE NOVEMBRO,890,1848,3019,281
RS,84883,DOUTOR MAURÍCIO CARDOSO,1166,1937,3283,180
RS,84891,CAPELA DE SANTANA,2865,3058,6360,437
RS,84905,JAQUIRANA,1200,1208,2597,189
RS,84913,VANINI,545,972,1645,128
RS,84921,BOQUEIRÃO DO LEÃO,2056,2086,4497,355
RS,84930,FAGUNDES VARELA,397,1450,2012,165
RS,84948,ÁGUA SANTA,859,1601,2652,192
RS,84956,SILVEIRA MARTINS,715,912,1771,144
RS,84964,IBIRAPUITÃ,1309,1388,2848,151
RS,84972,IBARAMA,1393,1276,2929,260
RS,84980,PANTANO GRANDE,3814,2225,6480,441
RS,84999,IPÊ,929,3164,4449,356
RS,85006,TRINDADE DO SUL,2226,1736,4176,214
RS,85014,AGUDO,4418,5322,10628,888
RS,85022,ERNESTINA,1030,1149,2355,176
RS,85030,AJURICABA,1623,2877,4893,393
RS,85049,DEZESSEIS DE NOVEMBRO,1082,750,2002,170
RS,85057,ALECRIM,2095,2095,4556,366
RS,85065,BROCHIER,1182,1629,3228,417
RS,85073,ALEGRETE,21062,16548,41350,3740
RS,85081,EREBANGO,834,1078,2008,96
RS,85090,ALPESTRE,2465,2069,4845,311
RS,85103,ENTRE-IJUÍS,2577,2760,5803,466
RS,85111,ALVORADA,50281,44110,103969,9578
RS,85120,NOVA ESPERANÇA DO SUL,1493,1544,3341,304
RS,85138,ANTA GORDA,668,2989,3907,250
RS,85146,PAVERAMA,1895,2526,4700,279
RS,85154,ANTÔNIO PRADO,1644,6469,8803,690
RS,85162,TERRA DE AREIA,2291,3070,5959,598
RS,85170,ARATIBA,2216,2730,5209,263
RS,85189,HARMONIA,931,2158,3335,246
RS,85197,ARROIO DO MEIO,4298,8498,14080,1284
RS,85200,CAMPOS BORGES,997,1129,2481,355
RS,85219,ARROIO DOS RATOS,4151,2980,7788,657
RS,85227,CERRO GRANDE,1196,682,2037,159
RS,85235,ARROIO DO TIGRE,3479,4137,8217,601
RS,85243,IPIRANGA DO SUL,347,1195,1636,94
RS,85251,ARROIO GRANDE,6981,3619,11534,934
RS,85260,LAGOÃO,2392,1029,3652,231
RS,85278,ARVOREZINHA,2307,4195,6868,366
RS,85286,ESTAÇÃO,1218,2454,3989,317
RS,85294,AUGUSTO PESTANA,1522,3046,4896,328
RS,85308,ARROIO DO SAL,2049,3306,5961,606
RS,85316,BAGÉ,34767,26272,66497,5458
RS,85324,SÃO JOSÉ DO HORTÊNCIO,617,2207,3052,228
RS,85332,BARÃO DE COTEGIPE,1695,2437,4431,299
RS,85340,PINHAL,783,933,1944,228
RS,85359,BARRACÃO,1638,1500,3349,211
RS,85367,TRÊS CACHOEIRAS,1796,4357,6656,503
RS,85375,BARRA DO RIBEIRO,3570,3487,7785,728
RS,85383,SÃO VENDELINO,532,1175,1928,221
RS,85391,BARROS CASSAL,3454,2538,6515,523
RS,85405,PROTÁSIO ALVES,280,1146,1564,138
RS,85413,BENTO GONÇALVES,17140,50265,72724,5319
RS,85421,POUSO NOVO,593,698,1364,73
RS,85430,BOA VISTA DO BURICÁ,1626,2728,4672,318
RS,85448,EUGÊNIO DE CASTRO,767,1039,1939,133
RS,85456,BOM JESUS,3086,2740,6298,472
RS,85464,CRISTAL,2397,2153,4937,387
RS,85472,BOM RETIRO DO SUL,2831,4563,7942,548
RS,85480,SÃO MIGUEL DAS MISSÕES,2488,1986,4712,238
RS,85499,BOSSOROCA,2223,1389,3904,292
RS,85502,GLORINHA,1594,3027,5005,384
RS,85510,BRAGA,1354,787,2266,125
RS,85529,SEGREDO,2111,1992,4436,333
RS,85537,BUTIÁ,6296,4168,11413,949
RS,85545,ALEGRIA,1277,1216,2669,176
RS,85553,CAÇAPAVA DO SUL,11378,5810,19258,2070
RS,85561,SALDANHA MARINHO,825,1275,2267,167
RS,85570,CACEQUI,3569,2573,6530,388
RS,85588,SÃO JOSÉ DO HERVAL,803,637,1539,99
RS,85596,CACHOEIRA DO SUL,18395,24681,47650,4574
RS,85600,VISTA ALEGRE,1174,831,2122,117
RS,85618,CACHOEIRINHA,31104,39912,78865,7849
RS,85626,IVORÁ,654,551,1458,253
RS,85634,CACIQUE DOBLE,1306,1772,3257,179
RS,85642,VILA MARIA,945,1848,2965,172
RS,85650,CAIBATÉ,1715,1353,3274,206
RS,85669,TAQUARUÇU DO SUL,1074,1067,2281,140
RS,85677,CAIÇARA,1394,1841,3547,312
RS,85685,IMBÉ,5944,7485,14819,1390
RS,85693,CAMAQUÃ,15349,19983,38365,3033
RS,85707,SEDE NOVA,968,929,2046,149
RS,85715,CAMBARÁ DO SUL,1343,2318,3896,235
RS,85723,TUPANDI,801,2560,3609,248
RS,85731,CAMPINA DAS MISSÕES,1828,2109,4256,319
RS,85740,RIOZINHO,1446,1549,3277,282
RS,85758,CAMPINAS DO SUL,1004,2609,3857,244
RS,85766,RELVADO,425,1017,1590,148
RS,85774,CAMPO BOM,12978,25137,41523,3408
RS,85782,IMIGRANTE,673,1128,2084,283
RS,85790,CAMPO NOVO,1634,1411,3180,135
RS,85804,CIDREIRA,3806,3403,7927,718
RS,85812,CANDELÁRIA,7320,9158,17853,1375
RS,85820,MONTAURI,269,849,1189,71
RS,85839,CÂNDIDO GODÓI,1417,3069,4817,331
RS,85847,VISTA GAÚCHA,983,927,2109,199
RS,85855,CANELA,8140,14708,25194,2346
RS,85863,VISTA ALEGRE DO PRATA,279,880,1320,161
RS,85871,CANGUÇU,13250,16365,33006,3391
RS,85880,CASEIROS,983,1285,2454,186
RS,85898,CANOAS,85130,92790,198333,20413
RS,85901,ITACURUBI,1042,847,2083,194
RS,85910,CARAZINHO,14472,19026,36557,3059
RS,85928,ENTRE RIOS DO SUL,966,954,2034,114
RS,85936,CARLOS BARBOSA,4679,12563,19281,2039
RS,85944,CERRO GRANDE DO SUL,2638,2481,5553,434
RS,85952,CASCA,1696,3961,6134,477
RS,85960,CAMARGO,753,1170,2038,115
RS,85979,CATUÍPE,2544,3155,6233,534
RS,85987,PARAÍSO DO SUL,1696,2371,4433,366
RS,85995,CAXIAS DO SUL,85696,155130,269592,28766
RS,86010,CERRO LARGO,4010,3575,8244,659
RS,86029,FAXINALZINHO,747,1019,1848,82
RS,86037,CHAPADA,2413,3569,6517,535
RS,86045,AMARAL FERRADOR,1757,1474,3581,350
RS,86053,CHIAPETTA,1257,1392,2836,187
RS,86061,VILA FLORES,572,2023,2812,217
RS,86070,CIRÍACO,1258,1556,3047,233
RS,86088,CERRO BRANCO,1131,1463,2835,241
RS,86096,COLORADO,703,1598,2456,155
RS,86100,ANDRÉ DA ROCHA,327,658,1072,87
RS,86118,CONDOR,1712,2548,4592,332
RS,86126,POÇO DAS ANTAS,445,989,1638,204
RS,86134,CONSTANTINA,2938,3228,6529,363
RS,86142,TRÊS PALMEIRAS,1792,1228,3184,164
RS,86150,CORONEL BICACO,2501,1996,4705,208
RS,86169,NOVA ALVORADA,623,1553,2293,117
RS,86177,CRISSIUMAL,3694,4116,8382,572
RS,86185,MORRO REDONDO,1596,1996,4047,455
RS,86193,CRUZ ALTA,16234,16946,35658,2478
RS,86207,SANTA MARIA DO HERVAL,1490,2502,4434,442
RS,86215,CRUZEIRO DO SUL,2722,4436,7836,678
RS,86223,BARÃO,1142,2680,4225,403
RS,86231,DAVID CANABARRO,1258,1773,3266,235
RS,86240,ELDORADO DO SUL,9765,8827,20607,2015
RS,86258,DOIS IRMÃOS,6534,11837,20088,1717
RS,86274,DOM FELICIANO,4379,3205,8115,531
RS,86282,ALTO FELIZ,507,1436,2203,260
RS,86290,DOM PEDRITO,11541,8323,21418,1554
RS,86304,AMETISTA DO SUL,2173,2454,4855,228
RS,86312,DONA FRANCISCA,1066,1166,2440,208
RS,86320,ARAMBARÉ,1198,1209,2620,213
RS,86339,ENCANTADO,4057,8475,13662,1130
RS,86347,BARÃO DO TRIUNFO,1354,1893,3629,382
RS,86355,ENCRUZILHADA DO SUL,8343,4946,14372,1083
RS,86363,BARRA DO GUARITA,1119,847,2043,77
RS,86371,ERECHIM,20727,38094,63645,4824
RS,86380,BARRA DO RIO AZUL,653,674,1437,110
RS,86398,HERVAL,2552,960,3854,342
RS,86401,BARRA FUNDA,864,1122,2250,264
RS,86410,ERVAL GRANDE,1819,1388,3420,213
RS,86428,BOA VISTA DAS MISSÕES,789,667,1555,99
RS,86436,ERVAL SECO,2379,1784,4515,352
RS,86444,BOM PROGRESSO,983,788,1854,83
RS,86452,ESMERALDA,948,996,2069,125
RS,86460,CAMPESTRE DA SERRA,407,1605,2152,140
RS,86479,ESPUMOSO,4308,5188,10306,810
RS,86487,CANDIOTA,4114,1654,6231,463
RS,86495,ESTÂNCIA VELHA,8077,18687,29034,2270
RS,86509,CAPITÃO,857,1197,2266,212
RS,86517,ESTEIO,24275,22403,51591,4913
RS,86525,CARLOS GOMES,574,512,1150,64
RS,86533,ESTRELA,5474,13301,20421,1646
RS,86541,CENTENÁRIO,1018,1123,2262,121
RS,86550,FARROUPILHA,11200,30199,45472,4073
RS,86568,CHARRUA,935,921,1972,116
RS,86576,FAXINAL DO SOTURNO,1779,2384,4609,446
RS,86584,COLINAS,558,1060,1889,271
RS,86592,FELIZ,2710,5354,8879,815
RS,86606,COQUEIROS DO SUL,640,1136,1935,159
RS,86614,FLORES DA CUNHA,3378,15104,20171,1689
RS,86622,CORONEL BARROS,720,1240,2165,205
RS,86630,FONTOURA XAVIER,3673,2329,6382,380
RS,86649,COXILHA,1009,1123,2234,102
RS,86657,FORMIGUEIRO,2173,1720,4375,482
RS,86665,DERRUBADAS,1040,939,2203,224
RS,86673,FREDERICO WESTPHALEN,7813,10799,19972,1360
RS,86681,DOIS IRMÃOS DAS MISSÕES,840,678,1601,83
RS,86690,GARIBALDI,5040,14654,21466,1772
RS,86703,ENGENHO VELHO,520,370,935,45
RS,86711,GAURAMA,1314,2626,4255,315
RS,86720,GARRUCHOS,1201,673,1981,107
RS,86738,GENERAL CÂMARA,2484,2049,4904,371
RS,86746,GENTIL,349,881,1323,93
RS,86754,SÃO VICENTE DO SUL,2669,2197,5310,444
RS,86762,GRAMADO DOS LOUREIROS,1044,664,1798,90
RS,86770,GETÚLIO VARGAS,2864,6421,10078,793
RS,86789,GRAMADO XAVIER,1261,968,2407,178
RS,86797,GIRUÁ,3610,6111,10316,595
RS,86800,HULHA NEGRA,2307,1243,3816,266
RS,86819,GRAMADO,6015,17266,25341,2060
RS,86827,INHACORÁ,789,708,1571,74
RS,86835,GRAVATAÍ,55463,75004,145033,14566
RS,86843,ITAPUCA,558,806,1425,61
RS,86851,GUAÍBA,27380,24498,57280,5402
RS,86860,LAJEADO DO BUGRE,919,579,1566,68
RS,86878,GUAPORÉ,3706,10571,15396,1119
RS,86886,LAGOA DOS TRÊS CANTOS,334,900,1343,109
RS,86894,GUARANI DAS MISSÕES,2224,2354,4926,348
RS,86908,LINDOLFO COLLOR,1629,1915,3756,212
RS,86916,HORIZONTINA,3813,7489,12131,829
RS,86924,LINHA NOVA,358,685,1161,118
RS,86932,CHARQUEADAS,10340,7530,19615,1745
RS,86940,MANOEL VIANA,2312,1697,4253,244
RS,86959,HUMAITÁ,1408,1755,3400,237
RS,86967,MAQUINÉ,2407,1942,4744,395
RS,86975,IBIAÇÁ,1061,1915,3273,297
RS,86983,MARATÁ,527,1203,1949,219
RS,86991,IBIRAIARAS,1219,2848,4446,379
RS,87009,MARIANA PIMENTEL,1076,1473,2803,254
RS,87017,IBIRUBÁ,4259,8129,13478,1090
RS,87025,MATO CASTELHANO,590,1553,2287,144
RS,87033,IGREJINHA,7124,13294,21978,1560
RS,87041,MATO LEITÃO,1110,1817,3218,291
RS,87050,IJUÍ,21022,26764,51335,3549
RS,87068,MINAS DO LEÃO,2573,1950,4924,401
RS,87076,ILÓPOLIS,679,2019,2868,170
RS,87084,MONTE BELO DO SUL,414,1931,2534,189
RS,87092,INDEPENDÊNCIA,1666,2479,4536,391
RS,87106,MORMAÇO,917,1129,2189,143
RS,87114,IRAÍ,2359,2066,4643,218
RS,87122,MORRINHOS DO SUL,840,1474,2570,256
RS,87130,ITAQUI,8700,9173,19370,1497
RS,87149,MORRO REUTER,1084,3019,4487,384
RS,87157,ITATIBA DO SUL,1803,1021,2906,82
RS,87165,MULITERNO,801,723,1658,134
RS,87173,IVOTI,3759,8863,14030,1408
RS,87181,NICOLAU VERGUEIRO,613,1014,1739,112
RS,87190,JACUTINGA,844,1371,2369,154
RS,87203,NOVA BOA VISTA,521,929,1703,253
RS,87211,JAGUARÃO,8500,5355,15351,1496
RS,87220,NOVA PÁDUA,206,1672,1991,113
RS,87238,JAGUARI,2887,3300,6900,713
RS,87246,NOVA SANTA RITA,6538,7164,14739,1037
RS,87254,JÚLIO DE CASTILHOS,6602,4441,11991,948
RS,87262,NOVO BARREIRO,1591,1333,3042,118
RS,87270,LAGOA VERMELHA,6514,8337,15991,1140
RS,87289,NOVO MACHADO,941,1544,2621,136
RS,87297,LAJEADO,16705,29372,50004,3927
RS,87300,NOVO TIRADENTES,799,574,1504,131
RS,87319,LAVRAS DO SUL,2618,1376,4306,312
RS,87327,PARECI NOVO,649,1886,2775,240
RS,87335,LIBERATO SALZANO,1960,1268,3413,185
RS,87343,PASSO DO SOBRADO,1907,2052,4207,248
RS,87351,MACHADINHO,1555,2070,3829,204
RS,87360,PICADA CAFÉ,985,2253,3655,417
RS,87378,MARAU,7679,16024,25600,1897
RS,87386,PINHAL GRANDE,1477,1123,2841,241
RS,87394,MARCELINO RAMOS,1302,1645,3145,198
RS,87408,PINHEIRINHO DO VALE,1439,1416,3050,195
RS,87416,MARIANO MORO,847,764,1746,135
RS,87424,PONTÃO,1367,1258,2757,132
RS,87432,MATA,1488,1355,3096,253
RS,87440,PONTE PRETA,464,891,1537,182
RS,87459,MAXIMILIANO DE ALMEIDA,1044,1894,3158,220
RS,87467,PORTO MAUÁ,644,1086,1828,98
RS,87475,MIRAGUAÍ,2007,1306,3471,158
RS,87483,PORTO VERA CRUZ,632,661,1373,80
RS,87491,MONTENEGRO,14071,18928,36544,3545
RS,87505,PRESIDENTE LUCENA,482,1470,2163,211
RS,87513,MOSTARDAS,2826,3259,6767,682
RS,87521,QUEVEDOS,985,710,1832,137
RS,87530,MUÇUM,900,2146,3364,318
RS,87548,RIO DOS ÍNDIOS,1292,855,2264,117
RS,87556,NÃO-ME-TOQUE,3489,6727,10882,666
RS,87564,SAGRADA FAMÍLIA,955,706,1813,152
RS,87572,NONOAI,3646,3415,7409,348
RS,87580,SALVADOR DAS MISSÕES,842,1231,2217,144
RS,87599,NOVA ARAÇÁ,692,2318,3200,190
RS,87602,SANTA CLARA DO SUL,1265,2708,4398,425
RS,87610,NOVA BASSANO,939,4722,6008,347
RS,87629,SANTA TEREZA,390,963,1446,93
RS,87637,NOVA BRÉSCIA,483,1624,2282,175
RS,87645,SANTO ANTÔNIO DO PALMA,740,746,1607,121
RS,87653,NOVA PALMA,1766,1958,4246,522
RS,87661,SANTO ANTÔNIO DO PLANALTO,486,1098,1748,164
RS,87670,NOVA PETRÓPOLIS,3091,9419,13944,1434
RS,87688,SANTO EXPEDITO DO SUL,702,1012,1818,104
RS,87696,NOVA PRATA,3338,10810,15405,1257
RS,87700,SÃO JOÃO DO POLÊSINE,698,1164,2040,178
RS,87718,NOVO HAMBURGO,42801,84976,139441,11664
RS,87726,SÃO JOSÉ DOS AUSENTES,878,1345,2356,133
RS,87734,OSÓRIO,13015,12300,28177,2862
RS,87742,SÃO JOSÉ DO INHACORÁ,659,1001,1889,229
RS,87750,PAIM FILHO,1521,1537,3145,87
RS,87769,SÃO JOSÉ DAS MISSÕES,1072,621,1796,103
RS,87777,PALMEIRA DAS MISSÕES,9066,9062,19324,1196
RS,87785,SÃO MARTINHO DA SERRA,927,1275,2369,167
RS,87793,PALMITINHO,2701,1883,4956,372
RS,87807,SÃO PEDRO DA SERRA,655,1702,2638,281
RS,87815,PANAMBI,7730,16366,25799,1703
RS,87823,SÃO PEDRO DO BUTIÁ,816,1202,2156,138
RS,87831,PARAÍ,1133,3410,4994,451
RS,87840,SÃO VALENTIM DO SUL,385,1261,1771,125
RS,87858,PASSO FUNDO,49826,58099,117740,9815
RS,87866,SÃO VALÉRIO DO SUL,1068,613,1741,60
RS,87874,PEDRO OSÓRIO,3334,1415,5238,489
RS,87882,SENTINELA DO SUL,1607,1362,3242,273
RS,87890,PEJUÇARA,1008,1412,2557,137
RS,87904,SÉRIO,736,726,1651,189
RS,87912,PELOTAS,100306,70445,193552,22801
RS,87920,SERTÃO SANTANA,1407,2458,4210,345
RS,87939,PINHEIRO MACHADO,4610,1897,7254,747
RS,87947,SINIMBU,2761,2579,5824,484
RS,87955,PIRATINI,6911,3443,11355,1001
RS,87963,TIRADENTES DO SUL,1941,1446,3571,184
RS,87971,PLANALTO,2806,3066,6199,327
RS,87980,TRAVESSEIRO,706,836,1668,126
RS,87998,PORTÃO,7662,10859,20003,1482
RS,88005,TRÊS FORQUILHAS,1073,1046,2302,183
RS,88013,PORTO ALEGRE,412553,323857,827993,91583
RS,88021,TUPANCI DO SUL,430,649,1148,69
RS,88030,PORTO LUCENA,1452,1435,3149,262
RS,88048,UNIÃO DA SERRA,256,880,1247,111
RS,88056,PORTO XAVIER,3051,2969,6319,299
RS,88064,VALE DO SOL,3186,3047,6769,536
RS,88072,PUTINGA,613,2083,2894,198
RS,88080,VALE REAL,1342,2303,3942,297
RS,88099,QUARAÍ,6813,5644,13309,852
RS,88102,VILA NOVA DO SUL,1593,990,2829,246
RS,88110,REDENTORA,3128,1614,5058,316
RS,88129,VITÓRIA DAS MISSÕES,1394,1123,2701,184
RS,88137,RESTINGA SÊCA,4200,4770,9937,967
RS,88145,XANGRI-LÁ,3131,5788,9639,720
RS,88153,RIO GRANDE,68808,33485,113290,10997
RS,88161,BOA VISTA DO SUL,499,1321,2019,199
RS,88170,RIO PARDO,12787,7837,22309,1685
RS,88188,DILERMANDO DE AGUIAR,1066,1087,2373,220
RS,88196,ROCA SALES,2122,3740,6474,612
RS,88200,CAPIVARI DO SUL,1179,1458,2920,283
RS,88218,RODEIO BONITO,2053,1958,4258,247
RS,88226,NOVA CANDELÁRIA,712,1307,2185,166
RS,88234,ROLANTE,4721,7558,13421,1142
RS,88242,FLORIANO PEIXOTO,675,724,1501,102
RS,88250,RONDA ALTA,3246,2626,6124,252
RS,88269,CHUVISCA,1191,2059,3531,281
RS,88277,RONDINHA,1653,1941,3815,221
RS,88285,ESPERANÇA DO SUL,1411,953,2505,141
RS,88293,ROQUE GONZALES,2148,2027,4486,311
RS,88307,DOUTOR RICARDO,475,1026,1645,144
RS,88315,ROSÁRIO DO SUL,12063,9398,23004,1543
RS,88323,HERVEIRAS,1303,674,2081,104
RS,88331,SALVADOR DO SUL,1219,2931,4617,467
RS,88340,CARAÁ,2081,2178,4777,518
RS,88358,SANANDUVA,3341,6807,10729,581
RS,88366,FAZENDA VILANOVA,1153,1406,2783,224
RS,88374,SANTA BÁRBARA DO SUL,2136,3088,5555,331
RS,88382,ITAARA,1484,1704,3464,276
RS,88390,SANTA CRUZ DO SUL,32029,43348,83339,7962
RS,88404,ESTRELA VELHA,1038,1094,2371,239
RS,88412,SANTA MARIA,72821,72215,160245,15209
RS,88420,BENJAMIN CONSTANT DO SUL,1021,582,1652,49
RS,88439,SANTANA DA BOA VISTA,2428,1867,4771,476
RS,88447,MAÇAMBARÁ,1420,1321,2985,244
RS,88455,SANT ANA DO LIVRAMENTO,28430,18225,50558,3903
RS,88463,DOM PEDRO DE ALCÂNTARA,748,1062,2063,253
RS,88471,SANTA ROSA,15136,28139,46330,3055
RS,88480,UNISTALDA,972,956,2061,133
RS,88498,SANTA VITÓRIA DO PALMAR,10313,5034,17175,1828
RS,88501,TURUÇU,869,1494,2673,310
RS,88510,SANTIAGO,13177,14566,29958,2215
RS,88528,CRISTAL DO SUL,1126,795,2064,143
RS,88536,SANTO ÂNGELO,20466,21770,45804,3568
RS,88544,MUITOS CAPÕES,647,1332,2103,124
RS,88552,SANTO ANTÔNIO DA PATRULHA,10837,12494,25584,2253
RS,88560,NOVA RAMADA,636,903,1685,146
RS,88579,SANTO ANTÔNIO DAS MISSÕES,3906,2198,6628,524
RS,88587,JARI,1246,794,2233,193
RS,88595,SANTO AUGUSTO,4228,4160,8925,537
RS,88609,UBIRETAMA,453,1001,1615,161
RS,88617,SANTO CRISTO,4465,5430,10759,864
RS,88625,BARRA DO QUARAÍ,1299,871,2290,120
RS,88633,SÃO BORJA,19385,13618,35333,2330
RS,88641,CERRITO,2368,1366,4141,407
RS,88650,SÃO FRANCISCO DE ASSIS,6144,4278,11259,837
RS,88668,VALE VERDE,1157,1063,2429,209
RS,88676,SÃO FRANCISCO DE PAULA,5851,5292,12143,1000
RS,88684,NOVO CABRAIS,1214,1565,2977,198
RS,88692,SÃO GABRIEL,16637,13846,33020,2537
RS,88706,SETE DE SETEMBRO,741,636,1487,110
RS,88714,SÃO JERÔNIMO,6287,4723,12171,1161
RS,88722,TABAÍ,1424,1582,3158,152
RS,88730,SÃO JOSÉ DO NORTE,8331,5466,15833,2036
RS,88749,VILA LÂNGARO,503,1177,1809,129
RS,88757,SÃO JOSÉ DO OURO,1470,2931,4740,339
RS,88765,SENADOR SALGADO FILHO,584,1478,2239,177
RS,88773,SÃO LEOPOLDO,54968,61965,127340,10407
RS,88781,VESPASIANO CORRÊA,297,1403,1822,122
RS,88790,SÃO LOURENÇO DO SUL,11979,12720,27270,2571
RS,88803,MONTE ALEGRE DOS CAMPOS,896,1316,2386,174
RS,88811,SÃO LUIZ GONZAGA,9815,8397,19614,1402
RS,88820,MARQUES DE SOUZA,988,1660,2805,157
RS,88838,SÃO MARCOS,2996,9083,13364,1285
RS,88846,CHUÍ,1989,920,3151,242
RS,88854,SÃO MARTINHO,1407,2401,4059,251
RS,88862,ARARICÁ,1615,2732,4587,240
RS,88870,SÃO NICOLAU,1884,1112,3215,219
RS,88889,PASSA SETE,1524,1286,3036,226
RS,88897,SÃO PAULO DAS MISSÕES,1880,2061,4295,354
RS,88900,TOROPI,862,1137,2175,176
RS,88919,SÃO PEDRO DO SUL,4363,4671,10006,972
RS,88927,BALNEÁRIO PINHAL,3154,3071,6855,630
RS,88935,SÃO SEBASTIÃO DO CAÍ,5029,7800,13939,1110
RS,88943,MAMPITUBA,1244,922,2352,186
RS,88951,SÃO SEPÉ,7563,4851,13495,1081
RS,88978,SÃO VALENTIM,987,1405,2524,132
RS,88986,ACEGUÁ,1201,1576,2963,186
RS,88994,SAPIRANGA,18216,28177,49435,3042
RS,89001,ALMIRANTE TAMANDARÉ DO SUL,619,857,1624,148
RS,89010,SAPUCAIA DO SUL,39368,32944,78979,6667
RS,89028,ARROIO DO PADRE,375,1785,2322,162
RS,89036,SARANDI,4934,7964,13897,999
RS,89044,BOA VISTA DO CADEADO,554,1010,1692,128
RS,89052,SEBERI,3248,3747,7473,478
RS,89060,BOA VISTA DO INCRA,756,976,1833,101
RS,89079,SELBACH,1046,2242,3625,337
RS,89087,BOZANO,702,1189,2002,111
RS,89095,SERAFINA CORRÊA,2619,6902,10178,657
RS,89109,CANUDOS DO VALE,876,571,1573,126
RS,89117,SERTÃO,1428,2442,4107,237
RS,89125,CAPÃO BONITO DO SUL,802,722,1662,138
RS,89133,SEVERIANO DE ALMEIDA,1070,1445,2782,267
RS,89141,CAPÃO DO CIPÓ,1252,867,2258,139
RS,89150,CAPÃO DA CANOA,10977,18040,31420,2403
RS,89168,COQUEIRO BAIXO,215,823,1129,91
RS,89176,SOBRADINHO,3718,4269,8709,722
RS,89184,CORONEL PILAR,264,858,1226,104
RS,89192,SOLEDADE,8637,7667,17466,1162
RS,89206,CRUZALTENSE,525,1025,1672,122
RS,89214,TAPEJARA,3259,9687,14042,1096
RS,89222,FORQUETINHA,630,1245,1987,112
RS,89230,TAPERA,2783,3382,6576,411
RS,89247,SANTA CECÍLIA DO SUL,466,930,1516,120
RS,89249,ITATI,1116,1284,2599,199
RS,89257,TAPES,4279,3851,8821,691
RS,89265,JACUIZINHO,912,636,1653,105
RS,89273,TAQUARA,10573,19323,32244,2348
RS,89281,LAGOA BONITA DO SUL,996,760,1862,106
RS,89290,TAQUARI,6903,7731,15659,1025
RS,89303,MATO QUEIMADO,609,576,1309,124
RS,89311,TENENTE PORTELA,4483,3373,8379,523
RS,89320,NOVO XINGU,617,558,1300,125
RS,89338,TORRES,8732,12306,23165,2127
RS,89346,PAULO BENTO,564,1050,1775,161
RS,89354,TRAMANDAÍ,11047,12879,26333,2407
RS,89362,PINHAL DA SERRA,773,901,1842,168
RS,89370,TRÊS COROAS,4509,8743,14336,1084
RS,89389,QUATRO IRMÃOS,523,775,1367,69
RS,89397,TRÊS DE MAIO,4997,8922,14971,1052
RS,89400,ROLADOR,1006,729,1890,155
RS,89419,TRÊS PASSOS,6939,7254,15145,952
RS,89435,TRIUNFO,6514,8768,16886,1604
RS,89443,SANTA MARGARIDA DO SUL,1026,889,2102,187
RS,89451,TUCUNDUVA,1242,2469,3945,234
RS,89460,SÃO JOSÉ DO SUL,408,1043,1645,194
RS,89478,TUPANCIRETÃ,6218,5620,12581,743
RS,89486,SÃO PEDRO DAS MISSÕES,667,566,1276,43
RS,89494,TUPARENDI,1567,3864,5802,371
RS,89508,TIO HUGO,860,1099,2129,170
RS,89516,URUGUAIANA,21638,34682,61497,5177
RS,89524,WESTFALIA,639,1319,2205,247
RS,89532,VACARIA,11185,21489,35358,2684
RS,89540,PINTO BANDEIRA,332,1486,1965,147
RS,89559,VENÂNCIO AIRES,15558,23960,42783,3265
RS,89567,PEDRAS ALTAS,1006,418,1535,111
RS,89575,VERA CRUZ,6996,7830,16006,1180
RS,89591,VERANÓPOLIS,3002,10783,15073,1288
RS,89613,VIADUTOS,1096,2117,3457,244
RS,89630,VIAMÃO,64225,49022,124315,11068
RS,89656,VICENTE DUTRA,1323,1559,3037,155
RS,89672,PALMARES DO SUL,3445,3658,7910,807
RS,89699,VICTOR GRAEFF,696,1226,2069,147
RS,89710,TAVARES,1596,1391,3464,477
RS,89737,CAPÃO DO LEÃO,7687,5041,14078,1350
RS,89753,SALTO DO JACUÍ,3292,2590,6264,382
RS,89770,COTIPORÃ,589,1982,2866,295
RS,98213,TEUTÔNIA,7230,11289,20450,1931
RS,98230,BOM PRINCÍPIO,1895,6073,8600,632
RS,98256,PAROBÉ,11353,17795,31243,2095
RS,98272,FORTALEZA DOS VALOS,1336,1609,3167,222
RS,98299,JÓIA,2857,2027,5155,271
SC,80004,MONTE CARLO,2754,2297,5392,341
SC,80012,ABELARDO LUZ,3942,5143,9444,359
SC,80020,IPORÃ DO OESTE,1784,3487,5959,688
SC,80039,AGROLÂNDIA,1318,4969,6571,284
SC,80047,LINDÓIA DO SUL,970,1695,2885,220
SC,80055,AGRONÔMICA,632,2809,3623,182
SC,80063,APIÚNA,1705,4401,6431,325
SC,80071,ÁGUA DOCE,1249,2887,4327,191
SC,80080,DOUTOR PEDRINHO,459,1806,2435,170
SC,80098,ÁGUAS DE CHAPECÓ,2019,1575,3769,175
SC,80101,JOSÉ BOITEUX,1273,1949,3403,181
SC,80110,ÁGUAS MORNAS,1298,3162,5039,579
SC,80128,VITOR MEIRELES,1108,2246,3534,180
SC,80136,ALFREDO WAGNER,1737,4236,6494,521
SC,80144,UNIÃO DO OESTE,734,1165,2071,172
SC,80152,ANCHIETA,1815,2053,4062,194
SC,80160,URUPEMA,753,967,1911,191
SC,80179,ANGELINA,1694,2167,4235,374
SC,80187,IRACEMINHA,859,1960,3035,216
SC,80195,ANITA GARIBALDI,2648,2536,5535,351
SC,80209,TIMBÓ GRANDE,1981,1863,4246,402
SC,80217,ANITÁPOLIS,870,1495,2609,244
SC,80225,ABDON BATISTA,725,1127,2074,222
SC,80233,ANTÔNIO CARLOS,1170,5394,7073,509
SC,80241,SANTA ROSA DO SUL,1687,3847,5953,419
SC,80250,ARAQUARI,5308,11632,17986,1046
SC,80268,CELSO RAMOS,879,1071,2106,156
SC,80276,ARARANGUÁ,11852,25630,40536,3054
SC,80284,SERRA ALTA,810,1415,2371,146
SC,80292,ARMAZÉM,1408,3787,5472,277
SC,80306,COCAL DO SUL,2597,7392,10976,987
SC,80314,ARROIO TRINTA,626,1755,2592,211
SC,80322,NOVA ITABERABA,1598,1559,3363,206
SC,80330,ASCURRA,869,3843,4934,222
SC,80349,SANTA TEREZINHA,1587,3442,5296,267
SC,80357,ATALANTA,479,1776,2442,187
SC,80365,MIRIM DOCE,567,1233,1901,101
SC,80373,AURORA,841,3184,4314,289
SC,80381,CERRO NEGRO,1489,911,2525,125
SC,80390,BALNEÁRIO CAMBORIÚ,19270,55235,80800,6295
SC,80403,PASSO DE TORRES,2003,3180,5592,409
SC,80411,BARRA VELHA,4704,13397,19110,1009
SC,80420,BRAÇO DO TROMBUDO,509,1980,2664,175
SC,80438,BENEDITO NOVO,1009,5129,6541,403
SC,80446,SUL BRASIL,924,964,2066,178
SC,80454,BIGUAÇU,13322,23929,41109,3858
SC,80462,VARGEM,975,847,1995,173
SC,80470,BLUMENAU,47482,139214,208596,21900
SC,80489,ARABUTÃ,985,1851,3110,274
SC,80497,BOM RETIRO,1872,2921,5162,369
SC,80500,ÁGUAS FRIAS,873,1047,2125,205
SC,80519,BOTUVERÁ,772,2659,3648,217
SC,80527,GUATAMBÚ,2623,1969,4837,245
SC,80535,BRAÇO DO NORTE,3908,14691,19878,1279
SC,80543,PLANALTO ALEGRE,1175,950,2300,175
SC,80551,BRUSQUE,15961,55740,76840,5139
SC,80560,RIQUEZA,1312,1693,3267,262
SC,80578,CAÇADOR,16019,20720,40033,3294
SC,80586,LAJEADO GRANDE,469,743,1282,70
SC,80594,CAIBI,1138,2647,4012,227
SC,80608,RIO RUFINO,698,1015,1857,144
SC,80616,CAMBORIÚ,11497,28923,43146,2726
SC,80624,PASSOS MAIA,1415,1067,2660,178
SC,80632,CAMPO ALEGRE,1549,5646,7690,495
SC,80640,SÃO JOÃO DO OESTE,941,2909,4249,399
SC,80659,CAMPO BELO DO SUL,2177,2201,4701,323
SC,80667,CALMON,1567,681,2356,108
SC,80675,CAMPO ERÊ,3088,2321,5635,226
SC,80683,BALNEÁRIO BARRA DO SUL,2164,5285,7913,464
SC,80691,CAMPOS NOVOS,6824,11886,20204,1494
SC,80705,PARAÍSO,1402,1255,2872,215
SC,80713,CANELINHA,1795,5076,7241,370
SC,80721,SANTA HELENA,797,917,1904,190
SC,80730,CANOINHAS,9278,19840,32493,3375
SC,80748,BELMONTE,752,1010,1927,165
SC,80756,CAPINZAL,4821,7720,13591,1050
SC,80764,NOVO HORIZONTE,910,1088,2099,101
SC,80772,CATANDUVAS,2528,3770,6695,397
SC,80780,SÃO MIGUEL DA BOA VISTA,687,575,1384,122
SC,80799,CAXAMBU DO SUL,1842,1572,3624,210
SC,80802,ARVOREDO,836,1069,2079,174
SC,80810,CHAPECÓ,46992,72582,128059,8485
SC,80829,IPUAÇU,2884,1363,4469,222
SC,80837,CONCÓRDIA,13760,29941,47078,3377
SC,80845,OURO VERDE,604,933,1612,75
SC,80853,CORONEL FREITAS,2554,3773,6693,366
SC,80861,IRATI,815,757,1686,114
SC,80870,CORUPÁ,2010,6924,9592,658
SC,80888,FORMOSA DO SUL,988,841,1956,127
SC,80896,CRICIÚMA,31462,75743,117431,10226
SC,80900,MACIEIRA,694,667,1441,80
SC,80918,CUNHA PORÃ,1212,5617,7313,484
SC,80926,PONTE ALTA DO NORTE,857,969,1930,104
SC,80934,CURITIBANOS,8864,12482,22986,1640
SC,80942,SÃO CRISTÓVÃO DO SUL,1139,1360,2631,132
SC,80950,DESCANSO,2058,3225,5755,472
SC,80969,VARGEM BONITA,1312,1716,3244,216
SC,80977,DIONÍSIO CERQUEIRA,3802,4309,8502,391
SC,80985,BOMBINHAS,3469,8467,12916,980
SC,80993,DONA EMMA,708,1672,2599,219
SC,81000,SANGÃO,1418,5036,6770,316
SC,81019,ERVAL VELHO,874,2075,3205,256
SC,81027,CAPIVARI DE BAIXO,4618,8246,13910,1046
SC,81035,FAXINAL DOS GUEDES,3609,3306,7221,306
SC,81043,CORDILHEIRA ALTA,1185,1972,3348,191
SC,81051,FLORIANÓPOLIS,135981,146358,320467,38128
SC,81060,FORQUILHINHA,4499,11327,16917,1091
SC,81078,FRAIBURGO,7322,11876,20615,1417
SC,81086,MORRO GRANDE,469,1591,2212,152
SC,81094,GALVÃO,920,1192,2252,140
SC,81108,CORONEL MARTINS,774,793,1668,101
SC,81116,GOVERNADOR CELSO RAMOS,2559,8349,11847,939
SC,81124,SÃO JOÃO DO ITAPERIÚ,545,2328,3004,131
SC,81132,GAROPABA,6265,9098,16786,1423
SC,81140,JARDINÓPOLIS,511,778,1411,122
SC,81159,GARUVA,2383,6420,9381,578
SC,81167,ERMO,486,1317,1911,108
SC,81175,GASPAR,9515,26248,38531,2768
SC,81183,SÃO PEDRO DE ALCÂNTARA,899,2257,3466,310
SC,81191,GRÃO-PARÁ,1045,3267,4636,324
SC,81205,SANTIAGO DO SUL,560,570,1212,82
SC,81213,GRAVATAL,1692,5152,7318,474
SC,81221,BELA VISTA DO TOLDO,1347,2301,4078,430
SC,81230,GUABIRUBA,2653,9857,13526,1016
SC,81248,CAPÃO ALTO,775,1206,2298,317
SC,81256,GUARACIABA,2885,3870,7392,637
SC,81264,PAINEL,827,937,1957,193
SC,81272,GUARAMIRIM,6147,17467,25259,1645
SC,81280,BOCAINA DO SUL,996,1381,2576,199
SC,81299,GUARUJÁ DO SUL,1183,1774,3152,195
SC,81302,ALTO BELA VISTA,474,847,1471,150
SC,81310,HERVAL D OESTE,4286,7838,13221,1097
SC,81329,FREI ROGÉRIO,683,928,1773,162
SC,81337,IBICARÉ,650,1637,2409,122
SC,81345,TREVISO,1079,1666,3105,360
SC,81353,IBIRAMA,2543,7888,11427,996
SC,81361,IOMERÊ,534,1553,2293,206
SC,81370,IÇARA,8385,22188,32782,2209
SC,81388,BOM JESUS,958,1000,2033,75
SC,81396,ILHOTA,1933,6333,8814,548
SC,81400,IBIAM,540,901,1524,83
SC,81418,IMARUÍ,3274,3577,7354,503
SC,81426,ENTRE RIOS,1594,651,2374,129
SC,81434,IMBITUBA,11545,14914,29013,2554
SC,81442,PAIAL,795,641,1552,116
SC,81450,IMBUIA,1044,2832,4178,302
SC,81469,BOM JESUS DO OESTE,508,937,1588,143
SC,81477,INDAIAL,7505,26471,36848,2872
SC,81485,SÃO BERNARDINO,1059,862,2049,128
SC,81493,IPIRA,1211,1632,3082,239
SC,81507,SANTA TEREZINHA DO PROGRESSO,1016,685,1855,154
SC,81515,IPUMIRIM,2195,2440,4925,290
SC,81523,SALTINHO,1581,871,2582,130
SC,81531,IRANI,2233,3415,6083,435
SC,81540,JUPIÁ,791,919,1843,133
SC,81558,IRINEÓPOLIS,2252,3679,6386,455
SC,81566,PALMEIRA,807,1275,2281,199
SC,81574,ITÁ,2094,2247,4798,457
SC,81582,BANDEIRANTE,1120,1031,2312,161
SC,81590,ITAIÓPOLIS,3178,8838,12867,851
SC,81604,FLOR DO SERTÃO,673,608,1395,114
SC,81612,ITAJAÍ,33917,87882,132299,10500
SC,81620,CUNHATAÍ,452,877,1510,181
SC,81639,ITAPEMA,8987,27073,38327,2267
SC,81647,PRINCESA,780,1140,2074,154
SC,81655,ITAPIRANGA,2762,6245,9891,884
SC,81663,ITAPOÁ,3848,8471,13188,869
SC,81671,ITUPORANGA,3179,11328,15506,999
SC,81680,TIGRINHOS,742,768,1623,113
SC,81698,JABORÁ,844,2052,3201,305
SC,81701,CHAPADÃO DO LAGEADO,701,1382,2209,126
SC,81710,JACINTO MACHADO,1733,4940,7212,539
SC,81728,BALNEÁRIO ARROIO DO SILVA,3115,4756,8397,526
SC,81736,JAGUARUNA,3157,7955,11865,753
SC,81744,BALNEÁRIO GAIVOTA,2710,4509,7758,539
SC,81752,JARAGUÁ DO SUL,22389,71810,102563,8364
SC,81760,BARRA BONITA,636,679,1428,113
SC,81779,JOAÇABA,4691,11593,17838,1554
SC,81787,BRUNÓPOLIS,1010,1092,2250,148
SC,81795,JOINVILLE,74282,239105,346632,33245
SC,81809,LUZERNA,850,3025,4214,339
SC,81817,LACERDÓPOLIS,413,1098,1674,163
SC,81825,ZORTÉA,968,1255,2416,193
SC,81833,LAGES,30942,56928,96372,8502
SC,81850,LAGUNA,10201,14785,27318,2332
SC,81876,LAURENTINO,1091,3542,4941,308
SC,81892,LAURO MÜLLER,3304,5509,9727,914
SC,81914,LEBON RÉGIS,3671,2543,6524,310
SC,81930,LEOBERTO LEAL,765,1567,2627,295
SC,81957,LONTRAS,1630,4999,7097,468
SC,81973,LUIZ ALVES,1541,6201,8250,508
SC,81990,MAFRA,7915,22472,33231,2844
SC,82015,MAJOR GERCINO,675,1573,2412,164
SC,82031,MAJOR VIEIRA,1852,2325,4698,521
SC,82058,MARAVILHA,4689,10254,16072,1129
SC,82066,MAREMA,600,1034,1756,122
SC,82074,MASSARANDUBA,1883,8078,10705,744
SC,82090,MATOS COSTA,982,756,1825,87
SC,82112,MELEIRO,956,3754,4988,278
SC,82139,MODELO,1034,1549,2845,262
SC,82155,MONDAÍ,2436,3188,6122,498
SC,82171,MONTE CASTELO,2191,2834,5349,324
SC,82198,MORRO DA FUMAÇA,2139,7959,10766,668
SC,82210,NAVEGANTES,12865,28116,44176,3195
SC,82236,NOVA ERECHIM,1269,1744,3241,228
SC,82252,NOVA TRENTO,1823,6268,8634,543
SC,82279,NOVA VENEZA,2238,7087,9967,642
SC,82295,ORLEANS,3035,10975,15074,1064
SC,82317,OURO,1308,3057,4712,347
SC,82333,PALHOÇA,35455,63393,109685,10837
SC,82350,PALMA SOLA,2278,1833,4400,289
SC,82376,PALMITOS,2841,6185,9758,732
SC,82392,PAPANDUVA,4966,6023,11689,700
SC,82414,PAULO LOPES,1800,3209,5393,384
SC,82430,PEDRAS GRANDES,731,2254,3242,257
SC,82457,PENHA,3969,11921,17121,1231
SC,82473,PERITIBA,587,1510,2293,196
SC,82490,PETROLÂNDIA,962,3289,4532,281
SC,82511,BALNEÁRIO PIÇARRAS,3642,9472,14018,904
SC,82538,PINHALZINHO,4756,6943,12541,842
SC,82554,PINHEIRO PRETO,828,1289,2302,185
SC,82570,PIRATUBA,1390,2510,4203,303
SC,82597,POMERODE,3798,14923,20395,1674
SC,82619,PONTE ALTA,1275,1685,3157,197
SC,82635,PONTE SERRADA,3114,2870,6334,350
SC,82651,PORTO BELO,3050,8493,12450,907
SC,82678,PORTO UNIÃO,5983,11432,19162,1747
SC,82694,POUSO REDONDO,2155,6900,9468,413
SC,82716,PRAIA GRANDE,2052,2654,5117,411
SC,82732,PRESIDENTE CASTELLO BRANCO,286,1012,1373,75
SC,82759,PRESIDENTE GETÚLIO,2293,7882,10834,659
SC,82775,PRESIDENTE NEREU,487,1100,1719,132
SC,82791,QUILOMBO,3031,3336,6804,437
SC,82813,RANCHO QUEIMADO,696,1673,2611,242
SC,82830,RIO DAS ANTAS,1228,2633,4105,244
SC,82856,RIO DO CAMPO,1059,3119,4399,221
SC,82872,RIO DO OESTE,1350,3264,4887,273
SC,82899,RIO DOS CEDROS,1353,5083,6988,552
SC,82910,RIO DO SUL,8987,27746,39702,2969
SC,82937,RIO FORTUNA,536,2939,3788,313
SC,82953,RIO NEGRINHO,5752,16324,24054,1978
SC,82970,RODEIO,1501,5674,7641,466
SC,82996,ROMELÂNDIA,1374,1603,3269,292
SC,83011,SALETE,1236,3378,4915,301
SC,83038,SALTO VELOSO,874,1762,2796,160
SC,83054,SANTA CECÍLIA,3929,4707,9089,453
SC,83070,SANTA ROSA DE LIMA,508,971,1632,153
SC,83097,SANTO AMARO DA IMPERATRIZ,4482,9457,15589,1650
SC,83119,SÃO BENTO DO SUL,10517,34075,49139,4547
SC,83135,SÃO BONIFÁCIO,412,1654,2275,209
SC,83151,SÃO CARLOS,2502,3787,6819,530
SC,83178,SÃO DOMINGOS,2552,3179,6022,291
SC,83194,SÃO FRANCISCO DO SUL,8388,18475,29017,2154
SC,83216,SÃO JOÃO BATISTA,3695,12723,17442,1024
SC,83232,SÃO JOÃO DO SUL,1512,3425,5475,538
SC,83259,SÃO JOAQUIM,5564,7599,14545,1382
SC,83275,SÃO JOSÉ,50433,81511,147575,15631
SC,83291,SÃO JOSÉ DO CEDRO,2672,5784,8953,497
SC,83313,SÃO JOSÉ DO CERRITO,3186,2461,6060,413
SC,83330,SÃO LOURENÇO DO OESTE,5332,8434,14820,1054
SC,83356,SÃO LUDGERO,1518,5507,7630,605
SC,83372,SÃO MARTINHO,475,2071,2752,206
SC,83399,SÃO MIGUEL DO OESTE,8221,14264,24568,2083
SC,83410,SAUDADES,2265,3720,6464,479
SC,83437,SCHROEDER,2606,7873,11197,718
SC,83453,SEARA,4783,5640,11404,981
SC,83470,SIDERÓPOLIS,2704,4954,8420,762
SC,83496,SOMBRIO,5095,11072,17455,1288
SC,83518,TAIÓ,2321,8681,11593,591
SC,83534,TANGARÁ,1483,3473,5338,382
SC,83550,TIJUCAS,6693,15575,23962,1694
SC,83577,TIMBÓ,4453,20348,27003,2202
SC,83593,TRÊS BARRAS,4053,6185,11203,965
SC,83615,TREZE DE MAIO,929,4135,5391,327
SC,83631,TREZE TÍLIAS,1104,3667,5047,276
SC,83658,TROMBUDO CENTRAL,870,3180,4271,221
SC,83674,TUBARÃO,14914,42138,62426,5374
SC,83682,TUNÁPOLIS,736,2242,3298,320
SC,83690,TURVO,1454,6437,8391,500
SC,83712,URUBICI,1733,4141,6263,389
SC,83739,URUSSANGA,2755,8803,12754,1196
SC,83755,VARGEÃO,1110,1203,2458,145
SC,83771,VIDAL RAMOS,1151,2947,4435,337
SC,83798,VIDEIRA,8191,19310,29513,2012
SC,83810,WITMARSUM,774,1806,2779,199
SC,83836,XANXERÊ,10919,15701,28336,1716
SC,83852,XAVANTINA,1288,1554,2998,156
SC,83879,XAXIM,6121,11124,18297,1052
SC,83895,BOM JARDIM DA SERRA,1206,1396,2805,203
SC,83909,BALNEÁRIO RINCÃO,3221,5521,9300,558
SC,83917,MARACAJÁ,1695,3031,5095,369
SC,83925,PESCARIA BRAVA,2583,3438,6566,545
SC,83933,TIMBÉ DO SUL,990,2385,3610,235
SC,83950,CORREIA PINTO,4044,4807,9584,733
SC,83976,OTACÍLIO COSTA,3565,6195,10630,870
SE,31003,SANTANA DO SÃO FRANCISCO,3143,1054,4387,190
SE,31011,AMPARO DE SÃO FRANCISCO,1472,547,2153,134
SE,31038,AQUIDABÃ,9492,2671,12835,672
SE,31054,ARACAJU,176981,124846,336702,34875
SE,31070,ARAUÁ,5429,1397,7169,343
SE,31097,AREIA BRANCA,7757,2825,11188,606
SE,31119,BARRA DOS COQUEIROS,11104,6448,19057,1505
SE,31135,BREJO GRANDE,4197,1061,5436,178
SE,31151,BOQUIM,11117,4082,16006,807
SE,31194,CAMPO DO BRITO,8036,2605,11193,552
SE,31216,CANHOBA,2632,612,3387,143
SE,31232,CANINDÉ DE SÃO FRANCISCO,12856,3337,16866,673
SE,31259,CAPELA,12858,5036,19069,1175
SE,31275,CARIRA,9020,3124,12878,734
SE,31291,CARMÓPOLIS,6101,2767,9338,470
SE,31313,CEDRO DE SÃO JOÃO,2910,1197,4289,182
SE,31330,CRISTINÁPOLIS,8111,1780,10271,380
SE,31356,NOSSA SENHORA APARECIDA,3625,1878,5786,283
SE,31372,CUMBE,2098,1127,3450,225
SE,31399,DIVINA PASTORA,2372,600,3106,134
SE,31410,ESTÂNCIA,25843,8695,36836,2298
SE,31437,FEIRA NOVA,3479,977,4657,201
SE,31453,FREI PAULO,6222,3601,10254,431
SE,31470,GENERAL MAYNARD,1611,496,2243,136
SE,31496,GARARU,5852,996,7172,324
SE,31518,GRACCHO CARDOSO,3879,808,4913,226
SE,31534,ILHA DAS FLORES,4168,1060,5428,200
SE,31550,INDIAROBA,7479,1631,9553,443
SE,31577,ITABAIANA,33995,19995,57988,3998
SE,31593,ITABAIANINHA,14973,8088,24241,1180
SE,31615,ITABI,2491,843,3544,210
SE,31631,ITAPORANGA D AJUDA,14184,5636,21255,1435
SE,31658,JAPARATUBA,7622,2194,10610,794
SE,31674,JAPOATÃ,6362,1840,8551,349
SE,31690,LAGARTO,41333,15951,60749,3465
SE,31712,LARANJEIRAS,10771,4850,16756,1135
SE,31739,MACAMBIRA,3477,1295,5062,290
SE,31755,MALHADA DOS BOIS,2300,580,3001,121
SE,31771,MALHADOR,5660,1867,7910,383
SE,31798,MARUIM,7303,1943,9771,525
SE,31810,MOITA BONITA,4493,2176,7131,462
SE,31836,MONTE ALEGRE DE SERGIPE,6595,2211,9175,369
SE,31852,MURIBECA,3936,1371,5608,301
SE,31879,NEÓPOLIS,7538,2381,10335,416
SE,31895,NOSSA SENHORA DA GLÓRIA,17024,4524,22676,1128
SE,31917,NOSSA SENHORA DAS DORES,9935,5199,16195,1061
SE,31933,NOSSA SENHORA DE LOURDES,3556,831,4544,157
SE,31950,NOSSA SENHORA DO SOCORRO,49785,33447,91063,7831
SE,31976,PACATUBA,6565,1320,8313,428
SE,31992,PEDRA MOLE,1769,658,2551,124
SE,32018,PEDRINHAS,3933,1319,5468,216
SE,32034,PINHÃO,3187,902,4291,202
SE,32050,PIRAMBU,4218,1462,6068,388
SE,32077,POÇO REDONDO,11939,3182,15837,716
SE,32093,POÇO VERDE,10838,2704,14548,1006
SE,32115,PORTO DA FOLHA,13725,3387,17975,863
SE,32131,PROPRIÁ,9607,5041,15366,718
SE,32158,RIACHÃO DO DANTAS,10527,2288,13407,592
SE,32174,RIACHUELO,4501,1396,6188,291
SE,32190,RIBEIRÓPOLIS,7426,3165,11235,644
SE,32212,ROSÁRIO DO CATETE,4579,1399,6421,443
SE,32239,SALGADO,9918,2613,13219,688
SE,32255,SANTA LUZIA DO ITANHY,6239,1415,8037,383
SE,32298,SANTA ROSA DE LIMA,2320,765,3261,176
SE,32310,SANTO AMARO DAS BROTAS,5644,1056,6967,267
SE,32336,SÃO CRISTÓVÃO,28618,14631,46991,3742
SE,32352,SÃO DOMINGOS,3893,1770,5848,185
SE,32379,SÃO FRANCISCO,2035,612,2793,146
SE,32395,SÃO MIGUEL DO ALEIXO,2207,680,3034,147
SE,32417,SIMÃO DIAS,20147,5798,27492,1547
SE,32433,SIRIRI,3764,1157,5196,275
SE,32450,TELHA,1912,869,2878,97
SE,32476,TOBIAS BARRETO,21584,8951,32162,1627
SE,32492,TOMAR DO GERU,4871,1882,7076,323
SE,32514,UMBAÚBA,9573,3708,14023,742
SP,61000,EUCLIDES DA CUNHA PAULISTA,2905,1468,4625,252
SP,61018,ADAMANTINA,4697,13529,19663,1437
SP,61026,BOREBI,674,889,1676,113
SP,61034,ADOLFO,1101,1822,3084,161
SP,61042,TARUMÃ,3360,5074,8966,532
SP,61050,AGUAÍ,6397,9134,17036,1505
SP,61069,MOTUCA,1319,1157,2659,183
SP,61077,ÁGUAS DA PRATA,1556,2601,4623,466
SP,61085,IARAS,1589,1252,3008,167
SP,61093,ÁGUAS DE LINDÓIA,2929,7077,10915,909
SP,61107,GUATAPARÁ,2245,1748,4283,290
SP,61115,ÁGUAS DE SÃO PEDRO,898,1846,3042,298
SP,61123,DIRCE REIS,583,564,1249,102
SP,61131,AGUDOS,6905,13235,21901,1761
SP,61140,ESPÍRITO SANTO DO TURVO,1190,1189,2529,150
SP,61158,ALFREDO MARCONDES,1159,1752,3055,144
SP,61166,ROSANA,5302,3990,9940,648
SP,61174,ALTAIR,1008,1172,2315,135
SP,61182,EMBAÚBA,748,965,1806,93
SP,61190,ALTINÓPOLIS,4138,4277,9301,886
SP,61204,ILHA SOLTEIRA,5735,7173,14429,1521
SP,61212,ALTO ALEGRE,800,1719,2689,170
SP,61220,ALUMÍNIO,4738,4882,10881,1261
SP,61239,ÁLVARES FLORENCE,904,1666,2737,167
SP,61247,PEDRINHAS PAULISTA,694,1276,2137,167
SP,61255,ÁLVARES MACHADO,5300,7725,14069,1044
SP,61263,ARAÇARIGUAMA,5145,6324,12524,1055
SP,61271,ÁLVARO DE CARVALHO,1002,968,2091,121
SP,61280,BERTIOGA,14137,17678,34721,2906
SP,61298,ALVINLÂNDIA,903,972,1977,102
SP,61301,SUZANÁPOLIS,1145,908,2194,141
SP,61310,AMERICANA,40614,82517,137218,14087
SP,61328,SANTO ANTÔNIO DO ARACANGUÁ,2206,3026,5513,281
SP,61336,AMÉRICO BRASILIENSE,11126,8295,21151,1730
SP,61344,CANITAR,1448,1408,3008,152
SP,61352,AMÉRICO DE CAMPOS,1365,2266,3856,225
SP,61360,BARRA DO CHAPÉU,1590,1430,3412,392
SP,61379,AMPARO,11910,24948,40992,4134
SP,61387,EMILIANÓPOLIS,990,1022,2089,77
SP,61395,ANALÂNDIA,944,1859,3076,273
SP,61409,NOVAIS,1064,1563,2757,130
SP,61417,ANDRADINA,11518,18800,32910,2592
SP,61425,NOVA CANAÃ PAULISTA,651,642,1412,119
SP,61433,ANGATUBA,5399,6401,12874,1074
SP,61441,SALTINHO,909,4143,5468,416
SP,61450,ANHEMBI,1482,2131,3839,226
SP,61468,UBARANA,1541,1619,3338,178
SP,61476,ANHUMAS,1019,1400,2563,144
SP,61484,CAJATI,5170,10277,16462,1015
SP,61492,APARECIDA,7346,12173,21930,2411
SP,61506,CAMPINA DO MONTE ALEGRE,1386,1991,3663,286
SP,61514,APARECIDA D OESTE,1345,1425,2908,138
SP,61522,ASPÁSIA,577,787,1451,87
SP,61530,APIAÍ,6151,6466,13773,1156
SP,61549,VARGEM,1539,2736,4605,330
SP,61557,ARAÇATUBA,32370,71740,114023,9913
SP,61565,POTIM,3787,5292,9923,844
SP,61573,ARAÇOIABA DA SERRA,5804,11224,18818,1790
SP,61581,ALAMBARI,1225,2282,3771,264
SP,61590,ARAMINA,1698,1457,3373,218
SP,61603,ITAOCA,1149,859,2118,110
SP,61611,ARANDU,1689,2291,4216,236
SP,61620,TUIUTI,1223,2412,3946,311
SP,61638,ARARAQUARA,59994,55772,129941,14175
SP,61646,ARAPEÍ,864,791,1779,124
SP,61654,ARARAS,21530,45688,75218,8000
SP,61662,ESTIVA GERBI,2378,4278,7222,566
SP,61670,AREALVA,1554,2839,4692,299
SP,61689,ENGENHEIRO COELHO,3846,6495,11042,701
SP,61697,AREIAS,1545,856,2567,166
SP,61700,RIBEIRÃO GRANDE,2558,1838,4910,514
SP,61719,AREIÓPOLIS,2747,3174,6328,407
SP,61727,HORTOLÂNDIA,54556,60988,126204,10660
SP,61735,ARIRANHA,1800,3017,5134,317
SP,61743,HOLAMBRA,2857,5945,9651,849
SP,61751,ARTUR NOGUEIRA,10138,17037,29417,2242
SP,61760,ELISIÁRIO,657,1321,2116,138
SP,61778,ARUJÁ,21271,26313,53620,6036
SP,61786,BOM SUCESSO DE ITARARÉ,1357,1007,2518,154
SP,61794,ASSIS,18650,30077,53393,4666
SP,61808,PONTALINDA,1192,1062,2372,118
SP,61816,ATIBAIA,28168,48671,87718,10879
SP,61824,PARISI,754,1191,2065,120
SP,61832,AURIFLAMA,2711,5320,8492,461
SP,61840,TAQUARIVAÍ,1621,1778,3691,292
SP,61859,AVAÍ,1485,1354,3033,194
SP,61867,MARAPOAMA,491,1472,2085,122
SP,61875,AVANHANDAVA,2760,2649,5737,328
SP,61883,SÃO JOÃO DE IRACEMA,709,508,1300,83
SP,61891,AVARÉ,16186,27165,47760,4409
SP,61905,SÃO LOURENÇO DA SERRA,3969,3823,8807,1015
SP,61913,BADY BASSITT,3155,6926,10868,787
SP,61921,ZACARIAS,687,1034,1814,93
SP,61930,BALBINOS,452,584,1086,50
SP,61948,ITAPIRAPUÃ PAULISTA,1402,913,2443,128
SP,61956,BÁLSAMO,1761,3353,5694,580
SP,61964,MESÓPOLIS,578,691,1347,78
SP,61972,BANANAL,3396,2515,6345,434
SP,61980,NOVA CAMPINA,2470,2575,5352,307
SP,61999,BARBOSA,1619,1980,3843,244
SP,62006,ILHA COMPRIDA,3360,4224,8289,705
SP,62014,BARÃO DE ANTONINA,928,902,1977,147
SP,62022,LOURDES,529,803,1420,88
SP,62030,BARIRI,4613,11512,17640,1515
SP,62049,TORRE DE PEDRA,546,1137,1834,151
SP,62057,BARRA BONITA,7054,12960,22127,2113
SP,62065,ARCO-ÍRIS,561,977,1675,137
SP,62073,BARRA DO TURVO,2216,1963,4390,211
SP,62081,BREJO ALEGRE,1034,817,1923,72
SP,62090,BARRETOS,22049,35299,62920,5572
SP,62103,CANAS,1135,1556,2954,263
SP,62111,BARRINHA,9252,7922,18437,1263
SP,62120,PRACINHA,471,536,1051,44
SP,62138,BARUERI,94634,93212,214198,26352
SP,62146,PRATÂNIA,1469,1794,3450,187
SP,62154,BASTOS,3440,8614,13027,973
SP,62162,QUADRA,1054,1374,2698,270
SP,62170,BATATAIS,13185,15844,32376,3347
SP,62189,SANTA CRUZ DA ESPERANÇA,650,804,1564,110
SP,62197,BAURU,72701,110151,204607,21755
SP,62200,SANTA SALETE,425,852,1359,82
SP,62219,BEBEDOURO,12224,26879,42580,3477
SP,62227,VITÓRIA BRASIL,547,662,1273,64
SP,62235,BENTO DE ABREU,641,898,1632,93
SP,62243,IPIGUÁ,962,2125,3295,208
SP,62251,BERNARDINO DE CAMPOS,2173,3447,6067,447
SP,62260,TAQUARAL,698,919,1719,102
SP,62278,BILAC,1388,3123,4768,257
SP,62286,FERNÃO,388,680,1138,70
SP,62294,BIRIGUI,16638,44050,65194,4506
SP,62308,GAVIÃO PEIXOTO,1700,1142,3079,237
SP,62316,BIRITIBA MIRIM,6496,9057,17539,1986
SP,62324,JUMIRIM,598,1059,1790,133
SP,62332,BOA ESPERANÇA DO SUL,4312,2905,7690,473
SP,62340,NANTES,854,767,1726,105
SP,62359,BOCAINA,2022,4139,6679,518
SP,62367,NOVA CASTILHO,355,571,986,60
SP,62375,BOFETE,2125,3192,5745,428
SP,62383,OUROESTE,2297,3044,5670,329
SP,62391,BOITUVA,10448,20006,33381,2927
SP,62405,PAULISTÂNIA,512,800,1409,97
SP,62413,BOM JESUS DOS PERDÕES,4843,7529,13611,1239
SP,62421,RIBEIRÃO DOS ÍNDIOS,733,620,1441,88
SP,62430,BORÁ,319,444,809,46
SP,62448,TRABIJU,639,468,1207,100
SP,62456,BORACÉIA,1184,1555,2935,196
SP,62472,BORBOREMA,2421,5260,8279,598
SP,62499,BOTUCATU,30302,41008,81574,10264
SP,62510,BRAGANÇA PAULISTA,29419,58530,99433,11484
SP,62553,BRAÚNA,1006,2165,3311,140
SP,62570,BRODOWSKI,4090,8229,13341,1022
SP,62596,BROTAS,3616,8257,13050,1177
SP,62618,BURI,4317,6441,11310,552
SP,62634,BURITAMA,3355,5741,9587,491
SP,62650,BURITIZAL,844,1895,2885,146
SP,62677,CABRÁLIA PAULISTA,1153,1212,2540,175
SP,62693,CABREÚVA,9527,14732,26374,2115
SP,62715,CAÇAPAVA,16688,32466,55481,6327
SP,62731,CACHOEIRA PAULISTA,7107,9612,18526,1807
SP,62758,CACONDE,4260,5108,10059,691
SP,62774,CAFELÂNDIA,3310,5206,9343,827
SP,62790,CAIABU,1251,1227,2674,196
SP,62812,CAIEIRAS,24029,23497,53696,6170
SP,62839,CAIUÁ,1583,1101,2848,164
SP,62855,CAJAMAR,23376,21861,51260,6023
SP,62871,CAJOBI,2193,3280,5759,286
SP,62898,CAJURU,6237,6379,13622,1006
SP,62910,CAMPINAS,259973,320684,653539,72882
SP,62936,CAMPO LIMPO PAULISTA,17546,22936,45342,4860
SP,62952,CAMPOS DO JORDÃO,9402,14814,27579,3363
SP,62979,CAMPOS NOVOS PAULISTA,1012,1676,2802,114
SP,62995,CANANÉIA,2888,3818,7360,654
SP,63010,CÂNDIDO MOTA,5224,11256,17659,1179
SP,63037,CÂNDIDO RODRIGUES,608,1162,1898,128
SP,63053,CAPÃO BONITO,9426,13973,25905,2506
SP,63070,CAPELA DO ALTO,3303,6695,10895,897
SP,63096,CAPIVARI,8548,17898,29042,2596
SP,63118,CARAGUATATUBA,28924,40760,76580,6896
SP,63134,CARAPICUÍBA,110774,85103,221422,25545
SP,63150,CARDOSO,3070,3344,6789,375
SP,63177,CASA BRANCA,4479,8738,14410,1193
SP,63193,CÁSSIA DOS COQUEIROS,855,909,1910,146
SP,63215,CASTILHO,6147,4554,11506,805
SP,63231,CATANDUVA,18919,41207,65531,5405
SP,63258,CATIGUÁ,1425,2726,4380,229
SP,63274,CEDRAL,1559,3826,5834,449
SP,63290,CERQUEIRA CÉSAR,4068,5782,10880,1030
SP,63312,CERQUILHO,6860,17471,26711,2380
SP,63339,CESÁRIO LANGE,2715,6121,9555,719
SP,63355,CHARQUEADA,2893,6336,9899,670
SP,63371,CHAVANTES,2625,3798,6941,518
SP,63398,CLEMENTINA,1473,2481,4166,212
SP,63410,COLINA,4739,4967,10624,918
SP,63436,COLÔMBIA,1918,1955,4121,248
SP,63452,CONCHAL,4435,11423,16749,891
SP,63479,CONCHAS,2598,5867,9307,842
SP,63495,CORDEIRÓPOLIS,4790,8858,14965,1317
SP,63517,COROADOS,985,2073,3216,158
SP,63533,CORONEL MACEDO,1793,1032,2997,172
SP,63550,CORUMBATAÍ,710,1647,2587,230
SP,63576,COSMÓPOLIS,13507,17726,33672,2439
SP,63592,COSMORAMA,2066,3077,5404,261
SP,63614,COTIA,65283,57580,141781,18918
SP,63630,CRAVINHOS,5988,11579,19325,1758
SP,63657,CRISTAIS PAULISTA,2193,2863,5495,439
SP,63673,CRUZÁLIA,560,917,1597,120
SP,63690,CRUZEIRO,16148,22497,43671,5026
SP,63711,CUBATÃO,34848,29477,71072,6747
SP,63738,CUNHA,5642,6496,13271,1133
SP,63754,DESCALVADO,5151,10961,17905,1793
SP,63770,DIADEMA,144525,84519,256536,27492
SP,63797,DIVINOLÂNDIA,2168,4445,7162,549
SP,63819,DOBRADA,2634,1919,4881,328
SP,63835,DOIS CÓRREGOS,4417,8201,13646,1028
SP,63851,DOLCINÓPOLIS,994,586,1668,88
SP,63878,DOURADO,2074,2598,5110,438
SP,63894,DRACENA,6933,16753,25574,1888
SP,63916,DUARTINA,2915,4023,7489,551
SP,63932,DUMONT,1888,3232,5441,321
SP,63959,ECHAPORÃ,1377,2248,3860,235
SP,63975,ELDORADO,3509,3975,7901,417
SP,63991,ELIAS FAUSTO,3224,6503,10356,629
SP,64017,EMBU DAS ARTES,83277,53933,154497,17287
SP,64033,EMBU-GUAÇU,18458,15845,39301,4998
SP,64050,ESTRELA D OESTE,1649,3180,5231,402
SP,64076,ESTRELA DO NORTE,1031,774,1946,141
SP,64092,FARTURA,4143,4514,9507,850
SP,64114,FERNANDÓPOLIS,13603,21512,38118,3003
SP,64130,FERNANDO PRESTES,1229,2277,3753,247
SP,64157,FERRAZ DE VASCONCELOS,52030,37178,100058,10850
SP,64173,FLORA RICA,563,509,1115,43
SP,64190,FLOREAL,862,1045,2037,130
SP,64211,FLÓRIDA PAULISTA,2161,3421,5886,304
SP,64238,FLORÍNEA,1021,905,2051,125
SP,64254,FRANCA,62126,104625,184859,18108
SP,64270,FRANCISCO MORATO,55240,31939,95394,8215
SP,64297,FRANCO DA ROCHA,40231,29718,77011,7062
SP,64319,GABRIEL MONTEIRO,546,1308,1987,133
SP,64335,GÁLIA,1838,1609,3698,251
SP,64351,GARÇA,7518,15286,24758,1954
SP,64378,GASTÃO VIDIGAL,1229,879,2246,138
SP,64394,GENERAL SALGADO,2130,3632,6183,421
SP,64416,GETULINA,2230,2713,5274,331
SP,64432,GLICÉRIO,1178,1556,2873,139
SP,64459,GUAIÇARA,2384,3298,6056,374
SP,64475,GUAIMBÊ,1560,1549,3365,256
SP,64491,GUAÍRA,7224,11247,20054,1583
SP,64513,GUAPIAÇU,3979,6667,11487,841
SP,64530,GUAPIARA,5763,4034,10353,556
SP,64556,GUARÁ,5445,4806,10958,707
SP,64572,GUARAÇAÍ,1666,2877,4823,280
SP,64599,GUARACI,3091,2682,6163,390
SP,64610,GUARANI D OESTE,661,541,1297,95
SP,64637,GUARANTÃ,1409,2102,3702,191
SP,64653,GUARARAPES,5512,11024,17893,1357
SP,64670,GUARAREMA,6456,10917,19134,1761
SP,64696,GUARATINGUETÁ,22274,41721,72076,8081
SP,64718,GUAREÍ,2328,4028,6870,514
SP,64734,GUARIBA,9540,10551,21791,1700
SP,64750,GUARUJÁ,72573,87911,178405,17921
SP,64777,GUARULHOS,311756,331178,728550,85616
SP,64793,GUZOLÂNDIA,1295,1157,2640,188
SP,64815,HERCULÂNDIA,2020,2945,5239,274
SP,64831,IACANGA,2098,3943,6441,400
SP,64858,IACRI,1214,2335,3757,208
SP,64874,IBATÉ,8432,8646,18838,1760
SP,64890,IBIRÁ,2100,4369,6868,399
SP,64912,IBIRAREMA,1142,2505,3883,236
SP,64939,IBITINGA,10565,19051,31875,2259
SP,64955,IBIÚNA,13710,25646,44586,5230
SP,64971,ICÉM,2146,2220,4691,325
SP,64998,IEPÊ,1842,2670,4810,298
SP,65013,IGARAÇU DO TIETÊ,5316,7078,13468,1074
SP,65030,IGARAPAVA,6997,6432,14666,1237
SP,65056,IGARATÁ,2318,3659,6693,716
SP,65072,IGUAPE,6182,8490,15909,1237
SP,65099,ILHABELA,8576,10850,21565,2139
SP,65110,INDAIATUBA,45933,80147,142608,16528
SP,65137,INDIANA,1105,1870,3177,202
SP,65153,INDIAPORÃ,1141,1099,2394,154
SP,65170,INÚBIA PAULISTA,603,1656,2386,127
SP,65196,IPAUSSU,2786,4415,7851,650
SP,65218,IPERÓ,6964,7110,15435,1361
SP,65234,IPEÚNA,1202,2716,4195,277
SP,65250,IPORANGA,1279,853,2314,182
SP,65277,IPUÃ,4636,3640,8730,454
SP,65293,IRACEMÁPOLIS,4206,9083,14230,941
SP,65315,IRAPUÃ,1146,2706,3979,127
SP,65331,IRAPURU,1341,1966,3541,234
SP,65358,ITABERÁ,4831,5145,10590,614
SP,65374,ITAÍ,6206,5450,12611,955
SP,65390,ITAJOBI,2313,6566,9411,532
SP,65412,ITAJU,799,1319,2258,140
SP,65439,ITANHAÉM,24162,27950,57652,5540
SP,65455,ITAPECERICA DA SERRA,49701,32388,92314,10225
SP,65471,ITAPETININGA,25764,51589,85772,8419
SP,65498,ITAPEVA,18108,29115,51549,4326
SP,65510,ITAPEVI,65327,44409,122712,12976
SP,65536,ITAPIRA,12168,24638,40783,3977
SP,65552,ITÁPOLIS,6331,14089,21907,1487
SP,65579,ITAPORANGA,3237,4301,8125,587
SP,65595,ITAPUÍ,2932,3953,7469,584
SP,65617,ITAPURA,1721,589,2507,197
SP,65633,ITAQUAQUECETUBA,93775,72868,185605,18962
SP,65650,ITARARÉ,8638,13921,25013,2454
SP,65676,ITARIRI,2426,3761,6666,479
SP,65692,ITATIBA,19338,37409,64389,7642
SP,65714,ITATINGA,3987,5388,10194,819
SP,65730,ITIRAPINA,2961,3995,7476,520
SP,65757,ITIRAPUÃ,1906,1536,3659,217
SP,65773,ITOBI,2022,2302,4648,324
SP,65790,ITU,30597,53081,93650,9972
SP,65811,ITUPEVA,11532,19034,33875,3309
SP,65838,ITUVERAVA,7924,11363,20791,1504
SP,65854,JABORANDI,1876,1920,3977,181
SP,65870,JABOTICABAL,12713,22218,38852,3921
SP,65897,JACAREÍ,44402,71611,132046,16033
SP,65919,JACI,1643,2315,4300,342
SP,65935,JACUPIRANGA,2799,5772,9218,647
SP,65951,JAGUARIÚNA,10736,18943,33446,3767
SP,65978,JALES,8221,17315,27742,2206
SP,65994,JAMBEIRO,1341,2075,3784,368
SP,66010,JANDIRA,28770,25078,60791,6943
SP,66036,JARDINÓPOLIS,6812,12716,21099,1571
SP,66052,JARINU,6486,10780,18808,1542
SP,66079,JAÚ,19992,51027,77762,6743
SP,66095,JERIQUARA,1221,1047,2404,136
SP,66117,JOANÓPOLIS,2232,4425,7282,625
SP,66133,JOÃO RAMALHO,1151,1288,2579,140
SP,66150,JOSÉ BONIFÁCIO,6792,12381,20663,1490
SP,66176,JÚLIO MESQUITA,1541,1188,2876,147
SP,66192,JUNDIAÍ,80401,138594,252425,33430
SP,66214,JUNQUEIRÓPOLIS,3257,6269,10232,706
SP,66230,JUQUIÁ,3943,6149,10872,780
SP,66257,JUQUITIBA,8038,7395,17213,1780
SP,66273,LAGOINHA,1532,1875,3989,582
SP,66290,LARANJAL PAULISTA,4206,10438,15784,1140
SP,66311,LAVÍNIA,1293,1421,2892,178
SP,66338,LAVRINHAS,2241,2097,4799,461
SP,66354,LEME,17762,32298,54930,4870
SP,66370,LENÇÓIS PAULISTA,9201,26103,38525,3221
SP,66397,LIMEIRA,42807,116868,173701,14026
SP,66419,LINDÓIA,1264,2877,4458,317
SP,66435,LINS,10737,26867,40783,3179
SP,66451,LORENA,15040,27742,48045,5263
SP,66478,LOUVEIRA,9798,16703,29260,2759
SP,66494,LUCÉLIA,3389,5736,9931,806
SP,66516,LUCIANÓPOLIS,780,767,1623,76
SP,66532,LUÍS ANTÔNIO,3302,3384,7263,577
SP,66559,LUIZIÂNIA,1240,1502,2907,165
SP,66575,LUPÉRCIO,1193,1229,2570,148
SP,66591,LUTÉCIA,865,919,1859,75
SP,66613,MACATUBA,3000,6231,9991,760
SP,66630,MACAUBAL,1277,2972,4627,378
SP,66656,MACEDÔNIA,1051,1486,2695,158
SP,66672,MAGDA,877,1097,2111,137
SP,66699,MAIRINQUE,12044,13674,29179,3461
SP,66710,MAIRIPORÃ,17784,25893,48645,4968
SP,66737,MANDURI,2007,2853,5421,561
SP,66753,MARABÁ PAULISTA,1305,800,2232,127
SP,66770,MARACAÍ,2943,4833,8289,513
SP,66796,MARIÁPOLIS,930,1195,2286,161
SP,66818,MARÍLIA,37724,83212,132359,11423
SP,66834,MARINÓPOLIS,608,668,1366,90
SP,66850,MARTINÓPOLIS,4944,7885,13847,1018
SP,66877,MATÃO,18195,26555,48983,4233
SP,66893,MAUÁ,116755,92196,236974,28023
SP,66915,MENDONÇA,1475,2068,3744,201
SP,66931,MERIDIANO,1136,1448,2820,236
SP,66958,MIGUELÓPOLIS,5443,5281,11251,527
SP,66974,MINEIROS DO TIETÊ,1937,4214,6709,558
SP,66990,MIRACATU,3876,6345,10985,764
SP,67016,MIRA ESTRELA,843,1021,1986,122
SP,67032,MIRANDÓPOLIS,4021,8615,13580,944
SP,67059,MIRANTE DO PARANAPANEMA,5551,3529,9612,532
SP,67075,MIRASSOL,9989,20478,33326,2859
SP,67091,MIRASSOLÂNDIA,1083,1790,3096,223
SP,67113,MOCOCA,11594,20952,36018,3472
SP,67130,MOGI DAS CRUZES,95769,117687,246956,33500
SP,67156,MOGI GUAÇU,23998,56927,88471,7546
SP,67172,MOGI MIRIM,13896,32982,51826,4948
SP,67199,MOMBUCA,750,1511,2433,172
SP,67210,MONÇÕES,576,806,1521,139
SP,67237,MONGAGUÁ,15100,15084,33522,3338
SP,67253,MONTE ALEGRE DO SUL,1410,2915,4824,499
SP,67270,MONTE ALTO,7611,16803,27002,2588
SP,67296,MONTE APRAZÍVEL,4388,7499,12853,966
SP,67318,MONTE AZUL PAULISTA,3512,6442,10815,861
SP,67334,MONTE CASTELO,1288,1306,2721,127
SP,67350,MONTEIRO LOBATO,1286,1386,2943,271
SP,67377,MONTE MOR,14720,16563,34171,2888
SP,67393,MORRO AGUDO,6393,7846,15293,1054
SP,67415,MORUNGABA,2516,4891,8115,708
SP,67431,MURUTINGA DO SUL,964,1503,2591,124
SP,67458,NARANDIBA,1786,1430,3443,227
SP,67474,NATIVIDADE DA SERRA,1535,2206,4101,360
SP,67490,NAZARÉ PAULISTA,3793,5805,10663,1065
SP,67512,NEVES PAULISTA,2105,3076,5593,412
SP,67539,NHANDEARA,1736,3756,5916,424
SP,67555,NIPOÃ,1175,1523,2855,157
SP,67571,NOVA ALIANÇA,1311,2379,3972,282
SP,67598,NOVA EUROPA,3035,2260,5716,421
SP,67610,NOVA GRANADA,5130,5574,11362,658
SP,67636,NOVA GUATAPORANGA,713,654,1431,64
SP,67652,NOVA INDEPENDÊNCIA,1145,1238,2508,125
SP,67679,NOVA LUZITÂNIA,1092,872,2095,131
SP,67695,NOVA ODESSA,12583,20467,36357,3307
SP,67717,NOVO HORIZONTE,6391,13948,21690,1351
SP,67733,NUPORANGA,1574,2530,4431,327
SP,67750,OCAUÇU,1125,1268,2546,153
SP,67776,ÓLEO,622,1038,1822,162
SP,67792,OLÍMPIA,10360,18600,31268,2308
SP,67814,ONDA VERDE,1270,1618,3133,245
SP,67830,ORIENTE,1466,2201,3928,261
SP,67857,ORINDIÚVA,1762,1735,3762,265
SP,67873,ORLÂNDIA,8019,12417,22525,2089
SP,67890,OSASCO,201683,181873,440935,57379
SP,67911,OSCAR BRESSANE,551,1182,1875,142
SP,67938,OSVALDO CRUZ,4820,11123,17253,1310
SP,67954,OURINHOS,20772,32696,58318,4850
SP,67970,OURO VERDE,2223,2077,4527,227
SP,67997,PACAEMBU,1935,3522,5931,474
SP,68012,PALESTINA,2508,3653,6638,477
SP,68039,PALMARES PAULISTA,2745,2838,5979,396
SP,68055,PALMEIRA D OESTE,2097,3038,5524,389
SP,68071,PALMITAL,4272,7310,12459,877
SP,68098,PANORAMA,3050,4436,7912,426
SP,68110,PARAGUAÇU PAULISTA,9062,12297,22904,1545
SP,68136,PARAIBUNA,4692,4818,10435,925
SP,68152,PARAÍSO,1199,2075,3527,253
SP,68179,PARANAPANEMA,4485,5383,10402,534
SP,68195,PARANAPUÃ,1133,1421,2721,167
SP,68217,PARAPUÃ,2050,3480,5867,337
SP,68233,PARDINHO,1562,2281,4171,328
SP,68250,PARIQUERA-AÇU,3274,6852,10917,791
SP,68276,PATROCÍNIO PAULISTA,2911,4215,7864,738
SP,68292,PAULICÉIA,1646,2502,4342,194
SP,68314,PAULÍNIA,23899,33587,64428,6942
SP,68330,PAULO DE FARIA,2252,2018,4528,258
SP,68357,PEDERNEIRAS,7579,16131,25484,1774
SP,68373,PEDRA BELA,1497,1900,3748,351
SP,68390,PEDRANÓPOLIS,778,938,1825,109
SP,68411,PEDREGULHO,4899,3790,9137,448
SP,68438,PEDREIRA,6751,16529,25469,2189
SP,68454,PEDRO DE TOLEDO,2310,2660,5439,469
SP,68470,PENÁPOLIS,10996,20175,33552,2381
SP,68497,PEREIRA BARRETO,5533,7230,13926,1163
SP,68519,PEREIRAS,1849,2526,4788,413
SP,68535,PERUÍBE,15997,21196,41310,4117
SP,68551,PIACATU,1300,2020,3519,199
SP,68578,PIEDADE,10123,16967,30274,3184
SP,68594,PILAR DO SUL,5678,9715,16810,1417
SP,68616,PINDAMONHANGABA,29521,50638,90212,10053
SP,68632,PINDORAMA,2652,4971,8211,588
SP,68659,ESPÍRITO SANTO DO PINHAL,7944,13157,23451,2350
SP,68675,PINHALZINHO,2535,4891,8161,735
SP,68691,PIQUEROBI,1102,1060,2288,126
SP,68713,PIQUETE,2362,4329,7588,897
SP,68730,PIRACAIA,4800,9784,16462,1878
SP,68756,PIRACICABA,66884,138959,227384,21541
SP,68772,PIRAJU,6338,8705,16635,1592
SP,68799,PIRAJUÍ,3739,6833,11361,789
SP,68810,PIRANGI,1904,3868,6173,401
SP,68837,PIRAPORA DO BOM JESUS,5321,3898,10290,1071
SP,68853,PIRAPOZINHO,5716,8208,15229,1305
SP,68870,PIRASSUNUNGA,11455,26513,42446,4478
SP,68896,PIRATININGA,2110,4566,7398,722
SP,68918,PITANGUEIRAS,8469,9407,19117,1241
SP,68934,PLANALTO,1432,1463,3018,123
SP,68950,PLATINA,696,1215,2019,108
SP,68977,POÁ,31644,30920,71190,8626
SP,68993,POLONI,1183,1905,3311,223
SP,69019,POMPÉIA,3474,8274,12579,831
SP,69035,PONGAÍ,688,1527,2317,102
SP,69051,PONTAL,10101,10275,21952,1576
SP,69078,PONTES GESTAL,698,914,1710,98
SP,69094,POPULINA,1529,1094,2799,176
SP,69116,PORANGABA,1999,2756,5223,468
SP,69132,PORTO FELIZ,9112,19160,30931,2659
SP,69159,PORTO FERREIRA,8680,18330,30177,3167
SP,69175,POTIRENDABA,3450,6262,10347,635
SP,69191,PRADÓPOLIS,4119,5383,10372,870
SP,69213,PRAIA GRANDE,69296,93188,180979,18495
SP,69230,PRESIDENTE ALVES,978,1375,2571,218
SP,69256,PRESIDENTE BERNARDES,2988,4399,7869,482
SP,69272,PRESIDENTE EPITÁCIO,8499,11570,21656,1587
SP,69299,PRESIDENTE PRUDENTE,38227,80615,129714,10872
SP,69310,PRESIDENTE VENCESLAU,6300,12542,20397,1555
SP,69337,PROMISSÃO,7709,10620,19546,1217
SP,69353,QUATÁ,2696,4427,7630,507
SP,69370,QUEIROZ,1042,1185,2315,88
SP,69396,QUELUZ,2830,2207,5472,435
SP,69418,QUINTANA,1596,2273,4075,206
SP,69434,RAFARD,1598,3656,5701,447
SP,69450,RANCHARIA,6949,8855,17307,1503
SP,69477,REDENÇÃO DA SERRA,1279,1427,3007,301
SP,69493,REGENTE FEIJÓ,4179,6866,11906,861
SP,69515,REGINÓPOLIS,1075,2345,3652,232
SP,69531,REGISTRO,11683,19226,33796,2887
SP,69558,RESTINGA,2439,2294,4981,248
SP,69574,RIBEIRA,1307,817,2254,130
SP,69590,RIBEIRÃO BONITO,2671,3066,6264,527
SP,69612,RIBEIRÃO BRANCO,5475,4680,10794,639
SP,69639,RIBEIRÃO CORRENTE,1396,1586,3137,155
SP,69655,RIBEIRÃO DO SUL,1452,1452,3046,142
SP,69671,RIBEIRÃO PIRES,29374,28959,67398,9065
SP,69698,RIBEIRÃO PRETO,125555,180226,342895,37114
SP,69710,RIVERSUL,1567,1542,3368,259
SP,69736,RIFAINA,1533,1626,3308,149
SP,69752,RINCÃO,2895,2249,5463,319
SP,69779,RINÓPOLIS,1712,3477,5569,380
SP,69795,RIO CLARO,33920,69596,114947,11431
SP,69817,RIO DAS PEDRAS,6137,11631,19222,1454
SP,69833,RIO GRANDE DA SERRA,13757,9689,26266,2820
SP,69850,RIOLÂNDIA,2751,2449,5386,186
SP,69876,ROSEIRA,2338,3675,6633,620
SP,69892,RUBIÁCEA,658,993,1780,129
SP,69914,RUBINÉIA,852,1322,2318,144
SP,69930,SABINO,1313,1656,3121,152
SP,69957,SAGRES,734,673,1544,137
SP,69973,SALES,1004,2557,3763,202
SP,69990,SALES OLIVEIRA,2192,3730,6435,513
SP,70017,SALESÓPOLIS,4018,5804,11348,1526
SP,70033,SALMOURÃO,1234,1602,2989,153
SP,70050,SALTO,25788,39008,72459,7663
SP,70076,SALTO DE PIRAPORA,8862,11726,22572,1984
SP,70092,SALTO GRANDE,1940,2592,4868,336
SP,70114,SANDOVALINA,1562,863,2556,131
SP,70130,SANTA ADÉLIA,3028,4617,8276,631
SP,70157,SANTA ALBERTINA,1442,2194,3879,243
SP,70173,SANTA BÁRBARA D OESTE,34471,64676,109905,10758
SP,70190,ÁGUAS DE SANTA BÁRBARA,1210,2190,3695,295
SP,70211,SANTA BRANCA,3116,4765,8858,977
SP,70238,SANTA CLARA D OESTE,735,926,1734,73
SP,70254,SANTA CRUZ DA CONCEIÇÃO,855,1982,3093,256
SP,70270,SANTA CRUZ DAS PALMEIRAS,5725,8866,15883,1292
SP,70297,SANTA CRUZ DO RIO PARDO,6545,16884,25482,2053
SP,70319,SANTA ERNESTINA,1794,1905,3914,215
SP,70335,SANTA FÉ DO SUL,5692,11880,19051,1479
SP,70351,SANTA GERTRUDES,4664,8755,14474,1055
SP,70378,SANTA ISABEL,11398,17120,31767,3249
SP,70394,SANTA LÚCIA,2798,1808,4954,348
SP,70416,SANTA MARIA DA SERRA,1110,1828,3124,186
SP,70432,SANTA MERCEDES,884,905,1900,111
SP,70459,SANTANA DA PONTE PENSA,449,628,1162,85
SP,70475,SANTANA DE PARNAÍBA,31423,34978,78291,11890
SP,70491,SANTA RITA D OESTE,746,929,1828,153
SP,70513,SANTA RITA DO PASSA QUATRO,4016,9223,14678,1439
SP,70530,SANTA ROSA DE VITERBO,5505,6677,13504,1322
SP,70556,SANTO ANASTÁCIO,4412,6251,11357,694
SP,70572,SANTO ANDRÉ,185501,188805,434813,60507
SP,70599,SANTO ANTÔNIO DA ALEGRIA,1759,2025,4163,379
SP,70610,SANTO ANTÔNIO DE POSSE,4089,7677,12698,932
SP,70637,SANTO ANTÔNIO DO JARDIM,1320,2190,3891,381
SP,70653,SANTO ANTÔNIO DO PINHAL,1718,2369,4646,559
SP,70670,SANTO EXPEDITO,954,1006,2062,102
SP,70696,SANTÓPOLIS DO AGUAPEÍ,959,1315,2408,134
SP,70718,SANTOS,99198,126156,261974,36620
SP,70734,SÃO BENTO DO SAPUCAÍ,2269,3768,6855,818
SP,70750,SÃO BERNARDO DO CAMPO,240348,185834,488795,62613
SP,70777,SÃO CAETANO DO SUL,38172,57617,114483,18694
SP,70793,SÃO CARLOS,60894,63581,141343,16868
SP,70815,SÃO FRANCISCO,781,900,1816,135
SP,70831,SÃO JOÃO DA BOA VISTA,16315,30283,51637,5039
SP,70858,SÃO JOÃO DAS DUAS PONTES,945,645,1704,114
SP,70874,SÃO JOÃO DO PAU D ALHO,828,633,1568,107
SP,70890,SÃO JOAQUIM DA BARRA,11969,13007,27359,2383
SP,70912,SÃO JOSÉ DA BELA VISTA,2476,2054,4775,245
SP,70939,SÃO JOSÉ DO BARREIRO,1572,1056,2842,214
SP,70955,SÃO JOSÉ DO RIO PARDO,9972,16813,29584,2799
SP,70971,SÃO JOSÉ DO RIO PRETO,75320,156389,256737,25028
SP,70998,SÃO JOSÉ DOS CAMPOS,143732,233683,428018,50603
SP,71013,SÃO LUÍS DO PARAITINGA,3406,3354,7558,798
SP,71030,SÃO MANUEL,7903,12415,22361,2043
SP,71056,SÃO MIGUEL ARCANJO,6723,9754,18376,1899
SP,71072,SÃO PAULO,3276512,2618593,6892638,997533
SP,71099,SÃO PEDRO,5160,12973,19688,1555
SP,71110,SÃO PEDRO DO TURVO,1766,2292,4268,210
SP,71137,SÃO ROQUE,17626,21617,45136,5893
SP,71153,SÃO SEBASTIÃO,22764,21950,49085,4371
SP,71170,SÃO SEBASTIÃO DA GRAMA,2326,3407,6295,562
SP,71196,SÃO SIMÃO,3207,4522,8627,898
SP,71218,SÃO VICENTE,81780,90072,191317,19465
SP,71234,SARAPUÍ,2365,2796,5603,442
SP,71250,SARUTAIÁ,1307,923,2352,122
SP,71277,SEBASTIANÓPOLIS DO SUL,745,1324,2245,176
SP,71293,SERRA AZUL,2964,2417,5713,332
SP,71315,SERRANA,11182,12388,25481,1911
SP,71331,SERRA NEGRA,4911,10141,16682,1630
SP,71358,SERTÃOZINHO,29007,35479,70833,6347
SP,71374,SETE BARRAS,2858,4138,7442,446
SP,71390,SEVERÍNIA,3630,4875,9114,609
SP,71412,SILVEIRAS,1748,1798,3989,443
SP,71439,SOCORRO,5230,15442,22696,2024
SP,71455,SOROCABA,141106,213183,395810,41521
SP,71471,SUD MENNUCCI,2206,2160,4603,237
SP,71498,SUMARÉ,60453,75666,148309,12190
SP,71510,SUZANO,73864,77397,171342,20081
SP,71536,TABAPUÃ,2096,4323,6831,412
SP,71552,TABATINGA,3430,4325,8283,528
SP,71579,TABOÃO DA SERRA,90000,57614,168645,21031
SP,71595,TACIBA,1995,1806,4043,242
SP,71617,TAGUAÍ,2828,3739,6981,414
SP,71633,TAIAÇU,1609,1644,3482,229
SP,71650,TAIÚVA,1068,2101,3440,271
SP,71676,TAMBAÚ,4793,5960,11964,1211
SP,71692,TANABI,4984,9304,15345,1057
SP,71714,TAPIRAÍ,1582,2361,4361,418
SP,71730,TAPIRATIBA,3502,3362,7486,622
SP,71757,TAQUARITINGA,10672,15526,28447,2249
SP,71773,TAQUARITUBA,5853,6397,13222,972
SP,71790,TARABAI,2154,1679,4052,219
SP,71811,TATUÍ,19602,38110,63830,6118
SP,71838,TAUBATÉ,53433,102993,176267,19841
SP,71854,TEJUPÁ,1408,1147,2704,149
SP,71870,TEODORO SAMPAIO,6673,5329,12788,786
SP,71897,TERRA ROXA,1960,2508,4780,312
SP,71919,TIETÊ,6093,14031,22408,2284
SP,71935,TIMBURI,766,815,1741,160
SP,71951,TORRINHA,1465,3520,5390,405
SP,71978,TREMEMBÉ,7149,12947,22534,2438
SP,71994,TRÊS FRONTEIRAS,1393,2000,3621,228
SP,72010,TUPÃ,9722,23255,35759,2782
SP,72036,TUPI PAULISTA,2755,4972,8368,641
SP,72052,TURIÚBA,426,747,1242,69
SP,72079,TURMALINA,697,562,1361,102
SP,72095,UBATUBA,18491,30761,53447,4195
SP,72117,UBIRAJARA,1303,1617,3046,126
SP,72133,UCHOA,2268,3316,6018,434
SP,72150,UNIÃO PAULISTA,512,623,1192,57
SP,72176,URÂNIA,1845,3002,5153,306
SP,72192,URU,364,700,1143,79
SP,72214,URUPÊS,2309,5192,7939,438
SP,72230,VALENTIM GENTIL,2754,4349,7585,482
SP,72257,VALINHOS,22190,40503,71516,8823
SP,72273,VALPARAÍSO,4517,6770,11914,627
SP,72311,VARGEM GRANDE DO SUL,7324,13351,22772,2097
SP,72338,VÁRZEA PAULISTA,25023,32646,63654,5985
SP,72354,VERA CRUZ,2141,3422,6009,446
SP,72370,VINHEDO,13899,28569,48266,5798
SP,72397,VIRADOURO,3366,6252,10188,570
SP,72419,VISTA ALEGRE DO ALTO,1777,2491,4541,273
SP,72435,VOTORANTIM,25473,37026,68763,6264
SP,72451,VOTUPORANGA,15581,32545,52435,4309
SP,72737,VARGEM GRANDE PAULISTA,13049,14077,30984,3858
TO,73008,ABREULÂNDIA,1052,736,1851,63
TO,73016,PIRAQUÊ,1006,617,1740,117
TO,73024,RIACHINHO,1744,987,2841,110
TO,73032,DARCINÓPOLIS,1988,1068,3206,150
TO,73040,PALMEIRAS DO TOCANTINS,1966,1105,3224,153
TO,73059,MAURILÂNDIA DO TOCANTINS,1824,544,2511,143
TO,73067,CACHOEIRINHA,877,453,1410,80
TO,73075,ANGICO,1158,753,2046,135
TO,73083,PALMEIRANTE,1968,889,3005,148
TO,73091,CAMPOS LINDOS,3210,1489,4927,228
TO,73105,SÃO FÉLIX DO TOCANTINS,853,309,1232,70
TO,73113,LAGOA DO TOCANTINS,1567,707,2376,102
TO,73121,BOM JESUS DO TOCANTINS,1409,1059,2569,101
TO,73130,SANTA MARIA DO TOCANTINS,1101,789,1980,90
TO,73148,NOVO ALEGRE,970,538,1559,51
TO,73156,SANDOLÂNDIA,1258,1244,2621,119
TO,73164,TAIPAS DO TOCANTINS,976,293,1350,81
TO,73172,NOVO JARDIM,1109,440,1619,70
TO,73180,SÃO MIGUEL DO TOCANTINS,4089,2091,6460,280
TO,73199,TABOCÃO,1270,964,2369,135
TO,73202,ITAPIRATINS,1608,840,2591,143
TO,73210,CENTENÁRIO,974,452,1509,83
TO,73229,RECURSOLÂNDIA,1615,550,2256,91
TO,73237,TUPIRATINS,898,405,1385,82
TO,73245,BRASILÂNDIA DO TOCANTINS,851,558,1471,62
TO,73253,JUARINA,936,663,1670,71
TO,73261,PAU D ARCO,1420,1124,2635,91
TO,73270,MATEIROS,1018,461,1536,57
TO,73288,SÃO BENTO DO TOCANTINS,2411,949,3519,159
TO,73296,ESPERANTINA,3242,1192,4594,160
TO,73300,CARIRI DO TOCANTINS,1413,1219,2776,144
TO,73318,ARAGUANÃ,1396,1328,2815,91
TO,73326,CARMOLÂNDIA,1098,639,1859,122
TO,73334,ARAGOMINAS,2201,1190,3536,145
TO,73342,MURICILÂNDIA,1363,701,2151,87
TO,73350,SANTA FÉ DO ARAGUAIA,2308,1580,4086,198
TO,73369,JAÚ DO TOCANTINS,1211,881,2179,87
TO,73377,SUCUPIRA,694,548,1327,85
TO,73385,LAGOA DA CONFUSÃO,3345,3071,6671,255
TO,73393,SÃO SALVADOR DO TOCANTINS,1174,436,1704,94
TO,73407,LAJEADO,1313,1082,2513,118
TO,73415,RIO DOS BOIS,1220,655,1975,100
TO,73423,CARRASCO BONITO,1553,720,2344,71
TO,73431,RIO DA CONCEIÇÃO,1000,443,1517,74
TO,73440,PALMAS,61252,88034,160933,11647
TO,73458,TUPIRAMA,881,517,1464,66
TO,73466,OLIVEIRA DE FÁTIMA,685,454,1190,51
TO,73474,CHAPADA DE AREIA,881,817,1767,69
TO,73482,CHAPADA DA NATIVIDADE,1581,448,2114,85
TO,73504,TALISMÃ,1045,809,1930,76
TO,73512,AGUIARNÓPOLIS,1862,966,2965,137
TO,73520,LUZINÓPOLIS,1234,681,2013,98
TO,73539,SANTA TEREZINHA DO TOCANTINS,1040,514,1664,110
TO,73547,SANTA RITA DO TOCANTINS,831,711,1637,95
TO,73555,CRIXÁS DO TOCANTINS,709,533,1307,65
TO,73563,MONTE SANTO DO TOCANTINS,824,978,1896,94
TO,73571,PUGMIL,741,783,1596,72
TO,73580,BANDEIRANTES DO TOCANTINS,1044,1055,2175,76
TO,73598,IPUEIRAS,1023,344,1420,53
TO,73601,LAVANDEIRA,869,441,1388,78
TO,73610,BARRA DO OURO,1812,864,2803,127
TO,92002,BERNARDO SAYÃO,1278,1295,2713,140
TO,92045,BURITI DO TOCANTINS,2985,1810,5022,227
TO,92070,ALMAS,2546,1108,3862,208
TO,92088,CASEARA,1815,1054,2973,104
TO,92134,ALVORADA,2491,2772,5529,266
TO,92142,COMBINADO,1465,1285,2874,124
TO,92185,DIVINÓPOLIS DO TOCANTINS,2507,1513,4173,153
TO,92193,ANANÁS,3332,1977,5561,252
TO,92240,GOIANORTE,1903,1486,3570,181
TO,92304,MARIANÓPOLIS DO TOCANTINS,1444,1067,2621,110
TO,92371,ARAGUACEMA,2250,1149,3570,171
TO,92398,ARAGUAÇU,1450,3183,4859,226
TO,92401,NOVA ROSALÂNDIA,1014,1031,2160,115
TO,92410,ARAGUAÍNA,36261,47803,90229,6165
TO,92436,ARAGUATINS,9258,6028,16203,917
TO,92452,ARAPOEMA,1980,1407,3547,160
TO,92479,ARRAIAS,4051,1361,5664,252
TO,92487,PEQUIZEIRO,1920,1317,3373,136
TO,92509,PORTO ALEGRE DO TOCANTINS,1162,431,1700,107
TO,92525,PRAIA NORTE,2794,1195,4148,159
TO,92533,AURORA DO TOCANTINS,1482,729,2339,128
TO,92541,SAMPAIO,1866,754,2714,94
TO,92576,AXIXÁ DO TOCANTINS,4084,2546,6865,235
TO,92584,SANTA ROSA DO TOCANTINS,2284,881,3282,117
TO,92592,BABAÇULÂNDIA,3419,1461,5130,250
TO,92606,SANTA TEREZA DO TOCANTINS,1167,1074,2386,145
TO,92681,SÃO VALÉRIO,2025,699,2841,117
TO,92738,BREJINHO DE NAZARÉ,1679,1248,3100,173
TO,93114,COLINAS DO TOCANTINS,7456,9553,17830,821
TO,93130,CONCEIÇÃO DO TOCANTINS,1718,524,2364,122
TO,93211,COUTO MAGALHÃES,2092,1140,3340,108
TO,93238,CRISTALÂNDIA,2295,1724,4228,209
TO,93416,DIANÓPOLIS,6126,3044,9685,515
TO,93459,DOIS IRMÃOS DO TOCANTINS,2404,1149,3740,187
TO,93475,DUERÉ,1558,902,2615,155
TO,93556,FILADÉLFIA,2958,1621,4826,247
TO,93653,FORMOSO DO ARAGUAIA,4787,5361,10594,446
TO,93858,GURUPI,17963,24008,45011,3040
TO,94056,ITACAJÁ,2666,1367,4236,203
TO,94099,ITAGUATINS,2231,1046,3423,146
TO,94170,ITAPORÃ DO TOCANTINS,1076,786,1943,81
TO,94617,MIRACEMA DO TOCANTINS,6452,3784,10853,617
TO,94633,MIRANORTE,3781,3470,7601,350
TO,94692,MONTE DO CARMO,2206,1128,3618,284
TO,94811,NATIVIDADE,2943,1731,4970,296
TO,94838,NAZARÉ,2271,775,3273,227
TO,94994,NOVO ACORDO,1670,1176,2992,146
TO,95192,PARAÍSO DO TOCANTINS,8294,16269,25930,1367
TO,95214,PARANÃ,4325,1111,5657,221
TO,95257,PEDRO AFONSO,3832,3465,7687,390
TO,95273,PEIXE,3477,1635,5343,231
TO,95290,COLMÉIA,1937,2823,5006,246
TO,95338,GOIATINS,4447,1540,6280,293
TO,95370,PINDORAMA DO TOCANTINS,1659,1012,2791,120
TO,95478,PIUM,2236,2064,4460,160
TO,95516,PONTE ALTA DO BOM JESUS,1691,719,2550,140
TO,95532,PONTE ALTA DO TOCANTINS,2104,1786,4109,219
TO,95591,PORTO NACIONAL,17602,14511,34406,2293
TO,95699,LIZARDA,1601,556,2255,98
TO,96032,SÃO SEBASTIÃO DO TOCANTINS,1799,626,2525,100
TO,96130,SÍTIO NOVO DO TOCANTINS,4127,1740,6169,302
TO,96156,TAGUATINGA,4829,2549,7783,405
TO,96199,TOCANTÍNIA,2854,1035,3998,109
TO,96210,TOCANTINÓPOLIS,8328,3745,12618,545
TO,96270,GUARAÍ,5991,6517,13229,721
TO,96296,PRESIDENTE KENNEDY,1122,905,2135,108
TO,96431,XAMBIOÁ,3150,3068,6486,268
TO,96490,PALMEIRÓPOLIS,1939,2198,4343,206
TO,96598,SILVANÓPOLIS,2148,1209,3517,160
TO,96636,NOVA OLINDA,3279,2631,6192,282
TO,96652,WANDERLÂNDIA,3178,1883,5296,235
TO,96679,FIGUEIRÓPOLIS,1678,1649,3530,203
TO,96792,RIO SONO,1870,1342,3364,152
TO,96830,FÁTIMA,1228,1246,2571,97
TO,96857,AUGUSTINÓPOLIS,5683,3544,9662,435
TO,96954,ALIANÇA DO TOCANTINS,1735,1322,3218,161
TO,96970,APARECIDA DO RIO NEGRO,1780,1293,3217,144
TO,96997,BARROLÂNDIA,1844,1537,3538,157
