uf,cd_tse,cd_ibge7,nome_tse,pct_secoes_totalizadas,eleitorado,comparecimento,validos,brancos,nulos,votos_13,votos_22,outros,data_totalizacao
AC,01120,1200013,ACRELÂNDIA,"100,00",10207,8055,7791,56,208,1508,5940,343,05/10/2026 12:51:05
AC,01570,1200054,ASSIS BRASIL,"100,00",7294,5745,5521,20,204,2015,3274,232,05/10/2026 12:51:05
AC,01058,1200104,BRASILÉIA,"100,00",19978,15907,15387,135,385,3965,10709,713,05/10/2026 12:51:05
AC,01007,1200138,BUJARI,"100,00",11152,8657,8308,98,251,2394,5531,383,05/10/2026 12:51:05
AC,01015,1200179,CAPIXABA,"100,00",8170,6513,6298,56,159,1732,4227,339,05/10/2026 12:51:05
AC,01074,1200203,CRUZEIRO DO SUL,"100,00",63851,51482,49656,573,1253,12368,34218,3070,05/10/2026 12:51:05
AC,01112,1200252,EPITACIOLÂNDIA,"100,00",14599,11702,11282,101,319,2656,8129,497,05/10/2026 12:51:05
AC,01139,1200302,FEIJÓ,"100,00",24197,18156,17296,133,727,7435,9069,792,05/10/2026 12:51:05
AC,01104,1200328,JORDÃO,"100,00",5999,4514,4299,15,200,2147,1935,217,05/10/2026 12:51:05
AC,01554,1200344,MANOEL URBANO,"100,00",8602,6717,6432,49,236,2415,3823,194,05/10/2026 12:51:05
AC,01040,1200351,MARECHAL THAUMATURGO,"100,00",11897,9352,9078,48,226,3365,5369,344,05/10/2026 12:51:05
AC,01090,1200336,MÂNCIO LIMA,"100,00",14657,12089,11689,96,304,3481,7749,459,05/10/2026 12:51:05
AC,01511,1200385,PLÁCIDO DE CASTRO,"100,00",12291,9931,9568,64,299,2473,6580,515,05/10/2026 12:51:05
AC,01023,1200807,PORTO ACRE,"100,00",14284,11609,11128,124,357,2658,7926,544,05/10/2026 12:51:05
AC,01066,1200393,PORTO WALTER,"100,00",8032,6520,6296,49,175,3208,2780,308,05/10/2026 12:51:05
AC,01392,1200401,RIO BRANCO,"100,00",270174,215564,206854,3119,5591,56423,131895,18536,05/10/2026 12:51:05
AC,01082,1200427,RODRIGUES ALVES,"100,00",12185,10218,9931,69,218,2355,7154,422,05/10/2026 12:51:05
AC,01031,1200435,SANTA ROSA DO PURUS,"100,00",3927,2884,2742,12,130,1384,1258,100,05/10/2026 12:51:05
AC,01457,1200500,SENA MADUREIRA,"100,00",30864,24661,23642,254,765,5787,16640,1215,05/10/2026 12:51:05
AC,01538,1200450,SENADOR GUIOMARD,"100,00",18638,15166,14556,180,430,3536,10111,909,05/10/2026 12:51:05
AC,01473,1200609,TARAUACÁ,"100,00",29970,22603,21508,223,872,8099,12435,974,05/10/2026 12:51:05
AC,01490,1200708,XAPURI,"100,00",12774,10285,9804,105,376,3366,6055,383,05/10/2026 12:51:05
AL,27030,2700201,ANADIA,"100,00",13090,10144,9441,165,538,6524,2600,317,05/10/2026 12:51:05
AL,27057,2700300,ARAPIRACA,"100,00",158990,130876,123821,2295,4760,60304,56513,7004,05/10/2026 12:51:05
AL,27073,2700409,ATALAIA,"100,00",32403,25460,23754,475,1231,14076,8726,952,05/10/2026 12:51:05
AL,27090,2700508,BARRA DE SANTO ANTÔNIO,"100,00",14944,11656,10903,223,530,5771,4637,495,05/10/2026 12:51:05
AL,27111,2700607,BARRA DE SÃO MIGUEL,"100,00",8063,6775,6393,122,260,2858,3227,308,05/10/2026 12:51:05
AL,27138,2700706,BATALHA,"100,00",13574,10798,10159,115,524,6197,3579,383,05/10/2026 12:51:05
AL,27170,2700904,BELO MONTE,"100,00",6030,4869,4607,52,210,3116,1314,177,05/10/2026 12:51:05
AL,27154,2700805,BELÉM,"100,00",5054,3882,3596,66,220,2501,956,139,05/10/2026 12:51:05
AL,27197,2701001,BOCA DA MATA,"100,00",19738,14998,14070,270,658,7804,5779,487,05/10/2026 12:51:05
AL,27219,2701100,BRANQUINHA,"100,00",9119,6695,6191,104,400,4114,1877,200,05/10/2026 12:51:05
AL,27235,2701209,CACIMBINHAS,"100,00",8774,6378,5914,72,392,4073,1698,143,05/10/2026 12:51:05
AL,27251,2701308,CAJUEIRO,"100,00",14474,10975,10170,154,651,6630,3135,405,05/10/2026 12:51:05
AL,27081,2701357,CAMPESTRE,"100,00",6077,4586,4242,87,257,2798,1276,168,05/10/2026 12:51:05
AL,27278,2701407,CAMPO ALEGRE,"100,00",27042,20310,19043,282,985,11781,6532,730,05/10/2026 12:51:05
AL,27294,2701506,CAMPO GRANDE,"100,00",9154,7122,6614,126,382,4622,1720,272,05/10/2026 12:51:05
AL,27316,2701605,CANAPI,"100,00",14793,11069,10380,122,567,8006,2051,323,05/10/2026 12:51:05
AL,27332,2701704,CAPELA,"100,00",12900,10312,9614,159,539,5533,3700,381,05/10/2026 12:51:05
AL,27359,2701803,CARNEIROS,"100,00",7751,5938,5564,68,306,4217,1143,204,05/10/2026 12:51:05
AL,27375,2701902,CHÃ PRETA,"100,00",6923,5483,5085,56,342,3457,1422,206,05/10/2026 12:51:05
AL,27391,2702009,COITÉ DO NÓIA,"100,00",9481,7521,7025,100,396,4983,1712,330,05/10/2026 12:51:05
AL,27413,2702108,COLÔNIA LEOPOLDINA,"100,00",15416,11624,10822,207,595,5409,5068,345,05/10/2026 12:51:05
AL,27430,2702207,COQUEIRO SECO,"100,00",5554,4643,4346,86,211,2300,1798,248,05/10/2026 12:51:05
AL,27456,2702306,CORURIPE,"100,00",41885,32689,30378,750,1561,13895,15184,1299,05/10/2026 12:51:05
AL,28894,2702355,CRAÍBAS,"100,00",21887,17441,16393,275,773,11551,4159,683,05/10/2026 12:51:05
AL,27472,2702405,DELMIRO GOUVEIA,"100,00",41407,32104,30417,395,1292,23510,5750,1157,05/10/2026 12:51:05
AL,27499,2702504,DOIS RIACHOS,"100,00",9497,6778,6321,61,396,4352,1799,170,05/10/2026 12:51:05
AL,27049,2702553,ESTRELA DE ALAGOAS,"100,00",13040,9496,8736,133,627,6859,1613,264,05/10/2026 12:51:05
AL,27510,2702603,FEIRA GRANDE,"100,00",19459,15668,14623,249,796,10417,3614,592,05/10/2026 12:51:05
AL,27537,2702702,FELIZ DESERTO,"100,00",3975,3004,2766,59,179,1653,1030,83,05/10/2026 12:51:05
AL,27553,2702801,FLEXEIRAS,"100,00",8538,6662,6154,117,391,2943,2989,222,05/10/2026 12:51:05
AL,27570,2702900,GIRAU DO PONCIANO,"100,00",28504,22089,20688,327,1074,15661,4370,657,05/10/2026 12:51:05
AL,27596,2703007,IBATEGUARA,"100,00",11536,8744,8037,188,519,4702,3064,271,05/10/2026 12:51:05
AL,27618,2703106,IGACI,"100,00",20525,15294,14198,227,869,10470,3134,594,05/10/2026 12:51:05
AL,27634,2703205,IGREJA NOVA,"100,00",17729,13915,12921,281,713,8952,3533,436,05/10/2026 12:51:05
AL,27650,2703304,INHAPI,"100,00",14561,10641,9914,173,554,7926,1691,297,05/10/2026 12:51:05
AL,27677,2703403,JACARÉ DOS HOMENS,"100,00",5258,4190,3995,48,147,3067,809,119,05/10/2026 12:51:05
AL,27693,2703502,JACUÍPE,"100,00",6044,4980,4709,75,196,3113,1434,162,05/10/2026 12:51:05
AL,27715,2703601,JAPARATINGA,"100,00",9190,7392,6926,111,355,2992,3709,225,05/10/2026 12:51:05
AL,27731,2703700,JARAMATAIA,"100,00",5223,4328,4064,43,221,2962,994,108,05/10/2026 12:51:05
AL,27065,2703759,JEQUIÁ DA PRAIA,"100,00",8245,6618,6244,92,282,3053,2915,276,05/10/2026 12:51:05
AL,27758,2703809,JOAQUIM GOMES,"100,00",15470,12048,11147,144,757,7394,3430,323,05/10/2026 12:51:05
AL,27774,2703908,JUNDIÁ,"100,00",4851,3815,3561,36,218,2027,1399,135,05/10/2026 12:51:05
AL,27790,2704005,JUNQUEIRO,"100,00",20177,15790,14684,301,805,8286,5637,761,05/10/2026 12:51:05
AL,27812,2704104,LAGOA DA CANOA,"100,00",17008,13367,12453,234,680,8122,3911,420,05/10/2026 12:51:05
AL,27839,2704203,LIMOEIRO DE ANADIA,"100,00",20414,16221,15143,209,869,10464,4249,430,05/10/2026 12:51:05
AL,27855,2704302,MACEIÓ,"100,00",646463,525546,496116,10209,19221,203850,259789,32477,05/10/2026 12:51:05
AL,27871,2704401,MAJOR ISIDORO,"100,00",15675,12230,11373,152,705,7056,4009,308,05/10/2026 12:51:05
AL,27979,2704906,MAR VERMELHO,"100,00",3653,3070,2867,43,160,1933,811,123,05/10/2026 12:51:05
AL,27898,2704500,MARAGOGI,"100,00",26019,20268,19005,419,844,7431,10898,676,05/10/2026 12:51:05
AL,27910,2704609,MARAVILHA,"100,00",8963,6690,6162,112,416,4409,1473,280,05/10/2026 12:51:05
AL,27936,2704708,MARECHAL DEODORO,"100,00",47095,38515,36124,768,1623,15178,19001,1945,05/10/2026 12:51:05
AL,27952,2704807,MARIBONDO,"100,00",11142,9172,8527,121,524,5141,3067,319,05/10/2026 12:51:05
AL,27995,2705002,MATA GRANDE,"100,00",18418,13634,12724,170,740,10073,2337,314,05/10/2026 12:51:05
AL,28010,2705101,MATRIZ DE CAMARAGIBE,"100,00",18656,14589,13632,280,677,5701,7489,442,05/10/2026 12:51:05
AL,28037,2705200,MESSIAS,"100,00",14073,11313,10565,211,537,5892,4282,391,05/10/2026 12:51:05
AL,28053,2705309,MINADOR DO NEGRÃO,"100,00",5111,3944,3617,52,275,2356,1106,155,05/10/2026 12:51:05
AL,28070,2705408,MONTEIRÓPOLIS,"100,00",6417,5028,4686,67,275,3332,1141,213,05/10/2026 12:51:05
AL,28096,2705507,MURICI,"100,00",20644,16611,15142,433,1036,8996,5628,518,05/10/2026 12:51:05
AL,28118,2705606,NOVO LINO,"100,00",10016,7805,7298,119,388,3432,3612,254,05/10/2026 12:51:05
AL,28134,2705705,OLHO D'ÁGUA DAS FLORES,"100,00",16240,12635,11897,136,602,6905,4518,474,05/10/2026 12:51:05
AL,28150,2705804,OLHO D'ÁGUA DO CASADO,"100,00",7631,5638,5299,55,284,4368,752,179,05/10/2026 12:51:05
AL,28177,2705903,OLHO D'ÁGUA GRANDE,"100,00",5133,3981,3727,53,201,2711,889,127,05/10/2026 12:51:05
AL,28193,2706000,OLIVENÇA,"100,00",10337,8469,7917,81,471,5213,2379,325,05/10/2026 12:51:05
AL,28215,2706109,OURO BRANCO,"100,00",10029,7753,7329,71,353,5183,1771,375,05/10/2026 12:51:05
AL,28231,2706208,PALESTINA,"100,00",4992,3722,3518,52,152,2636,737,145,05/10/2026 12:51:05
AL,28258,2706307,PALMEIRA DOS ÍNDIOS,"100,00",54544,43046,40222,788,2036,23887,14385,1950,05/10/2026 12:51:05
AL,27022,2706422,PARICONHA,"100,00",9772,7539,7161,61,317,6310,658,193,05/10/2026 12:51:05
AL,27006,2706448,PARIPUEIRA,"100,00",12721,10207,9605,211,391,4101,4999,505,05/10/2026 12:51:05
AL,28290,2706505,PASSO DE CAMARAGIBE,"100,00",12513,10255,9622,199,434,5161,4176,285,05/10/2026 12:51:05
AL,28312,2706604,PAULO JACINTO,"100,00",6620,5466,5071,93,302,3368,1472,231,05/10/2026 12:51:05
AL,28339,2706703,PENEDO,"100,00",44742,34518,32595,636,1287,18884,12036,1675,05/10/2026 12:51:05
AL,28355,2706802,PIAÇABUÇU,"100,00",13930,10938,10304,164,470,6409,3508,387,05/10/2026 12:51:05
AL,28371,2706901,PILAR,"100,00",29494,23927,22381,502,1044,11359,10026,996,05/10/2026 12:51:05
AL,28398,2707008,PINDOBA,"100,00",2895,2407,2276,14,117,1393,827,56,05/10/2026 12:51:05
AL,28410,2707107,PIRANHAS,"100,00",20101,15316,14440,118,758,11382,2561,497,05/10/2026 12:51:05
AL,28452,2707305,PORTO CALVO,"100,00",21598,17218,16131,302,785,6941,8667,523,05/10/2026 12:51:05
AL,28479,2707404,PORTO DE PEDRAS,"100,00",8457,6885,6493,120,272,2989,3285,219,05/10/2026 12:51:05
AL,28495,2707503,PORTO REAL DO COLÉGIO,"100,00",17563,14129,13261,288,580,9542,3236,483,05/10/2026 12:51:05
AL,28436,2707206,POÇO DAS TRINCHEIRAS,"100,00",11257,8834,8177,145,512,6344,1471,362,05/10/2026 12:51:05
AL,28274,2706406,PÃO DE AÇÚCAR,"100,00",18843,14466,13659,184,623,9813,3331,515,05/10/2026 12:51:05
AL,28517,2707602,QUEBRANGULO,"100,00",10425,8276,7774,84,418,5305,2236,233,05/10/2026 12:51:05
AL,28533,2707701,RIO LARGO,"100,00",68061,57326,53751,1387,2188,26017,24885,2849,05/10/2026 12:51:05
AL,28550,2707800,ROTEIRO,"100,00",5776,4500,4220,69,211,2463,1615,142,05/10/2026 12:51:05
AL,28576,2707909,SANTA LUZIA DO NORTE,"100,00",6471,5375,5078,80,217,2912,1928,238,05/10/2026 12:51:05
AL,28592,2708006,SANTANA DO IPANEMA,"100,00",33109,26479,24853,391,1235,16402,7218,1233,05/10/2026 12:51:05
AL,28614,2708105,SANTANA DO MUNDAÚ,"100,00",9415,7203,6773,109,321,4749,1753,271,05/10/2026 12:51:05
AL,28770,2708907,SATUBA,"100,00",15433,13147,12524,228,395,5435,6429,660,05/10/2026 12:51:05
AL,28916,2708956,SENADOR RUI PALMEIRA,"100,00",9681,7451,6975,72,404,5297,1415,263,05/10/2026 12:51:05
AL,28630,2708204,SÃO BRÁS,"100,00",7353,5849,5534,124,191,3881,1467,186,05/10/2026 12:51:05
AL,28657,2708303,SÃO JOSÉ DA LAJE,"100,00",17824,13584,12592,288,704,7218,4848,526,05/10/2026 12:51:05
AL,28673,2708402,SÃO JOSÉ DA TAPERA,"100,00",23495,17434,16315,239,880,11832,3713,770,05/10/2026 12:51:05
AL,28690,2708501,SÃO LUÍS DO QUITUNDE,"100,00",23573,18136,16834,355,947,7992,8292,550,05/10/2026 12:51:05
AL,28711,2708600,SÃO MIGUEL DOS CAMPOS,"100,00",43051,34036,31858,685,1493,14939,15362,1557,05/10/2026 12:51:05
AL,28738,2708709,SÃO MIGUEL DOS MILAGRES,"100,00",8255,6617,6202,114,301,2743,3235,224,05/10/2026 12:51:05
AL,28754,2708808,SÃO SEBASTIÃO,"100,00",27082,21387,19994,378,1015,13514,5637,843,05/10/2026 12:51:05
AL,28797,2709004,TANQUE D'ARCA,"100,00",6000,4541,4216,60,265,3097,982,137,05/10/2026 12:51:05
AL,28819,2709103,TAQUARANA,"100,00",15528,12301,11408,179,714,8217,2862,329,05/10/2026 12:51:05
AL,28932,2709152,TEOTÔNIO VILELA,"100,00",31106,22794,21220,416,1158,12294,7879,1047,05/10/2026 12:51:05
AL,28835,2709202,TRAIPU,"100,00",19176,14722,13587,169,966,10086,3046,455,05/10/2026 12:51:05
AL,28851,2709301,UNIÃO DOS PALMARES,"100,00",48373,37701,35381,544,1776,20994,12989,1398,05/10/2026 12:51:05
AL,28878,2709400,VIÇOSA,"100,00",20902,16593,15512,259,822,9372,5490,650,05/10/2026 12:51:05
AL,27014,2700102,ÁGUA BRANCA,"100,00",16513,11824,11106,119,599,9576,1230,300,05/10/2026 12:51:05
AP,06017,1600105,AMAPÁ,"100,00",7523,6262,6114,54,94,3379,2277,458,05/10/2026 12:51:05
AP,06033,1600204,CALÇOENE,"100,00",8907,7009,6869,51,89,3476,2832,561,05/10/2026 12:51:05
AP,06068,1600212,CUTIAS,"100,00",6300,5191,5092,34,65,2645,2125,322,05/10/2026 12:51:05
AP,06114,1600238,FERREIRA GOMES,"100,00",7861,6260,6117,40,103,2788,2889,440,05/10/2026 12:51:05
AP,06041,1600253,ITAUBAL,"100,00",8881,7354,7228,45,81,3646,3107,475,05/10/2026 12:51:05
AP,06130,1600279,LARANJAL DO JARI,"100,00",28170,21115,20556,179,380,10748,8386,1422,05/10/2026 12:51:05
AP,06050,1600303,MACAPÁ,"100,00",321597,270534,263718,2792,4024,114179,124378,25161,05/10/2026 12:51:05
AP,06076,1600402,MAZAGÃO,"100,00",22212,18989,18653,87,249,11092,6402,1159,05/10/2026 12:51:05
AP,06092,1600501,OIAPOQUE,"100,00",24220,17516,16941,204,371,9792,6109,1040,05/10/2026 12:51:05
AP,06084,1600154,PEDRA BRANCA DO AMAPARI,"100,00",9909,7119,6951,58,110,3492,3026,433,05/10/2026 12:51:05
AP,06025,1600535,PORTO GRANDE,"100,00",15533,12338,12013,90,235,5770,5300,943,05/10/2026 12:51:05
AP,06009,1600550,PRACUÚBA,"100,00",4022,3313,3265,13,35,1612,1469,184,05/10/2026 12:51:05
AP,06157,1600600,SANTANA,"100,00",85900,73177,71428,644,1105,29279,35791,6358,05/10/2026 12:51:05
AP,06106,1600055,SERRA DO NAVIO,"100,00",4111,3040,2971,21,48,1054,1693,224,05/10/2026 12:51:05
AP,06173,1600709,TARTARUGALZINHO,"100,00",11437,9274,9039,65,170,4727,3826,486,05/10/2026 12:51:05
AP,06122,1600808,VITÓRIA DO JARI,"100,00",10405,8071,7903,38,130,4824,2668,411,05/10/2026 12:51:05
AM,02895,1300029,ALVARÃES,"100,00",12444,9839,9700,22,117,6537,2691,472,05/10/2026 12:51:05
AM,02917,1300060,AMATURÁ,"100,00",7522,6369,6252,15,102,4735,1348,169,05/10/2026 12:51:05
AM,02933,1300086,ANAMÃ,"100,00",9177,6876,6734,36,106,4272,2182,280,05/10/2026 12:51:05
AM,02038,1300102,ANORI,"100,00",11109,8735,8576,53,106,4628,3499,449,05/10/2026 12:51:05
AM,02003,1300144,APUÍ,"100,00",11540,8450,8306,39,105,2042,5895,369,05/10/2026 12:51:05
AM,02054,1300201,ATALAIA DO NORTE,"100,00",9508,6965,6815,24,126,4854,1732,229,05/10/2026 12:51:05
AM,02070,1300300,AUTAZES,"100,00",32340,24067,23389,148,530,13259,9013,1117,05/10/2026 12:51:05
AM,02097,1300409,BARCELOS,"100,00",12648,8006,7771,34,201,4187,3161,423,05/10/2026 12:51:05
AM,02119,1300508,BARREIRINHA,"100,00",22727,18433,18105,70,258,15878,1612,615,05/10/2026 12:51:05
AM,02135,1300607,BENJAMIN CONSTANT,"100,00",24218,20087,19688,86,313,15294,3717,677,05/10/2026 12:51:05
AM,02950,1300631,BERURI,"100,00",15139,11548,11350,49,149,6883,4072,395,05/10/2026 12:51:05
AM,02976,1300680,BOA VISTA DO RAMOS,"100,00",13666,10626,10470,29,127,8778,1339,353,05/10/2026 12:51:05
AM,02151,1300706,BOCA DO ACRE,"100,00",23223,17594,17058,134,402,6531,9804,723,05/10/2026 12:51:05
AM,02178,1300805,BORBA,"100,00",24462,19008,18589,82,337,13307,4560,722,05/10/2026 12:51:05
AM,02992,1300839,CAAPIRANGA,"100,00",9486,7067,6906,34,127,4291,2313,302,05/10/2026 12:51:05
AM,02194,1300904,CANUTAMA,"100,00",10740,7932,7728,41,163,3653,3655,420,05/10/2026 12:51:05
AM,02216,1301001,CARAUARI,"100,00",20927,14918,14456,114,348,9690,3935,831,05/10/2026 12:51:05
AM,02232,1301100,CAREIRO,"100,00",27452,20216,19526,151,539,11262,7072,1192,05/10/2026 12:51:05
AM,02046,1301159,CAREIRO DA VÁRZEA,"100,00",18436,14049,13739,94,216,7982,5092,665,05/10/2026 12:51:05
AM,02259,1301209,COARI,"100,00",51479,38141,37373,174,594,21874,14023,1476,05/10/2026 12:51:05
AM,02275,1301308,CODAJÁS,"100,00",17092,13162,12868,46,248,7344,4984,540,05/10/2026 12:51:05
AM,02291,1301407,EIRUNEPÉ,"100,00",22838,15594,14942,184,468,8665,5334,943,05/10/2026 12:51:05
AM,02313,1301506,ENVIRA,"100,00",10870,7840,7513,53,274,4354,2465,694,05/10/2026 12:51:05
AM,02330,1301605,FONTE BOA,"100,00",17120,13063,12798,43,222,9303,3063,432,05/10/2026 12:51:05
AM,02020,1301654,GUAJARÁ,"100,00",12171,9202,8894,68,240,3049,5489,356,05/10/2026 12:51:05
AM,02356,1301704,HUMAITÁ,"100,00",34907,27459,26839,193,427,10608,14741,1490,05/10/2026 12:51:05
AM,02399,1301803,IPIXUNA,"100,00",11575,8455,8135,92,228,4479,3302,354,05/10/2026 12:51:05
AM,98353,1301852,IRANDUBA,"100,00",45948,37750,36777,356,617,18677,15886,2214,05/10/2026 12:51:05
AM,02410,1301902,ITACOATIARA,"100,00",76067,58385,57153,431,801,33740,20163,3250,05/10/2026 12:51:05
AM,98370,1301951,ITAMARATI,"100,00",7343,5529,5375,27,127,3274,1863,238,05/10/2026 12:51:05
AM,02437,1302009,ITAPIRANGA,"100,00",9689,7468,7336,37,95,3895,3096,345,05/10/2026 12:51:05
AM,02453,1302108,JAPURÁ,"100,00",5709,3916,3842,20,54,1775,1856,211,05/10/2026 12:51:05
AM,02470,1302207,JURUÁ,"100,00",7620,5616,5409,40,167,2919,2202,288,05/10/2026 12:51:05
AM,02496,1302306,JUTAÍ,"100,00",15903,10984,10662,42,280,6095,4178,389,05/10/2026 12:51:05
AM,02518,1302405,LÁBREA,"100,00",29351,22463,22007,121,335,12464,8489,1054,05/10/2026 12:51:05
AM,02534,1302504,MANACAPURU,"100,00",81115,64079,62561,456,1062,32183,27295,3083,05/10/2026 12:51:05
AM,98396,1302553,MANAQUIRI,"100,00",15304,11733,11396,67,270,7301,3563,532,05/10/2026 12:51:05
AM,02550,1302603,MANAUS,"100,00",1477265,1223229,1182539,18468,22222,439027,641864,101648,05/10/2026 12:51:05
AM,02577,1302702,MANICORÉ,"100,00",33789,26839,26326,126,387,15214,10039,1073,05/10/2026 12:51:05
AM,02593,1302801,MARAÃ,"100,00",9995,7028,6872,29,127,4369,2282,221,05/10/2026 12:51:05
AM,02615,1302900,MAUÉS,"100,00",38063,28766,28189,114,463,22574,4655,960,05/10/2026 12:51:05
AM,02631,1303007,NHAMUNDÁ,"100,00",15833,12275,12063,45,167,9762,1952,349,05/10/2026 12:51:05
AM,02658,1303106,NOVA OLINDA DO NORTE,"100,00",19945,15708,15318,92,298,10308,3902,1108,05/10/2026 12:51:05
AM,02011,1303205,NOVO AIRÃO,"100,00",13332,9758,9497,64,197,4507,4377,613,05/10/2026 12:51:05
AM,02674,1303304,NOVO ARIPUANÃ,"100,00",13283,9923,9702,48,173,6403,2938,361,05/10/2026 12:51:05
AM,02690,1303403,PARINTINS,"100,00",73020,56691,55711,343,637,43822,9489,2400,05/10/2026 12:51:05
AM,02712,1303502,PAUINI,"100,00",11565,8565,8377,28,160,4710,3345,322,05/10/2026 12:51:05
AM,98418,1303536,PRESIDENTE FIGUEIREDO,"100,00",28343,20363,19841,167,355,9258,9206,1377,05/10/2026 12:51:05
AM,98434,1303569,RIO PRETO DA EVA,"100,00",23243,17468,17017,171,280,8281,7738,998,05/10/2026 12:51:05
AM,02372,1303601,SANTA ISABEL DO RIO NEGRO,"100,00",9379,6580,6337,25,218,4355,1730,252,05/10/2026 12:51:05
AM,02739,1303700,SANTO ANTÔNIO DO IÇÁ,"100,00",18469,14981,14685,51,245,10172,3983,530,05/10/2026 12:51:05
AM,02771,1304005,SILVES,"100,00",9656,7541,7415,35,91,5612,1480,323,05/10/2026 12:51:05
AM,02836,1303809,SÃO GABRIEL DA CACHOEIRA,"100,00",32420,24092,23789,81,222,18454,4638,697,05/10/2026 12:51:05
AM,02755,1303908,SÃO PAULO DE OLIVENÇA,"100,00",21421,17918,17612,47,259,13914,3067,631,05/10/2026 12:51:05
AM,98450,1303957,SÃO SEBASTIÃO DO UATUMÃ,"100,00",7748,5883,5717,54,112,2895,2539,283,05/10/2026 12:51:05
AM,98477,1304062,TABATINGA,"100,00",40230,31680,30828,260,592,19470,10073,1285,05/10/2026 12:51:05
AM,02798,1304104,TAPAUÁ,"100,00",14621,10754,10501,45,208,4807,5234,460,05/10/2026 12:51:05
AM,02810,1304203,TEFÉ,"100,00",49827,39486,38748,217,521,22775,14319,1654,05/10/2026 12:51:05
AM,98515,1304237,TONANTINS,"100,00",11653,9426,9254,37,135,7157,1855,242,05/10/2026 12:51:05
AM,98493,1304260,UARINI,"100,00",9798,7782,7616,29,137,4761,2576,279,05/10/2026 12:51:05
AM,02852,1304302,URUCARÁ,"100,00",12648,9407,9178,64,165,6578,2309,291,05/10/2026 12:51:05
AM,02879,1304401,URUCURITUBA,"100,00",14200,10782,10593,57,132,7749,2490,354,05/10/2026 12:51:05
BA,33030,2900207,ABARÉ,"100,00",14734,12289,11859,130,300,8618,2961,280,05/10/2026 12:51:05
BA,33014,2900108,ABAÍRA,"100,00",6761,5380,4940,93,347,3037,1651,252,05/10/2026 12:51:05
BA,33057,2900306,ACAJUTIBA,"100,00",12019,9617,9040,153,424,6512,2121,407,05/10/2026 12:51:05
BA,33065,2900355,ADUSTINA,"100,00",12402,10239,9663,134,442,7267,1979,417,05/10/2026 12:51:05
BA,33111,2900603,AIQUARA,"100,00",4318,3286,3155,43,88,2315,753,87,05/10/2026 12:51:05
BA,33138,2900702,ALAGOINHAS,"100,00",114417,90539,84639,2133,3767,55711,23628,5300,05/10/2026 12:51:05
BA,33154,2900801,ALCOBAÇA,"100,00",19171,14850,14214,176,460,9507,4216,491,05/10/2026 12:51:05
BA,33170,2900900,ALMADINA,"100,00",4923,3844,3733,26,85,2943,719,71,05/10/2026 12:51:05
BA,33197,2901007,AMARGOSA,"100,00",28384,22830,21355,447,1028,12926,7542,887,05/10/2026 12:51:05
BA,33219,2901106,AMÉLIA RODRIGUES,"100,00",19625,15825,14900,353,572,11248,2883,769,05/10/2026 12:51:05
BA,30716,2901155,AMÉRICA DOURADA,"100,00",12503,10243,9892,134,217,7668,1902,322,05/10/2026 12:51:05
BA,33235,2901205,ANAGÉ,"100,00",18704,15035,14372,173,490,10800,3004,568,05/10/2026 12:51:05
BA,33251,2901304,ANDARAÍ,"100,00",9794,7682,7288,93,301,5844,1223,221,05/10/2026 12:51:05
BA,33260,2901353,ANDORINHA,"100,00",13508,11291,10889,109,293,9252,1289,348,05/10/2026 12:51:05
BA,33278,2901403,ANGICAL,"100,00",12831,10421,10114,78,229,7073,2640,401,05/10/2026 12:51:05
BA,33294,2901502,ANGUERA,"100,00",10304,8457,8055,131,271,6206,1553,296,05/10/2026 12:51:05
BA,33316,2901601,ANTAS,"100,00",10594,8590,8219,89,282,5290,2611,318,05/10/2026 12:51:05
BA,33332,2901700,ANTÔNIO CARDOSO,"100,00",12130,10025,9581,125,319,7868,1415,298,05/10/2026 12:51:05
BA,33359,2901809,ANTÔNIO GONÇALVES,"100,00",8672,7070,6795,83,192,5000,1568,227,05/10/2026 12:51:05
BA,33375,2901908,APORÁ,"100,00",14198,11384,10663,182,539,7517,2718,428,05/10/2026 12:51:05
BA,33405,2901957,APUAREMA,"100,00",6358,4985,4725,42,218,3060,1452,213,05/10/2026 12:51:05
BA,33391,2902005,ARACATU,"100,00",12568,10499,10063,167,269,7400,2292,371,05/10/2026 12:51:05
BA,33413,2902104,ARACI,"100,00",40272,31786,30413,372,1001,24425,4872,1116,05/10/2026 12:51:05
BA,33430,2902203,ARAMARI,"100,00",9785,7691,7252,132,307,6003,1026,223,05/10/2026 12:51:05
BA,30732,2902252,ARATACA,"100,00",6559,4935,4728,41,166,3188,1388,152,05/10/2026 12:51:05
BA,33456,2902302,ARATUÍPE,"100,00",8424,6657,6297,135,225,4711,1325,261,05/10/2026 12:51:05
BA,33383,2902054,ARAÇÁS,"100,00",10800,8266,7855,127,284,6357,1239,259,05/10/2026 12:51:05
BA,33472,2902401,AURELINO LEAL,"100,00",9612,7219,6869,95,255,4612,1927,330,05/10/2026 12:51:05
BA,33499,2902500,BAIANÓPOLIS,"100,00",12451,10117,9644,151,322,5937,3286,421,05/10/2026 12:51:05
BA,33510,2902609,BAIXA GRANDE,"100,00",15480,12160,11406,215,539,8040,2989,377,05/10/2026 12:51:05
BA,33529,2902658,BANZAÊ,"100,00",10902,8760,8425,101,234,6255,1839,331,05/10/2026 12:51:05
BA,33537,2902708,BARRA,"100,00",37117,29228,28119,254,855,22029,5261,829,05/10/2026 12:51:05
BA,33553,2902807,BARRA DA ESTIVA,"100,00",21065,18304,17221,413,670,10707,5674,840,05/10/2026 12:51:05
BA,33570,2902906,BARRA DO CHOÇA,"100,00",28911,23288,21975,369,944,15560,5298,1117,05/10/2026 12:51:05
BA,33596,2903003,BARRA DO MENDES,"100,00",12115,9919,9494,108,317,7970,1137,387,05/10/2026 12:51:05
BA,33618,2903102,BARRA DO ROCHA,"100,00",4427,3250,3123,33,94,1994,983,146,05/10/2026 12:51:05
BA,33634,2903201,BARREIRAS,"100,00",109227,88859,85750,1232,1877,43434,37394,4922,05/10/2026 12:51:05
BA,30759,2903235,BARRO ALTO,"100,00",11523,9432,9056,122,254,6560,1966,530,05/10/2026 12:51:05
BA,33650,2903300,BARRO PRETO,"100,00",5763,4531,4273,72,186,2978,1109,186,05/10/2026 12:51:05
BA,30775,2903276,BARROCAS,"100,00",14895,12391,11884,152,355,9074,2245,565,05/10/2026 12:51:05
BA,33677,2903409,BELMONTE,"100,00",14778,11430,10927,150,353,7238,3246,443,05/10/2026 12:51:05
BA,33693,2903508,BELO CAMPO,"100,00",15726,12547,11955,207,385,8380,3066,509,05/10/2026 12:51:05
BA,33715,2903607,BIRITINGA,"100,00",13259,10579,9944,157,478,8240,1376,328,05/10/2026 12:51:05
BA,33731,2903706,BOA NOVA,"100,00",13066,9531,8981,132,418,7150,1440,391,05/10/2026 12:51:05
BA,33758,2903805,BOA VISTA DO TUPIM,"100,00",14089,11108,10414,122,572,6856,3177,381,05/10/2026 12:51:05
BA,33774,2903904,BOM JESUS DA LAPA,"100,00",48946,39998,38391,564,1043,28130,8683,1578,05/10/2026 12:51:05
BA,33782,2903953,BOM JESUS DA SERRA,"100,00",9372,7142,6801,74,267,5574,953,274,05/10/2026 12:51:05
BA,33790,2904001,BONINAL,"100,00",10945,8619,8074,166,379,5416,2429,229,05/10/2026 12:51:05
BA,33804,2904050,BONITO,"100,00",12270,10180,9642,178,360,7146,2028,468,05/10/2026 12:51:05
BA,33812,2904100,BOQUIRA,"100,00",16616,12816,12232,115,469,10524,1387,321,05/10/2026 12:51:05
BA,33839,2904209,BOTUPORÃ,"100,00",9465,7440,7017,99,324,5199,1506,312,05/10/2026 12:51:05
BA,33871,2904407,BREJOLÂNDIA,"100,00",8415,6440,6139,133,168,3829,2092,218,05/10/2026 12:51:05
BA,33855,2904308,BREJÕES,"100,00",10919,8722,8232,172,318,5782,2146,304,05/10/2026 12:51:05
BA,33898,2904506,BROTAS DE MACAÚBAS,"100,00",9505,7852,7482,90,280,5353,1805,324,05/10/2026 12:51:05
BA,33910,2904605,BRUMADO,"100,00",53467,44773,42567,694,1512,27162,13281,2124,05/10/2026 12:51:05
BA,33936,2904704,BUERAREMA,"100,00",13021,9889,9278,143,468,4039,4796,443,05/10/2026 12:51:05
BA,30791,2904753,BURITIRAMA,"100,00",15728,12419,11897,78,444,8642,2901,354,05/10/2026 12:51:05
BA,33952,2904803,CAATIBA,"100,00",5851,4650,4438,45,167,2687,1522,229,05/10/2026 12:51:05
BA,33960,2904852,CABACEIRAS DO PARAGUAÇU,"100,00",14433,11452,10894,191,367,8550,1932,412,05/10/2026 12:51:05
BA,33979,2904902,CACHOEIRA,"100,00",26041,20885,19875,345,665,15771,3319,785,05/10/2026 12:51:05
BA,33995,2905008,CACULÉ,"100,00",18021,15113,14289,257,567,9136,4447,706,05/10/2026 12:51:05
BA,34010,2905107,CAEM,"100,00",8150,6496,6232,42,222,4964,1082,186,05/10/2026 12:51:05
BA,34029,2905156,CAETANOS,"100,00",11192,8643,8376,80,187,7101,1068,207,05/10/2026 12:51:05
BA,34037,2905206,CAETITÉ,"100,00",42181,34897,33054,487,1356,23679,7558,1817,05/10/2026 12:51:05
BA,34053,2905305,CAFARNAUM,"100,00",14513,11941,11229,239,473,7525,3231,473,05/10/2026 12:51:05
BA,34070,2905404,CAIRU,"100,00",15480,12126,11435,224,467,6883,3880,672,05/10/2026 12:51:05
BA,34096,2905503,CALDEIRÃO GRANDE,"100,00",10361,8169,7784,93,292,5292,2218,274,05/10/2026 12:51:05
BA,34118,2905602,CAMACAN,"100,00",17301,13628,12965,162,501,7078,5250,637,05/10/2026 12:51:05
BA,34150,2905800,CAMAMU,"100,00",24576,18595,17466,280,849,10402,6073,991,05/10/2026 12:51:05
BA,34134,2905701,CAMAÇARI,"100,00",210762,167003,155927,3863,7213,96949,48036,10942,05/10/2026 12:51:05
BA,34177,2905909,CAMPO ALEGRE DE LOURDES,"100,00",23549,19165,18648,102,415,14703,3448,497,05/10/2026 12:51:05
BA,34193,2906006,CAMPO FORMOSO,"100,00",57975,47874,45117,794,1963,29443,13710,1964,05/10/2026 12:51:05
BA,34231,2906204,CANARANA,"100,00",20021,16438,15775,180,483,11513,3640,622,05/10/2026 12:51:05
BA,34258,2906303,CANAVIEIRAS,"100,00",25424,18628,17667,261,700,10555,6239,873,05/10/2026 12:51:05
BA,34274,2906402,CANDEAL,"100,00",7799,6556,6201,87,268,4655,1385,161,05/10/2026 12:51:05
BA,34290,2906501,CANDEIAS,"100,00",64825,50828,48042,1089,1697,37343,8127,2572,05/10/2026 12:51:05
BA,34312,2906600,CANDIBA,"100,00",11498,9329,8840,168,321,6160,2301,379,05/10/2026 12:51:05
BA,34355,2906808,CANSANÇÃO,"100,00",28890,23856,22981,274,601,18443,3838,700,05/10/2026 12:51:05
BA,30856,2906824,CANUDOS,"100,00",13077,10763,10332,84,347,8248,1802,282,05/10/2026 12:51:05
BA,34215,2906105,CANÁPOLIS,"100,00",8772,7206,6929,78,199,5127,1559,243,05/10/2026 12:51:05
BA,30813,2906857,CAPELA DO ALTO ALEGRE,"100,00",9756,8015,7579,132,304,5263,1941,375,05/10/2026 12:51:05
BA,30830,2906873,CAPIM GROSSO,"100,00",24872,20311,19243,344,724,11210,7103,930,05/10/2026 12:51:05
BA,34371,2906907,CARAVELAS,"100,00",16260,12320,11746,132,442,7550,3746,450,05/10/2026 12:51:05
BA,34363,2906899,CARAÍBAS,"100,00",8699,6870,6587,67,216,4610,1687,290,05/10/2026 12:51:05
BA,34398,2907004,CARDEAL DA SILVA,"100,00",8041,6052,5688,89,275,4771,763,154,05/10/2026 12:51:05
BA,34410,2907103,CARINHANHA,"100,00",22328,18315,17489,178,648,10479,6390,620,05/10/2026 12:51:05
BA,34436,2907202,CASA NOVA,"100,00",57206,47058,45037,454,1567,32772,10605,1660,05/10/2026 12:51:05
BA,34452,2907301,CASTRO ALVES,"100,00",22931,19157,18225,275,657,13426,3908,891,05/10/2026 12:51:05
BA,34479,2907400,CATOLÂNDIA,"100,00",4177,3346,3254,44,48,2197,890,167,05/10/2026 12:51:05
BA,34495,2907509,CATU,"100,00",41271,33588,31211,917,1460,23954,5781,1476,05/10/2026 12:51:05
BA,34509,2907558,CATURAMA,"100,00",7298,5845,5540,107,198,4386,942,212,05/10/2026 12:51:05
BA,34517,2907608,CENTRAL,"100,00",13497,11140,10654,142,344,8102,2202,350,05/10/2026 12:51:05
BA,34533,2907707,CHORROCHÓ,"100,00",9081,7391,7186,54,151,5965,1058,163,05/10/2026 12:51:05
BA,34576,2907905,CIPÓ,"100,00",15277,11998,11365,139,494,7344,3584,437,05/10/2026 12:51:05
BA,34592,2908002,COARACI,"100,00",15399,12073,11510,167,396,7053,3954,503,05/10/2026 12:51:05
BA,34614,2908101,COCOS,"100,00",16368,12719,12229,177,313,7462,4354,413,05/10/2026 12:51:05
BA,34630,2908200,CONCEIÇÃO DA FEIRA,"100,00",17483,14371,13305,406,660,9602,2979,724,05/10/2026 12:51:05
BA,34657,2908309,CONCEIÇÃO DO ALMEIDA,"100,00",14213,12049,11400,187,462,8790,2256,354,05/10/2026 12:51:05
BA,34673,2908408,CONCEIÇÃO DO COITÉ,"100,00",54576,46349,43719,868,1762,25726,16231,1762,05/10/2026 12:51:05
BA,34690,2908507,CONCEIÇÃO DO JACUÍPE,"100,00",29454,23126,21639,560,927,13822,6321,1496,05/10/2026 12:51:05
BA,34711,2908606,CONDE,"100,00",19016,14755,14017,191,547,10501,3043,473,05/10/2026 12:51:05
BA,34738,2908705,CONDEÚBA,"100,00",15144,11447,10740,194,513,7133,3077,530,05/10/2026 12:51:05
BA,34754,2908804,CONTENDAS DO SINCORÁ,"100,00",4520,3692,3541,64,87,2469,959,113,05/10/2026 12:51:05
BA,34770,2908903,CORAÇÃO DE MARIA,"100,00",22538,18393,17251,391,751,13081,3396,774,05/10/2026 12:51:05
BA,34797,2909000,CORDEIROS,"100,00",7148,5428,5154,66,208,2886,1972,296,05/10/2026 12:51:05
BA,34819,2909109,CORIBE,"100,00",12810,9551,9051,125,375,6041,2656,354,05/10/2026 12:51:05
BA,34835,2909208,CORONEL JOÃO SÁ,"100,00",15065,12206,11650,183,373,8067,3143,440,05/10/2026 12:51:05
BA,34851,2909307,CORRENTINA,"100,00",28078,22165,21051,289,825,13258,6535,1258,05/10/2026 12:51:05
BA,34878,2909406,COTEGIPE,"100,00",11726,9260,9053,81,126,6465,2269,319,05/10/2026 12:51:05
BA,34894,2909505,CRAVOLÂNDIA,"100,00",4632,3641,3443,59,139,2704,636,103,05/10/2026 12:51:05
BA,34932,2909703,CRISTÓPOLIS,"100,00",12379,9960,9487,145,328,6168,2967,352,05/10/2026 12:51:05
BA,34916,2909604,CRISÓPOLIS,"100,00",16673,13097,12501,156,440,9900,2227,374,05/10/2026 12:51:05
BA,34959,2909802,CRUZ DAS ALMAS,"100,00",49209,41278,39204,771,1303,25171,12166,1867,05/10/2026 12:51:05
BA,34975,2909901,CURAÇÁ,"100,00",27548,23142,22354,226,562,16607,4866,881,05/10/2026 12:51:05
BA,34339,2906709,CÂNDIDO SALES,"100,00",20878,16307,15742,165,400,10888,4302,552,05/10/2026 12:51:05
BA,34550,2907806,CÍCERO DANTAS,"100,00",26260,20996,19919,374,703,13507,5530,882,05/10/2026 12:51:05
BA,30872,2910057,DIAS D'ÁVILA,"100,00",53134,41256,38501,956,1799,26217,9615,2669,05/10/2026 12:51:05
BA,35017,2910107,DOM BASÍLIO,"100,00",10634,9150,8818,136,196,6829,1680,309,05/10/2026 12:51:05
BA,35033,2910206,DOM MACEDO COSTA,"100,00",4864,3974,3737,63,174,2216,1306,215,05/10/2026 12:51:05
BA,34991,2910008,DÁRIO MEIRA,"100,00",8515,6543,6278,61,204,4661,1413,204,05/10/2026 12:51:05
BA,35050,2910305,ELÍSIO MEDRADO,"100,00",7650,6183,5754,119,310,3821,1724,209,05/10/2026 12:51:05
BA,35076,2910404,ENCRUZILHADA,"100,00",15576,11974,11472,121,381,8129,2998,345,05/10/2026 12:51:05
BA,35092,2910503,ENTRE RIOS,"100,00",31166,23774,22199,480,1095,16289,4888,1022,05/10/2026 12:51:05
BA,35114,2910602,ESPLANADA,"100,00",26991,21383,20195,369,819,14763,4667,765,05/10/2026 12:51:05
BA,35130,2910701,EUCLIDES DA CUNHA,"100,00",45601,37180,35563,434,1183,27308,6876,1379,05/10/2026 12:51:05
BA,30058,2910727,EUNÁPOLIS,"100,00",83372,64629,61415,1063,2151,28976,28359,4080,05/10/2026 12:51:05
BA,35149,2910776,FEIRA DA MATA,"100,00",5181,4136,4037,40,59,2409,1488,140,05/10/2026 12:51:05
BA,35157,2910800,FEIRA DE SANTANA,"100,00",435631,360647,340031,7027,13589,194272,121727,24032,05/10/2026 12:51:05
BA,30910,2910859,FILADÉLFIA,"100,00",15281,12559,11992,212,355,8554,3021,417,05/10/2026 12:51:05
BA,35173,2910909,FIRMINO ALVES,"100,00",5527,4017,3820,44,153,2361,1311,148,05/10/2026 12:51:05
BA,35190,2911006,FLORESTA AZUL,"100,00",7825,6116,5838,62,216,4089,1483,266,05/10/2026 12:51:05
BA,35211,2911105,FORMOSA DO RIO PRETO,"100,00",20786,16750,16106,154,490,9366,6090,650,05/10/2026 12:51:05
BA,30899,2910750,FÁTIMA,"100,00",15318,12801,12199,191,411,9758,2004,437,05/10/2026 12:51:05
BA,35238,2911204,GANDU,"100,00",23509,18889,17803,332,754,9997,6926,880,05/10/2026 12:51:05
BA,30937,2911253,GAVIÃO,"100,00",4375,3570,3298,65,207,2055,1038,205,05/10/2026 12:51:05
BA,35254,2911303,GENTIO DO OURO,"100,00",9718,8130,7926,94,110,6148,1559,219,05/10/2026 12:51:05
BA,35270,2911402,GLÓRIA,"100,00",13025,10408,9999,124,285,8557,1201,241,05/10/2026 12:51:05
BA,35297,2911501,GONGOGI,"100,00",5380,3742,3559,40,143,2633,779,147,05/10/2026 12:51:05
BA,35319,2911600,GOVERNADOR MANGABEIRA,"100,00",19120,14975,14047,300,628,10179,3126,742,05/10/2026 12:51:05
BA,30953,2911659,GUAJERU,"100,00",6431,4851,4673,48,130,3739,713,221,05/10/2026 12:51:05
BA,35335,2911709,GUANAMBI,"100,00",67489,55417,52562,932,1923,30792,18945,2825,05/10/2026 12:51:05
BA,35351,2911808,GUARATINGA,"100,00",15720,11910,11274,142,494,7102,3745,427,05/10/2026 12:51:05
BA,30970,2911857,HELIÓPOLIS,"100,00",12729,10069,9723,106,240,7776,1500,447,05/10/2026 12:51:05
BA,35378,2911907,IAÇU,"100,00",20513,15839,14978,215,646,11219,3300,459,05/10/2026 12:51:05
BA,35394,2912004,IBIASSUCÊ,"100,00",8476,7081,6735,91,255,4318,2103,314,05/10/2026 12:51:05
BA,35416,2912103,IBICARAÍ,"100,00",17862,14106,13455,157,494,8105,4725,625,05/10/2026 12:51:05
BA,35432,2912202,IBICOARA,"100,00",15956,13323,12413,305,605,7385,4432,596,05/10/2026 12:51:05
BA,35459,2912301,IBICUÍ,"100,00",11456,8901,8442,126,333,5319,2714,409,05/10/2026 12:51:05
BA,35475,2912400,IBIPEBA,"100,00",13655,11440,11039,126,275,8605,2014,420,05/10/2026 12:51:05
BA,35513,2912509,IBIPITANGA,"100,00",13075,10239,9789,120,330,6281,2981,527,05/10/2026 12:51:05
BA,35530,2912608,IBIQUERA,"100,00",4187,3190,3045,38,107,2387,571,87,05/10/2026 12:51:05
BA,35556,2912707,IBIRAPITANGA,"100,00",14359,10958,10483,124,351,7118,2928,437,05/10/2026 12:51:05
BA,35572,2912806,IBIRAPUÃ,"100,00",7516,6131,5889,68,174,2948,2772,169,05/10/2026 12:51:05
BA,35599,2912905,IBIRATAIA,"100,00",16014,11986,11230,162,594,6782,3886,562,05/10/2026 12:51:05
BA,35610,2913002,IBITIARA,"100,00",12093,9506,9021,157,328,6428,2153,440,05/10/2026 12:51:05
BA,35637,2913101,IBITITÁ,"100,00",15648,13320,12879,138,303,9615,2801,463,05/10/2026 12:51:05
BA,35653,2913200,IBOTIRAMA,"100,00",21431,17240,16647,209,384,10583,5506,558,05/10/2026 12:51:05
BA,35670,2913309,ICHU,"100,00",6009,5124,4921,66,137,3638,1021,262,05/10/2026 12:51:05
BA,35696,2913408,IGAPORÃ,"100,00",12265,9881,9378,174,329,7336,1681,361,05/10/2026 12:51:05
BA,35700,2913457,IGRAPIÚNA,"100,00",9050,7205,6754,106,345,4697,1732,325,05/10/2026 12:51:05
BA,35718,2913507,IGUAÍ,"100,00",17709,13083,12252,202,629,7300,4409,543,05/10/2026 12:51:05
BA,35734,2913606,ILHÉUS,"100,00",130310,103570,98343,1863,3364,55886,35875,6582,05/10/2026 12:51:05
BA,35750,2913705,INHAMBUPE,"100,00",27722,21968,20608,459,901,15026,4765,817,05/10/2026 12:51:05
BA,35777,2913804,IPECAETÁ,"100,00",15029,11991,11411,157,423,8661,2350,400,05/10/2026 12:51:05
BA,35793,2913903,IPIAÚ,"100,00",32735,25189,23801,413,975,14346,8128,1327,05/10/2026 12:51:05
BA,35815,2914000,IPIRÁ,"100,00",47871,37048,34813,571,1664,25020,8255,1538,05/10/2026 12:51:05
BA,35831,2914109,IPUPIARA,"100,00",8953,7494,7152,123,219,4551,2265,336,05/10/2026 12:51:05
BA,35858,2914208,IRAJUBA,"100,00",5507,4246,4003,55,188,2944,927,132,05/10/2026 12:51:05
BA,35874,2914307,IRAMAIA,"100,00",8556,6962,6648,91,223,5071,1393,184,05/10/2026 12:51:05
BA,35890,2914406,IRAQUARA,"100,00",19044,15807,15180,212,415,12559,2077,544,05/10/2026 12:51:05
BA,35912,2914505,IRARÁ,"100,00",25619,20527,19342,370,815,14354,4007,981,05/10/2026 12:51:05
BA,35939,2914604,IRECÊ,"100,00",51249,42791,40679,624,1488,25731,12777,2171,05/10/2026 12:51:05
BA,35947,2914653,ITABELA,"100,00",22120,16559,15524,306,729,7623,7069,832,05/10/2026 12:51:05
BA,35955,2914703,ITABERABA,"100,00",48749,40338,38067,614,1657,25880,10089,2098,05/10/2026 12:51:05
BA,35971,2914802,ITABUNA,"100,00",141524,115006,109876,1894,3236,55379,47182,7315,05/10/2026 12:51:05
BA,35998,2914901,ITACARÉ,"100,00",19616,14756,14057,195,504,9700,3841,516,05/10/2026 12:51:05
BA,36013,2915007,ITAETÉ,"100,00",11361,8626,8092,126,408,5470,2433,189,05/10/2026 12:51:05
BA,36030,2915106,ITAGI,"100,00",10639,8050,7624,101,325,5103,2238,283,05/10/2026 12:51:05
BA,36056,2915205,ITAGIBÁ,"100,00",13131,10144,9578,119,447,5834,3250,494,05/10/2026 12:51:05
BA,36072,2915304,ITAGIMIRIM,"100,00",6636,4863,4629,51,183,2829,1530,270,05/10/2026 12:51:05
BA,36080,2915353,ITAGUAÇU DA BAHIA,"100,00",10842,8843,8659,69,115,7403,1098,158,05/10/2026 12:51:05
BA,36099,2915403,ITAJU DO COLÔNIA,"100,00",6225,4689,4540,32,117,2862,1560,118,05/10/2026 12:51:05
BA,36110,2915502,ITAJUÍPE,"100,00",16067,12772,12181,190,401,7925,3662,594,05/10/2026 12:51:05
BA,36137,2915601,ITAMARAJU,"100,00",45999,35519,33605,518,1396,15069,17365,1171,05/10/2026 12:51:05
BA,36153,2915700,ITAMARI,"100,00",6100,4696,4428,82,186,2809,1437,182,05/10/2026 12:51:05
BA,36170,2915809,ITAMBÉ,"100,00",17831,14076,13513,172,391,9029,3903,581,05/10/2026 12:51:05
BA,36196,2915908,ITANAGRA,"100,00",6668,4904,4668,71,165,3565,930,173,05/10/2026 12:51:05
BA,36218,2916005,ITANHÉM,"100,00",14916,10934,10368,143,423,5976,3918,474,05/10/2026 12:51:05
BA,36234,2916104,ITAPARICA,"100,00",20044,15799,15024,240,535,11792,2680,552,05/10/2026 12:51:05
BA,36277,2916302,ITAPEBI,"100,00",8383,5881,5648,61,172,4091,1380,177,05/10/2026 12:51:05
BA,36293,2916401,ITAPETINGA,"100,00",48314,38690,36776,727,1187,19382,15640,1754,05/10/2026 12:51:05
BA,36315,2916500,ITAPICURU,"100,00",23461,19195,18151,233,811,14089,3348,714,05/10/2026 12:51:05
BA,36331,2916609,ITAPITANGA,"100,00",5934,4706,4525,40,141,3139,1216,170,05/10/2026 12:51:05
BA,36250,2916203,ITAPÉ,"100,00",8428,6552,6199,87,266,3650,2296,253,05/10/2026 12:51:05
BA,36358,2916708,ITAQUARA,"100,00",6754,5124,4842,73,209,3304,1379,159,05/10/2026 12:51:05
BA,36374,2916807,ITARANTIM,"100,00",13931,10864,10349,164,351,5837,4151,361,05/10/2026 12:51:05
BA,36382,2916856,ITATIM,"100,00",12954,10709,10104,189,416,6602,3041,461,05/10/2026 12:51:05
BA,36390,2916906,ITIRUÇU,"100,00",8937,7075,6635,115,325,4697,1741,197,05/10/2026 12:51:05
BA,36412,2917003,ITIÚBA,"100,00",27758,22581,21652,314,615,15207,5709,736,05/10/2026 12:51:05
BA,36439,2917102,ITORORÓ,"100,00",16355,12624,11996,173,455,7257,4167,572,05/10/2026 12:51:05
BA,36455,2917201,ITUAÇU,"100,00",15600,12748,11963,251,534,7396,4012,555,05/10/2026 12:51:05
BA,36471,2917300,ITUBERÁ,"100,00",17839,13902,13062,300,540,7615,4802,645,05/10/2026 12:51:05
BA,30660,2917334,IUIU,"100,00",8643,7018,6764,102,152,4935,1571,258,05/10/2026 12:51:05
BA,30678,2917359,JABORANDI,"100,00",10158,7745,7370,122,253,4868,2144,358,05/10/2026 12:51:05
BA,36498,2917409,JACARACI,"100,00",11808,9375,8982,104,289,6713,1875,394,05/10/2026 12:51:05
BA,36510,2917508,JACOBINA,"100,00",61665,49411,46859,769,1783,31691,12630,2538,05/10/2026 12:51:05
BA,36536,2917607,JAGUAQUARA,"100,00",35855,27805,25904,492,1409,16206,8548,1150,05/10/2026 12:51:05
BA,36552,2917706,JAGUARARI,"100,00",23294,19437,18477,329,631,13404,4249,824,05/10/2026 12:51:05
BA,36579,2917805,JAGUARIPE,"100,00",15393,12295,11569,259,467,8755,2345,469,05/10/2026 12:51:05
BA,36595,2917904,JANDAÍRA,"100,00",9074,7124,6847,63,214,5476,1165,206,05/10/2026 12:51:05
BA,36617,2918001,JEQUIÉ,"100,00",119040,97318,91725,1774,3819,53993,31824,5908,05/10/2026 12:51:05
BA,36633,2918100,JEREMOABO,"100,00",29071,24022,23099,226,697,17774,4724,601,05/10/2026 12:51:05
BA,36650,2918209,JIQUIRIÇÁ,"100,00",11479,9293,8717,199,377,6026,2163,528,05/10/2026 12:51:05
BA,36676,2918308,JITAÚNA,"100,00",12992,10124,9614,111,399,6894,2359,361,05/10/2026 12:51:05
BA,30996,2918357,JOÃO DOURADO,"100,00",19862,16236,15654,199,383,9545,5456,653,05/10/2026 12:51:05
BA,36692,2918407,JUAZEIRO,"100,00",165666,136940,131848,1961,3131,83457,42135,6256,05/10/2026 12:51:05
BA,36706,2918456,JUCURUÇU,"100,00",8448,6476,6058,96,322,3830,1999,229,05/10/2026 12:51:05
BA,36714,2918506,JUSSARA,"100,00",14126,11556,11069,104,383,9304,1475,290,05/10/2026 12:51:05
BA,30694,2918555,JUSSARI,"100,00",4647,3644,3467,32,145,2342,1061,64,05/10/2026 12:51:05
BA,36730,2918605,JUSSIAPE,"100,00",6499,5426,5127,97,202,3588,1358,181,05/10/2026 12:51:05
BA,36757,2918704,LAFAIETE COUTINHO,"100,00",4471,3625,3399,48,178,2406,849,144,05/10/2026 12:51:05
BA,36765,2918753,LAGOA REAL,"100,00",10624,8987,8519,89,379,6533,1653,333,05/10/2026 12:51:05
BA,36773,2918803,LAJE,"100,00",20749,16559,15580,223,756,10552,4467,561,05/10/2026 12:51:05
BA,36811,2919009,LAJEDINHO,"100,00",3619,2835,2716,22,97,2091,548,77,05/10/2026 12:51:05
BA,36820,2919058,LAJEDO DO TABOCAL,"100,00",6287,5025,4697,102,226,3532,927,238,05/10/2026 12:51:05
BA,36790,2918902,LAJEDÃO,"100,00",4258,3201,3074,26,101,1682,1291,101,05/10/2026 12:51:05
BA,36838,2919108,LAMARÃO,"100,00",8523,6560,6240,94,226,5344,741,155,05/10/2026 12:51:05
BA,39730,2919157,LAPÃO,"100,00",22037,18767,18066,240,461,13144,4265,657,05/10/2026 12:51:05
BA,36854,2919207,LAURO DE FREITAS,"100,00",163871,126329,119345,2397,4587,70481,39471,9393,05/10/2026 12:51:05
BA,36870,2919306,LENÇÓIS,"100,00",7895,6154,5911,64,179,4676,1037,198,05/10/2026 12:51:05
BA,36897,2919405,LICÍNIO DE ALMEIDA,"100,00",10121,8487,8085,150,252,5512,2257,316,05/10/2026 12:51:05
BA,36919,2919504,LIVRAMENTO DE NOSSA SENHORA,"100,00",34703,29383,28077,482,824,19442,7513,1122,05/10/2026 12:51:05
BA,30007,2919553,LUÍS EDUARDO MAGALHÃES,"100,00",81123,63933,62061,744,1128,20173,38496,3392,05/10/2026 12:51:05
BA,36935,2919603,MACAJUBA,"100,00",10033,7464,7004,123,337,5188,1598,218,05/10/2026 12:51:05
BA,36951,2919702,MACARANI,"100,00",12841,9670,9001,154,515,5105,3536,360,05/10/2026 12:51:05
BA,36978,2919801,MACAÚBAS,"100,00",32963,26214,24795,394,1025,17101,6619,1075,05/10/2026 12:51:05
BA,36994,2919900,MACURURÉ,"100,00",6566,5330,5161,31,138,4260,738,163,05/10/2026 12:51:05
BA,39748,2919926,MADRE DE DEUS,"100,00",17110,13732,13251,176,305,10107,2471,673,05/10/2026 12:51:05
BA,39756,2919959,MAETINGA,"100,00",6722,4986,4711,49,226,3366,1145,200,05/10/2026 12:51:05
BA,37010,2920007,MAIQUINIQUE,"100,00",7260,5685,5360,91,234,2889,2275,196,05/10/2026 12:51:05
BA,37036,2920106,MAIRI,"100,00",13826,10815,10118,185,512,7520,2232,366,05/10/2026 12:51:05
BA,37052,2920205,MALHADA,"100,00",13151,10709,10299,161,249,6864,3149,286,05/10/2026 12:51:05
BA,37079,2920304,MALHADA DE PEDRAS,"100,00",7896,6484,6189,104,191,4197,1791,201,05/10/2026 12:51:05
BA,37095,2920403,MANOEL VITORINO,"100,00",13181,10534,10160,85,289,7696,1951,513,05/10/2026 12:51:05
BA,39772,2920452,MANSIDÃO,"100,00",10491,7288,7052,43,193,5720,1163,169,05/10/2026 12:51:05
BA,37117,2920502,MARACÁS,"100,00",21719,16972,15975,312,685,10774,4379,822,05/10/2026 12:51:05
BA,37133,2920601,MARAGOGIPE,"100,00",34902,28791,27453,435,903,21252,5197,1004,05/10/2026 12:51:05
BA,37150,2920700,MARAÚ,"100,00",16481,12482,11842,157,483,8455,2857,530,05/10/2026 12:51:05
BA,37176,2920809,MARCIONÍLIO SOUZA,"100,00",7767,6060,5742,88,230,4348,1235,159,05/10/2026 12:51:05
BA,37192,2920908,MASCOTE,"100,00",9177,6972,6686,66,220,4564,1879,243,05/10/2026 12:51:05
BA,37214,2921005,MATA DE SÃO JOÃO,"100,00",43098,33881,31631,867,1383,22616,7239,1776,05/10/2026 12:51:05
BA,37222,2921054,MATINA,"100,00",9556,7633,7240,117,276,5861,1157,222,05/10/2026 12:51:05
BA,37230,2921104,MEDEIROS NETO,"100,00",18663,14622,13846,189,587,7356,5924,566,05/10/2026 12:51:05
BA,37257,2921203,MIGUEL CALMON,"100,00",19996,16001,15051,200,750,9764,4617,670,05/10/2026 12:51:05
BA,37273,2921302,MILAGRES,"100,00",8823,7138,6718,116,304,4673,1816,229,05/10/2026 12:51:05
BA,37290,2921401,MIRANGABA,"100,00",12693,10205,9805,108,292,7379,2088,338,05/10/2026 12:51:05
BA,37303,2921450,MIRANTE,"100,00",8301,6596,6299,69,228,4716,1314,269,05/10/2026 12:51:05
BA,37311,2921500,MONTE SANTO,"100,00",41809,34145,32838,323,984,27711,4308,819,05/10/2026 12:51:05
BA,37338,2921609,MORPARÁ,"100,00",7604,5951,5689,72,190,3912,1658,119,05/10/2026 12:51:05
BA,37354,2921708,MORRO DO CHAPÉU,"100,00",26151,20787,19633,284,870,13770,4918,945,05/10/2026 12:51:05
BA,37370,2921807,MORTUGABA,"100,00",9597,7456,7026,97,333,4000,2716,310,05/10/2026 12:51:05
BA,37397,2921906,MUCUGÊ,"100,00",9863,8381,7857,160,364,5229,2316,312,05/10/2026 12:51:05
BA,37419,2922003,MUCURI,"100,00",27873,20987,20035,303,649,10146,8840,1049,05/10/2026 12:51:05
BA,37427,2922052,MULUNGU DO MORRO,"100,00",10988,9211,8899,99,213,7005,1357,537,05/10/2026 12:51:05
BA,37435,2922102,MUNDO NOVO,"100,00",14921,11669,11004,151,514,8071,2560,373,05/10/2026 12:51:05
BA,37451,2922201,MUNIZ FERREIRA,"100,00",8206,6969,6633,87,249,4748,1583,302,05/10/2026 12:51:05
BA,37460,2922250,MUQUÉM DO SÃO FRANCISCO,"100,00",9684,7835,7633,69,133,5249,2171,213,05/10/2026 12:51:05
BA,37478,2922300,MURITIBA,"100,00",23640,18019,16879,348,792,13033,3162,684,05/10/2026 12:51:05
BA,37494,2922409,MUTUÍPE,"100,00",17909,14152,13165,238,749,8337,4127,701,05/10/2026 12:51:05
BA,37516,2922508,NAZARÉ,"100,00",22055,17968,17072,328,568,12434,3821,817,05/10/2026 12:51:05
BA,37532,2922607,NILO PEÇANHA,"100,00",10011,8012,7493,174,345,5338,1868,287,05/10/2026 12:51:05
BA,39799,2922656,NORDESTINA,"100,00",10580,8554,8139,105,310,6269,1597,273,05/10/2026 12:51:05
BA,37559,2922706,NOVA CANAÃ,"100,00",12377,9547,9062,100,385,6661,2070,331,05/10/2026 12:51:05
BA,37567,2922730,NOVA FÁTIMA,"100,00",7957,6597,6291,87,219,4311,1655,325,05/10/2026 12:51:05
BA,39969,2922755,NOVA IBIÁ,"100,00",5509,4460,4242,61,157,2634,1441,167,05/10/2026 12:51:05
BA,37575,2922805,NOVA ITARANA,"100,00",6607,5467,5233,80,154,3641,1434,158,05/10/2026 12:51:05
BA,37583,2922854,NOVA REDENÇÃO,"100,00",6421,5099,4920,38,141,4105,698,117,05/10/2026 12:51:05
BA,37591,2922904,NOVA SOURE,"100,00",21207,16499,15816,164,519,13021,2292,503,05/10/2026 12:51:05
BA,37613,2923001,NOVA VIÇOSA,"100,00",30989,24101,22962,355,784,11287,10817,858,05/10/2026 12:51:05
BA,39942,2923035,NOVO HORIZONTE,"100,00",9200,7689,7372,117,200,5116,1899,357,05/10/2026 12:51:05
BA,37621,2923050,NOVO TRIUNFO,"100,00",8227,6381,6133,35,213,4575,1354,204,05/10/2026 12:51:05
BA,37630,2923100,OLINDINA,"100,00",19699,15471,14840,191,440,11811,2497,532,05/10/2026 12:51:05
BA,37656,2923209,OLIVEIRA DOS BREJINHOS,"100,00",16618,13886,13338,140,408,9993,2937,408,05/10/2026 12:51:05
BA,37672,2923308,OURIÇANGAS,"100,00",7224,5732,5383,96,253,4265,855,263,05/10/2026 12:51:05
BA,37680,2923357,OUROLÂNDIA,"100,00",14353,11337,10785,107,445,6103,4267,415,05/10/2026 12:51:05
BA,37699,2923407,PALMAS DE MONTE ALTO,"100,00",17255,14073,13495,167,411,10470,2628,397,05/10/2026 12:51:05
BA,37710,2923506,PALMEIRAS,"100,00",7857,6433,6158,74,201,4978,974,206,05/10/2026 12:51:05
BA,37737,2923605,PARAMIRIM,"100,00",16913,13807,13105,255,447,9668,2920,517,05/10/2026 12:51:05
BA,37753,2923704,PARATINGA,"100,00",24228,19165,18436,206,523,14251,3700,485,05/10/2026 12:51:05
BA,37770,2923803,PARIPIRANGA,"100,00",23527,19240,18272,333,635,13615,3927,730,05/10/2026 12:51:05
BA,37796,2923902,PAU BRASIL,"100,00",7547,6106,5876,43,187,3689,2045,142,05/10/2026 12:51:05
BA,37818,2924009,PAULO AFONSO,"100,00",83620,65344,62915,921,1508,47173,13063,2679,05/10/2026 12:51:05
BA,37850,2924207,PEDRO ALEXANDRE,"100,00",10164,8389,8057,76,256,6416,1331,310,05/10/2026 12:51:05
BA,37834,2924108,PEDRÃO,"100,00",6573,5279,5042,88,149,4116,668,258,05/10/2026 12:51:05
BA,37877,2924306,PIATÃ,"100,00",17470,13440,12447,230,763,8124,3438,885,05/10/2026 12:51:05
BA,37893,2924405,PILÃO ARCADO,"100,00",28531,23193,22386,142,665,17562,4132,692,05/10/2026 12:51:05
BA,37915,2924504,PINDAÍ,"100,00",12750,10761,10303,125,333,7588,2302,413,05/10/2026 12:51:05
BA,37931,2924603,PINDOBAÇU,"100,00",16173,13416,12830,211,375,8620,3819,391,05/10/2026 12:51:05
BA,39837,2924652,PINTADAS,"100,00",8931,6623,6220,102,301,3780,2227,213,05/10/2026 12:51:05
BA,37940,2924678,PIRAÍ DO NORTE,"100,00",7100,5813,5517,94,202,3656,1590,271,05/10/2026 12:51:05
BA,37958,2924702,PIRIPÁ,"100,00",8923,6598,6304,78,216,4388,1595,321,05/10/2026 12:51:05
BA,37974,2924801,PIRITIBA,"100,00",14292,11380,10755,150,475,7330,2946,479,05/10/2026 12:51:05
BA,37990,2924900,PLANALTINO,"100,00",6975,5503,5148,103,252,3715,1247,186,05/10/2026 12:51:05
BA,38016,2925006,PLANALTO,"100,00",20252,16462,15547,281,634,10387,4489,671,05/10/2026 12:51:05
BA,38059,2925204,POJUCA,"100,00",29229,23259,21477,696,1086,16067,4413,997,05/10/2026 12:51:05
BA,38067,2925253,PONTO NOVO,"100,00",15183,12456,11932,179,345,8429,3032,471,05/10/2026 12:51:05
BA,38075,2925303,PORTO SEGURO,"100,00",116587,88955,84678,1470,2807,42129,37301,5248,05/10/2026 12:51:05
BA,38091,2925402,POTIRAGUÁ,"100,00",7860,5995,5712,72,211,3421,2126,165,05/10/2026 12:51:05
BA,38032,2925105,POÇÕES,"100,00",37374,29493,28195,414,884,19478,7393,1324,05/10/2026 12:51:05
BA,38113,2925501,PRADO,"100,00",25814,19884,18900,275,709,9774,8545,581,05/10/2026 12:51:05
BA,38130,2925600,PRESIDENTE DUTRA,"100,00",11979,10244,9934,97,213,8285,1417,232,05/10/2026 12:51:05
BA,38156,2925709,PRESIDENTE JÂNIO QUADROS,"100,00",10674,7823,7454,84,285,5660,1460,334,05/10/2026 12:51:05
BA,38164,2925758,PRESIDENTE TANCREDO NEVES,"100,00",21689,17793,16728,304,761,9981,5876,871,05/10/2026 12:51:05
BA,39810,2924058,PÉ DE SERRA,"100,00",12191,10070,9513,138,419,5666,3418,429,05/10/2026 12:51:05
BA,38172,2925808,QUEIMADAS,"100,00",20515,16685,15946,232,507,10967,4310,669,05/10/2026 12:51:05
BA,38199,2925907,QUIJINGUE,"100,00",21197,17545,16841,182,522,13742,2647,452,05/10/2026 12:51:05
BA,39845,2925931,QUIXABEIRA,"100,00",8784,7134,6652,152,330,3523,2858,271,05/10/2026 12:51:05
BA,39853,2925956,RAFAEL JAMBEIRO,"100,00",19049,14618,13701,179,738,9556,3653,492,05/10/2026 12:51:05
BA,38210,2926004,REMANSO,"100,00",32212,25810,24880,207,723,18991,5159,730,05/10/2026 12:51:05
BA,38237,2926103,RETIROLÂNDIA,"100,00",12901,10779,10248,163,368,7245,2441,562,05/10/2026 12:51:05
BA,38296,2926400,RIACHO DE SANTANA,"100,00",23737,18798,17926,345,527,14242,3037,647,05/10/2026 12:51:05
BA,38253,2926202,RIACHÃO DAS NEVES,"100,00",19206,15052,14575,129,348,10280,3857,438,05/10/2026 12:51:05
BA,38270,2926301,RIACHÃO DO JACUÍPE,"100,00",27708,23622,22520,339,763,16737,4506,1277,05/10/2026 12:51:05
BA,38318,2926509,RIBEIRA DO AMPARO,"100,00",12452,10009,9492,139,378,7489,1739,264,05/10/2026 12:51:05
BA,38334,2926608,RIBEIRA DO POMBAL,"100,00",45064,36167,34451,572,1144,23991,8900,1560,05/10/2026 12:51:05
BA,38342,2926657,RIBEIRÃO DO LARGO,"100,00",8797,6579,6326,73,180,4425,1678,223,05/10/2026 12:51:05
BA,38350,2926707,RIO DE CONTAS,"100,00",12117,10173,9648,150,375,6790,2493,365,05/10/2026 12:51:05
BA,38377,2926806,RIO DO ANTÔNIO,"100,00",10690,8962,8611,109,242,6628,1706,277,05/10/2026 12:51:05
BA,38393,2926905,RIO DO PIRES,"100,00",11178,7754,7354,87,313,5350,1711,293,05/10/2026 12:51:05
BA,38415,2927002,RIO REAL,"100,00",29286,23841,22548,466,827,15327,6058,1163,05/10/2026 12:51:05
BA,38431,2927101,RODELAS,"100,00",7602,6193,5998,52,143,4694,1132,172,05/10/2026 12:51:05
BA,38458,2927200,RUY BARBOSA,"100,00",23977,18674,17369,341,964,11694,4857,818,05/10/2026 12:51:05
BA,38474,2927309,SALINAS DA MARGARIDA,"100,00",16000,12334,11691,215,428,9248,1991,452,05/10/2026 12:51:05
BA,38490,2927408,SALVADOR,"100,00",1955479,1561593,1447014,37013,77566,944358,391188,111468,05/10/2026 12:51:05
BA,38539,2927606,SANTA BRÍGIDA,"100,00",11939,9279,8857,108,314,7189,1369,299,05/10/2026 12:51:05
BA,38512,2927507,SANTA BÁRBARA,"100,00",20163,16324,15559,221,544,11603,3307,649,05/10/2026 12:51:05
BA,38555,2927705,SANTA CRUZ CABRÁLIA,"100,00",25527,18430,17571,271,588,9896,6755,920,05/10/2026 12:51:05
BA,38571,2927804,SANTA CRUZ DA VITÓRIA,"100,00",4922,3563,3372,57,134,1924,1253,195,05/10/2026 12:51:05
BA,38598,2927903,SANTA INÊS,"100,00",8217,6301,5973,115,213,4647,1146,180,05/10/2026 12:51:05
BA,39870,2928059,SANTA LUZIA,"100,00",9034,6939,6646,71,222,4143,2247,256,05/10/2026 12:51:05
BA,38636,2928109,SANTA MARIA DA VITÓRIA,"100,00",30271,24825,23719,317,789,15887,6763,1069,05/10/2026 12:51:05
BA,35491,2928406,SANTA RITA DE CÁSSIA,"100,00",22965,17740,17014,264,462,12359,4071,584,05/10/2026 12:51:05
BA,38695,2928505,SANTA TEREZINHA,"100,00",9441,7700,7283,117,300,5463,1566,254,05/10/2026 12:51:05
BA,38610,2928000,SANTALUZ,"100,00",32102,26577,24983,443,1151,16973,6733,1277,05/10/2026 12:51:05
BA,38652,2928208,SANTANA,"100,00",21022,16849,16094,204,551,10420,5076,598,05/10/2026 12:51:05
BA,38679,2928307,SANTANÓPOLIS,"100,00",9599,7651,7155,191,305,5327,1512,316,05/10/2026 12:51:05
BA,38717,2928604,SANTO AMARO,"100,00",47773,37730,35514,834,1382,28779,5155,1580,05/10/2026 12:51:05
BA,38733,2928703,SANTO ANTÔNIO DE JESUS,"100,00",77886,63969,60017,1097,2855,36601,19640,3776,05/10/2026 12:51:05
BA,38750,2928802,SANTO ESTEVÃO,"100,00",39754,32217,30384,511,1322,23211,5841,1332,05/10/2026 12:51:05
BA,38911,2929602,SAPEAÇU,"100,00",16207,13261,12391,302,568,8881,2995,515,05/10/2026 12:51:05
BA,38946,2929750,SAUBARA,"100,00",13374,10317,9728,220,369,7146,2147,435,05/10/2026 12:51:05
BA,38954,2929800,SAÚDE,"100,00",9154,6963,6512,104,347,4671,1588,253,05/10/2026 12:51:05
BA,38970,2929909,SEABRA,"100,00",35799,30252,28749,418,1085,21986,5468,1295,05/10/2026 12:51:05
BA,38997,2930006,SEBASTIÃO LARANJEIRAS,"100,00",7218,5962,5770,70,122,4001,1569,200,05/10/2026 12:51:05
BA,39012,2930105,SENHOR DO BONFIM,"100,00",53709,43744,41313,714,1717,25666,13819,1828,05/10/2026 12:51:05
BA,39039,2930204,SENTO SÉ,"100,00",30127,24637,23606,350,681,15344,7419,843,05/10/2026 12:51:05
BA,39047,2930154,SERRA DO RAMALHO,"100,00",26065,21368,20695,222,451,14982,5014,699,05/10/2026 12:51:05
BA,39055,2930303,SERRA DOURADA,"100,00",15281,11851,11306,192,353,6849,4114,343,05/10/2026 12:51:05
BA,39071,2930402,SERRA PRETA,"100,00",17262,13521,12878,196,447,10106,2311,461,05/10/2026 12:51:05
BA,39098,2930501,SERRINHA,"100,00",63689,52079,49064,819,2196,35445,11134,2485,05/10/2026 12:51:05
BA,39110,2930600,SERROLÂNDIA,"100,00",11033,8904,8400,138,366,5505,2507,388,05/10/2026 12:51:05
BA,39136,2930709,SIMÕES FILHO,"100,00",90003,71439,67072,1605,2762,44707,17661,4704,05/10/2026 12:51:05
BA,39985,2930774,SOBRADINHO,"100,00",20427,15975,15371,194,410,10803,3814,754,05/10/2026 12:51:05
BA,39152,2930808,SOUTO SOARES,"100,00",14232,11656,11282,146,228,9291,1545,446,05/10/2026 12:51:05
BA,38938,2929701,SÁTIRO DIAS,"100,00",14469,11327,10698,207,422,7770,2452,476,05/10/2026 12:51:05
BA,38776,2928901,SÃO DESIDÉRIO,"100,00",28595,22878,22217,220,441,13345,7931,941,05/10/2026 12:51:05
BA,38806,2928950,SÃO DOMINGOS,"100,00",7986,6814,6486,81,247,4375,1781,330,05/10/2026 12:51:05
BA,38814,2929107,SÃO FELIPE,"100,00",17802,14773,13939,290,544,9543,3812,584,05/10/2026 12:51:05
BA,38830,2929206,SÃO FRANCISCO DO CONDE,"100,00",33764,25755,24492,488,775,20076,3397,1019,05/10/2026 12:51:05
BA,38792,2929008,SÃO FÉLIX,"100,00",10118,8288,7859,151,278,6190,1331,338,05/10/2026 12:51:05
BA,38822,2929057,SÃO FÉLIX DO CORIBE,"100,00",12580,10408,9950,140,318,5660,3798,492,05/10/2026 12:51:05
BA,39896,2929255,SÃO GABRIEL,"100,00",16440,13973,13468,148,357,10916,2122,430,05/10/2026 12:51:05
BA,38857,2929305,SÃO GONÇALO DOS CAMPOS,"100,00",30041,24850,23487,496,867,17586,4622,1279,05/10/2026 12:51:05
BA,39926,2929354,SÃO JOSÉ DA VITÓRIA,"100,00",5258,3954,3732,52,170,2313,1258,161,05/10/2026 12:51:05
BA,38865,2929370,SÃO JOSÉ DO JACUÍPE,"100,00",8830,7017,6615,141,261,4572,1782,261,05/10/2026 12:51:05
BA,38873,2929404,SÃO MIGUEL DAS MATAS,"100,00",9030,7672,7333,101,238,5368,1637,328,05/10/2026 12:51:05
BA,38890,2929503,SÃO SEBASTIÃO DO PASSÉ,"100,00",34046,27067,25767,409,891,21232,3443,1092,05/10/2026 12:51:05
BA,39144,2930758,SÍTIO DO MATO,"100,00",11257,9228,8934,102,192,6262,2402,270,05/10/2026 12:51:05
BA,39900,2930766,SÍTIO DO QUINTO,"100,00",9929,8232,7873,74,285,5726,1852,295,05/10/2026 12:51:05
BA,39179,2930907,TABOCAS DO BREJO VELHO,"100,00",11241,8657,8310,112,235,5809,2130,371,05/10/2026 12:51:05
BA,39195,2931004,TANHAÇU,"100,00",17984,14985,14408,185,392,10305,3462,641,05/10/2026 12:51:05
BA,39918,2931053,TANQUE NOVO,"100,00",14688,12236,11551,271,414,8808,2212,531,05/10/2026 12:51:05
BA,39217,2931103,TANQUINHO,"100,00",7717,6444,6212,63,169,4546,1427,239,05/10/2026 12:51:05
BA,39233,2931202,TAPEROÁ,"100,00",14359,11297,10645,177,475,7311,2811,523,05/10/2026 12:51:05
BA,39250,2931301,TAPIRAMUTÁ,"100,00",11283,8616,7915,120,581,5554,2051,310,05/10/2026 12:51:05
BA,39934,2931350,TEIXEIRA DE FREITAS,"100,00",105045,81717,78098,1269,2350,35445,38670,3983,05/10/2026 12:51:05
BA,39276,2931400,TEODORO SAMPAIO,"100,00",6868,5631,5368,76,187,4544,630,194,05/10/2026 12:51:05
BA,39292,2931509,TEOFILÂNDIA,"100,00",18692,14304,13663,183,458,11318,1918,427,05/10/2026 12:51:05
BA,39314,2931608,TEOLÂNDIA,"100,00",11256,8977,8545,118,314,5969,2241,335,05/10/2026 12:51:05
BA,39330,2931707,TERRA NOVA,"100,00",10480,8323,7850,138,335,6144,1335,371,05/10/2026 12:51:05
BA,39357,2931806,TREMEDAL,"100,00",15421,11551,10971,105,475,7294,3188,489,05/10/2026 12:51:05
BA,39373,2931905,TUCANO,"100,00",41771,33428,31802,448,1178,23765,6849,1188,05/10/2026 12:51:05
BA,39390,2932002,UAUÁ,"100,00",22079,18137,17453,223,461,14202,2594,657,05/10/2026 12:51:05
BA,39438,2932200,UBAITABA,"100,00",14272,10679,10214,124,341,6014,3709,491,05/10/2026 12:51:05
BA,39454,2932309,UBATÃ,"100,00",11980,9222,8712,121,389,5152,3051,509,05/10/2026 12:51:05
BA,39411,2932101,UBAÍRA,"100,00",15896,12630,11855,210,565,7651,3655,549,05/10/2026 12:51:05
BA,39470,2932408,UIBAÍ,"100,00",12012,9971,9545,159,267,7232,1954,359,05/10/2026 12:51:05
BA,39489,2932457,UMBURANAS,"100,00",11651,9235,8879,77,279,6133,2472,274,05/10/2026 12:51:05
BA,39497,2932507,UNA,"100,00",16864,12601,11936,194,471,6538,4753,645,05/10/2026 12:51:05
BA,39519,2932606,URANDI,"100,00",13766,11131,10773,127,231,8062,2357,354,05/10/2026 12:51:05
BA,39535,2932705,URUÇUCA,"100,00",18222,13919,13210,159,550,8109,4599,502,05/10/2026 12:51:05
BA,39551,2932804,UTINGA,"100,00",13057,10190,9746,98,346,6959,2420,367,05/10/2026 12:51:05
BA,39594,2933000,VALENTE,"100,00",20175,17431,16489,273,669,9915,5598,976,05/10/2026 12:51:05
BA,39578,2932903,VALENÇA,"100,00",66657,52894,49124,1296,2474,30832,15367,2925,05/10/2026 12:51:05
BA,39624,2933174,VARZEDO,"100,00",9468,7868,7496,84,288,4957,2167,372,05/10/2026 12:51:05
BA,39632,2933208,VERA CRUZ,"100,00",36715,29228,27886,506,836,20718,5950,1218,05/10/2026 12:51:05
BA,39640,2933257,VEREDA,"100,00",6714,5103,4910,49,144,3074,1637,199,05/10/2026 12:51:05
BA,39659,2933307,VITÓRIA DA CONQUISTA,"100,00",265595,216286,204384,4195,7707,108011,82936,13437,05/10/2026 12:51:05
BA,39977,2933059,VÁRZEA DA ROÇA,"100,00",10928,8692,8092,205,395,5793,1967,332,05/10/2026 12:51:05
BA,39616,2933109,VÁRZEA DO POÇO,"100,00",7284,5905,5605,77,223,3937,1426,242,05/10/2026 12:51:05
BA,39950,2933158,VÁRZEA NOVA,"100,00",10874,8855,8316,142,397,5666,2228,422,05/10/2026 12:51:05
BA,39675,2933406,WAGNER,"100,00",6804,5413,5160,69,184,3730,1268,162,05/10/2026 12:51:05
BA,39993,2933455,WANDERLEY,"100,00",10702,8494,8240,82,172,5088,2911,241,05/10/2026 12:51:05
BA,39691,2933505,WENCESLAU GUIMARÃES,"100,00",16675,13076,12418,198,460,7981,3965,472,05/10/2026 12:51:05
BA,39713,2933604,XIQUE-XIQUE,"100,00",35384,27416,26040,364,1012,18111,6878,1051,05/10/2026 12:51:05
BA,33073,2900405,ÁGUA FRIA,"100,00",13416,10582,9806,211,565,7386,1964,456,05/10/2026 12:51:05
BA,33090,2900504,ÉRICO CARDOSO,"100,00",8440,6468,6073,92,303,4545,1258,270,05/10/2026 12:51:05
CE,13013,2300101,ABAIARA,"100,00",7775,6239,5880,113,246,4634,1036,210,05/10/2026 12:51:05
CE,13145,2300150,ACARAPE,"100,00",12546,10868,10364,211,293,6079,3847,438,05/10/2026 12:51:05
CE,13030,2300200,ACARAÚ,"100,00",49197,39831,37609,755,1467,23817,12267,1525,05/10/2026 12:51:05
CE,13056,2300309,ACOPIARA,"100,00",38571,32404,30627,568,1209,23458,6153,1016,05/10/2026 12:51:05
CE,13072,2300408,AIUABA,"100,00",11440,9041,8639,80,322,7142,1196,301,05/10/2026 12:51:05
CE,13099,2300507,ALCÂNTARAS,"100,00",10265,8189,7722,177,290,5939,1437,346,05/10/2026 12:51:05
CE,13110,2300606,ALTANEIRA,"100,00",6949,5670,5413,54,203,4500,669,244,05/10/2026 12:51:05
CE,13137,2300705,ALTO SANTO,"100,00",12108,10156,9771,149,236,7184,2157,430,05/10/2026 12:51:05
CE,15873,2300754,AMONTADA,"100,00",36349,29633,28311,438,884,19857,7402,1052,05/10/2026 12:51:05
CE,13153,2300804,ANTONINA DO NORTE,"100,00",7089,5468,5198,64,206,4169,791,238,05/10/2026 12:51:05
CE,13170,2300903,APUIARÉS,"100,00",12696,10722,10341,131,250,7375,2442,524,05/10/2026 12:51:05
CE,13196,2301000,AQUIRAZ,"100,00",69632,59747,56565,1117,2065,33019,20298,3248,05/10/2026 12:51:05
CE,13218,2301109,ARACATI,"100,00",57417,48733,46341,1095,1297,29308,14510,2523,05/10/2026 12:51:05
CE,13234,2301208,ARACOIABA,"100,00",24943,21764,20985,277,502,14493,5701,791,05/10/2026 12:51:05
CE,13420,2301257,ARARENDÁ,"100,00",9705,8085,7755,86,244,5559,1943,253,05/10/2026 12:51:05
CE,13250,2301307,ARARIPE,"100,00",17494,14182,13520,158,504,11246,1870,404,05/10/2026 12:51:05
CE,13277,2301406,ARATUBA,"100,00",12289,10233,9743,199,291,6776,2571,396,05/10/2026 12:51:05
CE,13293,2301505,ARNEIROZ,"100,00",6939,5463,5264,50,149,3885,1157,222,05/10/2026 12:51:05
CE,13315,2301604,ASSARÉ,"100,00",18914,15013,14261,251,501,11066,2518,677,05/10/2026 12:51:05
CE,13331,2301703,AURORA,"100,00",20292,16196,15227,287,682,11216,3343,668,05/10/2026 12:51:05
CE,13358,2301802,BAIXIO,"100,00",5464,4582,4418,37,127,3608,682,128,05/10/2026 12:51:05
CE,13382,2301851,BANABUIÚ,"100,00",15673,13185,12727,139,319,9529,2774,424,05/10/2026 12:51:05
CE,13374,2301901,BARBALHA,"100,00",53415,44632,42422,750,1460,28658,11693,2071,05/10/2026 12:51:05
CE,13129,2301950,BARREIRA,"100,00",19586,16915,16092,308,515,9176,6410,506,05/10/2026 12:51:05
CE,13390,2302008,BARRO,"100,00",17005,13193,12457,169,567,10047,1938,472,05/10/2026 12:51:05
CE,13404,2302057,BARROQUINHA,"100,00",15207,12042,11385,199,458,7660,3225,500,05/10/2026 12:51:05
CE,13412,2302107,BATURITÉ,"100,00",28552,23949,22800,435,714,15878,5988,934,05/10/2026 12:51:05
CE,13439,2302206,BEBERIBE,"100,00",46979,40501,38162,824,1515,24758,11429,1975,05/10/2026 12:51:05
CE,13455,2302305,BELA CRUZ,"100,00",21553,17755,16627,365,763,10504,5325,798,05/10/2026 12:51:05
CE,13471,2302404,BOA VIAGEM,"100,00",42595,34497,32751,587,1159,24219,6541,1991,05/10/2026 12:51:05
CE,13498,2302503,BREJO SANTO,"100,00",36964,30613,29196,405,1012,22036,6049,1111,05/10/2026 12:51:05
CE,13510,2302602,CAMOCIM,"100,00",50991,41277,39245,782,1250,24861,12134,2250,05/10/2026 12:51:05
CE,13536,2302701,CAMPOS SALES,"100,00",20555,16478,15769,189,520,12519,2654,596,05/10/2026 12:51:05
CE,13552,2302800,CANINDÉ,"100,00",60219,49860,47726,625,1509,34478,11278,1970,05/10/2026 12:51:05
CE,13579,2302909,CAPISTRANO,"100,00",16205,13732,13203,208,321,9626,3111,466,05/10/2026 12:51:05
CE,13595,2303006,CARIDADE,"100,00",17474,14673,13984,219,470,9972,3364,648,05/10/2026 12:51:05
CE,13633,2303204,CARIRIAÇU,"100,00",24954,20642,19728,218,696,14590,4254,884,05/10/2026 12:51:05
CE,13617,2303105,CARIRÉ,"100,00",15391,12458,11680,260,518,8007,3225,448,05/10/2026 12:51:05
CE,13650,2303303,CARIÚS,"100,00",15846,13118,12501,191,426,9699,2359,443,05/10/2026 12:51:05
CE,13676,2303402,CARNAUBAL,"100,00",14575,11540,10678,185,677,6757,3375,546,05/10/2026 12:51:05
CE,13692,2303501,CASCAVEL,"100,00",60466,51335,48388,1080,1867,29406,16340,2642,05/10/2026 12:51:05
CE,13714,2303600,CATARINA,"100,00",9892,7376,7061,80,235,5288,1492,281,05/10/2026 12:51:05
CE,13447,2303659,CATUNDA,"100,00",9313,7671,7407,101,163,5840,1372,195,05/10/2026 12:51:05
CE,13730,2303709,CAUCAIA,"100,00",249622,215416,203857,4150,7409,114126,76282,13449,05/10/2026 12:51:05
CE,13757,2303808,CEDRO,"100,00",20348,16419,15588,233,598,11931,3046,611,05/10/2026 12:51:05
CE,13773,2303907,CHAVAL,"100,00",10966,8617,8171,158,288,6298,1561,312,05/10/2026 12:51:05
CE,13161,2303956,CHOROZINHO,"100,00",18301,15790,14898,323,569,10147,4194,557,05/10/2026 12:51:05
CE,13463,2303931,CHORÓ,"100,00",11642,9500,9137,96,267,6995,1858,284,05/10/2026 12:51:05
CE,13811,2304004,COREAÚ,"100,00",19700,16269,15339,325,605,10639,4123,577,05/10/2026 12:51:05
CE,13838,2304103,CRATEÚS,"100,00",60099,50292,47711,621,1960,33967,12345,1399,05/10/2026 12:51:05
CE,13854,2304202,CRATO,"100,00",95932,82696,79347,1095,2254,61083,14782,3482,05/10/2026 12:51:05
CE,15881,2304236,CROATÁ,"100,00",15338,12010,11243,257,510,7967,2654,622,05/10/2026 12:51:05
CE,15890,2304251,CRUZ,"100,00",23786,19574,18422,362,790,10525,6951,946,05/10/2026 12:51:05
CE,15989,2304269,DEPUTADO IRAPUAN PINHEIRO,"100,00",7474,6265,5931,116,218,4534,1086,311,05/10/2026 12:51:05
CE,13200,2304277,ERERÉ,"100,00",5605,4578,4389,46,143,3476,746,167,05/10/2026 12:51:05
CE,13226,2304285,EUSÉBIO,"100,00",59877,50473,48099,988,1386,22791,21798,3510,05/10/2026 12:51:05
CE,13870,2304301,FARIAS BRITO,"100,00",17579,14784,14054,217,513,11341,2198,515,05/10/2026 12:51:05
CE,15911,2304350,FORQUILHA,"100,00",19740,17017,15877,484,656,9481,5378,1018,05/10/2026 12:51:05
CE,13897,2304400,FORTALEZA,"100,00",1795713,1561854,1490374,26884,44596,797002,586251,107121,05/10/2026 12:51:05
CE,13501,2304459,FORTIM,"100,00",17196,14673,14032,232,409,8552,4725,755,05/10/2026 12:51:05
CE,13919,2304509,FRECHEIRINHA,"100,00",13849,11671,10924,227,520,6692,3748,484,05/10/2026 12:51:05
CE,13935,2304608,GENERAL SAMPAIO,"100,00",8274,6711,6494,77,140,4759,1488,247,05/10/2026 12:51:05
CE,13951,2304707,GRANJA,"100,00",44060,35395,33051,763,1581,26283,5594,1174,05/10/2026 12:51:05
CE,13978,2304806,GRANJEIRO,"100,00",6328,5138,4983,54,101,4014,798,171,05/10/2026 12:51:05
CE,13064,2304657,GRAÇA,"100,00",12854,10508,9939,161,408,7532,1913,494,05/10/2026 12:51:05
CE,13994,2304905,GROAÍRAS,"100,00",9842,8012,7408,273,331,4258,2725,425,05/10/2026 12:51:05
CE,13242,2304954,GUAIÚBA,"100,00",20884,18125,17297,278,550,12008,4665,624,05/10/2026 12:51:05
CE,14010,2305001,GUARACIABA DO NORTE,"100,00",34685,27639,25949,520,1170,16748,7903,1298,05/10/2026 12:51:05
CE,14036,2305100,GUARAMIRANGA,"100,00",6646,5447,5158,98,191,3543,1378,237,05/10/2026 12:51:05
CE,14052,2305209,HIDROLÂNDIA,"100,00",16000,13384,12852,120,412,9004,3339,509,05/10/2026 12:51:05
CE,13188,2305233,HORIZONTE,"100,00",62776,53588,50478,1293,1817,29252,17836,3390,05/10/2026 12:51:05
CE,14060,2305266,IBARETAMA,"100,00",13532,11466,11009,124,333,8395,2252,362,05/10/2026 12:51:05
CE,14079,2305308,IBIAPINA,"100,00",20158,16131,15044,340,747,9010,5084,950,05/10/2026 12:51:05
CE,15920,2305332,IBICUITINGA,"100,00",12514,10752,10282,213,257,6902,2982,398,05/10/2026 12:51:05
CE,15938,2305357,ICAPUÍ,"100,00",17718,15089,14403,292,394,8929,4848,626,05/10/2026 12:51:05
CE,14095,2305407,ICÓ,"100,00",51307,40930,39064,551,1315,28786,8660,1618,05/10/2026 12:51:05
CE,14117,2305506,IGUATU,"100,00",71278,60716,58085,881,1750,44295,11296,2494,05/10/2026 12:51:05
CE,14133,2305605,INDEPENDÊNCIA,"100,00",21208,17635,16903,188,544,11873,4523,507,05/10/2026 12:51:05
CE,13340,2305654,IPAPORANGA,"100,00",10349,8297,7874,122,301,5753,1872,249,05/10/2026 12:51:05
CE,14150,2305704,IPAUMIRIM,"100,00",9459,7936,7552,111,273,5919,1334,299,05/10/2026 12:51:05
CE,14176,2305803,IPU,"100,00",33130,28035,26617,371,1047,18920,6549,1148,05/10/2026 12:51:05
CE,14192,2305902,IPUEIRAS,"100,00",30943,24196,22754,421,1021,15705,6104,945,05/10/2026 12:51:05
CE,14214,2306009,IRACEMA,"100,00",12096,9602,9259,90,253,6861,2084,314,05/10/2026 12:51:05
CE,14230,2306108,IRAUÇUBA,"100,00",19467,16473,15746,205,522,11742,3431,573,05/10/2026 12:51:05
CE,13480,2306256,ITAITINGA,"100,00",38235,33195,31442,640,1113,17681,11752,2009,05/10/2026 12:51:05
CE,14257,2306207,ITAIÇABA,"100,00",7213,6201,5935,111,155,3735,1889,311,05/10/2026 12:51:05
CE,14273,2306306,ITAPAJÉ,"100,00",39662,33605,32041,529,1035,19007,11791,1243,05/10/2026 12:51:05
CE,14290,2306405,ITAPIPOCA,"100,00",103228,89243,85581,1253,2409,60812,21251,3518,05/10/2026 12:51:05
CE,14311,2306504,ITAPIÚNA,"100,00",16385,13565,12871,233,461,8761,3651,459,05/10/2026 12:51:05
CE,15954,2306553,ITAREMA,"100,00",34502,28056,26628,444,984,15771,9901,956,05/10/2026 12:51:05
CE,14338,2306603,ITATIRA,"100,00",19602,15051,14376,196,479,10661,3158,557,05/10/2026 12:51:05
CE,14354,2306702,JAGUARETAMA,"100,00",15538,12930,12360,188,382,9178,2635,547,05/10/2026 12:51:05
CE,14370,2306801,JAGUARIBARA,"100,00",8993,7778,7475,88,215,5608,1602,265,05/10/2026 12:51:05
CE,14397,2306900,JAGUARIBE,"100,00",29394,23760,22791,301,668,16798,4905,1088,05/10/2026 12:51:05
CE,14419,2307007,JAGUARUANA,"100,00",28915,24499,22720,934,845,14451,7319,950,05/10/2026 12:51:05
CE,14435,2307106,JARDIM,"100,00",22592,17681,16674,271,736,12667,3321,686,05/10/2026 12:51:05
CE,14451,2307205,JATI,"100,00",7093,5664,5345,88,231,4270,912,163,05/10/2026 12:51:05
CE,13005,2307254,JIJOCA DE JERICOACOARA,"100,00",21575,17528,16722,255,551,9363,6378,981,05/10/2026 12:51:05
CE,14478,2307304,JUAZEIRO DO NORTE,"100,00",200346,168920,161821,2558,4541,108543,42438,10840,05/10/2026 12:51:05
CE,14494,2307403,JUCÁS,"100,00",20189,15966,15020,302,644,10723,3580,717,05/10/2026 12:51:05
CE,14516,2307502,LAVRAS DA MANGABEIRA,"100,00",24134,19424,18485,243,696,14299,3553,633,05/10/2026 12:51:05
CE,14532,2307601,LIMOEIRO DO NORTE,"100,00",46944,40008,38148,732,1128,26541,9496,2111,05/10/2026 12:51:05
CE,13021,2307635,MADALENA,"100,00",14764,12164,11661,176,327,8623,2482,556,05/10/2026 12:51:05
CE,15857,2307650,MARACANAÚ,"100,00",179488,157250,149704,2927,4619,81340,58590,9774,05/10/2026 12:51:05
CE,14559,2307700,MARANGUAPE,"100,00",83544,72834,69437,1256,2141,41673,24200,3564,05/10/2026 12:51:05
CE,14575,2307809,MARCO,"100,00",23434,19885,18710,465,710,9649,8386,675,05/10/2026 12:51:05
CE,14591,2307908,MARTINÓPOLE,"100,00",10730,9109,8687,129,293,6561,1777,349,05/10/2026 12:51:05
CE,14613,2308005,MASSAPÊ,"100,00",31825,27549,25832,770,947,16904,7777,1151,05/10/2026 12:51:05
CE,14630,2308104,MAURITI,"100,00",36552,30378,28940,354,1084,20987,7084,869,05/10/2026 12:51:05
CE,14656,2308203,MERUOCA,"100,00",13277,11288,10530,341,417,7134,2771,625,05/10/2026 12:51:05
CE,14672,2308302,MILAGRES,"100,00",22637,18407,17559,228,620,14430,2441,688,05/10/2026 12:51:05
CE,15970,2308351,MILHÃ,"100,00",11291,9457,9118,99,240,6941,1816,361,05/10/2026 12:51:05
CE,14680,2308377,MIRAÍMA,"100,00",12141,10094,9736,104,254,7603,1798,335,05/10/2026 12:51:05
CE,14699,2308401,MISSÃO VELHA,"100,00",30981,24807,23585,306,916,18420,4370,795,05/10/2026 12:51:05
CE,14710,2308500,MOMBAÇA,"100,00",32520,25596,24198,311,1087,18333,5065,800,05/10/2026 12:51:05
CE,14737,2308609,MONSENHOR TABOSA,"100,00",14947,11972,11332,200,440,8152,2823,357,05/10/2026 12:51:05
CE,14753,2308708,MORADA NOVA,"100,00",56913,47599,44772,999,1828,27829,14382,2561,05/10/2026 12:51:05
CE,14770,2308807,MORAÚJO,"100,00",8262,6725,6384,146,195,4443,1694,247,05/10/2026 12:51:05
CE,14796,2308906,MORRINHOS,"100,00",19053,16039,15248,322,469,7275,7387,586,05/10/2026 12:51:05
CE,14818,2309003,MUCAMBO,"100,00",12736,10046,9335,224,487,6515,2286,534,05/10/2026 12:51:05
CE,14834,2309102,MULUNGU,"100,00",9751,8091,7721,108,262,5380,2121,220,05/10/2026 12:51:05
CE,14850,2309201,NOVA OLINDA,"100,00",12790,10649,10215,134,300,7654,2176,385,05/10/2026 12:51:05
CE,14877,2309300,NOVA RUSSAS,"100,00",24866,20194,19101,365,728,12738,5557,806,05/10/2026 12:51:05
CE,14893,2309409,NOVO ORIENTE,"100,00",23218,17942,16886,317,739,12598,3784,504,05/10/2026 12:51:05
CE,13307,2309458,OCARA,"100,00",25191,22258,21417,335,506,14664,5798,955,05/10/2026 12:51:05
CE,14915,2309508,ORÓS,"100,00",17682,14173,13568,161,444,9994,3029,545,05/10/2026 12:51:05
CE,14931,2309607,PACAJUS,"100,00",54458,47610,44943,1048,1619,25412,16650,2881,05/10/2026 12:51:05
CE,14958,2309706,PACATUBA,"100,00",57825,49596,47197,850,1549,26240,18124,2833,05/10/2026 12:51:05
CE,14974,2309805,PACOTI,"100,00",10776,9015,8498,151,366,6128,2030,340,05/10/2026 12:51:05
CE,14990,2309904,PACUJÁ,"100,00",6659,5366,5091,74,201,3766,1011,314,05/10/2026 12:51:05
CE,15016,2310001,PALHANO,"100,00",9841,8364,8005,116,243,4690,2924,391,05/10/2026 12:51:05
CE,15032,2310100,PALMÁCIA,"100,00",9908,8345,7892,129,324,5319,2262,311,05/10/2026 12:51:05
CE,15059,2310209,PARACURU,"100,00",33717,28122,26629,512,981,16637,8698,1294,05/10/2026 12:51:05
CE,15997,2310258,PARAIPABA,"100,00",27584,23568,22510,347,711,12809,8620,1081,05/10/2026 12:51:05
CE,15075,2310308,PARAMBU,"100,00",27269,20676,19334,391,951,12368,6286,680,05/10/2026 12:51:05
CE,15091,2310407,PARAMOTI,"100,00",10188,8607,8224,100,283,6004,1926,294,05/10/2026 12:51:05
CE,15113,2310506,PEDRA BRANCA,"100,00",34612,26952,25523,356,1073,20314,4261,948,05/10/2026 12:51:05
CE,15130,2310605,PENAFORTE,"100,00",8694,7299,6908,125,266,5295,1332,281,05/10/2026 12:51:05
CE,15156,2310704,PENTECOSTE,"100,00",32386,27189,26241,336,612,18206,6983,1052,05/10/2026 12:51:05
CE,15172,2310803,PEREIRO,"100,00",14487,11647,11059,171,417,8549,2014,496,05/10/2026 12:51:05
CE,13285,2310852,PINDORETAMA,"100,00",21261,18098,17248,245,605,11798,4701,749,05/10/2026 12:51:05
CE,15199,2310902,PIQUET CARNEIRO,"100,00",12098,9874,9392,150,332,6979,2145,268,05/10/2026 12:51:05
CE,13048,2310951,PIRES FERREIRA,"100,00",8610,7479,7180,75,224,5117,1705,358,05/10/2026 12:51:05
CE,15210,2311009,PORANGA,"100,00",10071,8115,7749,61,305,6142,1375,232,05/10/2026 12:51:05
CE,15237,2311108,PORTEIRAS,"100,00",14641,11825,11321,125,379,9360,1695,266,05/10/2026 12:51:05
CE,15253,2311207,POTENGI,"100,00",8102,6816,6501,91,224,5486,846,169,05/10/2026 12:51:05
CE,13269,2311231,POTIRETAMA,"100,00",5834,5091,4959,48,84,3617,1173,169,05/10/2026 12:51:05
CE,13102,2311264,QUITERIANÓPOLIS,"100,00",16987,13793,13034,183,576,9882,2581,571,05/10/2026 12:51:05
CE,15270,2311306,QUIXADÁ,"100,00",61599,52092,49451,975,1666,29771,17682,1998,05/10/2026 12:51:05
CE,98531,2311355,QUIXELÔ,"100,00",14956,12879,12282,181,416,9804,2124,354,05/10/2026 12:51:05
CE,15296,2311405,QUIXERAMOBIM,"100,00",60112,50237,48438,665,1134,35579,10848,2011,05/10/2026 12:51:05
CE,15318,2311504,QUIXERÉ,"100,00",18875,15919,15026,303,590,10153,3863,1010,05/10/2026 12:51:05
CE,15334,2311603,REDENÇÃO,"100,00",24248,20226,19075,442,709,12747,5528,800,05/10/2026 12:51:05
CE,15350,2311702,RERIUTABA,"100,00",15853,13312,12694,216,402,9501,2552,641,05/10/2026 12:51:05
CE,15377,2311801,RUSSAS,"100,00",58537,49670,47313,866,1491,30006,14414,2893,05/10/2026 12:51:05
CE,15393,2311900,SABOEIRO,"100,00",12621,10186,9718,118,350,7532,1884,302,05/10/2026 12:51:05
CE,15440,2311959,SALITRE,"100,00",14839,12264,11792,125,347,8457,3054,281,05/10/2026 12:51:05
CE,15458,2312205,SANTA QUITÉRIA,"100,00",33618,28000,26599,530,871,19711,5499,1389,05/10/2026 12:51:05
CE,15415,2312007,SANTANA DO ACARAÚ,"100,00",25778,21922,20884,437,601,15321,4717,846,05/10/2026 12:51:05
CE,15431,2312106,SANTANA DO CARIRI,"100,00",13899,11480,11017,105,358,9167,1495,355,05/10/2026 12:51:05
CE,15555,2312700,SENADOR POMPEU,"100,00",20302,17015,16081,240,694,10688,4812,581,05/10/2026 12:51:05
CE,15571,2312809,SENADOR SÁ,"100,00",7038,6080,5789,77,214,3995,1468,326,05/10/2026 12:51:05
CE,15598,2312908,SOBRAL,"100,00",153073,129694,120038,4591,5065,71616,40500,7922,05/10/2026 12:51:05
CE,15610,2313005,SOLONÓPOLE,"100,00",14292,11740,11330,121,289,8309,2426,595,05/10/2026 12:51:05
CE,15474,2312304,SÃO BENEDITO,"100,00",37548,30318,27953,913,1452,17707,8885,1361,05/10/2026 12:51:05
CE,15490,2312403,SÃO GONÇALO DO AMARANTE,"100,00",51355,43005,40721,851,1433,23120,15175,2426,05/10/2026 12:51:05
CE,15512,2312502,SÃO JOÃO DO JAGUARIBE,"100,00",5965,4797,4521,113,163,3586,748,187,05/10/2026 12:51:05
CE,15539,2312601,SÃO LUÍS DO CURU,"100,00",12630,10428,9915,179,334,6697,2838,380,05/10/2026 12:51:05
CE,15636,2313104,TABULEIRO DO NORTE,"100,00",26004,21225,20297,365,563,15386,4033,878,05/10/2026 12:51:05
CE,15652,2313203,TAMBORIL,"100,00",21345,17262,16331,238,693,12211,3651,469,05/10/2026 12:51:05
CE,13366,2313252,TARRAFAS,"100,00",7393,5834,5509,112,213,4471,835,203,05/10/2026 12:51:05
CE,15679,2313302,TAUÁ,"100,00",47270,38004,35882,614,1508,23351,11128,1403,05/10/2026 12:51:05
CE,13323,2313351,TEJUÇUOCA,"100,00",15973,13565,12949,182,434,9096,3289,564,05/10/2026 12:51:05
CE,15695,2313401,TIANGUÁ,"100,00",59588,51057,47438,1382,2237,25577,19329,2532,05/10/2026 12:51:05
CE,15717,2313500,TRAIRI,"100,00",49869,42316,40340,649,1327,26868,11756,1716,05/10/2026 12:51:05
CE,13080,2313559,TURURU,"100,00",15653,13458,12815,206,437,8801,3534,480,05/10/2026 12:51:05
CE,15733,2313609,UBAJARA,"100,00",27963,23327,21778,550,999,13622,7179,977,05/10/2026 12:51:05
CE,15750,2313708,UMARI,"100,00",6522,5372,5164,44,164,3891,1114,159,05/10/2026 12:51:05
CE,98558,2313757,UMIRIM,"100,00",16067,13194,12618,184,392,8829,3337,452,05/10/2026 12:51:05
CE,15776,2313807,URUBURETAMA,"100,00",18709,15595,14830,266,499,10246,4048,536,05/10/2026 12:51:05
CE,15792,2313906,URUOCA,"100,00",11317,9416,8985,124,307,6441,2256,288,05/10/2026 12:51:05
CE,98574,2313955,VARJOTA,"100,00",15992,13452,12706,249,497,7596,4355,755,05/10/2026 12:51:05
CE,15830,2314102,VIÇOSA DO CEARÁ,"100,00",48288,39672,37150,864,1658,25776,9981,1393,05/10/2026 12:51:05
CE,15814,2314003,VÁRZEA ALEGRE,"100,00",32554,26667,25299,415,953,18931,5341,1027,05/10/2026 12:51:05
DF,97012,5300108,BRASÍLIA,"100,00",2258320,1831396,1772808,25362,33226,675627,909616,187565,05/10/2026 12:51:05
ES,56014,3200102,AFONSO CLÁUDIO,"100,00",26254,19358,18472,343,543,6192,10999,1281,05/10/2026 12:51:05
ES,56030,3200201,ALEGRE,"100,00",23554,17940,17078,293,569,7395,8645,1038,05/10/2026 12:51:05
ES,56057,3200300,ALFREDO CHAVES,"100,00",12984,10050,9603,186,261,2428,6510,665,05/10/2026 12:51:05
ES,56065,3200359,ALTO RIO NOVO,"100,00",6545,5055,4821,96,138,2489,2039,293,05/10/2026 12:51:05
ES,56073,3200409,ANCHIETA,"100,00",24797,20320,19472,351,497,7084,11105,1283,05/10/2026 12:51:05
ES,56090,3200508,APIACÁ,"100,00",6320,4906,4686,72,148,2122,2315,249,05/10/2026 12:51:05
ES,56111,3200607,ARACRUZ,"100,00",75118,57900,55209,1135,1556,20915,30223,4071,05/10/2026 12:51:05
ES,56138,3200706,ATÍLIO VIVÁCQUA,"100,00",9255,7559,7313,100,146,2859,4111,343,05/10/2026 12:51:05
ES,56154,3200805,BAIXO GUANDU,"100,00",24892,19243,18410,336,497,6841,10475,1094,05/10/2026 12:51:05
ES,56170,3200904,BARRA DE SÃO FRANCISCO,"100,00",34548,25607,24626,356,625,10054,13193,1379,05/10/2026 12:51:05
ES,56197,3201001,BOA ESPERANÇA,"100,00",11266,8994,8621,113,260,4123,4047,451,05/10/2026 12:51:05
ES,56219,3201100,BOM JESUS DO NORTE,"100,00",8487,6731,6388,99,244,2703,3286,399,05/10/2026 12:51:05
ES,56146,3201159,BREJETUBA,"100,00",10987,8056,7705,120,231,2919,4344,442,05/10/2026 12:51:05
ES,56235,3201209,CACHOEIRO DE ITAPEMIRIM,"100,00",134177,109971,105465,2218,2288,28830,69303,7332,05/10/2026 12:51:05
ES,56251,3201308,CARIACICA,"100,00",274339,213804,204448,4511,4845,81394,106008,17046,05/10/2026 12:51:05
ES,56278,3201407,CASTELO,"100,00",30033,23863,22879,407,577,5019,16359,1501,05/10/2026 12:51:05
ES,56294,3201506,COLATINA,"100,00",87109,71035,68118,1287,1630,20830,41676,5612,05/10/2026 12:51:05
ES,56316,3201605,CONCEIÇÃO DA BARRA,"100,00",25964,18471,17533,302,636,10532,6160,841,05/10/2026 12:51:05
ES,56332,3201704,CONCEIÇÃO DO CASTELO,"100,00",9986,7743,7261,187,295,1857,4899,505,05/10/2026 12:51:05
ES,56359,3201803,DIVINO DE SÃO LOURENÇO,"100,00",4889,3960,3768,60,132,1358,2246,164,05/10/2026 12:51:05
ES,56375,3201902,DOMINGOS MARTINS,"100,00",29145,23671,22567,510,594,5442,15389,1736,05/10/2026 12:51:05
ES,56391,3202009,DORES DO RIO PRETO,"100,00",6285,4953,4684,75,194,1771,2630,283,05/10/2026 12:51:05
ES,56413,3202108,ECOPORANGA,"100,00",19065,14249,13731,192,326,7063,5927,741,05/10/2026 12:51:05
ES,56430,3202207,FUNDÃO,"100,00",14736,11542,11025,196,321,4938,5417,670,05/10/2026 12:51:05
ES,56308,3202256,GOVERNADOR LINDENBERG,"100,00",9107,7005,6695,114,196,2763,3438,494,05/10/2026 12:51:05
ES,56472,3202405,GUARAPARI,"100,00",101964,77508,73959,1526,2023,23362,44951,5646,05/10/2026 12:51:05
ES,56456,3202306,GUAÇUÍ,"100,00",22346,16843,16038,315,490,6083,8905,1050,05/10/2026 12:51:05
ES,57096,3202454,IBATIBA,"100,00",19598,15766,15002,259,505,4166,9995,841,05/10/2026 12:51:05
ES,56499,3202504,IBIRAÇU,"100,00",9933,7627,7247,148,232,2695,4043,509,05/10/2026 12:51:05
ES,56502,3202553,IBITIRAMA,"100,00",7471,6145,5857,97,191,1829,3733,295,05/10/2026 12:51:05
ES,56510,3202603,ICONHA,"100,00",11401,9176,8732,184,260,2638,5485,609,05/10/2026 12:51:05
ES,56049,3202652,IRUPI,"100,00",11392,8659,8219,167,273,2128,5719,372,05/10/2026 12:51:05
ES,56537,3202702,ITAGUAÇU,"100,00",11742,8774,8399,154,221,3242,4628,529,05/10/2026 12:51:05
ES,56553,3202801,ITAPEMIRIM,"100,00",36630,29271,28273,390,608,8314,18531,1428,05/10/2026 12:51:05
ES,56570,3202900,ITARANA,"100,00",9584,7362,7008,109,245,1999,4502,507,05/10/2026 12:51:05
ES,56596,3203007,IÚNA,"100,00",21285,16206,15478,291,437,4361,10234,883,05/10/2026 12:51:05
ES,57134,3203056,JAGUARÉ,"100,00",24297,19037,18269,355,413,9787,7603,879,05/10/2026 12:51:05
ES,56618,3203106,JERÔNIMO MONTEIRO,"100,00",10071,7877,7447,140,290,3034,3838,575,05/10/2026 12:51:05
ES,56626,3203130,JOÃO NEIVA,"100,00",12793,10056,9582,177,297,3454,5474,654,05/10/2026 12:51:05
ES,57916,3203163,LARANJA DA TERRA,"100,00",9495,7904,7547,134,223,2372,4748,427,05/10/2026 12:51:05
ES,56634,3203205,LINHARES,"100,00",122598,93119,87971,2221,2927,30016,52025,5930,05/10/2026 12:51:05
ES,56650,3203304,MANTENÓPOLIS,"100,00",10402,7733,7410,116,207,2994,4072,344,05/10/2026 12:51:05
ES,56120,3203320,MARATAÍZES,"100,00",33342,27300,26350,395,555,7868,17081,1401,05/10/2026 12:51:05
ES,56103,3203346,MARECHAL FLORIANO,"100,00",14378,11387,10818,264,305,3207,6720,891,05/10/2026 12:51:05
ES,57070,3203353,MARILÂNDIA,"100,00",10864,8906,8478,169,259,2666,5309,503,05/10/2026 12:51:05
ES,56677,3203403,MIMOSO DO SUL,"100,00",19748,15702,14756,346,600,6736,7119,901,05/10/2026 12:51:05
ES,56693,3203502,MONTANHA,"100,00",15424,11634,11112,171,351,5650,4965,497,05/10/2026 12:51:05
ES,56715,3203601,MUCURICI,"100,00",5141,4033,3867,46,120,2237,1450,180,05/10/2026 12:51:05
ES,56731,3203700,MUNIZ FREIRE,"100,00",14757,11402,10807,242,353,4172,5925,710,05/10/2026 12:51:05
ES,56758,3203809,MUQUI,"100,00",11078,8912,8486,168,258,3552,4377,557,05/10/2026 12:51:05
ES,56774,3203908,NOVA VENÉCIA,"100,00",41191,31567,30349,551,667,12907,15483,1959,05/10/2026 12:51:05
ES,56790,3204005,PANCAS,"100,00",15876,11563,11123,157,283,4617,5953,553,05/10/2026 12:51:05
ES,57150,3204054,PEDRO CANÁRIO,"100,00",18937,13508,12897,197,414,7033,5187,677,05/10/2026 12:51:05
ES,56812,3204104,PINHEIROS,"100,00",18818,14638,14104,201,333,7910,5400,794,05/10/2026 12:51:05
ES,56839,3204203,PIÚMA,"100,00",17326,14061,13446,223,392,4820,7769,857,05/10/2026 12:51:05
ES,56200,3204252,PONTO BELO,"100,00",6490,4985,4776,53,156,2777,1791,208,05/10/2026 12:51:05
ES,56855,3204302,PRESIDENTE KENNEDY,"100,00",13256,10449,10041,152,256,3170,6428,443,05/10/2026 12:51:05
ES,57118,3204351,RIO BANANAL,"100,00",15535,11994,11444,250,300,4332,6438,674,05/10/2026 12:51:05
ES,56871,3204401,RIO NOVO DO SUL,"100,00",8808,7274,6965,157,152,1727,4864,374,05/10/2026 12:51:05
ES,56898,3204500,SANTA LEOPOLDINA,"100,00",10108,7992,7593,173,226,3146,3859,588,05/10/2026 12:51:05
ES,57932,3204559,SANTA MARIA DE JETIBÁ,"100,00",31314,25523,24483,497,543,5506,17156,1821,05/10/2026 12:51:05
ES,56910,3204609,SANTA TERESA,"100,00",20737,15389,14629,302,458,4255,9197,1177,05/10/2026 12:51:05
ES,56995,3205002,SERRA,"100,00",361737,281829,268840,5585,7404,113186,132177,23477,05/10/2026 12:51:05
ES,56189,3205010,SOORETAMA,"100,00",20980,15359,14592,317,450,6248,7438,906,05/10/2026 12:51:05
ES,56006,3204658,SÃO DOMINGOS DO NORTE,"100,00",8443,6738,6498,87,153,2860,3271,367,05/10/2026 12:51:05
ES,56936,3204708,SÃO GABRIEL DA PALHA,"100,00",26249,20668,19855,360,453,7347,11256,1252,05/10/2026 12:51:05
ES,56952,3204807,SÃO JOSÉ DO CALÇADO,"100,00",9759,7649,7223,124,302,3568,3292,363,05/10/2026 12:51:05
ES,56979,3204906,SÃO MATEUS,"100,00",92268,70059,67110,1214,1735,32351,30661,4098,05/10/2026 12:51:05
ES,56162,3204955,SÃO ROQUE DO CANAÃ,"100,00",9890,7809,7357,197,255,2523,4394,440,05/10/2026 12:51:05
ES,57959,3205036,VARGEM ALTA,"100,00",16002,12821,12328,206,287,3249,8436,643,05/10/2026 12:51:05
ES,57975,3205069,VENDA NOVA DO IMIGRANTE,"100,00",20198,15486,14743,349,394,3095,10649,999,05/10/2026 12:51:05
ES,57010,3205101,VIANA,"100,00",54374,43912,42055,853,1004,16824,21924,3307,05/10/2026 12:51:05
ES,56081,3205150,VILA PAVÃO,"100,00",7761,6574,6340,94,140,2976,2975,389,05/10/2026 12:51:05
ES,56227,3205176,VILA VALÉRIO,"100,00",12919,10536,10138,143,255,4691,4812,635,05/10/2026 12:51:05
ES,57037,3205200,VILA VELHA,"100,00",347987,281119,270064,4988,6067,95998,149819,24247,05/10/2026 12:51:05
ES,57053,3205309,VITÓRIA,"100,00",267102,216724,209276,3317,4131,87021,103461,18794,05/10/2026 12:51:05
ES,56022,3200169,ÁGUA DOCE DO NORTE,"100,00",11111,8575,8169,133,273,3930,3834,405,05/10/2026 12:51:05
ES,57991,3200136,ÁGUIA BRANCA,"100,00",8898,7156,6950,88,118,3478,3094,378,05/10/2026 12:51:05
ZZ,29254,,ABIDJÃ,"100,00",91,44,44,0,0,24,13,7,05/10/2026 12:51:05
ZZ,29262,,ABU DHABI,"100,00",2988,1396,1355,13,28,512,659,184,05/10/2026 12:51:05
ZZ,99198,,ABUJA,"100,00",3,0,0,0,0,0,0,0, 
ZZ,29270,,ACCRA,"100,00",43,13,13,0,0,8,2,3,05/10/2026 12:51:05
ZZ,99325,,ADIS ABEBA,"100,00",3,0,0,0,0,0,0,0, 
ZZ,30457,,AMSTERDÃ,"100,00",12752,6450,6274,93,83,4624,1081,569,05/10/2026 12:51:05
ZZ,29289,,AMÃ,"100,00",1489,833,783,19,31,675,59,49,05/10/2026 12:51:05
ZZ,29297,,ANCARA,"100,00",77,37,37,0,0,24,7,6,05/10/2026 12:51:05
ZZ,29300,,ARGEL,"100,00",48,31,31,0,0,27,3,1,05/10/2026 12:51:05
ZZ,29319,,ARTIGAS,"100,00",611,385,367,8,10,104,227,36,05/10/2026 12:51:05
ZZ,29327,,ASSUNÇÃO,"100,00",2205,1151,1061,59,31,250,740,71,05/10/2026 12:51:05
ZZ,39241,,ASTANA,"100,00",13,0,0,0,0,0,0,0, 
ZZ,29335,,ATENAS,"100,00",1211,508,494,8,6,196,230,68,05/10/2026 12:51:05
ZZ,39080,,ATLANTA,"100,00",16301,5022,4903,57,62,1221,3276,406,05/10/2026 12:51:05
ZZ,99171,,BAGDÁ,"100,00",10,0,0,0,0,0,0,0, 
ZZ,39128,,BAKU,"100,00",5,0,0,0,0,0,0,0, 
ZZ,99350,,BAMAKO,"100,00",5,0,0,0,0,0,0,0, 
ZZ,29343,,BANGKOK,"100,00",310,102,99,3,0,40,51,8,05/10/2026 12:51:05
ZZ,29351,,BARCELONA,"100,00",17254,5185,5043,75,67,3692,995,356,05/10/2026 12:51:05
ZZ,99473,,BAREIN,"100,00",69,49,47,0,2,17,27,3,05/10/2026 12:51:05
ZZ,29360,,BEIRUTE,"100,00",8919,4097,3883,91,123,2538,1138,207,05/10/2026 12:51:05
ZZ,29378,,BELGRADO,"100,00",115,48,48,0,0,30,13,5,05/10/2026 12:51:05
ZZ,38881,,BELMOPAN,"100,00",13,0,0,0,0,0,0,0, 
ZZ,29386,,BERLIM,"100,00",15066,8204,8019,68,117,6504,925,590,05/10/2026 12:51:05
ZZ,29394,,BISSAU,"100,00",88,37,37,0,0,17,17,3,05/10/2026 12:51:05
ZZ,29408,,BOGOTÁ,"100,00",1499,556,527,23,6,245,252,30,05/10/2026 12:51:05
ZZ,29416,,BOSTON,"100,00",53358,16390,16092,175,123,3919,11228,945,05/10/2026 12:51:05
ZZ,39209,,BRATISLAVA,"100,00",129,61,58,2,1,35,13,10,05/10/2026 12:51:05
ZZ,39187,,BRAZZAVILLE,"100,00",2,0,0,0,0,0,0,0, 
ZZ,29424,,BRIDGETOWN,"100,00",22,0,0,0,0,0,0,0, 
ZZ,29432,,BRUXELAS,"100,00",10073,5091,4975,63,53,2516,1959,500,05/10/2026 12:51:05
ZZ,29440,,BUCARESTE,"100,00",130,62,62,0,0,31,22,9,05/10/2026 12:51:05
ZZ,29459,,BUDAPESTE,"100,00",810,471,464,5,2,331,93,40,05/10/2026 12:51:05
ZZ,29467,,BUENOS AIRES,"100,00",11748,5435,5309,74,52,3507,1449,353,05/10/2026 12:51:05
ZZ,29475,,CAIENA,"100,00",3117,1152,1084,42,26,484,518,82,05/10/2026 12:51:05
ZZ,29483,,CAIRO,"100,00",203,69,64,2,3,46,12,6,05/10/2026 12:51:05
ZZ,29491,,CAMBERRA,"100,00",6243,2705,2593,50,62,1478,805,310,05/10/2026 12:51:05
ZZ,30651,,CANTÃO,"100,00",419,99,92,2,5,48,35,9,05/10/2026 12:51:05
ZZ,29505,,CARACAS,"100,00",994,264,262,2,0,128,125,9,05/10/2026 12:51:05
ZZ,99384,,CASTRIES,"100,00",7,0,0,0,0,0,0,0, 
ZZ,29513,,CHICAGO,"100,00",12452,2779,2694,42,43,1485,953,256,05/10/2026 12:51:05
ZZ,29521,,CHUY,"100,00",27,0,0,0,0,0,0,0, 
ZZ,29530,,CIDADE DO CABO,"100,00",355,170,160,3,7,90,58,12,05/10/2026 12:51:05
ZZ,29556,,CIUDAD DEL ESTE,"100,00",5094,2586,2503,57,26,202,2239,62,05/10/2026 12:51:05
ZZ,29564,,CIUDAD GUAYANA,"100,00",72,0,0,0,0,0,0,0, 
ZZ,99210,,COBIJA,"100,00",1,0,0,0,0,0,0,0, 
ZZ,29572,,COCHABAMBA,"100,00",412,187,185,0,2,57,119,9,05/10/2026 12:51:05
ZZ,30929,,COLOMBO,"100,00",12,0,0,0,0,0,0,0, 
ZZ,38903,,CONACRI,"100,00",5,0,0,0,0,0,0,0, 
ZZ,29580,,CONCEPCIÓN,"100,00",78,36,35,1,0,2,32,1,05/10/2026 12:51:05
ZZ,29599,,COPENHAGUE,"100,00",2856,1522,1476,23,23,1166,195,115,05/10/2026 12:51:05
ZZ,38920,,COTONOU,"100,00",8,0,0,0,0,0,0,0, 
ZZ,29602,,CÓRDOBA,"100,00",918,376,367,5,4,182,159,26,05/10/2026 12:51:05
ZZ,29610,,DACAR,"100,00",132,80,79,1,0,51,24,4,05/10/2026 12:51:05
ZZ,29629,,DACCA,"100,00",1,0,0,0,0,0,0,0, 
ZZ,29637,,DAMASCO,"100,00",775,118,108,1,9,97,7,4,05/10/2026 12:51:05
ZZ,38962,,DAR ES SALAAM,"100,00",34,16,16,0,0,11,5,0,05/10/2026 12:51:05
ZZ,29653,,DOHA,"100,00",758,364,357,4,3,147,173,37,05/10/2026 12:51:05
ZZ,29661,,DUBLIN,"100,00",16720,8417,8299,47,71,6025,1559,715,05/10/2026 12:51:05
ZZ,29645,,DÍLI,"100,00",89,47,46,1,0,16,27,3,05/10/2026 12:51:05
ZZ,99503,,EDIMBURGO,"100,00",4447,694,677,8,9,488,139,50,05/10/2026 12:51:05
ZZ,29670,,ENCARNACIÓN,"100,00",281,149,141,6,2,14,122,5,05/10/2026 12:51:05
ZZ,29688,,ESTOCOLMO,"100,00",4866,2607,2540,31,36,1770,505,265,05/10/2026 12:51:05
ZZ,30961,,FARO,"100,00",8271,2761,2670,50,41,1097,1305,268,05/10/2026 12:51:05
ZZ,29696,,FRANKFURT,"100,00",12961,5619,5495,64,60,3657,1320,518,05/10/2026 12:51:05
ZZ,30669,,GABORONE,"100,00",10,0,0,0,0,0,0,0, 
ZZ,29700,,GENEBRA,"100,00",11883,5237,5063,97,77,2298,2226,539,05/10/2026 12:51:05
ZZ,29718,,GEORGETOWN,"100,00",178,53,53,0,0,7,43,3,05/10/2026 12:51:05
ZZ,98000,,GUATEMALA,"100,00",284,120,118,0,2,33,67,18,05/10/2026 12:51:05
ZZ,29742,,HAMAMATSU,"100,00",13729,6918,6475,271,172,884,4698,893,05/10/2026 12:51:05
ZZ,29750,,HANÓI,"100,00",82,32,29,1,2,13,14,2,05/10/2026 12:51:05
ZZ,29769,,HARARE,"100,00",7,0,0,0,0,0,0,0, 
ZZ,30902,,HARTFORD,"100,00",9181,1951,1895,29,27,557,1207,131,05/10/2026 12:51:05
ZZ,29777,,HAVANA,"100,00",92,40,38,1,1,36,1,1,05/10/2026 12:51:05
ZZ,29785,,HELSINQUE,"100,00",1278,718,693,14,11,475,155,63,05/10/2026 12:51:05
ZZ,29793,,HONG KONG,"100,00",668,264,244,10,10,99,105,40,05/10/2026 12:51:05
ZZ,29807,,HOUSTON,"100,00",16438,4500,4321,89,90,1265,2586,470,05/10/2026 12:51:05
ZZ,29815,,IAUNDÊ,"100,00",14,0,0,0,0,0,0,0, 
ZZ,38989,,IEREVAN,"100,00",13,0,0,0,0,0,0,0, 
ZZ,29823,,IQUITOS,"100,00",17,0,0,0,0,0,0,0, 
ZZ,29831,,ISLAMABADE,"100,00",18,0,0,0,0,0,0,0, 
ZZ,39306,,ISTAMBUL,"100,00",327,129,127,0,2,90,30,7,05/10/2026 12:51:05
ZZ,29840,,JACARTA,"100,00",172,31,31,0,0,8,19,4,05/10/2026 12:51:05
ZZ,29173,,KATMANDU,"100,00",32,13,13,0,0,1,11,1,05/10/2026 12:51:05
ZZ,29858,,KIEV,"100,00",65,23,23,0,0,4,19,0,05/10/2026 12:51:05
ZZ,99430,,KINGSTON-JAMAICA,"100,00",103,19,19,0,0,4,14,1,05/10/2026 12:51:05
ZZ,29874,,KINSHASA,"100,00",27,0,0,0,0,0,0,0, 
ZZ,29882,,KUAITE,"100,00",138,77,73,1,3,54,12,7,05/10/2026 12:51:05
ZZ,29890,,KUALA LUMPUR,"100,00",170,83,82,0,1,44,27,11,05/10/2026 12:51:05
ZZ,29904,,LA PAZ,"100,00",418,251,224,16,11,98,106,20,05/10/2026 12:51:05
ZZ,29912,,LAGOS,"100,00",82,33,32,1,0,26,6,0,05/10/2026 12:51:05
ZZ,29939,,LIBREVILLE,"100,00",18,0,0,0,0,0,0,0, 
ZZ,99341,,LILONGUE,"100,00",6,0,0,0,0,0,0,0, 
ZZ,29947,,LIMA,"100,00",1616,760,730,18,12,248,380,102,05/10/2026 12:51:05
ZZ,29955,,LISBOA,"100,00",78607,28643,27936,387,320,14948,10548,2440,05/10/2026 12:51:05
ZZ,39160,,LIUBLIANA,"100,00",162,103,98,2,3,61,25,12,05/10/2026 12:51:05
ZZ,29963,,LOMÉ,"100,00",7,0,0,0,0,0,0,0, 
ZZ,29971,,LONDRES,"100,00",37448,14797,14472,161,164,8152,5227,1093,05/10/2026 12:51:05
ZZ,29980,,LOS ANGELES,"100,00",18262,4609,4492,58,59,2131,1994,367,05/10/2026 12:51:05
ZZ,29998,,LUANDA,"100,00",716,270,264,2,4,147,101,16,05/10/2026 12:51:05
ZZ,99287,,LUSACA,"100,00",25,0,0,0,0,0,0,0, 
ZZ,30066,,MADRI,"100,00",23464,6833,6554,159,120,3571,2343,640,05/10/2026 12:51:05
ZZ,39263,,MALABO,"100,00",5,0,0,0,0,0,0,0, 
ZZ,30082,,MANILA,"100,00",229,63,62,0,1,26,33,3,05/10/2026 12:51:05
ZZ,30074,,MANÁGUA,"100,00",134,75,69,2,4,33,35,1,05/10/2026 12:51:05
ZZ,30090,,MAPUTO,"100,00",557,228,214,2,12,89,113,12,05/10/2026 12:51:05
ZZ,99511,,MARSELHA,"100,00",2660,875,868,4,3,715,104,49,05/10/2026 12:51:05
ZZ,39102,,MASCATE,"100,00",97,38,36,1,1,12,20,4,05/10/2026 12:51:05
ZZ,39004,,MENDOZA,"100,00",235,116,112,2,2,49,55,8,05/10/2026 12:51:05
ZZ,30104,,MEXICO,"100,00",3958,1315,1285,10,20,585,589,111,05/10/2026 12:51:05
ZZ,30112,,MIAMI,"100,00",40053,12278,12017,122,139,2260,8914,843,05/10/2026 12:51:05
ZZ,30120,,MILÃO,"100,00",24594,7455,7163,157,135,3593,2908,662,05/10/2026 12:51:05
ZZ,30147,,MONTEVIDÉU,"100,00",2448,1343,1263,47,33,686,465,112,05/10/2026 12:51:05
ZZ,30155,,MONTREAL,"100,00",10953,6101,5889,104,108,3823,1456,610,05/10/2026 12:51:05
ZZ,30163,,MOSCOU,"100,00",252,85,81,0,4,49,25,7,05/10/2026 12:51:05
ZZ,30171,,MUMBAI,"100,00",55,11,11,0,0,5,1,5,05/10/2026 12:51:05
ZZ,30180,,MUNIQUE,"100,00",13374,5423,5288,65,70,3364,1287,637,05/10/2026 12:51:05
ZZ,30198,,NAGÓIA,"100,00",44536,16317,15406,528,383,2022,11480,1904,05/10/2026 12:51:05
ZZ,30201,,NAIRÓBI,"100,00",112,47,46,1,0,26,17,3,05/10/2026 12:51:05
ZZ,99180,,NASSAU,"100,00",69,19,19,0,0,6,10,3,05/10/2026 12:51:05
ZZ,39322,,NICOSIA,"100,00",137,58,57,0,1,24,20,13,05/10/2026 12:51:05
ZZ,30210,,NOVA DELHI,"100,00",141,50,50,0,0,24,26,0,05/10/2026 12:51:05
ZZ,30228,,NOVA YORK,"100,00",38953,10134,9891,132,111,4570,4684,637,05/10/2026 12:51:05
ZZ,99490,,ORLANDO,"100,00",26386,8994,8868,60,66,1332,6981,555,05/10/2026 12:51:05
ZZ,30244,,OSLO,"100,00",2185,909,884,9,16,592,198,94,05/10/2026 12:51:05
ZZ,30252,,OTTAWA,"100,00",2357,1434,1361,30,43,794,395,172,05/10/2026 12:51:05
ZZ,30260,,PANAMA,"100,00",1399,677,658,10,9,236,336,86,05/10/2026 12:51:05
ZZ,30279,,PARAMARIBO,"100,00",1430,560,540,12,8,121,366,53,05/10/2026 12:51:05
ZZ,30287,,PARIS,"100,00",26957,10540,10341,115,84,8054,1654,633,05/10/2026 12:51:05
ZZ,30295,,PASO LOS LIBRES,"100,00",41,5,5,0,0,2,3,0,05/10/2026 12:51:05
ZZ,30309,,PEDRO JUAN CABALLERO,"100,00",650,323,295,18,10,59,219,17,05/10/2026 12:51:05
ZZ,30317,,PEQUIM,"100,00",342,136,134,0,2,104,22,8,05/10/2026 12:51:05
ZZ,30325,,PORT OF SPAIN,"100,00",87,19,19,0,0,4,10,5,05/10/2026 12:51:05
ZZ,30341,,PORTO,"100,00",47496,20279,19728,324,227,10356,7559,1813,05/10/2026 12:51:05
ZZ,30333,,PORTO PRÍNCIPE,"100,00",33,5,5,0,0,5,0,0,05/10/2026 12:51:05
ZZ,30350,,PRAGA,"100,00",690,411,397,7,7,279,70,48,05/10/2026 12:51:05
ZZ,30368,,PRAIA,"100,00",146,74,70,3,1,39,20,11,05/10/2026 12:51:05
ZZ,30376,,PRETÓRIA,"100,00",657,265,259,3,3,62,172,25,05/10/2026 12:51:05
ZZ,99155,,PUERTO IGUAZÚ,"100,00",62,22,22,0,0,7,15,0,05/10/2026 12:51:05
ZZ,99236,,PUERTO QUIJARRO,"100,00",8,0,0,0,0,0,0,0, 
ZZ,99295,,PYONGYANG,"100,00",1,0,0,0,0,0,0,0, 
ZZ,30392,,QUITO,"100,00",993,343,328,6,9,130,171,27,05/10/2026 12:51:05
ZZ,30406,,RABAT,"100,00",117,47,42,3,2,30,6,6,05/10/2026 12:51:05
ZZ,30414,,RAMALLAH,"100,00",2135,1202,1157,16,29,1078,46,33,05/10/2026 12:51:05
ZZ,30422,,RIADE,"100,00",311,84,83,0,1,52,22,9,05/10/2026 12:51:05
ZZ,30430,,RIO BRANCO,"100,00",58,23,21,2,0,7,9,5,05/10/2026 12:51:05
ZZ,99244,,RIVERA,"100,00",19,0,0,0,0,0,0,0, 
ZZ,30449,,ROMA,"100,00",14153,4616,4432,82,102,2555,1478,399,05/10/2026 12:51:05
ZZ,99147,,SAINT JOHNS,"100,00",1,0,0,0,0,0,0,0, 
ZZ,30465,,SALTO DEL GUAIRÁ,"100,00",899,537,525,8,4,19,496,10,05/10/2026 12:51:05
ZZ,30473,,SANTA CRUZ DE LA SIERRA,"100,00",2765,1473,1428,21,24,194,1162,72,05/10/2026 12:51:05
ZZ,99279,,SANTA ELENA DE UAIRÉN,"100,00",1,0,0,0,0,0,0,0, 
ZZ,30481,,SANTIAGO,"100,00",3551,2069,1971,44,54,928,809,234,05/10/2026 12:51:05
ZZ,30988,,SARAJEVO,"100,00",11,0,0,0,0,0,0,0, 
ZZ,30538,,SEUL,"100,00",485,226,216,6,4,123,72,21,05/10/2026 12:51:05
ZZ,29548,,SINGAPURA,"100,00",864,364,348,8,8,190,92,66,05/10/2026 12:51:05
ZZ,99333,,ST GEORGES DE LOYAPOCK,"100,00",10,0,0,0,0,0,0,0, 
ZZ,30562,,SYDNEY,"100,00",14031,5694,5536,71,87,3084,1774,678,05/10/2026 12:51:05
ZZ,30490,,SÃO DOMINGOS,"100,00",415,197,188,2,7,65,106,17,05/10/2026 12:51:05
ZZ,30503,,SÃO FRANCISCO,"100,00",15492,3896,3782,59,55,2176,1323,283,05/10/2026 12:51:05
ZZ,30511,,SÃO JOSÉ,"100,00",714,376,370,4,2,173,159,38,05/10/2026 12:51:05
ZZ,30520,,SÃO SALVADOR,"100,00",161,84,77,2,5,23,48,6,05/10/2026 12:51:05
ZZ,39225,,SÃO TOMÉ,"100,00",18,0,0,0,0,0,0,0, 
ZZ,30546,,SÓFIA,"100,00",98,49,47,0,2,34,8,5,05/10/2026 12:51:05
ZZ,30570,,TAIPÉ,"100,00",622,231,218,6,7,77,107,34,05/10/2026 12:51:05
ZZ,99317,,TALIN,"100,00",320,197,190,3,4,142,19,29,05/10/2026 12:51:05
ZZ,99104,,TBILISI,"100,00",29,0,0,0,0,0,0,0, 
ZZ,30597,,TEERÃ,"100,00",45,25,25,0,0,14,11,0,05/10/2026 12:51:05
ZZ,30600,,TEGUCIGALPA,"100,00",152,59,59,0,0,17,34,8,05/10/2026 12:51:05
ZZ,30619,,TEL AVIV,"100,00",3442,730,704,14,12,92,523,89,05/10/2026 12:51:05
ZZ,99139,,TIRANA,"100,00",9,0,0,0,0,0,0,0, 
ZZ,30635,,TORONTO,"100,00",20953,8999,8697,129,173,4670,3319,708,05/10/2026 12:51:05
ZZ,30686,,TRÍPOLI,"100,00",30,2,2,0,0,2,0,0,05/10/2026 12:51:05
ZZ,30708,,TUNIS,"100,00",47,22,22,0,0,12,9,1,05/10/2026 12:51:05
ZZ,30627,,TÓQUIO,"100,00",30028,13392,12400,642,350,2328,8423,1649,05/10/2026 12:51:05
ZZ,39284,,UAGADUGU,"100,00",6,0,0,0,0,0,0,0, 
ZZ,39063,,VANCOUVER,"100,00",12082,5912,5711,93,108,3221,1873,617,05/10/2026 12:51:05
ZZ,30740,,VARSÓVIA,"100,00",748,291,282,2,7,183,65,34,05/10/2026 12:51:05
ZZ,30767,,VIENA,"100,00",3134,1522,1471,26,25,979,311,181,05/10/2026 12:51:05
ZZ,30783,,WASHINGTON,"100,00",18146,4836,4706,72,58,2419,1858,429,05/10/2026 12:51:05
ZZ,30805,,WELLINGTON,"100,00",3118,339,332,4,3,234,64,34,05/10/2026 12:51:05
ZZ,30821,,WINDHOEK,"100,00",37,13,13,0,0,6,5,2,05/10/2026 12:51:05
ZZ,30848,,XANGAI,"100,00",739,197,181,3,13,116,41,24,05/10/2026 12:51:05
ZZ,99376,,YANGON,"100,00",6,0,0,0,0,0,0,0, 
ZZ,39020,,ZAGREB,"100,00",136,52,48,1,3,29,17,2,05/10/2026 12:51:05
ZZ,30864,,ZURIQUE,"100,00",15099,6001,5790,124,87,2896,2299,595,05/10/2026 12:51:05
GO,93360,5200050,ABADIA DE GOIÁS,"100,00",15631,11753,11337,117,299,3480,5749,2108,05/10/2026 12:51:05
GO,92010,5200100,ABADIÂNIA,"100,00",12586,9830,9441,114,275,2319,5710,1412,05/10/2026 12:51:05
GO,96458,5200134,ACREÚNA,"100,00",15970,12583,12162,117,304,3772,7342,1048,05/10/2026 12:51:05
GO,96911,5200159,ADELÂNDIA,"100,00",2963,2362,2291,17,54,523,1422,346,05/10/2026 12:51:05
GO,92053,5200308,ALEXÂNIA,"100,00",21974,17316,16699,188,429,4114,9942,2643,05/10/2026 12:51:05
GO,92096,5200506,ALOÂNDIA,"100,00",2168,1731,1658,21,52,609,874,175,05/10/2026 12:51:05
GO,92940,5200555,ALTO HORIZONTE,"100,00",6397,4694,4578,45,71,1433,2579,566,05/10/2026 12:51:05
GO,92118,5200605,ALTO PARAÍSO DE GOIÁS,"100,00",7682,5604,5466,32,106,2874,1853,739,05/10/2026 12:51:05
GO,92150,5200803,ALVORADA DO NORTE,"100,00",6780,5171,4956,63,152,2089,2164,703,05/10/2026 12:51:05
GO,93386,5200829,AMARALINA,"100,00",2969,2213,2126,20,67,919,865,342,05/10/2026 12:51:05
GO,96610,5200852,AMERICANO DO BRASIL,"100,00",5599,4485,4328,37,120,1554,2044,730,05/10/2026 12:51:05
GO,92177,5200902,AMORINÓPOLIS,"100,00",3862,3071,2954,20,97,982,1595,377,05/10/2026 12:51:05
GO,92231,5201207,ANHANGÜERA,"100,00",1738,1093,1054,8,31,430,475,149,05/10/2026 12:51:05
GO,92258,5201306,ANICUNS,"100,00",15170,12168,11714,120,334,3476,6256,1982,05/10/2026 12:51:05
GO,92215,5201108,ANÁPOLIS,"100,00",288292,224064,215471,3074,5519,47059,135929,32483,05/10/2026 12:51:05
GO,92274,5201405,APARECIDA DE GOIÂNIA,"100,00",341263,268635,258136,3349,7150,81517,130460,46159,05/10/2026 12:51:05
GO,93009,5201454,APARECIDA DO RIO DOCE,"100,00",3439,2516,2421,13,82,844,1342,235,05/10/2026 12:51:05
GO,92290,5201504,APORÉ,"100,00",3455,2558,2449,28,81,694,1310,445,05/10/2026 12:51:05
GO,92339,5201702,ARAGARÇAS,"100,00",13908,10669,10350,107,212,3648,5724,978,05/10/2026 12:51:05
GO,92355,5201801,ARAGOIÂNIA,"100,00",10215,8075,7769,70,236,2618,3803,1348,05/10/2026 12:51:05
GO,96695,5202155,ARAGUAPAZ,"100,00",6011,4651,4520,22,109,1642,2241,637,05/10/2026 12:51:05
GO,92312,5201603,ARAÇU,"100,00",4172,3496,3362,24,110,1298,1479,585,05/10/2026 12:51:05
GO,96717,5202353,ARENÓPOLIS,"100,00",3626,2817,2745,24,48,1019,1425,301,05/10/2026 12:51:05
GO,92495,5202502,ARUANÃ,"100,00",7391,5204,5025,52,127,1768,2378,879,05/10/2026 12:51:05
GO,92517,5202601,AURILÂNDIA,"100,00",3295,2566,2486,18,62,1090,1116,280,05/10/2026 12:51:05
GO,92550,5202809,AVELINÓPOLIS,"100,00",4465,3457,3368,23,66,906,1958,504,05/10/2026 12:51:05
GO,92614,5203104,BALIZA,"100,00",3329,2496,2418,18,60,1109,1059,250,05/10/2026 12:51:05
GO,92630,5203203,BARRO ALTO,"100,00",10023,7589,7337,69,183,2185,3744,1408,05/10/2026 12:51:05
GO,92657,5203302,BELA VISTA DE GOIÁS,"100,00",24222,18590,17872,205,513,5039,9205,3628,05/10/2026 12:51:05
GO,92673,5203401,BOM JARDIM DE GOIÁS,"100,00",7603,5882,5714,31,137,2264,2910,540,05/10/2026 12:51:05
GO,92690,5203500,BOM JESUS,"100,00",18138,13665,13011,259,395,4306,7383,1322,05/10/2026 12:51:05
GO,92029,5203559,BONFINÓPOLIS,"100,00",7873,6343,6086,48,209,2049,2993,1044,05/10/2026 12:51:05
GO,93408,5203575,BONÓPOLIS,"100,00",3730,2706,2642,16,48,1124,1135,383,05/10/2026 12:51:05
GO,92711,5203609,BRAZABRANTES,"100,00",3891,3001,2890,27,84,1018,1374,498,05/10/2026 12:51:05
GO,92754,5203807,BRITÂNIA,"100,00",5183,3943,3822,37,84,1118,2187,517,05/10/2026 12:51:05
GO,92770,5203906,BURITI ALEGRE,"100,00",8690,6208,5974,81,153,1969,3257,748,05/10/2026 12:51:05
GO,93106,5203939,BURITI DE GOIÁS,"100,00",3494,2739,2665,13,61,651,1500,514,05/10/2026 12:51:05
GO,93262,5203962,BURITINÓPOLIS,"100,00",3507,2604,2486,12,106,1113,1058,315,05/10/2026 12:51:05
GO,92797,5204003,CABECEIRAS,"100,00",7447,5818,5578,63,177,2192,2733,653,05/10/2026 12:51:05
GO,92819,5204102,CACHOEIRA ALTA,"100,00",7723,5737,5474,88,175,1798,2972,704,05/10/2026 12:51:05
GO,92835,5204201,CACHOEIRA DE GOIÁS,"100,00",2065,1581,1521,9,51,525,778,218,05/10/2026 12:51:05
GO,96733,5204250,CACHOEIRA DOURADA,"100,00",7232,5537,5321,46,170,2106,2635,580,05/10/2026 12:51:05
GO,92878,5204409,CAIAPÔNIA,"100,00",13208,10126,9784,80,262,3097,5595,1092,05/10/2026 12:51:05
GO,92894,5204508,CALDAS NOVAS,"100,00",68138,51692,49445,725,1522,13530,29008,6907,05/10/2026 12:51:05
GO,93122,5204557,CALDAZINHA,"100,00",4292,3303,3183,37,83,957,1494,732,05/10/2026 12:51:05
GO,92916,5204607,CAMPESTRE DE GOIÁS,"100,00",4041,3063,2957,24,82,1079,1407,471,05/10/2026 12:51:05
GO,96873,5204656,CAMPINAÇU,"100,00",3775,2764,2673,26,65,1046,1303,324,05/10/2026 12:51:05
GO,92932,5204706,CAMPINORTE,"100,00",9168,7121,6900,66,155,1818,4071,1011,05/10/2026 12:51:05
GO,92959,5204805,CAMPO ALEGRE DE GOIÁS,"100,00",5811,4651,4502,40,109,1628,2373,501,05/10/2026 12:51:05
GO,93580,5204854,CAMPO LIMPO DE GOIÁS,"100,00",6772,5346,5170,43,133,1305,2930,935,05/10/2026 12:51:05
GO,92975,5204904,CAMPOS BELOS,"100,00",14899,11061,10607,91,363,5081,3843,1683,05/10/2026 12:51:05
GO,92061,5204953,CAMPOS VERDES,"100,00",4498,3203,3081,22,100,1678,1043,360,05/10/2026 12:51:05
GO,92991,5205000,CARMO DO RIO VERDE,"100,00",7229,5678,5475,65,138,1801,3092,582,05/10/2026 12:51:05
GO,92967,5205059,CASTELÂNDIA,"100,00",3999,2911,2851,14,46,1141,1568,142,05/10/2026 12:51:05
GO,93017,5205109,CATALÃO,"100,00",75393,58685,56341,892,1452,20371,27883,8087,05/10/2026 12:51:05
GO,93033,5205208,CATURAÍ,"100,00",5460,4236,4037,48,151,1631,1819,587,05/10/2026 12:51:05
GO,93050,5205307,CAVALCANTE,"100,00",7953,5672,5411,39,222,3865,855,691,05/10/2026 12:51:05
GO,92851,5204300,CAÇU,"100,00",10792,8260,8000,54,206,2012,5222,766,05/10/2026 12:51:05
GO,93076,5205406,CERES,"100,00",16940,13581,13168,149,264,3561,7836,1771,05/10/2026 12:51:05
GO,92100,5205455,CEZARINA,"100,00",7360,5958,5735,45,178,1835,3033,867,05/10/2026 12:51:05
GO,92924,5205471,CHAPADÃO DO CÉU,"100,00",9497,7327,7158,47,122,1722,4928,508,05/10/2026 12:51:05
GO,93025,5205497,CIDADE OCIDENTAL,"100,00",49714,39055,37820,489,746,14490,17750,5580,05/10/2026 12:51:05
GO,92886,5205513,COCALZINHO DE GOIÁS,"100,00",17515,13396,12822,200,374,4127,6745,1950,05/10/2026 12:51:05
GO,92126,5205521,COLINAS DO SUL,"100,00",3848,2806,2713,12,81,1453,785,475,05/10/2026 12:51:05
GO,93190,5205901,CORUMBAÍBA,"100,00",7145,5463,5247,50,166,1613,2938,696,05/10/2026 12:51:05
GO,93173,5205802,CORUMBÁ DE GOIÁS,"100,00",7930,6096,5856,72,168,1886,3006,964,05/10/2026 12:51:05
GO,93254,5206206,CRISTALINA,"100,00",38974,30063,28934,419,710,7374,18635,2925,05/10/2026 12:51:05
GO,93270,5206305,CRISTIANÓPOLIS,"100,00",4023,3064,2983,12,69,660,1750,573,05/10/2026 12:51:05
GO,93297,5206404,CRIXÁS,"100,00",13017,9329,9007,63,259,3783,3808,1416,05/10/2026 12:51:05
GO,93319,5206503,CROMÍNIA,"100,00",3970,3291,3187,28,76,991,1703,493,05/10/2026 12:51:05
GO,93335,5206602,CUMARI,"100,00",2613,2000,1926,21,53,953,766,207,05/10/2026 12:51:05
GO,93157,5205703,CÓRREGO DO OURO,"100,00",3112,2512,2450,8,54,503,1582,365,05/10/2026 12:51:05
GO,93351,5206701,DAMIANÓPOLIS,"100,00",4024,3040,2916,30,94,1041,1482,393,05/10/2026 12:51:05
GO,93378,5206800,DAMOLÂNDIA,"100,00",3634,2949,2826,29,94,830,1301,695,05/10/2026 12:51:05
GO,93394,5206909,DAVINÓPOLIS,"100,00",4145,2949,2880,20,49,1243,1263,374,05/10/2026 12:51:05
GO,93432,5207105,DIORAMA,"100,00",2503,1972,1924,19,29,560,1083,281,05/10/2026 12:51:05
GO,93092,5208301,DIVINÓPOLIS DE GOIÁS,"100,00",5110,3748,3559,26,163,1821,1217,521,05/10/2026 12:51:05
GO,96750,5207253,DOVERLÂNDIA,"100,00",5670,4547,4426,15,106,1359,2381,686,05/10/2026 12:51:05
GO,92207,5207352,EDEALINA,"100,00",4159,3186,3092,23,71,807,1907,378,05/10/2026 12:51:05
GO,93491,5207402,EDÉIA,"100,00",9541,7424,7127,74,223,2001,4251,875,05/10/2026 12:51:05
GO,93513,5207501,ESTRELA DO NORTE,"100,00",3214,2485,2393,17,75,858,1099,436,05/10/2026 12:51:05
GO,92223,5207535,FAINA,"100,00",6624,4940,4809,41,90,2093,2045,671,05/10/2026 12:51:05
GO,93530,5207600,FAZENDA NOVA,"100,00",5536,4450,4287,37,126,1413,2259,615,05/10/2026 12:51:05
GO,93572,5207808,FIRMINÓPOLIS,"100,00",8767,7097,6873,65,159,1644,4235,994,05/10/2026 12:51:05
GO,93599,5207907,FLORES DE GOIÁS,"100,00",8526,6258,6018,32,208,2674,2340,1004,05/10/2026 12:51:05
GO,93610,5208004,FORMOSA,"100,00",77711,60920,58674,734,1512,18724,30623,9327,05/10/2026 12:51:05
GO,93637,5208103,FORMOSO,"100,00",4706,3481,3379,20,82,1433,1579,367,05/10/2026 12:51:05
GO,93564,5208152,GAMELEIRA DE GOIÁS,"100,00",3713,3007,2910,35,62,905,1528,477,05/10/2026 12:51:05
GO,93696,5208509,GOIANDIRA,"100,00",4561,3750,3627,36,87,1583,1546,498,05/10/2026 12:51:05
GO,93750,5208806,GOIANIRA,"100,00",47570,35824,34369,475,980,11622,16866,5881,05/10/2026 12:51:05
GO,93670,5208400,GOIANÁPOLIS,"100,00",10753,8631,8349,84,198,1790,5491,1068,05/10/2026 12:51:05
GO,93718,5208608,GOIANÉSIA,"100,00",59437,45856,44063,663,1130,12943,24267,6853,05/10/2026 12:51:05
GO,93793,5209101,GOIATUBA,"100,00",27861,22201,21192,298,711,5065,13135,2992,05/10/2026 12:51:05
GO,93777,5208905,GOIÁS,"100,00",19216,14381,13869,119,393,6377,5630,1862,05/10/2026 12:51:05
GO,93734,5208707,GOIÂNIA,"100,00",1019261,816529,791095,7528,17906,223219,432608,135268,05/10/2026 12:51:05
GO,92266,5209150,GOUVELÂNDIA,"100,00",4011,3073,2946,29,98,1317,1339,290,05/10/2026 12:51:05
GO,93815,5209200,GUAPÓ,"100,00",14861,11398,10914,118,366,3828,4939,2147,05/10/2026 12:51:05
GO,93831,5209408,GUARANI DE GOIÁS,"100,00",4796,3975,3807,15,153,1530,1014,1263,05/10/2026 12:51:05
GO,93149,5209291,GUARAÍTA,"100,00",2781,2296,2205,27,64,827,1091,287,05/10/2026 12:51:05
GO,92860,5209457,GUARINOS,"100,00",3062,2146,2080,16,50,974,806,300,05/10/2026 12:51:05
GO,93874,5209606,HEITORAÍ,"100,00",4192,3286,3176,28,82,1162,1650,364,05/10/2026 12:51:05
GO,93912,5209804,HIDROLINA,"100,00",3869,3078,2985,33,60,1307,1420,258,05/10/2026 12:51:05
GO,93890,5209705,HIDROLÂNDIA,"100,00",23574,18181,17516,180,485,4838,7760,4918,05/10/2026 12:51:05
GO,93939,5209903,IACIARA,"100,00",8526,6593,6344,40,209,2553,2363,1428,05/10/2026 12:51:05
GO,93165,5209937,INACIOLÂNDIA,"100,00",4809,3767,3595,43,129,1574,1564,457,05/10/2026 12:51:05
GO,96814,5209952,INDIARA,"100,00",12731,9889,9523,105,261,3387,4977,1159,05/10/2026 12:51:05
GO,93955,5210000,INHUMAS,"100,00",40854,32068,30644,407,1017,9392,15356,5896,05/10/2026 12:51:05
GO,93971,5210109,IPAMERI,"100,00",20506,15655,15004,216,435,5004,7897,2103,05/10/2026 12:51:05
GO,93548,5210158,IPIRANGA DE GOIÁS,"100,00",3148,2501,2423,20,58,790,1389,244,05/10/2026 12:51:05
GO,93998,5210208,IPORÁ,"100,00",26609,20449,19787,195,467,5561,11368,2858,05/10/2026 12:51:05
GO,94013,5210307,ISRAELÂNDIA,"100,00",2989,2269,2180,22,67,781,1054,345,05/10/2026 12:51:05
GO,94030,5210406,ITABERAÍ,"100,00",33230,25401,24447,350,604,8077,12900,3470,05/10/2026 12:51:05
GO,92282,5210562,ITAGUARI,"100,00",5166,4218,4095,28,95,1494,1868,733,05/10/2026 12:51:05
GO,94072,5210604,ITAGUARU,"100,00",5268,4402,4252,39,111,1816,1956,480,05/10/2026 12:51:05
GO,94110,5210802,ITAJÁ,"100,00",3668,2870,2790,17,63,717,1610,463,05/10/2026 12:51:05
GO,94137,5210901,ITAPACI,"100,00",15697,11803,11395,119,289,4226,5854,1315,05/10/2026 12:51:05
GO,94153,5211008,ITAPIRAPUÃ,"100,00",6866,5237,5089,29,119,1974,2409,706,05/10/2026 12:51:05
GO,94196,5211206,ITAPURANGA,"100,00",21491,17637,17051,186,400,5904,8670,2477,05/10/2026 12:51:05
GO,94218,5211305,ITARUMÃ,"100,00",4683,3529,3396,30,103,1148,1875,373,05/10/2026 12:51:05
GO,94234,5211404,ITAUÇU,"100,00",7690,6335,6113,63,159,2066,3175,872,05/10/2026 12:51:05
GO,94250,5211503,ITUMBIARA,"100,00",74876,57334,54976,815,1543,15732,31755,7489,05/10/2026 12:51:05
GO,94277,5211602,IVOLÂNDIA,"100,00",3148,2345,2277,9,59,825,1054,398,05/10/2026 12:51:05
GO,94293,5211701,JANDAIA,"100,00",5992,4880,4726,37,117,1464,2723,539,05/10/2026 12:51:05
GO,94315,5211800,JARAGUÁ,"100,00",33457,26202,25426,289,487,5084,15948,4394,05/10/2026 12:51:05
GO,94331,5211909,JATAÍ,"100,00",73593,56961,54913,742,1306,14385,34317,6211,05/10/2026 12:51:05
GO,94358,5212006,JAUPACI,"100,00",3160,2402,2325,12,65,862,1068,395,05/10/2026 12:51:05
GO,92983,5212055,JESÚPOLIS,"100,00",2726,2033,1978,7,48,539,1067,372,05/10/2026 12:51:05
GO,94374,5212105,JOVIÂNIA,"100,00",5772,4724,4522,50,152,1455,2583,484,05/10/2026 12:51:05
GO,94390,5212204,JUSSARA,"100,00",14816,11544,11117,102,325,3223,6348,1546,05/10/2026 12:51:05
GO,93602,5212253,LAGOA SANTA,"100,00",1783,1288,1249,10,29,408,673,168,05/10/2026 12:51:05
GO,94439,5212303,LEOPOLDO DE BULHÕES,"100,00",7348,5776,5523,75,178,1802,2890,831,05/10/2026 12:51:05
GO,94455,5212501,LUZIÂNIA,"100,00",136763,106954,102630,1628,2696,32036,52703,17891,05/10/2026 12:51:05
GO,94471,5212600,MAIRIPOTABA,"100,00",3493,2739,2662,19,58,743,1387,532,05/10/2026 12:51:05
GO,94498,5212709,MAMBAÍ,"100,00",6519,5112,4962,33,117,1546,3054,362,05/10/2026 12:51:05
GO,94510,5212808,MARA ROSA,"100,00",9165,6931,6696,56,179,2320,3267,1109,05/10/2026 12:51:05
GO,94536,5212907,MARZAGÃO,"100,00",3001,2245,2167,17,61,728,1079,360,05/10/2026 12:51:05
GO,92320,5212956,MATRINCHÃ,"100,00",3955,3026,2908,14,104,1018,1322,568,05/10/2026 12:51:05
GO,94579,5213004,MAURILÂNDIA,"100,00",7553,5972,5750,66,156,2527,2678,545,05/10/2026 12:51:05
GO,92347,5213053,MIMOSO DE GOIÁS,"100,00",3345,2686,2581,19,86,943,1167,471,05/10/2026 12:51:05
GO,96474,5213087,MINAÇU,"100,00",22408,16554,16026,177,351,5796,8307,1923,05/10/2026 12:51:05
GO,94595,5213103,MINEIROS,"100,00",51739,39413,37888,485,1040,10358,22904,4626,05/10/2026 12:51:05
GO,94650,5213400,MOIPORÁ,"100,00",2507,1865,1822,8,35,541,950,331,05/10/2026 12:51:05
GO,94676,5213509,MONTE ALEGRE DE GOIÁS,"100,00",5622,4118,3954,20,144,2178,1002,774,05/10/2026 12:51:05
GO,94714,5213707,MONTES CLAROS DE GOIÁS,"100,00",7109,5522,5369,44,109,1693,3027,649,05/10/2026 12:51:05
GO,92363,5213756,MONTIVIDIU,"100,00",9826,7810,7559,90,161,1787,5303,469,05/10/2026 12:51:05
GO,93181,5213772,MONTIVIDIU DO NORTE,"100,00",3716,2786,2727,4,55,1055,1334,338,05/10/2026 12:51:05
GO,94730,5213806,MORRINHOS,"100,00",37180,28972,27892,377,703,7784,15720,4388,05/10/2026 12:51:05
GO,92169,5213855,MORRO AGUDO DE GOIÁS,"100,00",3067,2526,2453,15,58,701,1326,426,05/10/2026 12:51:05
GO,94757,5213905,MOSSÂMEDES,"100,00",4636,3597,3478,32,87,1561,1370,547,05/10/2026 12:51:05
GO,94773,5214002,MOZARLÂNDIA,"100,00",12318,8869,8569,84,216,2768,4454,1347,05/10/2026 12:51:05
GO,96512,5214051,MUNDO NOVO,"100,00",5366,3985,3854,23,108,1418,2041,395,05/10/2026 12:51:05
GO,94790,5214101,MUTUNÓPOLIS,"100,00",3622,2896,2822,16,58,825,1393,604,05/10/2026 12:51:05
GO,94854,5214408,NAZÁRIO,"100,00",7694,6034,5848,40,146,1744,3359,745,05/10/2026 12:51:05
GO,94870,5214507,NERÓPOLIS,"100,00",25856,19344,18587,222,535,5675,9804,3108,05/10/2026 12:51:05
GO,94897,5214606,NIQUELÂNDIA,"100,00",28256,20780,19997,174,609,6557,9529,3911,05/10/2026 12:51:05
GO,94919,5214705,NOVA AMÉRICA,"100,00",2769,2298,2204,21,73,627,1033,544,05/10/2026 12:51:05
GO,94935,5214804,NOVA AURORA,"100,00",2328,1900,1809,34,57,751,816,242,05/10/2026 12:51:05
GO,96539,5214838,NOVA CRIXÁS,"100,00",9335,7150,6936,43,171,2727,3346,863,05/10/2026 12:51:05
GO,96555,5214861,NOVA GLÓRIA,"100,00",6881,5510,5300,76,134,1891,2672,737,05/10/2026 12:51:05
GO,93084,5214879,NOVA IGUAÇU DE GOIÁS,"100,00",2680,2100,2042,14,44,724,1036,282,05/10/2026 12:51:05
GO,94951,5214903,NOVA ROMA,"100,00",3006,2208,2117,12,79,979,585,553,05/10/2026 12:51:05
GO,94978,5215009,NOVA VENEZA,"100,00",8553,6611,6394,61,156,2106,3206,1082,05/10/2026 12:51:05
GO,95010,5215207,NOVO BRASIL,"100,00",3599,2844,2747,33,64,951,1447,349,05/10/2026 12:51:05
GO,93327,5215231,NOVO GAMA,"100,00",58615,46570,44667,796,1107,16994,21705,5968,05/10/2026 12:51:05
GO,92444,5215256,NOVO PLANALTO,"100,00",4131,3147,3050,26,71,1125,1547,378,05/10/2026 12:51:05
GO,95036,5215306,ORIZONA,"100,00",12089,9720,9333,116,271,2357,5123,1853,05/10/2026 12:51:05
GO,95052,5215405,OURO VERDE DE GOIÁS,"100,00",3766,3086,2962,27,97,766,1605,591,05/10/2026 12:51:05
GO,95079,5215504,OUVIDOR,"100,00",10501,8142,7771,122,249,2890,3828,1053,05/10/2026 12:51:05
GO,95095,5215603,PADRE BERNARDO,"100,00",20391,15761,15082,182,497,5003,7779,2300,05/10/2026 12:51:05
GO,92460,5215652,PALESTINA DE GOIÁS,"100,00",3576,2742,2661,16,65,791,1543,327,05/10/2026 12:51:05
GO,95117,5215702,PALMEIRAS DE GOIÁS,"100,00",23454,18144,17529,181,434,4912,10656,1961,05/10/2026 12:51:05
GO,95133,5215801,PALMELO,"100,00",2406,1837,1762,16,59,576,902,284,05/10/2026 12:51:05
GO,95150,5215900,PALMINÓPOLIS,"100,00",4428,3477,3393,22,62,813,2068,512,05/10/2026 12:51:05
GO,95176,5216007,PANAMÁ,"100,00",3038,2367,2270,31,66,793,1108,369,05/10/2026 12:51:05
GO,94552,5216304,PARANAIGUARA,"100,00",7170,5566,5317,72,177,2196,2422,699,05/10/2026 12:51:05
GO,95230,5216403,PARAÚNA,"100,00",9273,7140,6854,52,234,1848,4290,716,05/10/2026 12:51:05
GO,93068,5216452,PEROLÂNDIA,"100,00",3152,2352,2278,18,56,686,1258,334,05/10/2026 12:51:05
GO,95311,5216809,PETROLINA DE GOIÁS,"100,00",7530,6127,5852,81,194,1604,3414,834,05/10/2026 12:51:05
GO,95354,5216908,PILAR DE GOIÁS,"100,00",3938,2761,2670,32,59,1097,1229,344,05/10/2026 12:51:05
GO,95397,5217104,PIRACANJUBA,"100,00",18846,14331,13789,168,374,4435,7002,2352,05/10/2026 12:51:05
GO,95419,5217203,PIRANHAS,"100,00",9094,7206,6945,43,218,2115,3853,977,05/10/2026 12:51:05
GO,95435,5217302,PIRENÓPOLIS,"100,00",20745,16355,15619,267,469,5246,8072,2301,05/10/2026 12:51:05
GO,95451,5217401,PIRES DO RIO,"100,00",22071,16866,16043,282,541,4155,9848,2040,05/10/2026 12:51:05
GO,95958,5217609,PLANALTINA,"100,00",66587,50984,48865,831,1288,19605,22566,6694,05/10/2026 12:51:05
GO,95494,5217708,PONTALINA,"100,00",14364,11555,11093,130,332,3283,6199,1611,05/10/2026 12:51:05
GO,95559,5218003,PORANGATU,"100,00",30959,23783,22946,264,573,7786,12662,2498,05/10/2026 12:51:05
GO,93424,5218052,PORTEIRÃO,"100,00",3963,2845,2779,16,50,992,1474,313,05/10/2026 12:51:05
GO,95575,5218102,PORTELÂNDIA,"100,00",3416,2650,2541,30,79,838,1451,252,05/10/2026 12:51:05
GO,95613,5218300,POSSE,"100,00",25339,20138,19415,214,509,7175,9593,2647,05/10/2026 12:51:05
GO,93041,5218391,PROFESSOR JAMIL,"100,00",3597,2825,2740,16,69,1075,1199,466,05/10/2026 12:51:05
GO,95630,5218508,QUIRINÓPOLIS,"100,00",35296,27307,26197,382,728,8125,14886,3186,05/10/2026 12:51:05
GO,95656,5218607,RIALMA,"100,00",9232,7418,7188,83,147,1921,4437,830,05/10/2026 12:51:05
GO,95672,5218706,RIANÁPOLIS,"100,00",3946,3135,2999,38,98,808,1738,453,05/10/2026 12:51:05
GO,92827,5218789,RIO QUENTE,"100,00",4413,3415,3282,31,102,902,1779,601,05/10/2026 12:51:05
GO,95710,5218805,RIO VERDE,"100,00",153307,121346,117044,1729,2573,31329,74548,11167,05/10/2026 12:51:05
GO,95737,5218904,RUBIATABA,"100,00",15629,12024,11576,135,313,2690,6987,1899,05/10/2026 12:51:05
GO,95753,5219001,SANCLERLÂNDIA,"100,00",7135,5803,5609,50,144,1872,3053,684,05/10/2026 12:51:05
GO,95770,5219100,SANTA BÁRBARA DE GOIÁS,"100,00",5600,4542,4415,48,79,1368,2300,747,05/10/2026 12:51:05
GO,95796,5219209,SANTA CRUZ DE GOIÁS,"100,00",3504,2753,2640,28,85,820,1430,390,05/10/2026 12:51:05
GO,92568,5219258,SANTA FÉ DE GOIÁS,"100,00",4208,3150,3066,16,68,1005,1543,518,05/10/2026 12:51:05
GO,95818,5219308,SANTA HELENA DE GOIÁS,"100,00",30181,23953,22887,373,693,7501,12658,2728,05/10/2026 12:51:05
GO,96890,5219357,SANTA ISABEL,"100,00",3820,2974,2878,19,77,978,1576,324,05/10/2026 12:51:05
GO,95834,5219407,SANTA RITA DO ARAGUAIA,"100,00",4460,3305,3190,32,83,1132,1669,389,05/10/2026 12:51:05
GO,93440,5219456,SANTA RITA DO NOVO DESTINO,"100,00",3048,2383,2313,18,52,873,1069,371,05/10/2026 12:51:05
GO,95850,5219506,SANTA ROSA DE GOIÁS,"100,00",3527,2913,2809,26,78,936,1395,478,05/10/2026 12:51:05
GO,95877,5219605,SANTA TEREZA DE GOIÁS,"100,00",3838,2745,2643,27,75,1097,1320,226,05/10/2026 12:51:05
GO,95893,5219704,SANTA TEREZINHA DE GOIÁS,"100,00",8524,6260,6041,44,175,2639,2672,730,05/10/2026 12:51:05
GO,93203,5219712,SANTO ANTÔNIO DA BARRA,"100,00",4303,3370,3203,50,117,1239,1632,332,05/10/2026 12:51:05
GO,92908,5219738,SANTO ANTÔNIO DE GOIÁS,"100,00",7976,6260,6069,44,147,2035,3167,867,05/10/2026 12:51:05
GO,96776,5219753,SANTO ANTÔNIO DO DESCOBERTO,"100,00",46706,36393,34823,615,955,12739,17257,4827,05/10/2026 12:51:05
GO,92703,5220454,SENADOR CANEDO,"100,00",95243,74896,72040,875,1981,24600,34865,12575,05/10/2026 12:51:05
GO,96075,5220504,SERRANÓPOLIS,"100,00",6621,4887,4728,50,109,1681,2535,512,05/10/2026 12:51:05
GO,96091,5220603,SILVÂNIA,"100,00",16325,13159,12697,150,312,3466,7333,1898,05/10/2026 12:51:05
GO,92720,5220686,SIMOLÂNDIA,"100,00",5580,4261,4053,42,166,1784,1703,566,05/10/2026 12:51:05
GO,95915,5219803,SÃO DOMINGOS,"100,00",7284,5326,5042,48,236,2322,1537,1183,05/10/2026 12:51:05
GO,95931,5219902,SÃO FRANCISCO DE GOIÁS,"100,00",5392,4195,3996,62,137,1073,2249,674,05/10/2026 12:51:05
GO,95974,5220009,SÃO JOÃO D'ALIANÇA,"100,00",7763,6089,5860,44,185,2116,2736,1008,05/10/2026 12:51:05
GO,92622,5220058,SÃO JOÃO DA PARAÚNA,"100,00",2198,1650,1588,11,51,402,920,266,05/10/2026 12:51:05
GO,92649,5220157,SÃO LUIZ DO NORTE,"100,00",5107,3869,3751,38,80,1635,1464,652,05/10/2026 12:51:05
GO,95990,5220108,SÃO LUÍS DE MONTES BELOS,"100,00",24563,19503,18830,195,478,3785,12796,2249,05/10/2026 12:51:05
GO,96016,5220207,SÃO MIGUEL DO ARAGUAIA,"100,00",18389,13689,13242,106,341,3798,7941,1503,05/10/2026 12:51:05
GO,92665,5220264,SÃO MIGUEL DO PASSA QUATRO,"100,00",4211,3517,3393,24,100,973,1740,680,05/10/2026 12:51:05
GO,93483,5220280,SÃO PATRÍCIO,"100,00",2457,1988,1901,24,63,479,1124,298,05/10/2026 12:51:05
GO,96059,5220405,SÃO SIMÃO,"100,00",13332,9888,9487,143,258,4172,4407,908,05/10/2026 12:51:05
GO,96113,5220702,SÍTIO D'ABADIA,"100,00",3498,2370,2259,15,96,972,877,410,05/10/2026 12:51:05
GO,96172,5221007,TAQUARAL DE GOIÁS,"100,00",4447,3523,3396,38,89,1032,1899,465,05/10/2026 12:51:05
GO,92762,5221080,TERESINA DE GOIÁS,"100,00",3252,2302,2205,13,84,1223,640,342,05/10/2026 12:51:05
GO,93220,5221197,TEREZÓPOLIS DE GOIÁS,"100,00",6829,5501,5291,46,164,1796,2576,919,05/10/2026 12:51:05
GO,96253,5221403,TRINDADE,"100,00",95914,74885,72155,891,1839,22580,35469,14106,05/10/2026 12:51:05
GO,92789,5221452,TROMBAS,"100,00",3059,2281,2199,13,69,874,1026,299,05/10/2026 12:51:05
GO,96237,5221304,TRÊS RANCHOS,"100,00",3894,2948,2822,34,92,1139,1226,457,05/10/2026 12:51:05
GO,92800,5221551,TURVELÂNDIA,"100,00",4210,3337,3237,32,68,1390,1585,262,05/10/2026 12:51:05
GO,96318,5221502,TURVÂNIA,"100,00",4582,3634,3517,36,81,988,2108,421,05/10/2026 12:51:05
GO,93246,5221577,UIRAPURU,"100,00",3080,2251,2188,13,50,930,854,404,05/10/2026 12:51:05
GO,96350,5221700,URUANA,"100,00",10812,8703,8336,94,273,2818,4380,1138,05/10/2026 12:51:05
GO,96334,5221601,URUAÇU,"100,00",30439,23078,22251,258,569,7283,12136,2832,05/10/2026 12:51:05
GO,96377,5221809,URUTAÍ,"100,00",3949,3057,2948,30,79,1060,1334,554,05/10/2026 12:51:05
GO,93300,5221858,VALPARAÍSO DE GOIÁS,"100,00",99112,79203,76603,1063,1537,27783,37361,11459,05/10/2026 12:51:05
GO,96393,5221908,VARJÃO,"100,00",4454,3448,3299,34,115,858,1775,666,05/10/2026 12:51:05
GO,96415,5222005,VIANÓPOLIS,"100,00",11287,9013,8710,80,223,1942,5501,1267,05/10/2026 12:51:05
GO,96571,5222054,VICENTINÓPOLIS,"100,00",7110,5758,5541,58,159,1928,3054,559,05/10/2026 12:51:05
GO,93289,5222203,VILA BOA,"100,00",4021,2903,2809,19,75,1372,936,501,05/10/2026 12:51:05
GO,93505,5222302,VILA PROPÍCIO,"100,00",6026,4696,4585,29,82,1508,1919,1158,05/10/2026 12:51:05
GO,96938,5200175,ÁGUA FRIA DE GOIÁS,"100,00",5099,3881,3754,31,96,1024,1906,824,05/10/2026 12:51:05
GO,92037,5200209,ÁGUA LIMPA,"100,00",2635,2019,1962,22,35,602,1073,287,05/10/2026 12:51:05
GO,93343,5200258,ÁGUAS LINDAS DE GOIÁS,"100,00",125210,98492,94754,1637,2101,37004,44175,13575,05/10/2026 12:51:05
MA,07013,2100105,AFONSO CUNHA,"100,00",7467,6035,5864,32,139,4920,793,151,05/10/2026 12:51:05
MA,07030,2100204,ALCÂNTARA,"100,00",17613,14387,13943,187,257,10696,2724,523,05/10/2026 12:51:05
MA,07056,2100303,ALDEIAS ALTAS,"100,00",18506,14119,13340,125,654,10166,2651,523,05/10/2026 12:51:05
MA,07072,2100402,ALTAMIRA DO MARANHÃO,"100,00",5758,4488,4287,29,172,2890,1234,163,05/10/2026 12:51:05
MA,07021,2100436,ALTO ALEGRE DO MARANHÃO,"100,00",18076,14397,13873,94,430,9952,3495,426,05/10/2026 12:51:05
MA,07048,2100477,ALTO ALEGRE DO PINDARÉ,"100,00",20251,15671,15068,114,489,11178,3285,605,05/10/2026 12:51:05
MA,07099,2100501,ALTO PARNAÍBA,"100,00",8142,6345,6077,45,223,3531,2257,289,05/10/2026 12:51:05
MA,07080,2100550,AMAPÁ DO MARANHÃO,"100,00",4953,4388,4212,36,140,2816,1209,187,05/10/2026 12:51:05
MA,07110,2100600,AMARANTE DO MARANHÃO,"100,00",28108,22660,21911,138,611,10878,10256,777,05/10/2026 12:51:05
MA,07137,2100709,ANAJATUBA,"100,00",20568,16567,16004,155,408,12395,2995,614,05/10/2026 12:51:05
MA,07153,2100808,ANAPURUS,"100,00",14136,11670,11184,128,358,8150,2663,371,05/10/2026 12:51:05
MA,07064,2100832,APICUM-AÇU,"100,00",13470,10866,10640,82,144,7164,2991,485,05/10/2026 12:51:05
MA,07102,2100873,ARAGUANÃ,"100,00",8007,6192,6057,34,101,4443,1383,231,05/10/2026 12:51:05
MA,07170,2100907,ARAIOSES,"100,00",32649,25962,24398,432,1132,19509,4020,869,05/10/2026 12:51:05
MA,09679,2100956,ARAME,"100,00",20826,16756,16332,81,343,10385,5520,427,05/10/2026 12:51:05
MA,07196,2101004,ARARI,"100,00",24000,18438,17767,269,402,12643,4280,844,05/10/2026 12:51:05
MA,07218,2101103,AXIXÁ,"100,00",11529,9643,9276,105,262,6913,1987,376,05/10/2026 12:51:05
MA,09610,2100055,AÇAILÂNDIA,"100,00",78000,63185,61426,589,1170,23910,34351,3165,05/10/2026 12:51:05
MA,07234,2101202,BACABAL,"100,00",71838,59100,56807,706,1587,34459,19904,2444,05/10/2026 12:51:05
MA,07129,2101251,BACABEIRA,"100,00",16057,13207,12724,189,294,9140,2955,629,05/10/2026 12:51:05
MA,07250,2101301,BACURI,"100,00",13893,10881,10541,83,257,8219,1972,350,05/10/2026 12:51:05
MA,07145,2101350,BACURITUBA,"100,00",5647,4078,3936,39,103,3283,521,132,05/10/2026 12:51:05
MA,07277,2101400,BALSAS,"100,00",71213,56886,55383,511,992,21256,30716,3411,05/10/2026 12:51:05
MA,07315,2101608,BARRA DO CORDA,"100,00",63831,51171,49502,470,1199,30259,17483,1760,05/10/2026 12:51:05
MA,07331,2101707,BARREIRINHAS,"100,00",52533,43807,42351,375,1081,30786,9885,1680,05/10/2026 12:51:05
MA,07293,2101509,BARÃO DE GRAJAÚ,"100,00",16130,12855,12282,150,423,9666,2003,613,05/10/2026 12:51:05
MA,07188,2101772,BELA VISTA DO MARANHÃO,"100,00",10096,8117,7783,70,264,5466,2095,222,05/10/2026 12:51:05
MA,07161,2101731,BELÁGUA,"100,00",8091,6588,6336,39,213,5424,782,130,05/10/2026 12:51:05
MA,07358,2101806,BENEDITO LEITE,"100,00",4638,3757,3632,20,105,2541,961,130,05/10/2026 12:51:05
MA,07374,2101905,BEQUIMÃO,"100,00",18606,14655,14001,261,393,10825,2619,557,05/10/2026 12:51:05
MA,07200,2101939,BERNARDO DO MEARIM,"100,00",5015,4198,4046,35,117,2773,1132,141,05/10/2026 12:51:05
MA,07323,2101970,BOA VISTA DO GURUPI,"100,00",6551,5207,5057,40,110,3395,1469,193,05/10/2026 12:51:05
MA,09555,2102002,BOM JARDIM,"100,00",26888,20906,20141,155,610,13949,5407,785,05/10/2026 12:51:05
MA,07269,2102036,BOM JESUS DAS SELVAS,"100,00",19650,15363,14906,91,366,8298,6061,547,05/10/2026 12:51:05
MA,07285,2102077,BOM LUGAR,"100,00",11468,9312,9156,51,105,6419,2528,209,05/10/2026 12:51:05
MA,07390,2102101,BREJO,"100,00",25937,20697,20007,179,511,14728,4593,686,05/10/2026 12:51:05
MA,07307,2102150,BREJO DE AREIA,"100,00",8475,6260,6014,44,202,3797,2037,180,05/10/2026 12:51:05
MA,07412,2102200,BURITI,"100,00",22995,17866,17089,166,611,14151,2468,470,05/10/2026 12:51:05
MA,07439,2102309,BURITI BRAVO,"100,00",17755,13739,12902,130,707,9932,2540,430,05/10/2026 12:51:05
MA,07340,2102325,BURITICUPU,"100,00",42732,32976,32052,186,738,18151,12440,1461,05/10/2026 12:51:05
MA,07366,2102358,BURITIRANA,"100,00",10837,8846,8483,86,277,4432,3637,414,05/10/2026 12:51:05
MA,07226,2102374,CACHOEIRA GRANDE,"100,00",9001,7010,6825,38,147,5206,1417,202,05/10/2026 12:51:05
MA,07455,2102408,CAJAPIÓ,"100,00",10224,7606,7282,67,257,6114,957,211,05/10/2026 12:51:05
MA,07471,2102507,CAJARI,"100,00",16136,12485,12146,90,249,9996,1796,354,05/10/2026 12:51:05
MA,07382,2102556,CAMPESTRE DO MARANHÃO,"100,00",9948,7791,7599,59,133,4390,2975,234,05/10/2026 12:51:05
MA,07510,2102705,CANTANHEDE,"100,00",14177,11197,10741,112,344,8211,2177,353,05/10/2026 12:51:05
MA,07404,2102754,CAPINZAL DO NORTE,"100,00",8689,7107,6758,73,276,4549,1917,292,05/10/2026 12:51:05
MA,07536,2102804,CAROLINA,"100,00",18310,14439,13985,126,328,7629,5545,811,05/10/2026 12:51:05
MA,07552,2102903,CARUTAPERA,"100,00",19093,14893,14390,93,410,9499,4184,707,05/10/2026 12:51:05
MA,07579,2103000,CAXIAS,"100,00",113420,90472,86605,1164,2703,58914,22555,5136,05/10/2026 12:51:05
MA,07595,2103109,CEDRAL,"100,00",9329,7573,7240,108,225,5405,1497,338,05/10/2026 12:51:05
MA,07420,2103125,CENTRAL DO MARANHÃO,"100,00",7808,5790,5524,53,213,4630,701,193,05/10/2026 12:51:05
MA,07447,2103158,CENTRO DO GUILHERME,"100,00",7966,6679,6502,42,135,4607,1614,281,05/10/2026 12:51:05
MA,07463,2103174,CENTRO NOVO DO MARANHÃO,"100,00",11932,9594,9315,48,231,6297,2573,445,05/10/2026 12:51:05
MA,07617,2103208,CHAPADINHA,"100,00",60242,48047,46444,558,1045,31922,12515,2007,05/10/2026 12:51:05
MA,07480,2103257,CIDELÂNDIA,"100,00",10660,8617,8335,65,217,5207,2700,428,05/10/2026 12:51:05
MA,07633,2103307,CODÓ,"100,00",82435,61949,59034,669,2246,42197,14191,2646,05/10/2026 12:51:05
MA,07650,2103406,COELHO NETO,"100,00",33370,25807,24816,220,771,19424,4492,900,05/10/2026 12:51:05
MA,07676,2103505,COLINAS,"100,00",28426,22487,21379,191,917,14991,5491,897,05/10/2026 12:51:05
MA,07501,2103554,CONCEIÇÃO DO LAGO-AÇU,"100,00",11878,9342,9060,53,229,6422,2320,318,05/10/2026 12:51:05
MA,07692,2103604,COROATÁ,"100,00",46886,34637,32876,368,1393,22485,9126,1265,05/10/2026 12:51:05
MA,07714,2103703,CURURUPU,"100,00",26322,20164,19442,282,440,15051,3666,725,05/10/2026 12:51:05
MA,07498,2102606,CÂNDIDO MENDES,"100,00",14853,12872,12475,72,325,8785,3165,525,05/10/2026 12:51:05
MA,07242,2103752,DAVINÓPOLIS,"100,00",12223,9864,9651,78,135,5232,3840,579,05/10/2026 12:51:05
MA,07730,2103802,DOM PEDRO,"100,00",17803,14617,14055,155,407,8464,5025,566,05/10/2026 12:51:05
MA,07757,2103901,DUQUE BACELAR,"100,00",9654,7922,7711,49,162,6461,1029,221,05/10/2026 12:51:05
MA,07773,2104008,ESPERANTINÓPOLIS,"100,00",14795,11727,11195,107,425,7640,3135,420,05/10/2026 12:51:05
MA,09636,2104057,ESTREITO,"100,00",24146,19004,18538,125,341,8519,8837,1182,05/10/2026 12:51:05
MA,07528,2104073,FEIRA NOVA DO MARANHÃO,"100,00",6389,5211,5020,47,144,2786,1908,326,05/10/2026 12:51:05
MA,07544,2104081,FERNANDO FALCÃO,"100,00",9487,7960,7742,35,183,5426,2134,182,05/10/2026 12:51:05
MA,07560,2104099,FORMOSA DA SERRA NEGRA,"100,00",14076,11715,11298,97,320,5562,5141,595,05/10/2026 12:51:05
MA,07790,2104107,FORTALEZA DOS NOGUEIRAS,"100,00",10569,8820,8531,90,199,5243,2988,300,05/10/2026 12:51:05
MA,07811,2104206,FORTUNA,"100,00",13022,10092,9570,101,421,7200,2023,347,05/10/2026 12:51:05
MA,07838,2104305,GODOFREDO VIANA,"100,00",7329,6319,6083,69,167,3803,1995,285,05/10/2026 12:51:05
MA,07854,2104404,GONÇALVES DIAS,"100,00",13629,10523,10097,101,325,7073,2746,278,05/10/2026 12:51:05
MA,07870,2104503,GOVERNADOR ARCHER,"100,00",8077,6408,6140,59,209,4545,1374,221,05/10/2026 12:51:05
MA,07609,2104552,GOVERNADOR EDISON LOBÃO,"100,00",15378,12429,12094,117,218,6192,5060,842,05/10/2026 12:51:05
MA,07897,2104602,GOVERNADOR EUGÊNIO BARROS,"100,00",10692,8509,8212,73,224,5965,1991,256,05/10/2026 12:51:05
MA,07625,2104628,GOVERNADOR LUIZ ROCHA,"100,00",6417,5133,4870,56,207,3196,1493,181,05/10/2026 12:51:05
MA,07641,2104651,GOVERNADOR NEWTON BELLO,"100,00",7695,6181,5991,29,161,4307,1494,190,05/10/2026 12:51:05
MA,07668,2104677,GOVERNADOR NUNES FREIRE,"100,00",17561,13833,13528,77,228,8240,4747,541,05/10/2026 12:51:05
MA,07935,2104800,GRAJAÚ,"100,00",52273,42204,41112,261,831,23002,16331,1779,05/10/2026 12:51:05
MA,07919,2104701,GRAÇA ARANHA,"100,00",6274,5132,4997,34,101,3624,1235,138,05/10/2026 12:51:05
MA,07951,2104909,GUIMARÃES,"100,00",9820,7520,7082,113,325,5705,1113,264,05/10/2026 12:51:05
MA,07978,2105005,HUMBERTO DE CAMPOS,"100,00",23439,18570,17843,154,573,13787,3292,764,05/10/2026 12:51:05
MA,07994,2105104,ICATU,"100,00",23106,19268,18695,164,409,14496,3547,652,05/10/2026 12:51:05
MA,07684,2105153,IGARAPÉ DO MEIO,"100,00",10867,8587,8283,83,221,6350,1646,287,05/10/2026 12:51:05
MA,08010,2105203,IGARAPÉ GRANDE,"100,00",8484,7115,6833,61,221,4053,2571,209,05/10/2026 12:51:05
MA,08036,2105302,IMPERATRIZ,"100,00",195325,158388,153763,1891,2734,60008,81738,12017,05/10/2026 12:51:05
MA,07706,2105351,ITAIPAVA DO GRAJAÚ,"100,00",11234,8503,8342,40,121,5629,2454,259,05/10/2026 12:51:05
MA,08079,2105401,ITAPECURU MIRIM,"100,00",47851,37238,35996,380,862,25994,8120,1882,05/10/2026 12:51:05
MA,07722,2105427,ITINGA DO MARANHÃO,"100,00",17555,14222,13776,106,340,6167,7048,561,05/10/2026 12:51:05
MA,07749,2105450,JATOBÁ,"100,00",7205,5633,5349,53,231,3987,1219,143,05/10/2026 12:51:05
MA,07765,2105476,JENIPAPO DOS VIEIRAS,"100,00",13237,10615,10210,62,343,7398,2548,264,05/10/2026 12:51:05
MA,08117,2105609,JOSELÂNDIA,"100,00",12529,9894,9597,90,207,6750,2503,344,05/10/2026 12:51:05
MA,08095,2105500,JOÃO LISBOA,"100,00",21876,18030,17462,183,385,9489,6924,1049,05/10/2026 12:51:05
MA,07781,2105658,JUNCO DO MARANHÃO,"100,00",5092,3890,3793,25,72,2795,873,125,05/10/2026 12:51:05
MA,08133,2105708,LAGO DA PEDRA,"100,00",34283,27367,26503,230,634,14008,11613,882,05/10/2026 12:51:05
MA,08150,2105807,LAGO DO JUNCO,"100,00",8447,7101,6921,48,132,4831,1936,154,05/10/2026 12:51:05
MA,07803,2105948,LAGO DOS RODRIGUES,"100,00",8271,7017,6815,46,156,4759,1860,196,05/10/2026 12:51:05
MA,08176,2105906,LAGO VERDE,"100,00",12196,9626,9436,56,134,7269,1896,271,05/10/2026 12:51:05
MA,07820,2105922,LAGOA DO MATO,"100,00",8284,6596,6201,45,350,4934,1123,144,05/10/2026 12:51:05
MA,07846,2105963,LAGOA GRANDE DO MARANHÃO,"100,00",9997,7818,7600,57,161,5113,2246,241,05/10/2026 12:51:05
MA,07862,2105989,LAJEADO NOVO,"100,00",6682,5521,5411,26,84,2658,2513,240,05/10/2026 12:51:05
MA,08192,2106003,LIMA CAMPOS,"100,00",11183,8944,8545,104,295,5377,2824,344,05/10/2026 12:51:05
MA,08214,2106102,LORETO,"100,00",8569,7016,6672,60,284,4513,1894,265,05/10/2026 12:51:05
MA,08230,2106201,LUÍS DOMINGUES,"100,00",6072,4764,4573,57,134,2796,1552,225,05/10/2026 12:51:05
MA,08257,2106300,MAGALHÃES DE ALMEIDA,"100,00",12195,9856,9424,125,307,6787,2179,458,05/10/2026 12:51:05
MA,07889,2106326,MARACAÇUMÉ,"100,00",15698,11607,11199,103,305,6625,4102,472,05/10/2026 12:51:05
MA,07900,2106359,MARAJÁ DO SENA,"100,00",6771,5205,5020,35,150,3150,1693,177,05/10/2026 12:51:05
MA,07927,2106375,MARANHÃOZINHO,"100,00",8133,6537,6382,60,95,4596,1560,226,05/10/2026 12:51:05
MA,08273,2106409,MATA ROMA,"100,00",16271,13281,12698,166,417,9424,2877,397,05/10/2026 12:51:05
MA,08290,2106508,MATINHA,"100,00",20053,16419,15805,212,402,11163,4061,581,05/10/2026 12:51:05
MA,08311,2106607,MATÕES,"100,00",27285,20919,20129,140,650,15815,3771,543,05/10/2026 12:51:05
MA,07943,2106631,MATÕES DO NORTE,"100,00",7654,5732,5537,49,146,4248,1098,191,05/10/2026 12:51:05
MA,07960,2106672,MILAGRES DO MARANHÃO,"100,00",6650,5412,5226,27,159,4133,940,153,05/10/2026 12:51:05
MA,08338,2106706,MIRADOR,"100,00",16373,13434,12910,68,456,9313,3187,410,05/10/2026 12:51:05
MA,09695,2106755,MIRANDA DO NORTE,"100,00",16991,13432,13036,116,280,8792,3649,595,05/10/2026 12:51:05
MA,08354,2106805,MIRINZAL,"100,00",12016,9387,9000,112,275,6686,1942,372,05/10/2026 12:51:05
MA,08397,2107001,MONTES ALTOS,"100,00",7514,6081,5905,53,123,3408,2195,302,05/10/2026 12:51:05
MA,08370,2106904,MONÇÃO,"100,00",21263,16225,15675,114,436,11953,3245,477,05/10/2026 12:51:05
MA,08419,2107100,MORROS,"100,00",16701,13977,13600,85,292,10072,3083,445,05/10/2026 12:51:05
MA,08435,2107209,NINA RODRIGUES,"100,00",10518,8285,7984,39,262,6043,1705,236,05/10/2026 12:51:05
MA,07986,2107258,NOVA COLINAS,"100,00",4514,3686,3509,26,151,2215,1115,179,05/10/2026 12:51:05
MA,08451,2107308,NOVA IORQUE,"100,00",4134,3285,3192,16,77,2365,742,85,05/10/2026 12:51:05
MA,08001,2107357,NOVA OLINDA DO MARANHÃO,"100,00",13507,10373,9979,92,302,7088,2449,442,05/10/2026 12:51:05
MA,08478,2107407,OLHO D'ÁGUA DAS CUNHÃS,"100,00",14387,11603,11015,124,464,7830,2692,493,05/10/2026 12:51:05
MA,08028,2107456,OLINDA NOVA DO MARANHÃO,"100,00",11175,8544,8219,83,242,6298,1573,348,05/10/2026 12:51:05
MA,08516,2107605,PALMEIRÂNDIA,"100,00",17179,12744,12321,120,303,9975,1949,397,05/10/2026 12:51:05
MA,08532,2107704,PARAIBANO,"100,00",14960,11151,10627,58,466,8082,2263,282,05/10/2026 12:51:05
MA,08559,2107803,PARNARAMA,"100,00",26242,19971,18895,149,927,15317,2921,657,05/10/2026 12:51:05
MA,08575,2107902,PASSAGEM FRANCA,"100,00",14692,11483,10766,104,613,7791,2538,437,05/10/2026 12:51:05
MA,08591,2108009,PASTOS BONS,"100,00",15148,11969,11508,99,362,8003,3103,402,05/10/2026 12:51:05
MA,08044,2108058,PAULINO NEVES,"100,00",15080,12407,12074,85,248,9352,2204,518,05/10/2026 12:51:05
MA,09598,2108108,PAULO RAMOS,"100,00",16850,12975,12441,89,445,7966,4106,369,05/10/2026 12:51:05
MA,08494,2107506,PAÇO DO LUMIAR,"100,00",90287,77066,74270,1428,1368,42191,26083,5996,05/10/2026 12:51:05
MA,08613,2108207,PEDREIRAS,"100,00",28040,23067,22399,226,442,13363,7977,1059,05/10/2026 12:51:05
MA,08060,2108256,PEDRO DO ROSÁRIO,"100,00",18241,13750,13269,98,383,10516,2319,434,05/10/2026 12:51:05
MA,08630,2108306,PENALVA,"100,00",26013,19307,18638,119,550,15251,2746,641,05/10/2026 12:51:05
MA,08656,2108405,PERI MIRIM,"100,00",11291,9055,8705,102,248,6900,1564,241,05/10/2026 12:51:05
MA,08087,2108454,PERITORÓ,"100,00",16364,12605,12024,98,483,8907,2690,427,05/10/2026 12:51:05
MA,08672,2108504,PINDARÉ-MIRIM,"100,00",25951,19854,19140,219,495,13575,4802,763,05/10/2026 12:51:05
MA,08699,2108603,PINHEIRO,"100,00",62812,48166,46536,574,1056,31826,12115,2595,05/10/2026 12:51:05
MA,08710,2108702,PIO XII,"100,00",18787,15068,14470,119,479,10313,3667,490,05/10/2026 12:51:05
MA,08737,2108801,PIRAPEMAS,"100,00",12904,9553,9158,78,317,7017,1827,314,05/10/2026 12:51:05
MA,08770,2109007,PORTO FRANCO,"100,00",18862,15208,14852,122,234,7812,6221,819,05/10/2026 12:51:05
MA,08109,2109056,PORTO RICO DO MARANHÃO,"100,00",7200,5325,5188,50,87,3587,1362,239,05/10/2026 12:51:05
MA,08753,2108900,POÇÃO DE PEDRAS,"100,00",14763,11711,11191,112,408,7691,3189,311,05/10/2026 12:51:05
MA,08796,2109106,PRESIDENTE DUTRA,"100,00",32781,27169,26158,270,741,15452,9559,1147,05/10/2026 12:51:05
MA,08818,2109205,PRESIDENTE JUSCELINO,"100,00",10017,7827,7604,52,171,5992,1356,256,05/10/2026 12:51:05
MA,08125,2109239,PRESIDENTE MÉDICI,"100,00",5728,4592,4449,25,118,3182,1076,191,05/10/2026 12:51:05
MA,08141,2109270,PRESIDENTE SARNEY,"100,00",15655,11574,11260,85,229,8815,1887,558,05/10/2026 12:51:05
MA,08834,2109304,PRESIDENTE VARGAS,"100,00",10343,8192,7946,57,189,6488,1179,279,05/10/2026 12:51:05
MA,08850,2109403,PRIMEIRA CRUZ,"100,00",11110,9220,8851,94,275,7136,1408,307,05/10/2026 12:51:05
MA,08168,2109452,RAPOSA,"100,00",24288,20466,19767,298,401,11674,6856,1237,05/10/2026 12:51:05
MA,08877,2109502,RIACHÃO,"100,00",16914,13298,12791,102,405,7981,4283,527,05/10/2026 12:51:05
MA,08184,2109551,RIBAMAR FIQUENE,"100,00",6276,5020,4909,34,77,2865,1786,258,05/10/2026 12:51:05
MA,08915,2109601,ROSÁRIO,"100,00",32344,26074,25229,339,506,17853,5916,1460,05/10/2026 12:51:05
MA,08931,2109700,SAMBAÍBA,"100,00",5411,4402,4252,31,119,2482,1624,146,05/10/2026 12:51:05
MA,08206,2109759,SANTA FILOMENA DO MARANHÃO,"100,00",6119,5015,4867,33,115,3503,1242,122,05/10/2026 12:51:05
MA,08958,2109809,SANTA HELENA,"100,00",24651,18218,17610,154,454,12149,4631,830,05/10/2026 12:51:05
MA,09571,2109908,SANTA INÊS,"100,00",63447,51029,49425,623,981,29154,17834,2437,05/10/2026 12:51:05
MA,08974,2110005,SANTA LUZIA,"100,00",45122,35089,33838,277,974,22466,10041,1331,05/10/2026 12:51:05
MA,09652,2110039,SANTA LUZIA DO PARUÁ,"100,00",17081,13391,12943,133,315,8146,4219,578,05/10/2026 12:51:05
MA,08990,2110104,SANTA QUITÉRIA DO MARANHÃO,"100,00",21175,16774,16072,154,548,12320,3215,537,05/10/2026 12:51:05
MA,09016,2110203,SANTA RITA,"100,00",28000,21478,20667,290,521,15361,4539,767,05/10/2026 12:51:05
MA,08222,2110237,SANTANA DO MARANHÃO,"100,00",8165,6250,6056,40,154,4555,1309,192,05/10/2026 12:51:05
MA,08249,2110278,SANTO AMARO DO MARANHÃO,"100,00",13330,10920,10530,92,298,8084,1987,459,05/10/2026 12:51:05
MA,09032,2110302,SANTO ANTÔNIO DOS LOPES,"100,00",15375,12718,12257,93,368,8069,3736,452,05/10/2026 12:51:05
MA,08460,2111722,SATUBINHA,"100,00",7469,6098,5862,51,185,4078,1559,225,05/10/2026 12:51:05
MA,08486,2111748,SENADOR ALEXANDRE COSTA,"100,00",8450,6424,6200,56,168,4446,1587,167,05/10/2026 12:51:05
MA,08508,2111763,SENADOR LA ROCQUE,"100,00",12262,9901,9580,83,238,5633,3366,581,05/10/2026 12:51:05
MA,08524,2111789,SERRANO DO MARANHÃO,"100,00",9228,7061,6817,70,174,5912,743,162,05/10/2026 12:51:05
MA,09318,2111904,SUCUPIRA DO NORTE,"100,00",8257,6963,6701,44,218,4731,1795,175,05/10/2026 12:51:05
MA,08540,2111953,SUCUPIRA DO RIACHÃO,"100,00",4707,3677,3431,35,211,2696,610,125,05/10/2026 12:51:05
MA,09059,2110401,SÃO BENEDITO DO RIO PRETO,"100,00",16310,13269,12834,102,333,10179,2271,384,05/10/2026 12:51:05
MA,09075,2110500,SÃO BENTO,"100,00",29322,21660,20757,292,611,15522,4479,756,05/10/2026 12:51:05
MA,09091,2110609,SÃO BERNARDO,"100,00",21808,17139,16380,168,591,11932,3867,581,05/10/2026 12:51:05
MA,08265,2110658,SÃO DOMINGOS DO AZEITÃO,"100,00",6763,5635,5423,30,182,3578,1623,222,05/10/2026 12:51:05
MA,09113,2110708,SÃO DOMINGOS DO MARANHÃO,"100,00",28537,23143,21925,248,970,13306,7793,826,05/10/2026 12:51:05
MA,08281,2110856,SÃO FRANCISCO DO BREJÃO,"100,00",8123,6482,6302,43,137,3230,2839,233,05/10/2026 12:51:05
MA,09156,2110906,SÃO FRANCISCO DO MARANHÃO,"100,00",9159,7246,6895,86,265,5660,1033,202,05/10/2026 12:51:05
MA,09130,2110807,SÃO FÉLIX DE BALSAS,"100,00",4224,3297,3138,27,132,1987,1005,146,05/10/2026 12:51:05
MA,08893,2111201,SÃO JOSÉ DE RIBAMAR,"100,00",131324,109700,105538,2024,2138,61232,36443,7863,05/10/2026 12:51:05
MA,08362,2111250,SÃO JOSÉ DOS BASÍLIOS,"100,00",6388,5187,5029,42,116,3950,920,159,05/10/2026 12:51:05
MA,09172,2111003,SÃO JOÃO BATISTA,"100,00",20103,15087,14635,111,341,12009,2214,412,05/10/2026 12:51:05
MA,08303,2111029,SÃO JOÃO DO CARÚ,"100,00",10141,7437,7211,47,179,4808,2140,263,05/10/2026 12:51:05
MA,08320,2111052,SÃO JOÃO DO PARAÍSO,"100,00",8599,7245,7073,47,125,3697,3013,363,05/10/2026 12:51:05
MA,08346,2111078,SÃO JOÃO DO SOTER,"100,00",14327,10968,10607,52,309,8738,1565,304,05/10/2026 12:51:05
MA,09199,2111102,SÃO JOÃO DOS PATOS,"100,00",19533,15553,14801,219,533,10402,3700,699,05/10/2026 12:51:05
MA,09210,2111300,SÃO LUÍS,"100,00",761443,642000,619322,11228,11450,337598,229253,52471,05/10/2026 12:51:05
MA,08052,2111409,SÃO LUÍS GONZAGA DO MARANHÃO,"100,00",17211,13036,12570,91,375,10117,2181,272,05/10/2026 12:51:05
MA,09237,2111508,SÃO MATEUS DO MARANHÃO,"100,00",30147,22755,21873,182,700,15258,5836,779,05/10/2026 12:51:05
MA,08389,2111532,SÃO PEDRO DA ÁGUA BRANCA,"100,00",9693,7166,6982,35,149,3683,3052,247,05/10/2026 12:51:05
MA,08400,2111573,SÃO PEDRO DOS CRENTES,"100,00",4689,3900,3802,26,72,1195,2477,130,05/10/2026 12:51:05
MA,09253,2111607,SÃO RAIMUNDO DAS MANGABEIRAS,"100,00",15701,12665,12177,122,366,7163,4486,528,05/10/2026 12:51:05
MA,08427,2111631,SÃO RAIMUNDO DO DOCA BEZERRA,"100,00",5160,4024,3855,41,128,2738,978,139,05/10/2026 12:51:05
MA,08443,2111672,SÃO ROBERTO,"100,00",4547,3565,3442,20,103,2521,811,110,05/10/2026 12:51:05
MA,09270,2111706,SÃO VICENTE FERRER,"100,00",16729,12300,11642,194,464,9148,2069,425,05/10/2026 12:51:05
MA,09296,2111805,SÍTIO NOVO,"100,00",13984,11927,11607,95,225,6635,4420,552,05/10/2026 12:51:05
MA,09334,2112001,TASSO FRAGOSO,"100,00",6854,5594,5398,34,162,2715,2390,293,05/10/2026 12:51:05
MA,09350,2112100,TIMBIRAS,"100,00",21254,15483,14810,105,568,11441,2776,593,05/10/2026 12:51:05
MA,09377,2112209,TIMON,"100,00",124767,105358,100929,1283,3146,67010,28444,5475,05/10/2026 12:51:05
MA,08567,2112233,TRIZIDELA DO VALE,"100,00",16878,13895,13429,152,314,8059,4744,626,05/10/2026 12:51:05
MA,08583,2112274,TUFILÂNDIA,"100,00",6051,4509,4332,20,157,3161,1024,147,05/10/2026 12:51:05
MA,09393,2112308,TUNTUM,"100,00",28443,22571,21633,240,698,13758,7114,761,05/10/2026 12:51:05
MA,09415,2112407,TURIAÇU,"100,00",28166,22760,22096,159,505,16792,4502,802,05/10/2026 12:51:05
MA,08605,2112456,TURILÂNDIA,"100,00",15977,11725,11360,107,258,8018,2773,569,05/10/2026 12:51:05
MA,09431,2112506,TUTÓIA,"100,00",43215,33914,32432,448,1034,23022,7838,1572,05/10/2026 12:51:05
MA,09458,2112605,URBANO SANTOS,"100,00",25803,20337,19491,179,667,15137,3826,528,05/10/2026 12:51:05
MA,09474,2112704,VARGEM GRANDE,"100,00",32648,25476,24399,204,873,17844,5599,956,05/10/2026 12:51:05
MA,09490,2112803,VIANA,"100,00",39769,31042,30098,318,626,19880,8910,1308,05/10/2026 12:51:05
MA,08621,2112852,VILA NOVA DOS MARTÍRIOS,"100,00",8903,6671,6485,57,129,3534,2666,285,05/10/2026 12:51:05
MA,09539,2113009,VITORINO FREIRE,"100,00",22898,18470,17791,189,490,11621,5446,724,05/10/2026 12:51:05
MA,09512,2112902,VITÓRIA DO MEARIM,"100,00",24683,19338,18779,204,355,12723,5409,647,05/10/2026 12:51:05
MA,09717,2114007,ZÉ DOCA,"100,00",33014,25899,25129,234,536,16901,7316,912,05/10/2026 12:51:05
MA,07005,2100154,ÁGUA DOCE DO MARANHÃO,"100,00",11520,8715,8341,105,269,6572,1493,276,05/10/2026 12:51:05
MT,90018,5100102,ACORIZAL,"100,00",7353,6085,5923,33,129,2776,2864,283,05/10/2026 12:51:05
MT,89877,5100250,ALTA FLORESTA,"100,00",43203,33253,32395,297,561,7677,23270,1448,05/10/2026 12:51:05
MT,90050,5100300,ALTO ARAGUAIA,"100,00",11527,8821,8503,90,228,2478,5403,622,05/10/2026 12:51:05
MT,90042,5100359,ALTO BOA VISTA,"100,00",4151,3236,3165,16,55,681,2349,135,05/10/2026 12:51:05
MT,90077,5100409,ALTO GARÇAS,"100,00",8774,6836,6593,73,170,2012,4272,309,05/10/2026 12:51:05
MT,90093,5100508,ALTO PARAGUAI,"100,00",6195,4763,4574,54,135,2427,1956,191,05/10/2026 12:51:05
MT,98612,5100607,ALTO TAQUARI,"100,00",7979,6010,5825,64,121,1552,3951,322,05/10/2026 12:51:05
MT,90263,5100805,APIACÁS,"100,00",6340,4798,4671,29,98,1266,3244,161,05/10/2026 12:51:05
MT,98639,5101001,ARAGUAIANA,"100,00",3259,2444,2364,26,54,849,1295,220,05/10/2026 12:51:05
MT,90239,5101209,ARAGUAINHA,"100,00",1233,963,936,6,21,400,498,38,05/10/2026 12:51:05
MT,89893,5101258,ARAPUTANGA,"100,00",11533,9018,8722,82,214,2005,6325,392,05/10/2026 12:51:05
MT,90255,5101308,ARENÁPOLIS,"100,00",7881,6273,6052,61,160,2101,3621,330,05/10/2026 12:51:05
MT,90271,5101407,ARIPUANÃ,"100,00",17103,11768,11483,102,183,2192,8794,497,05/10/2026 12:51:05
MT,90336,5101704,BARRA DO BUGRES,"100,00",22360,17501,16898,185,418,7085,8893,920,05/10/2026 12:51:05
MT,90352,5101803,BARRA DO GARÇAS,"100,00",47123,36137,35119,379,639,11720,21019,2380,05/10/2026 12:51:05
MT,90310,5101605,BARÃO DE MELGAÇO,"100,00",6862,5630,5484,38,108,3158,2064,262,05/10/2026 12:51:05
MT,73709,5101837,BOA ESPERANÇA DO NORTE,"100,00",4326,3245,3189,21,35,764,2243,182,05/10/2026 12:51:05
MT,90905,5101852,BOM JESUS DO ARAGUAIA,"100,00",5661,4160,4053,18,89,1161,2638,254,05/10/2026 12:51:05
MT,90468,5101902,BRASNORTE,"100,00",12659,9205,8966,57,182,2108,6575,283,05/10/2026 12:51:05
MT,98655,5102603,CAMPINÁPOLIS,"100,00",11507,8377,8185,41,151,4457,3471,257,05/10/2026 12:51:05
MT,90484,5102637,CAMPO NOVO DO PARECIS,"100,00",31126,23767,23154,256,357,5529,16547,1078,05/10/2026 12:51:05
MT,90506,5102678,CAMPO VERDE,"100,00",33977,26361,25697,281,383,6202,18026,1469,05/10/2026 12:51:05
MT,90743,5102686,CAMPOS DE JÚLIO,"100,00",6787,4982,4857,47,78,1115,3554,188,05/10/2026 12:51:05
MT,90085,5102694,CANABRAVA DO NORTE,"100,00",4167,3016,2956,16,44,749,2090,117,05/10/2026 12:51:05
MT,91936,5102702,CANARANA,"100,00",17766,13624,13356,92,176,2339,10515,502,05/10/2026 12:51:05
MT,90760,5102793,CARLINDA,"100,00",8400,6271,6062,80,129,2064,3707,291,05/10/2026 12:51:05
MT,90549,5102850,CASTANHEIRA,"100,00",6035,4570,4407,43,120,1174,3050,183,05/10/2026 12:51:05
MT,90590,5103007,CHAPADA DOS GUIMARÃES,"100,00",17941,13878,13475,111,292,5968,6773,734,05/10/2026 12:51:05
MT,90522,5103056,CLÁUDIA,"100,00",8579,6858,6683,65,110,1351,5097,235,05/10/2026 12:51:05
MT,98671,5103106,COCALINHO,"100,00",5454,3797,3690,31,76,1171,2233,286,05/10/2026 12:51:05
MT,89788,5103254,COLNIZA,"100,00",19479,14190,13832,129,229,2679,10609,544,05/10/2026 12:51:05
MT,89796,5103205,COLÍDER,"100,00",23598,18390,17912,171,307,2786,14305,821,05/10/2026 12:51:05
MT,99015,5103304,COMODORO,"100,00",14317,10499,10155,80,264,2733,7003,419,05/10/2026 12:51:05
MT,90280,5103353,CONFRESA,"100,00",26068,19945,19460,157,328,4262,14321,877,05/10/2026 12:51:05
MT,91006,5103361,CONQUISTA D'OESTE,"100,00",3426,2438,2378,9,51,539,1751,88,05/10/2026 12:51:05
MT,90425,5103379,COTRIGUAÇU,"100,00",7706,5971,5798,41,132,1419,4146,233,05/10/2026 12:51:05
MT,90670,5103403,CUIABÁ,"100,00",456517,373302,361616,4497,7189,123207,208637,29772,05/10/2026 12:51:05
MT,89800,5103437,CURVELÂNDIA,"100,00",4408,3581,3473,34,74,1113,2214,146,05/10/2026 12:51:05
MT,90476,5102504,CÁCERES,"100,00",62205,47292,45853,525,914,19130,24018,2705,05/10/2026 12:51:05
MT,98337,5103452,DENISE,"100,00",5710,4645,4466,54,125,1757,2523,186,05/10/2026 12:51:05
MT,90697,5103502,DIAMANTINO,"100,00",16562,12629,12285,118,226,3667,8095,523,05/10/2026 12:51:05
MT,90719,5103601,DOM AQUINO,"100,00",6230,4997,4840,37,120,1582,2999,259,05/10/2026 12:51:05
MT,90786,5103700,FELIZ NATAL,"100,00",7181,5403,5303,35,65,1449,3675,179,05/10/2026 12:51:05
MT,99031,5103809,FIGUEIRÓPOLIS D'OESTE,"100,00",2866,2325,2249,20,56,416,1758,75,05/10/2026 12:51:05
MT,90824,5103858,GAÚCHA DO NORTE,"100,00",6795,5045,4942,25,78,1509,3271,162,05/10/2026 12:51:05
MT,90778,5103908,GENERAL CARNEIRO,"100,00",4719,3427,3343,14,70,1440,1742,161,05/10/2026 12:51:05
MT,90204,5103957,GLÓRIA D'OESTE,"100,00",2685,2133,2078,22,33,556,1447,75,05/10/2026 12:51:05
MT,99058,5104104,GUARANTÃ DO NORTE,"100,00",22729,17632,17235,131,266,2696,13975,564,05/10/2026 12:51:05
MT,90832,5104203,GUIRATINGA,"100,00",8175,6391,6170,49,172,2322,3448,400,05/10/2026 12:51:05
MT,99074,5104500,INDIAVAÍ,"100,00",2028,1663,1612,9,42,508,1031,73,05/10/2026 12:51:05
MT,91081,5104526,IPIRANGA DO NORTE,"100,00",5997,4774,4703,25,46,1043,3454,206,05/10/2026 12:51:05
MT,91103,5104542,ITANHANGÁ,"100,00",5239,4147,4083,30,34,618,3373,92,05/10/2026 12:51:05
MT,98698,5104559,ITAÚBA,"100,00",4349,3288,3198,20,70,696,2389,113,05/10/2026 12:51:05
MT,90913,5104609,ITIQUIRA,"100,00",9345,6976,6739,90,147,2111,4240,388,05/10/2026 12:51:05
MT,90956,5104807,JACIARA,"100,00",20547,15986,15510,146,330,4059,10618,833,05/10/2026 12:51:05
MT,90565,5104906,JANGADA,"100,00",7473,6087,5914,45,128,2967,2682,265,05/10/2026 12:51:05
MT,89915,5105002,JAURU,"100,00",7115,5284,5125,39,120,1155,3775,195,05/10/2026 12:51:05
MT,98191,5105101,JUARA,"100,00",25464,19298,18722,205,371,3717,14232,773,05/10/2026 12:51:05
MT,90581,5105176,JURUENA,"100,00",7692,5618,5457,54,107,1295,3965,197,05/10/2026 12:51:05
MT,91898,5105200,JUSCIMEIRA,"100,00",8751,7184,6976,66,142,2434,4261,281,05/10/2026 12:51:05
MT,98310,5105150,JUÍNA,"100,00",34218,25061,24270,293,498,5871,17325,1074,05/10/2026 12:51:05
MT,90301,5105234,LAMBARI D'OESTE,"100,00",4215,3329,3205,35,89,1294,1746,165,05/10/2026 12:51:05
MT,90603,5105259,LUCAS DO RIO VERDE,"100,00",54792,42434,41398,438,598,8636,30711,2051,05/10/2026 12:51:05
MT,91057,5105309,LUCIARA,"100,00",2406,1888,1845,7,36,748,1017,80,05/10/2026 12:51:05
MT,98710,5105580,MARCELÂNDIA,"100,00",9499,6934,6711,47,176,1265,5292,154,05/10/2026 12:51:05
MT,90620,5105606,MATUPÁ,"100,00",15134,11624,11376,94,154,2114,8825,437,05/10/2026 12:51:05
MT,91774,5105622,MIRASSOL D'OESTE,"100,00",19682,15377,14777,198,402,3781,10277,719,05/10/2026 12:51:05
MT,91170,5105903,NOBRES,"100,00",12502,9933,9639,96,198,2637,6602,400,05/10/2026 12:51:05
MT,91197,5106000,NORTELÂNDIA,"100,00",4871,3886,3704,55,127,1663,1798,243,05/10/2026 12:51:05
MT,91219,5106109,NOSSA SENHORA DO LIVRAMENTO,"100,00",13537,11129,10779,68,282,6530,3739,510,05/10/2026 12:51:05
MT,90387,5106158,NOVA BANDEIRANTES,"100,00",10127,7569,7382,47,140,1120,6062,200,05/10/2026 12:51:05
MT,89818,5106208,NOVA BRASILÂNDIA,"100,00",3832,2986,2891,22,73,1210,1500,181,05/10/2026 12:51:05
MT,98752,5106216,NOVA CANAÃ DO NORTE,"100,00",10256,7787,7533,77,177,1499,5758,276,05/10/2026 12:51:05
MT,90140,5108808,NOVA GUARITA,"100,00",4119,3183,3091,35,57,900,2075,116,05/10/2026 12:51:05
MT,90867,5106182,NOVA LACERDA,"100,00",4972,3458,3355,21,82,978,2201,176,05/10/2026 12:51:05
MT,90166,5108857,NOVA MARILÂNDIA,"100,00",3030,2313,2243,30,40,758,1392,93,05/10/2026 12:51:05
MT,90123,5108907,NOVA MARINGÁ,"100,00",4626,3347,3257,22,68,741,2432,84,05/10/2026 12:51:05
MT,90360,5108956,NOVA MONTE VERDE,"100,00",6036,4720,4588,51,81,1041,3339,208,05/10/2026 12:51:05
MT,90646,5106224,NOVA MUTUM,"100,00",37953,29958,29224,357,377,5669,22032,1523,05/10/2026 12:51:05
MT,90964,5106174,NOVA NAZARÉ,"100,00",3521,2405,2316,8,81,1011,1191,114,05/10/2026 12:51:05
MT,98736,5106232,NOVA OLÍMPIA,"100,00",12967,10181,9754,150,277,4303,4935,516,05/10/2026 12:51:05
MT,89826,5106190,NOVA SANTA HELENA,"100,00",3384,2589,2515,12,62,587,1830,98,05/10/2026 12:51:05
MT,90883,5106240,NOVA UBIRATÃ,"100,00",7592,5648,5537,38,73,1186,4121,230,05/10/2026 12:51:05
MT,91952,5106257,NOVA XAVANTINA,"100,00",16249,12039,11696,100,243,2868,8243,585,05/10/2026 12:51:05
MT,98795,5106273,NOVO HORIZONTE DO NORTE,"100,00",3305,2604,2546,16,42,648,1779,119,05/10/2026 12:51:05
MT,90808,5106265,NOVO MUNDO,"100,00",6075,4559,4465,29,65,1043,3294,128,05/10/2026 12:51:05
MT,90948,5106315,NOVO SANTO ANTÔNIO,"100,00",2039,1440,1402,8,30,376,950,76,05/10/2026 12:51:05
MT,98779,5106281,NOVO SÃO JOAQUIM,"100,00",5505,4151,4030,22,99,1035,2796,199,05/10/2026 12:51:05
MT,89834,5106307,PARANATINGA,"100,00",16917,12620,12327,78,215,3087,8745,495,05/10/2026 12:51:05
MT,98833,5106299,PARANAÍTA,"100,00",9406,7248,7047,66,135,1630,5150,267,05/10/2026 12:51:05
MT,91812,5106372,PEDRA PRETA,"100,00",14477,11036,10632,135,269,3751,6283,598,05/10/2026 12:51:05
MT,98817,5106422,PEIXOTO DE AZEVEDO,"100,00",23802,17679,17193,180,306,5506,10882,805,05/10/2026 12:51:05
MT,90344,5106455,PLANALTO DA SERRA,"100,00",3110,2356,2280,18,58,953,1193,134,05/10/2026 12:51:05
MT,91294,5106505,POCONÉ,"100,00",25545,19450,18827,207,416,10514,7486,827,05/10/2026 12:51:05
MT,90700,5106653,PONTAL DO ARAGUAIA,"100,00",5354,4339,4227,33,79,1408,2495,324,05/10/2026 12:51:05
MT,91332,5106703,PONTE BRANCA,"100,00",2037,1548,1484,20,44,704,680,100,05/10/2026 12:51:05
MT,89990,5106752,PONTES E LACERDA,"100,00",34620,25860,25111,265,484,4594,19351,1166,05/10/2026 12:51:05
MT,98850,5106778,PORTO ALEGRE DO NORTE,"100,00",7904,6045,5877,49,119,1779,3863,235,05/10/2026 12:51:05
MT,91359,5106802,PORTO DOS GAÚCHOS,"100,00",4455,3431,3344,29,58,640,2583,121,05/10/2026 12:51:05
MT,98876,5106828,PORTO ESPERIDIÃO,"100,00",8053,5944,5739,32,173,2055,3488,196,05/10/2026 12:51:05
MT,90182,5106851,PORTO ESTRELA,"100,00",3328,2665,2578,14,73,1443,1048,87,05/10/2026 12:51:05
MT,91391,5107008,POXORÉU,"100,00",14509,10801,10426,120,255,4058,5778,590,05/10/2026 12:51:05
MT,98892,5107040,PRIMAVERA DO LESTE,"100,00",57120,44309,43218,411,680,8209,32776,2233,05/10/2026 12:51:05
MT,90069,5107065,QUERÊNCIA,"100,00",18997,14247,13985,80,182,2992,10420,573,05/10/2026 12:51:05
MT,98914,5107156,RESERVA DO CABAÇAL,"100,00",1838,1465,1415,14,36,524,812,79,05/10/2026 12:51:05
MT,90662,5107180,RIBEIRÃO CASCALHEIRA,"100,00",7618,5818,5651,38,129,1483,3961,207,05/10/2026 12:51:05
MT,90441,5107198,RIBEIRÃOZINHO,"100,00",2466,1979,1926,16,37,706,1064,156,05/10/2026 12:51:05
MT,89958,5107206,RIO BRANCO,"100,00",3897,3051,2936,34,81,1035,1732,169,05/10/2026 12:51:05
MT,89960,5107578,RONDOLÂNDIA,"100,00",3084,2298,2233,10,55,861,1295,77,05/10/2026 12:51:05
MT,91510,5107602,RONDONÓPOLIS,"100,00",177622,136921,132616,1599,2706,38046,85901,8669,05/10/2026 12:51:05
MT,91537,5107701,ROSÁRIO OESTE,"100,00",13155,10185,9857,85,243,4253,5223,381,05/10/2026 12:51:05
MT,89974,5107750,SALTO DO CÉU,"100,00",3076,2408,2326,30,52,680,1566,80,05/10/2026 12:51:05
MT,90107,5107248,SANTA CARMEM,"100,00",4178,3457,3376,37,44,612,2624,140,05/10/2026 12:51:05
MT,90980,5107743,SANTA CRUZ DO XINGU,"100,00",2268,1651,1610,7,34,370,1175,65,05/10/2026 12:51:05
MT,91049,5107768,SANTA RITA DO TRIVELATO,"100,00",2606,2027,1981,17,29,478,1373,130,05/10/2026 12:51:05
MT,91979,5107776,SANTA TEREZINHA,"100,00",5358,3919,3788,17,114,1693,1909,186,05/10/2026 12:51:05
MT,90328,5107263,SANTO AFONSO,"100,00",2661,2073,2011,22,40,652,1251,108,05/10/2026 12:51:05
MT,89843,5107792,SANTO ANTÔNIO DO LESTE,"100,00",2731,2028,1967,6,55,660,1219,88,05/10/2026 12:51:05
MT,91553,5107800,SANTO ANTÔNIO DO LEVERGER,"100,00",17145,13710,13325,112,273,6337,6285,703,05/10/2026 12:51:05
MT,90727,5107875,SAPEZAL,"100,00",20539,15044,14652,158,234,3520,10477,655,05/10/2026 12:51:05
MT,90921,5107883,SERRA NOVA DOURADA,"100,00",1725,1183,1156,3,24,271,836,49,05/10/2026 12:51:05
MT,89850,5107909,SINOP,"100,00",127167,98342,96146,816,1380,17568,73701,4877,05/10/2026 12:51:05
MT,98930,5107925,SORRISO,"100,00",76028,59713,58458,486,769,11829,43990,2639,05/10/2026 12:51:05
MT,91839,5107859,SÃO FÉLIX DO ARAGUAIA,"100,00",8490,5928,5769,24,135,1921,3600,248,05/10/2026 12:51:05
MT,90026,5107297,SÃO JOSÉ DO POVO,"100,00",3000,2376,2292,19,65,852,1307,133,05/10/2026 12:51:05
MT,91995,5107305,SÃO JOSÉ DO RIO CLARO,"100,00",11217,8842,8596,74,172,1741,6570,285,05/10/2026 12:51:05
MT,90247,5107354,SÃO JOSÉ DO XINGU,"100,00",5340,3691,3586,31,74,1153,2293,140,05/10/2026 12:51:05
MT,89931,5107107,SÃO JOSÉ DOS QUATRO MARCOS,"100,00",13117,10253,9870,141,242,2640,6871,359,05/10/2026 12:51:05
MT,90409,5107404,SÃO PEDRO DA CIPA,"100,00",3891,3119,3049,28,42,1213,1736,100,05/10/2026 12:51:05
MT,90220,5107941,TABAPORÃ,"100,00",8039,5923,5796,46,81,1093,4500,203,05/10/2026 12:51:05
MT,91855,5107958,TANGARÁ DA SERRA,"100,00",70136,54250,52755,586,909,11800,38028,2927,05/10/2026 12:51:05
MT,90689,5108006,TAPURAH,"100,00",9694,7642,7485,49,108,1351,5887,247,05/10/2026 12:51:05
MT,98957,5108055,TERRA NOVA DO NORTE,"100,00",9125,6971,6773,83,115,1873,4591,309,05/10/2026 12:51:05
MT,91618,5108105,TESOURO,"100,00",2759,2101,2035,13,53,879,1024,132,05/10/2026 12:51:05
MT,91634,5108204,TORIXORÉU,"100,00",3727,2992,2909,14,69,1057,1663,189,05/10/2026 12:51:05
MT,90840,5108303,UNIÃO DO SUL,"100,00",3630,2681,2640,15,26,663,1918,59,05/10/2026 12:51:05
MT,91022,5108352,VALE DE SÃO DOMINGOS,"100,00",2721,2146,2088,10,48,415,1610,63,05/10/2026 12:51:05
MT,98973,5108501,VERA,"100,00",7850,6174,5997,62,115,1337,4397,263,05/10/2026 12:51:05
MT,91090,5105507,VILA BELA DA SANTÍSSIMA TRINDADE,"100,00",11198,8318,8081,50,187,2791,4975,315,05/10/2026 12:51:05
MT,98990,5108600,VILA RICA,"100,00",13846,10315,10024,95,196,2213,7421,390,05/10/2026 12:51:05
MT,91677,5108402,VÁRZEA GRANDE,"100,00",194985,156729,151684,2100,2945,55331,85581,10772,05/10/2026 12:51:05
MT,91910,5100201,ÁGUA BOA,"100,00",21159,16113,15741,125,247,2549,12438,754,05/10/2026 12:51:05
MS,55018,5000252,ALCINÓPOLIS,"100,00",3809,2915,2836,22,57,1092,1510,234,05/10/2026 12:51:05
MS,90115,5000609,AMAMBAI,"100,00",27203,18880,18422,145,313,6943,10701,778,05/10/2026 12:51:05
MS,90131,5000708,ANASTÁCIO,"100,00",18203,13312,12954,150,208,5052,7224,678,05/10/2026 12:51:05
MS,90158,5000807,ANAURILÂNDIA,"100,00",6297,4777,4628,38,111,1933,2396,299,05/10/2026 12:51:05
MS,91693,5000856,ANGÉLICA,"100,00",8695,6330,6114,82,134,2453,3246,415,05/10/2026 12:51:05
MS,90174,5000906,ANTÔNIO JOÃO,"100,00",7911,6025,5822,68,135,2031,3542,249,05/10/2026 12:51:05
MS,90190,5001003,APARECIDA DO TABOADO,"100,00",19558,14220,13571,248,401,4599,8093,879,05/10/2026 12:51:05
MS,90212,5001102,AQUIDAUANA,"100,00",36393,25813,25127,339,347,11058,12723,1346,05/10/2026 12:51:05
MS,91715,5001243,ARAL MOREIRA,"100,00",8273,6400,6235,41,124,2504,3563,168,05/10/2026 12:51:05
MS,90298,5001508,BANDEIRANTES,"100,00",6799,5054,4889,51,114,1734,2842,313,05/10/2026 12:51:05
MS,90379,5001904,BATAGUASSU,"100,00",19771,14263,13716,237,310,5075,7765,876,05/10/2026 12:51:05
MS,90395,5002001,BATAYPORÃ,"100,00",8414,6130,5940,60,130,2360,3307,273,05/10/2026 12:51:05
MS,90417,5002100,BELA VISTA,"100,00",16420,11967,11683,104,180,4235,6983,465,05/10/2026 12:51:05
MS,98019,5002159,BODOQUENA,"100,00",6487,4931,4794,53,84,1943,2574,277,05/10/2026 12:51:05
MS,90433,5002209,BONITO,"100,00",19254,14181,13861,127,193,4388,8663,810,05/10/2026 12:51:05
MS,90450,5002308,BRASILÂNDIA,"100,00",9576,6539,6304,84,151,2019,3941,344,05/10/2026 12:51:05
MS,90557,5002407,CAARAPÓ,"100,00",22152,16245,15845,151,249,5160,10049,636,05/10/2026 12:51:05
MS,90492,5002605,CAMAPUÃ,"100,00",10948,8240,8003,83,154,2725,4886,392,05/10/2026 12:51:05
MS,90514,5002704,CAMPO GRANDE,"100,00",641185,512243,493688,8120,10435,159856,289672,44160,05/10/2026 12:51:05
MS,90530,5002803,CARACOL,"100,00",4723,3636,3579,16,41,1241,2214,124,05/10/2026 12:51:05
MS,90573,5002902,CASSILÂNDIA,"100,00",15301,11165,10701,149,315,2961,6951,789,05/10/2026 12:51:05
MS,91782,5002951,CHAPADÃO DO SUL,"100,00",23000,17409,16972,177,260,3860,12182,930,05/10/2026 12:51:05
MS,90611,5003108,CORGUINHO,"100,00",4479,3353,3249,33,71,1287,1750,212,05/10/2026 12:51:05
MS,98590,5003157,CORONEL SAPUCAIA,"100,00",12105,9894,9579,85,230,4295,4988,296,05/10/2026 12:51:05
MS,90638,5003207,CORUMBÁ,"100,00",67548,51312,49644,793,875,22332,24513,2799,05/10/2026 12:51:05
MS,98035,5003256,COSTA RICA,"100,00",22355,16061,15565,189,307,4613,10033,919,05/10/2026 12:51:05
MS,90654,5003306,COXIM,"100,00",26464,19354,18767,237,350,7119,10656,992,05/10/2026 12:51:05
MS,91758,5003454,DEODÁPOLIS,"100,00",10690,8161,7882,112,167,3048,4411,423,05/10/2026 12:51:05
MS,91804,5003488,DOIS IRMÃOS DO BURITI,"100,00",8601,6512,6346,68,98,3579,2509,258,05/10/2026 12:51:05
MS,98051,5003504,DOURADINA,"100,00",4920,4131,4020,19,92,1358,2506,156,05/10/2026 12:51:05
MS,90735,5003702,DOURADOS,"100,00",166869,133124,128832,1794,2498,40477,79483,8872,05/10/2026 12:51:05
MS,91731,5003751,ELDORADO,"100,00",8988,6302,6087,79,136,2021,3759,307,05/10/2026 12:51:05
MS,55069,5003900,FIGUEIRÃO,"100,00",2805,2152,2088,27,37,792,1151,145,05/10/2026 12:51:05
MS,90751,5003801,FÁTIMA DO SUL,"100,00",16886,13209,12776,175,258,4939,7072,765,05/10/2026 12:51:05
MS,90794,5004007,GLÓRIA DE DOURADOS,"100,00",8125,6225,6011,80,134,2278,3427,306,05/10/2026 12:51:05
MS,90816,5004106,GUIA LOPES DA LAGUNA,"100,00",7950,5797,5604,57,136,2092,3255,257,05/10/2026 12:51:05
MS,90859,5004304,IGUATEMI,"100,00",10722,7561,7358,70,133,2452,4552,354,05/10/2026 12:51:05
MS,90875,5004403,INOCÊNCIA,"100,00",7251,4681,4491,66,124,1514,2721,256,05/10/2026 12:51:05
MS,90891,5004502,ITAPORÃ,"100,00",14201,11633,11289,133,211,3349,7419,521,05/10/2026 12:51:05
MS,98078,5004601,ITAQUIRAÍ,"100,00",14628,10129,9844,96,189,4474,4871,499,05/10/2026 12:51:05
MS,90930,5004700,IVINHEMA,"100,00",21196,15630,15141,219,270,4696,9512,933,05/10/2026 12:51:05
MS,55034,5004809,JAPORÃ,"100,00",6581,5053,4866,20,167,3273,1452,141,05/10/2026 12:51:05
MS,90972,5004908,JARAGUARI,"100,00",6048,4510,4387,36,87,1870,2211,306,05/10/2026 12:51:05
MS,90999,5005004,JARDIM,"100,00",18633,13538,13151,144,243,4191,8299,661,05/10/2026 12:51:05
MS,91014,5005103,JATEÍ,"100,00",4340,3367,3302,29,36,1368,1822,112,05/10/2026 12:51:05
MS,91820,5005152,JUTI,"100,00",5982,4327,4216,29,82,1873,2196,147,05/10/2026 12:51:05
MS,91030,5005202,LADÁRIO,"100,00",13609,10248,9915,141,192,4451,4969,495,05/10/2026 12:51:05
MS,55026,5005251,LAGUNA CARAPÃ,"100,00",5465,4275,4182,30,63,1358,2667,157,05/10/2026 12:51:05
MS,91073,5005400,MARACAJU,"100,00",29813,23048,22524,207,317,5356,16185,983,05/10/2026 12:51:05
MS,91111,5005608,MIRANDA,"100,00",20066,14503,14121,140,242,7626,5937,558,05/10/2026 12:51:05
MS,91790,5005681,MUNDO NOVO,"100,00",14988,10970,10570,132,268,3461,6593,516,05/10/2026 12:51:05
MS,91138,5005707,NAVIRAÍ,"100,00",37528,27689,26830,357,502,8020,17261,1549,05/10/2026 12:51:05
MS,91154,5005806,NIOAQUE,"100,00",10377,7968,7813,57,98,3297,4238,278,05/10/2026 12:51:05
MS,55000,5006002,NOVA ALVORADA DO SUL,"100,00",16244,10655,10372,120,163,4003,5815,554,05/10/2026 12:51:05
MS,91235,5006200,NOVA ANDRADINA,"100,00",35629,25197,24451,353,393,8442,14489,1520,05/10/2026 12:51:05
MS,55042,5006259,NOVO HORIZONTE DO SUL,"100,00",3610,2856,2763,33,60,1177,1442,144,05/10/2026 12:51:05
MS,91251,5006309,PARANAÍBA,"100,00",31506,23316,22386,402,528,8030,12815,1541,05/10/2026 12:51:05
MS,91847,5006358,PARANHOS,"100,00",9433,6257,5950,45,262,3192,2600,158,05/10/2026 12:51:05
MS,55050,5006275,PARAÍSO DAS ÁGUAS,"100,00",4335,3179,3087,35,57,701,2253,133,05/10/2026 12:51:05
MS,91278,5006408,PEDRO GOMES,"100,00",6048,4611,4462,45,104,1784,2508,170,05/10/2026 12:51:05
MS,91316,5006606,PONTA PORÃ,"100,00",69957,52170,50133,984,1053,15824,31418,2891,05/10/2026 12:51:05
MS,91375,5006903,PORTO MURTINHO,"100,00",8647,5768,5622,58,88,2441,2949,232,05/10/2026 12:51:05
MS,91413,5007109,RIBAS DO RIO PARDO,"100,00",16370,11283,10934,142,207,3970,6317,647,05/10/2026 12:51:05
MS,91430,5007208,RIO BRILHANTE,"100,00",26188,19729,19195,231,303,6397,11885,913,05/10/2026 12:51:05
MS,91456,5007307,RIO NEGRO,"100,00",4176,3248,3144,38,66,1215,1775,154,05/10/2026 12:51:05
MS,91472,5007406,RIO VERDE DE MATO GROSSO,"100,00",13917,10427,10162,88,177,3583,6090,489,05/10/2026 12:51:05
MS,91499,5007505,ROCHEDO,"100,00",4984,3705,3578,49,78,1229,2125,224,05/10/2026 12:51:05
MS,91863,5007554,SANTA RITA DO PARDO,"100,00",5541,3671,3534,52,85,1219,2061,254,05/10/2026 12:51:05
MS,98116,5007802,SELVÍRIA,"100,00",7236,5241,4966,109,166,2305,2363,298,05/10/2026 12:51:05
MS,98132,5007703,SETE QUEDAS,"100,00",7773,5750,5544,56,150,1694,3659,191,05/10/2026 12:51:05
MS,91570,5007901,SIDROLÂNDIA,"100,00",35153,25508,24783,323,402,9542,13860,1381,05/10/2026 12:51:05
MS,91880,5007935,SONORA,"100,00",11254,8636,8401,100,135,3066,4947,388,05/10/2026 12:51:05
MS,98094,5007695,SÃO GABRIEL DO OESTE,"100,00",23080,17363,16940,192,231,4130,11840,970,05/10/2026 12:51:05
MS,98159,5007950,TACURU,"100,00",7003,4663,4490,53,120,2596,1695,199,05/10/2026 12:51:05
MS,98175,5007976,TAQUARUSSU,"100,00",3942,2946,2895,16,35,1381,1413,101,05/10/2026 12:51:05
MS,91596,5008008,TERENOS,"100,00",13850,10749,10407,121,221,4404,5363,640,05/10/2026 12:51:05
MS,91650,5008305,TRÊS LAGOAS,"100,00",88506,65127,62576,1250,1301,21347,36690,4539,05/10/2026 12:51:05
MS,91901,5008404,VICENTINA,"100,00",5998,4817,4674,69,74,2237,2164,273,05/10/2026 12:51:05
MS,90034,5000203,ÁGUA CLARA,"100,00",13465,8956,8695,107,154,2865,5370,460,05/10/2026 12:51:05
MG,40010,3100104,ABADIA DOS DOURADOS,"100,00",5720,4597,4374,66,157,1742,2285,347,05/10/2026 12:51:05
MG,40037,3100203,ABAETÉ,"100,00",17445,13969,13365,264,340,4853,7518,994,05/10/2026 12:51:05
MG,40053,3100302,ABRE CAMPO,"100,00",12103,9483,8920,197,366,4657,3728,535,05/10/2026 12:51:05
MG,40070,3100401,ACAIACA,"100,00",3518,2683,2515,39,129,1577,776,162,05/10/2026 12:51:05
MG,40150,3100807,AGUANIL,"100,00",4331,3305,3096,86,123,1367,1443,286,05/10/2026 12:51:05
MG,40215,3101102,AIMORÉS,"100,00",19149,14096,13582,237,277,5379,7590,613,05/10/2026 12:51:05
MG,40231,3101201,AIURUOCA,"100,00",4838,3792,3525,85,182,1603,1634,288,05/10/2026 12:51:05
MG,40258,3101300,ALAGOA,"100,00",2619,2046,1965,41,40,573,1240,152,05/10/2026 12:51:05
MG,40274,3101409,ALBERTINA,"100,00",3575,2790,2674,41,75,748,1776,150,05/10/2026 12:51:05
MG,40312,3101607,ALFENAS,"100,00",61027,45855,43642,1133,1080,15031,25475,3136,05/10/2026 12:51:05
MG,40002,3101631,ALFREDO VASCONCELOS,"100,00",6138,5037,4701,112,224,2215,1993,493,05/10/2026 12:51:05
MG,40339,3101706,ALMENARA,"100,00",31120,22411,21351,277,783,14005,6331,1015,05/10/2026 12:51:05
MG,40355,3101805,ALPERCATA,"100,00",6064,4701,4500,91,110,2182,2117,201,05/10/2026 12:51:05
MG,40371,3101904,ALPINÓPOLIS,"100,00",16047,12536,12001,206,329,4443,6537,1021,05/10/2026 12:51:05
MG,40398,3102001,ALTEROSA,"100,00",12246,9725,9286,203,236,3615,5080,591,05/10/2026 12:51:05
MG,41661,3102050,ALTO CAPARAÓ,"100,00",4564,3796,3698,36,62,1010,2512,176,05/10/2026 12:51:05
MG,50695,3153509,ALTO JEQUITIBÁ,"100,00",7177,5776,5521,95,160,1767,3473,281,05/10/2026 12:51:05
MG,40410,3102100,ALTO RIO DOCE,"100,00",10053,7171,6727,167,277,4069,2205,453,05/10/2026 12:51:05
MG,40436,3102209,ALVARENGA,"100,00",4518,3572,3462,38,72,1710,1586,166,05/10/2026 12:51:05
MG,40452,3102308,ALVINÓPOLIS,"100,00",13098,9877,9202,226,449,5519,3095,588,05/10/2026 12:51:05
MG,40479,3102407,ALVORADA DE MINAS,"100,00",4946,3336,3109,57,170,1913,981,215,05/10/2026 12:51:05
MG,40290,3101508,ALÉM PARAÍBA,"100,00",27004,20323,19450,386,487,9703,8346,1401,05/10/2026 12:51:05
MG,40495,3102506,AMPARO DO SERRA,"100,00",4531,3508,3360,48,100,2298,854,208,05/10/2026 12:51:05
MG,40517,3102605,ANDRADAS,"100,00",30179,22852,21463,614,775,6054,13467,1942,05/10/2026 12:51:05
MG,40550,3102803,ANDRELÂNDIA,"100,00",9886,7216,6748,212,256,3190,3036,522,05/10/2026 12:51:05
MG,41688,3102852,ANGELÂNDIA,"100,00",6879,4967,4692,66,209,2069,2302,321,05/10/2026 12:51:05
MG,40576,3102902,ANTÔNIO CARLOS,"100,00",9889,7776,7248,228,300,4036,2599,613,05/10/2026 12:51:05
MG,40592,3103009,ANTÔNIO DIAS,"100,00",9101,6790,6406,134,250,3172,2883,351,05/10/2026 12:51:05
MG,40614,3103108,ANTÔNIO PRADO DE MINAS,"100,00",1915,1551,1493,19,39,711,661,121,05/10/2026 12:51:05
MG,40657,3103306,ARACITABA,"100,00",2839,2130,1987,48,95,1061,796,130,05/10/2026 12:51:05
MG,40690,3103504,ARAGUARI,"100,00",90272,69735,66984,1081,1670,20925,40252,5807,05/10/2026 12:51:05
MG,40711,3103603,ARANTINA,"100,00",2872,2240,2095,64,81,1167,751,177,05/10/2026 12:51:05
MG,40738,3103702,ARAPONGA,"100,00",6500,5353,4914,155,284,3282,1333,299,05/10/2026 12:51:05
MG,40029,3103751,ARAPORÃ,"100,00",7006,5494,5303,71,120,2044,2786,473,05/10/2026 12:51:05
MG,40754,3103801,ARAPUÁ,"100,00",3487,2711,2548,62,101,703,1704,141,05/10/2026 12:51:05
MG,40797,3104007,ARAXÁ,"100,00",81839,63006,59879,1325,1802,21347,31626,6906,05/10/2026 12:51:05
MG,40630,3103207,ARAÇAÍ,"100,00",2834,2208,2103,40,65,998,944,161,05/10/2026 12:51:05
MG,40673,3103405,ARAÇUAÍ,"100,00",28297,19735,18847,316,572,11299,6666,882,05/10/2026 12:51:05
MG,40770,3103900,ARAÚJOS,"100,00",6636,5551,5313,88,150,1557,3338,418,05/10/2026 12:51:05
MG,40819,3104106,ARCEBURGO,"100,00",7685,6043,5668,139,236,1988,3193,487,05/10/2026 12:51:05
MG,40835,3104205,ARCOS,"100,00",33540,26302,24832,714,756,8408,14028,2396,05/10/2026 12:51:05
MG,40851,3104304,AREADO,"100,00",11770,9048,8584,219,245,2900,4959,725,05/10/2026 12:51:05
MG,40878,3104403,ARGIRITA,"100,00",3035,2438,2360,29,49,1434,807,119,05/10/2026 12:51:05
MG,41700,3104452,ARICANDUVA,"100,00",5172,3782,3564,88,130,2016,1263,285,05/10/2026 12:51:05
MG,40894,3104502,ARINOS,"100,00",14460,10322,9895,110,317,5115,4172,608,05/10/2026 12:51:05
MG,40916,3104601,ASTOLFO DUTRA,"100,00",10808,8655,8265,168,222,3703,4028,534,05/10/2026 12:51:05
MG,40932,3104700,ATALÉIA,"100,00",11033,7658,7317,80,261,4475,2507,335,05/10/2026 12:51:05
MG,40959,3104809,AUGUSTO DE LIMA,"100,00",4467,3101,2947,55,99,1501,1234,212,05/10/2026 12:51:05
MG,40096,3100500,AÇUCENA,"100,00",8227,5412,5073,114,225,2771,2061,241,05/10/2026 12:51:05
MG,40975,3104908,BAEPENDI,"100,00",15621,12336,11735,238,363,3846,6905,984,05/10/2026 12:51:05
MG,40991,3105004,BALDIM,"100,00",7093,5685,5405,123,157,2375,2492,538,05/10/2026 12:51:05
MG,41017,3105103,BAMBUÍ,"100,00",19001,14059,13270,369,420,5851,6202,1217,05/10/2026 12:51:05
MG,41033,3105202,BANDEIRA,"100,00",4576,3218,2982,51,185,2237,630,115,05/10/2026 12:51:05
MG,41050,3105301,BANDEIRA DO SUL,"100,00",5237,4136,3944,89,103,1359,2242,343,05/10/2026 12:51:05
MG,41114,3105608,BARBACENA,"100,00",99361,78398,73323,1985,3090,35266,31062,6995,05/10/2026 12:51:05
MG,41130,3105707,BARRA LONGA,"100,00",5500,4133,3865,90,178,2513,1145,207,05/10/2026 12:51:05
MG,41173,3105905,BARROSO,"100,00",17476,13791,12656,525,610,6454,5110,1092,05/10/2026 12:51:05
MG,41076,3105400,BARÃO DE COCAIS,"100,00",24133,19178,17714,638,826,7920,7794,2000,05/10/2026 12:51:05
MG,41092,3105509,BARÃO DE MONTE ALTO,"100,00",5613,4270,4116,49,105,2394,1535,187,05/10/2026 12:51:05
MG,41190,3106002,BELA VISTA DE MINAS,"100,00",8231,6598,6240,162,196,3508,2305,427,05/10/2026 12:51:05
MG,41211,3106101,BELMIRO BRAGA,"100,00",3228,2593,2497,35,61,1470,876,151,05/10/2026 12:51:05
MG,41238,3106200,BELO HORIZONTE,"100,00",1966966,1502632,1430488,30483,41661,592037,690960,147491,05/10/2026 12:51:05
MG,41254,3106309,BELO ORIENTE,"100,00",20697,15361,14627,280,454,6621,7209,797,05/10/2026 12:51:05
MG,41270,3106408,BELO VALE,"100,00",8588,6828,6455,160,213,3205,2728,522,05/10/2026 12:51:05
MG,41297,3106507,BERILO,"100,00",8995,6020,5630,118,272,3957,1369,304,05/10/2026 12:51:05
MG,41726,3106655,BERIZAL,"100,00",4307,3356,3199,40,117,1952,1009,238,05/10/2026 12:51:05
MG,41319,3106606,BERTÓPOLIS,"100,00",4066,3094,2975,27,92,1961,912,102,05/10/2026 12:51:05
MG,41335,3106705,BETIM,"100,00",301594,247276,231975,6411,8890,95603,113009,23363,05/10/2026 12:51:05
MG,41351,3106804,BIAS FORTES,"100,00",3816,2828,2660,65,103,1690,817,153,05/10/2026 12:51:05
MG,41378,3106903,BICAS,"100,00",11578,8861,8451,132,278,3949,3887,615,05/10/2026 12:51:05
MG,41394,3107000,BIQUINHAS,"100,00",2682,2023,1917,36,70,836,982,99,05/10/2026 12:51:05
MG,41416,3107109,BOA ESPERANÇA,"100,00",32515,24278,23115,599,564,9021,12418,1676,05/10/2026 12:51:05
MG,41432,3107208,BOCAINA DE MINAS,"100,00",4428,3389,3196,64,129,1360,1534,302,05/10/2026 12:51:05
MG,41459,3107307,BOCAIÚVA,"100,00",35646,27974,26680,521,773,16819,8117,1744,05/10/2026 12:51:05
MG,41475,3107406,BOM DESPACHO,"100,00",39052,29939,28389,761,789,7553,18173,2663,05/10/2026 12:51:05
MG,41491,3107505,BOM JARDIM DE MINAS,"100,00",6321,4986,4727,102,157,2288,2016,423,05/10/2026 12:51:05
MG,41513,3107604,BOM JESUS DA PENHA,"100,00",3674,2935,2807,48,80,882,1661,264,05/10/2026 12:51:05
MG,41530,3107703,BOM JESUS DO AMPARO,"100,00",5181,3935,3673,98,164,1900,1377,396,05/10/2026 12:51:05
MG,41556,3107802,BOM JESUS DO GALHO,"100,00",12062,9454,8902,180,372,4319,4199,384,05/10/2026 12:51:05
MG,41572,3107901,BOM REPOUSO,"100,00",10209,8264,7824,189,251,3018,4238,568,05/10/2026 12:51:05
MG,41599,3108008,BOM SUCESSO,"100,00",15102,11063,10298,353,412,4823,4687,788,05/10/2026 12:51:05
MG,41610,3108107,BONFIM,"100,00",7317,5596,5211,184,201,2302,2255,654,05/10/2026 12:51:05
MG,41637,3108206,BONFINÓPOLIS DE MINAS,"100,00",5046,3663,3538,59,66,1722,1493,323,05/10/2026 12:51:05
MG,41742,3108255,BONITO DE MINAS,"100,00",8624,6063,5729,68,266,4263,1086,380,05/10/2026 12:51:05
MG,41653,3108305,BORDA DA MATA,"100,00",13454,10648,10089,219,340,3275,5900,914,05/10/2026 12:51:05
MG,41670,3108404,BOTELHOS,"100,00",12776,9614,9179,190,245,4353,4117,709,05/10/2026 12:51:05
MG,41696,3108503,BOTUMIRIM,"100,00",5656,4038,3761,71,206,2656,919,186,05/10/2026 12:51:05
MG,40045,3108552,BRASILÂNDIA DE MINAS,"100,00",12436,9458,9176,83,199,4395,4073,708,05/10/2026 12:51:05
MG,41718,3108602,BRASÍLIA DE MINAS,"100,00",27089,19651,18798,321,532,12141,5653,1004,05/10/2026 12:51:05
MG,41777,3108909,BRAZÓPOLIS,"100,00",12541,9376,8814,246,316,3305,4663,846,05/10/2026 12:51:05
MG,41750,3108800,BRAÚNAS,"100,00",4386,3009,2809,58,142,1494,1171,144,05/10/2026 12:51:05
MG,41793,3109006,BRUMADINHO,"100,00",35366,27822,26295,610,917,10586,12959,2750,05/10/2026 12:51:05
MG,41734,3108701,BRÁS PIRES,"100,00",4684,3291,3108,63,120,1651,1243,214,05/10/2026 12:51:05
MG,41815,3109105,BUENO BRANDÃO,"100,00",8694,6580,6270,133,177,1663,4040,567,05/10/2026 12:51:05
MG,41831,3109204,BUENÓPOLIS,"100,00",8547,5459,5168,91,200,2762,1985,421,05/10/2026 12:51:05
MG,41769,3109253,BUGRE,"100,00",4366,3276,3136,57,83,1297,1671,168,05/10/2026 12:51:05
MG,41858,3109303,BURITIS,"100,00",20584,15278,14829,148,301,5572,8399,858,05/10/2026 12:51:05
MG,41874,3109402,BURITIZEIRO,"100,00",20491,15147,14130,335,682,6943,6277,910,05/10/2026 12:51:05
MG,41785,3109451,CABECEIRA GRANDE,"100,00",5891,4408,4256,55,97,1680,2234,342,05/10/2026 12:51:05
MG,41890,3109501,CABO VERDE,"100,00",9574,7449,7113,155,181,3220,3393,500,05/10/2026 12:51:05
MG,41912,3109600,CACHOEIRA DA PRATA,"100,00",3473,2846,2707,63,76,1154,1267,286,05/10/2026 12:51:05
MG,41939,3109709,CACHOEIRA DE MINAS,"100,00",10111,8049,7611,177,261,2419,4410,782,05/10/2026 12:51:05
MG,40533,3102704,CACHOEIRA DE PAJEÚ,"100,00",6975,4954,4694,84,176,2984,1503,207,05/10/2026 12:51:05
MG,41955,3109808,CACHOEIRA DOURADA,"100,00",2798,2016,1968,14,34,989,801,178,05/10/2026 12:51:05
MG,41971,3109907,CAETANÓPOLIS,"100,00",8761,7177,6728,164,285,2479,3638,611,05/10/2026 12:51:05
MG,41998,3110004,CAETÉ,"100,00",34347,26117,24433,734,950,11032,10061,3340,05/10/2026 12:51:05
MG,42013,3110103,CAIANA,"100,00",4437,3532,3343,63,126,1635,1486,222,05/10/2026 12:51:05
MG,42030,3110202,CAJURI,"100,00",4769,3867,3636,99,132,2310,1102,224,05/10/2026 12:51:05
MG,42056,3110301,CALDAS,"100,00",10805,8369,7944,157,268,2671,4607,666,05/10/2026 12:51:05
MG,42072,3110400,CAMACHO,"100,00",3110,2563,2393,94,76,1181,1096,116,05/10/2026 12:51:05
MG,42099,3110509,CAMANDUCAIA,"100,00",18995,13918,13118,375,425,4556,7679,883,05/10/2026 12:51:05
MG,42137,3110707,CAMBUQUIRA,"100,00",10157,7452,6996,174,282,3008,3437,551,05/10/2026 12:51:05
MG,42110,3110608,CAMBUÍ,"100,00",22533,16922,15989,357,576,5482,8860,1647,05/10/2026 12:51:05
MG,42170,3110905,CAMPANHA,"100,00",12729,9480,8971,226,283,2706,5606,659,05/10/2026 12:51:05
MG,42153,3110806,CAMPANÁRIO,"100,00",3378,2388,2270,29,89,1392,796,82,05/10/2026 12:51:05
MG,42196,3111002,CAMPESTRE,"100,00",16477,12997,12228,411,358,3891,7199,1138,05/10/2026 12:51:05
MG,42218,3111101,CAMPINA VERDE,"100,00",14505,11012,10603,153,256,4202,5723,678,05/10/2026 12:51:05
MG,41807,3111150,CAMPO AZUL,"100,00",4494,3090,2991,33,66,2083,760,148,05/10/2026 12:51:05
MG,42234,3111200,CAMPO BELO,"100,00",39354,29228,27488,828,912,9729,15633,2126,05/10/2026 12:51:05
MG,42250,3111309,CAMPO DO MEIO,"100,00",10449,7950,7564,191,195,3889,3261,414,05/10/2026 12:51:05
MG,42277,3111408,CAMPO FLORIDO,"100,00",6473,5085,4910,69,106,2096,2540,274,05/10/2026 12:51:05
MG,42293,3111507,CAMPOS ALTOS,"100,00",10084,7016,6672,171,173,2237,3890,545,05/10/2026 12:51:05
MG,42315,3111606,CAMPOS GERAIS,"100,00",20481,15354,14491,412,451,5690,7710,1091,05/10/2026 12:51:05
MG,42374,3111903,CANA VERDE,"100,00",4983,3989,3795,94,100,1695,1829,271,05/10/2026 12:51:05
MG,42331,3111705,CANAÃ,"100,00",4403,3690,3476,80,134,2262,986,228,05/10/2026 12:51:05
MG,42390,3112000,CANDEIAS,"100,00",11511,9101,8329,387,385,3411,4266,652,05/10/2026 12:51:05
MG,41823,3112059,CANTAGALO,"100,00",3858,2699,2530,40,129,1534,832,164,05/10/2026 12:51:05
MG,42358,3111804,CANÁPOLIS,"100,00",8776,6477,6262,82,133,3266,2596,400,05/10/2026 12:51:05
MG,42412,3112109,CAPARAÓ,"100,00",4641,3609,3461,58,90,1219,2024,218,05/10/2026 12:51:05
MG,42439,3112208,CAPELA NOVA,"100,00",4746,3797,3467,171,159,1935,1239,293,05/10/2026 12:51:05
MG,42455,3112307,CAPELINHA,"100,00",31072,23167,21867,482,818,9706,10539,1622,05/10/2026 12:51:05
MG,42471,3112406,CAPETINGA,"100,00",5621,4135,3907,97,131,1597,1985,325,05/10/2026 12:51:05
MG,42498,3112505,CAPIM BRANCO,"100,00",8469,6827,6433,177,217,2411,3379,643,05/10/2026 12:51:05
MG,42510,3112604,CAPINÓPOLIS,"100,00",11606,8920,8641,106,173,3898,4129,614,05/10/2026 12:51:05
MG,40061,3112653,CAPITÃO ANDRADE,"100,00",4057,3006,2877,39,90,1190,1485,202,05/10/2026 12:51:05
MG,42536,3112703,CAPITÃO ENÉAS,"100,00",13076,9795,9286,154,355,5945,2801,540,05/10/2026 12:51:05
MG,42552,3112802,CAPITÓLIO,"100,00",8244,6184,5934,99,151,1824,3618,492,05/10/2026 12:51:05
MG,42579,3112901,CAPUTIRA,"100,00",7830,6539,6131,173,235,3284,2570,277,05/10/2026 12:51:05
MG,42617,3113107,CARANAÍBA,"100,00",3454,2753,2535,80,138,1276,1033,226,05/10/2026 12:51:05
MG,42633,3113206,CARANDAÍ,"100,00",20681,16996,15661,724,611,7083,7394,1184,05/10/2026 12:51:05
MG,42650,3113305,CARANGOLA,"100,00",23082,18200,17355,321,524,8137,7936,1282,05/10/2026 12:51:05
MG,42676,3113404,CARATINGA,"100,00",60397,47222,45035,829,1358,18714,23415,2906,05/10/2026 12:51:05
MG,42595,3113008,CARAÍ,"100,00",15521,10639,9890,169,580,6827,2546,517,05/10/2026 12:51:05
MG,42692,3113503,CARBONITA,"100,00",8159,5955,5558,154,243,2789,2273,496,05/10/2026 12:51:05
MG,42714,3113602,CAREAÇU,"100,00",5368,4200,4035,54,111,1509,2281,245,05/10/2026 12:51:05
MG,42730,3113701,CARLOS CHAGAS,"100,00",16296,11190,10604,198,388,5856,4165,583,05/10/2026 12:51:05
MG,42773,3113909,CARMO DA CACHOEIRA,"100,00",9450,6991,6492,207,292,3310,2726,456,05/10/2026 12:51:05
MG,42790,3114006,CARMO DA MATA,"100,00",9616,7648,7159,214,275,3618,2917,624,05/10/2026 12:51:05
MG,42811,3114105,CARMO DE MINAS,"100,00",9819,7695,7203,189,303,2866,3856,481,05/10/2026 12:51:05
MG,42838,3114204,CARMO DO CAJURU,"100,00",19084,15442,14645,380,417,5213,7916,1516,05/10/2026 12:51:05
MG,42854,3114303,CARMO DO PARANAÍBA,"100,00",22245,17026,16171,380,475,4509,10621,1041,05/10/2026 12:51:05
MG,42870,3114402,CARMO DO RIO CLARO,"100,00",15908,12322,11773,235,314,3987,6702,1084,05/10/2026 12:51:05
MG,42757,3113800,CARMÉSIA,"100,00",2716,1946,1844,27,75,1007,670,167,05/10/2026 12:51:05
MG,42897,3114501,CARMÓPOLIS DE MINAS,"100,00",13900,11785,11207,256,322,4392,5807,1008,05/10/2026 12:51:05
MG,40088,3114550,CARNEIRINHO,"100,00",7997,6153,5943,54,156,2543,3105,295,05/10/2026 12:51:05
MG,42919,3114600,CARRANCAS,"100,00",3441,2657,2514,57,86,1085,1213,216,05/10/2026 12:51:05
MG,42951,3114808,CARVALHOS,"100,00",3994,3264,2980,100,184,1343,1450,187,05/10/2026 12:51:05
MG,42935,3114709,CARVALHÓPOLIS,"100,00",3407,2675,2542,48,85,948,1425,169,05/10/2026 12:51:05
MG,42978,3114907,CASA GRANDE,"100,00",3027,2462,2355,42,65,822,1273,260,05/10/2026 12:51:05
MG,42994,3115003,CASCALHO RICO,"100,00",3773,2919,2823,34,62,1035,1602,186,05/10/2026 12:51:05
MG,43052,3115300,CATAGUASES,"100,00",52112,39504,37632,712,1160,20582,14298,2752,05/10/2026 12:51:05
MG,41840,3115359,CATAS ALTAS,"100,00",5156,4007,3737,111,159,1710,1462,565,05/10/2026 12:51:05
MG,43079,3115409,CATAS ALTAS DA NORUEGA,"100,00",4149,3189,2990,67,132,1675,1077,238,05/10/2026 12:51:05
MG,40100,3115458,CATUJI,"100,00",8492,6132,5824,68,240,3945,1641,238,05/10/2026 12:51:05
MG,41866,3115474,CATUTI,"100,00",4594,3563,3399,32,132,2294,931,174,05/10/2026 12:51:05
MG,43095,3115508,CAXAMBU,"100,00",17661,12585,11949,276,360,5437,5487,1025,05/10/2026 12:51:05
MG,43117,3115607,CEDRO DO ABAETÉ,"100,00",1420,1026,990,10,26,393,529,68,05/10/2026 12:51:05
MG,43133,3115706,CENTRAL DE MINAS,"100,00",5637,4437,4246,70,121,1874,2186,186,05/10/2026 12:51:05
MG,43150,3115805,CENTRALINA,"100,00",7672,5946,5728,104,114,3107,2226,395,05/10/2026 12:51:05
MG,43192,3116001,CHALÉ,"100,00",5275,4353,4161,62,130,1942,2046,173,05/10/2026 12:51:05
MG,43214,3116100,CHAPADA DO NORTE,"100,00",9254,5807,5459,85,263,4207,969,283,05/10/2026 12:51:05
MG,41882,3116159,CHAPADA GAÚCHA,"100,00",9589,7119,6865,60,194,3762,2702,401,05/10/2026 12:51:05
MG,43230,3116209,CHIADOR,"100,00",3296,2611,2465,42,104,1046,1217,202,05/10/2026 12:51:05
MG,43176,3115904,CHÁCARA,"100,00",4371,3452,3326,46,80,1532,1494,300,05/10/2026 12:51:05
MG,43257,3116308,CIPOTÂNEA,"100,00",5815,3932,3649,137,146,1985,1365,299,05/10/2026 12:51:05
MG,43273,3116407,CLARAVAL,"100,00",5081,4011,3901,41,69,1004,2639,258,05/10/2026 12:51:05
MG,43290,3116506,CLARO DOS POÇÕES,"100,00",7507,5807,5515,95,197,2890,2229,396,05/10/2026 12:51:05
MG,43311,3116605,CLÁUDIO,"100,00",22834,18369,17346,488,535,4597,11132,1617,05/10/2026 12:51:05
MG,43338,3116704,COIMBRA,"100,00",6598,5394,4982,167,245,2754,1779,449,05/10/2026 12:51:05
MG,43354,3116803,COLUNA,"100,00",6936,4834,4480,106,248,2468,1697,315,05/10/2026 12:51:05
MG,43370,3116902,COMENDADOR GOMES,"100,00",2849,2229,2182,18,29,848,1216,118,05/10/2026 12:51:05
MG,43397,3117009,COMERCINHO,"100,00",6685,4681,4449,56,176,3327,958,164,05/10/2026 12:51:05
MG,43419,3117108,CONCEIÇÃO DA APARECIDA,"100,00",8307,6439,6160,121,158,2425,3198,537,05/10/2026 12:51:05
MG,43036,3115201,CONCEIÇÃO DA BARRA DE MINAS,"100,00",3677,2992,2809,77,106,1299,1253,257,05/10/2026 12:51:05
MG,43451,3117306,CONCEIÇÃO DAS ALAGOAS,"100,00",20159,15441,14881,250,310,6964,7158,759,05/10/2026 12:51:05
MG,43435,3117207,CONCEIÇÃO DAS PEDRAS,"100,00",2816,2219,2070,53,96,778,1098,194,05/10/2026 12:51:05
MG,43478,3117405,CONCEIÇÃO DE IPANEMA,"100,00",4497,3459,3356,27,76,1669,1544,143,05/10/2026 12:51:05
MG,43494,3117504,CONCEIÇÃO DO MATO DENTRO,"100,00",19793,14000,13041,323,636,7457,4443,1141,05/10/2026 12:51:05
MG,43516,3117603,CONCEIÇÃO DO PARÁ,"100,00",5489,4298,4079,98,121,1147,2586,346,05/10/2026 12:51:05
MG,43532,3117702,CONCEIÇÃO DO RIO VERDE,"100,00",10403,7814,7308,240,266,3796,3035,477,05/10/2026 12:51:05
MG,43559,3117801,CONCEIÇÃO DOS OUROS,"100,00",9042,7576,7186,164,226,2290,4313,583,05/10/2026 12:51:05
MG,41920,3117876,CONFINS,"100,00",7057,5797,5546,107,144,2015,3021,510,05/10/2026 12:51:05
MG,43575,3117900,CONGONHAL,"100,00",9730,7897,7521,171,205,2285,4684,552,05/10/2026 12:51:05
MG,43591,3118007,CONGONHAS,"100,00",43886,34664,32436,980,1248,14236,14653,3547,05/10/2026 12:51:05
MG,43613,3118106,CONGONHAS DO NORTE,"100,00",4429,3102,2799,66,237,1792,792,215,05/10/2026 12:51:05
MG,43630,3118205,CONQUISTA,"100,00",5471,4422,4237,74,111,1914,2063,260,05/10/2026 12:51:05
MG,43656,3118304,CONSELHEIRO LAFAIETE,"100,00",94215,78620,73456,2028,3136,34018,30818,8620,05/10/2026 12:51:05
MG,43672,3118403,CONSELHEIRO PENA,"100,00",15714,12020,11546,197,277,4427,6474,645,05/10/2026 12:51:05
MG,43699,3118502,CONSOLAÇÃO,"100,00",2032,1522,1448,36,38,516,818,114,05/10/2026 12:51:05
MG,43710,3118601,CONTAGEM,"100,00",463466,375467,355282,8230,11955,139596,178639,37047,05/10/2026 12:51:05
MG,43737,3118700,COQUEIRAL,"100,00",7797,5963,5653,134,176,2276,2888,489,05/10/2026 12:51:05
MG,43753,3118809,CORAÇÃO DE JESUS,"100,00",21928,15860,15191,189,480,10327,4008,856,05/10/2026 12:51:05
MG,43770,3118908,CORDISBURGO,"100,00",6880,5451,5185,127,139,2520,2310,355,05/10/2026 12:51:05
MG,43796,3119005,CORDISLÂNDIA,"100,00",2969,2289,2186,34,69,1099,986,101,05/10/2026 12:51:05
MG,43818,3119104,CORINTO,"100,00",19765,13842,13132,320,390,6787,5359,986,05/10/2026 12:51:05
MG,43834,3119203,COROACI,"100,00",7969,6125,5668,117,340,3029,2362,277,05/10/2026 12:51:05
MG,43850,3119302,COROMANDEL,"100,00",24503,18942,18159,319,464,5748,11001,1410,05/10/2026 12:51:05
MG,43877,3119401,CORONEL FABRICIANO,"100,00",79951,59892,57433,1076,1383,21203,32048,4182,05/10/2026 12:51:05
MG,43893,3119500,CORONEL MURTA,"100,00",7295,5450,5184,91,175,3450,1530,204,05/10/2026 12:51:05
MG,43915,3119609,CORONEL PACHECO,"100,00",3068,2490,2355,48,87,1194,997,164,05/10/2026 12:51:05
MG,43931,3119708,CORONEL XAVIER CHAVES,"100,00",3179,2574,2383,91,100,1237,932,214,05/10/2026 12:51:05
MG,44016,3120102,COUTO DE MAGALHÃES DE MINAS,"100,00",3916,2779,2606,56,117,1825,597,184,05/10/2026 12:51:05
MG,44032,3120201,CRISTAIS,"100,00",8667,6737,6277,205,255,2463,3339,475,05/10/2026 12:51:05
MG,44075,3120409,CRISTIANO OTONI,"100,00",4448,3676,3390,125,161,1415,1681,294,05/10/2026 12:51:05
MG,44091,3120508,CRISTINA,"100,00",8297,6239,5808,139,292,2076,3196,536,05/10/2026 12:51:05
MG,44059,3120300,CRISTÁLIA,"100,00",5202,3722,3500,67,155,2363,976,161,05/10/2026 12:51:05
MG,41963,3120151,CRISÓLITA,"100,00",4714,3282,3114,32,136,1927,1028,159,05/10/2026 12:51:05
MG,44113,3120607,CRUCILÂNDIA,"100,00",5672,4324,4026,125,173,1535,2088,403,05/10/2026 12:51:05
MG,44130,3120706,CRUZEIRO DA FORTALEZA,"100,00",4351,3446,3352,38,56,1055,2032,265,05/10/2026 12:51:05
MG,44156,3120805,CRUZÍLIA,"100,00",12917,9864,9305,290,269,4528,4007,770,05/10/2026 12:51:05
MG,41980,3120839,CUPARAQUE,"100,00",3950,3087,2993,33,61,1028,1826,139,05/10/2026 12:51:05
MG,42005,3120870,CURRAL DE DENTRO,"100,00",6816,5024,4767,55,202,2728,1803,236,05/10/2026 12:51:05
MG,44172,3120904,CURVELO,"100,00",61304,46111,43610,1224,1277,18959,20834,3817,05/10/2026 12:51:05
MG,43010,3115102,CÁSSIA,"100,00",13923,9792,9279,198,315,3791,4684,804,05/10/2026 12:51:05
MG,43958,3119807,CÓRREGO DANTA,"100,00",3391,2407,2293,37,77,965,1177,151,05/10/2026 12:51:05
MG,43974,3119906,CÓRREGO DO BOM JESUS,"100,00",4380,3386,3195,78,113,1166,1774,255,05/10/2026 12:51:05
MG,41947,3119955,CÓRREGO FUNDO,"100,00",5391,4457,4186,109,162,1182,2416,588,05/10/2026 12:51:05
MG,43990,3120003,CÓRREGO NOVO,"100,00",3921,2910,2772,43,95,1602,1063,107,05/10/2026 12:51:05
MG,41904,3117836,CÔNEGO MARINHO,"100,00",6340,4748,4522,66,160,3425,786,311,05/10/2026 12:51:05
MG,44199,3121001,DATAS,"100,00",5139,3752,3499,91,162,2467,828,204,05/10/2026 12:51:05
MG,44210,3121100,DELFIM MOREIRA,"100,00",6363,5127,4830,110,187,1816,2637,377,05/10/2026 12:51:05
MG,44237,3121209,DELFINÓPOLIS,"100,00",6314,4693,4509,72,112,1737,2458,314,05/10/2026 12:51:05
MG,42021,3121258,DELTA,"100,00",7483,5798,5480,149,169,2717,2400,363,05/10/2026 12:51:05
MG,44253,3121308,DESCOBERTO,"100,00",4548,3606,3430,58,118,1698,1406,326,05/10/2026 12:51:05
MG,44270,3121407,DESTERRO DE ENTRE RIOS,"100,00",6445,5105,4704,226,175,1533,2762,409,05/10/2026 12:51:05
MG,44296,3121506,DESTERRO DO MELO,"100,00",4211,3475,3252,54,169,1424,1552,276,05/10/2026 12:51:05
MG,44318,3121605,DIAMANTINA,"100,00",38586,28296,26948,563,785,16583,8152,2213,05/10/2026 12:51:05
MG,44334,3121704,DIOGO DE VASCONCELOS,"100,00",3860,2894,2679,57,158,1814,709,156,05/10/2026 12:51:05
MG,44350,3121803,DIONÍSIO,"100,00",6910,4772,4589,62,121,2536,1809,244,05/10/2026 12:51:05
MG,44393,3122009,DIVINO,"100,00",16044,11652,11174,212,266,5863,4774,537,05/10/2026 12:51:05
MG,44415,3122108,DIVINO DAS LARANJEIRAS,"100,00",4710,3492,3342,40,110,1477,1672,193,05/10/2026 12:51:05
MG,44431,3122207,DIVINOLÂNDIA DE MINAS,"100,00",6375,4562,4281,67,214,2096,1860,325,05/10/2026 12:51:05
MG,44377,3121902,DIVINÉSIA,"100,00",5015,3994,3819,56,119,2293,1277,249,05/10/2026 12:51:05
MG,44458,3122306,DIVINÓPOLIS,"100,00",171705,139696,132399,3081,4216,49403,71478,11518,05/10/2026 12:51:05
MG,40126,3122355,DIVISA ALEGRE,"100,00",5228,3872,3648,44,180,2047,1373,228,05/10/2026 12:51:05
MG,44474,3122405,DIVISA NOVA,"100,00",5108,3900,3708,82,110,1712,1753,243,05/10/2026 12:51:05
MG,40142,3122454,DIVISÓPOLIS,"100,00",7088,5252,4976,78,198,2889,1853,234,05/10/2026 12:51:05
MG,42048,3122470,DOM BOSCO,"100,00",3779,2917,2835,26,56,1008,1656,171,05/10/2026 12:51:05
MG,44490,3122504,DOM CAVATI,"100,00",4341,3484,3313,42,129,1380,1731,202,05/10/2026 12:51:05
MG,44512,3122603,DOM JOAQUIM,"100,00",4274,3046,2802,78,166,1630,960,212,05/10/2026 12:51:05
MG,44539,3122702,DOM SILVÉRIO,"100,00",4478,3384,3196,62,126,1836,1137,223,05/10/2026 12:51:05
MG,44555,3122801,DOM VIÇOSO,"100,00",3158,2547,2441,54,52,1010,1271,160,05/10/2026 12:51:05
MG,44571,3122900,DONA EUSÉBIA,"100,00",5779,4810,4632,77,101,2184,2154,294,05/10/2026 12:51:05
MG,44598,3123007,DORES DE CAMPOS,"100,00",8082,6917,6339,267,311,2540,3227,572,05/10/2026 12:51:05
MG,44610,3123106,DORES DE GUANHÃES,"100,00",5278,3730,3480,81,169,1962,1336,182,05/10/2026 12:51:05
MG,44636,3123205,DORES DO INDAIÁ,"100,00",10109,7567,7222,146,199,2446,4269,507,05/10/2026 12:51:05
MG,44652,3123304,DORES DO TURVO,"100,00",5453,4092,3868,81,143,2123,1519,226,05/10/2026 12:51:05
MG,44679,3123403,DORESÓPOLIS,"100,00",2217,1539,1474,35,30,514,867,93,05/10/2026 12:51:05
MG,44695,3123502,DOURADOQUARA,"100,00",2127,1671,1621,20,30,721,763,137,05/10/2026 12:51:05
MG,40169,3123528,DURANDÉ,"100,00",6586,5067,4812,78,177,2470,2114,228,05/10/2026 12:51:05
MG,44717,3123601,ELÓI MENDES,"100,00",19976,15638,14691,447,500,5123,8279,1289,05/10/2026 12:51:05
MG,44733,3123700,ENGENHEIRO CALDAS,"100,00",7790,5977,5675,102,200,2560,2875,240,05/10/2026 12:51:05
MG,44750,3123809,ENGENHEIRO NAVARRO,"100,00",6173,4708,4473,79,156,2920,1271,282,05/10/2026 12:51:05
MG,40185,3123858,ENTRE FOLHAS,"100,00",5891,4557,4383,57,117,2073,2150,160,05/10/2026 12:51:05
MG,44776,3123908,ENTRE RIOS DE MINAS,"100,00",12811,9963,9397,203,363,4203,4146,1048,05/10/2026 12:51:05
MG,44792,3124005,ERVÁLIA,"100,00",16479,13217,12007,646,564,6779,4244,984,05/10/2026 12:51:05
MG,44814,3124104,ESMERALDAS,"100,00",56992,43358,40645,1270,1443,18840,17976,3829,05/10/2026 12:51:05
MG,44830,3124203,ESPERA FELIZ,"100,00",18168,14087,13289,322,476,6041,6308,940,05/10/2026 12:51:05
MG,44857,3124302,ESPINOSA,"100,00",23564,18704,18018,265,421,10628,6420,970,05/10/2026 12:51:05
MG,44873,3124401,ESPÍRITO SANTO DO DOURADO,"100,00",5532,4304,4084,75,145,1645,2178,261,05/10/2026 12:51:05
MG,44890,3124500,ESTIVA,"100,00",9545,7813,7377,201,235,2556,4164,657,05/10/2026 12:51:05
MG,44911,3124609,ESTRELA DALVA,"100,00",2914,2173,2064,32,77,1179,761,124,05/10/2026 12:51:05
MG,44938,3124708,ESTRELA DO INDAIÁ,"100,00",2723,2037,1932,32,73,830,986,116,05/10/2026 12:51:05
MG,44954,3124807,ESTRELA DO SUL,"100,00",5930,4646,4443,71,132,2209,1988,246,05/10/2026 12:51:05
MG,44970,3124906,EUGENÓPOLIS,"100,00",8752,7011,6716,100,195,2877,3482,357,05/10/2026 12:51:05
MG,44997,3125002,EWBANK DA CÂMARA,"100,00",4497,3506,3370,44,92,1967,1239,164,05/10/2026 12:51:05
MG,45012,3125101,EXTREMA,"100,00",43712,32395,30512,903,980,10793,16484,3235,05/10/2026 12:51:05
MG,45039,3125200,FAMA,"100,00",3353,2458,2348,53,57,864,1328,156,05/10/2026 12:51:05
MG,45055,3125309,FARIA LEMOS,"100,00",3325,2653,2529,37,87,1385,998,146,05/10/2026 12:51:05
MG,45110,3125606,FELISBURGO,"100,00",5960,4088,3867,42,179,2471,1180,216,05/10/2026 12:51:05
MG,45136,3125705,FELIXLÂNDIA,"100,00",12556,9282,8769,258,255,4475,3634,660,05/10/2026 12:51:05
MG,45071,3125408,FELÍCIO DOS SANTOS,"100,00",5047,3318,3101,63,154,1818,1015,268,05/10/2026 12:51:05
MG,45152,3125804,FERNANDES TOURINHO,"100,00",2576,1993,1891,43,59,819,980,92,05/10/2026 12:51:05
MG,45179,3125903,FERROS,"100,00",8590,5994,5608,101,285,3407,1866,335,05/10/2026 12:51:05
MG,40207,3125952,FERVEDOURO,"100,00",8564,6934,6555,109,270,3311,2933,311,05/10/2026 12:51:05
MG,45195,3126000,FLORESTAL,"100,00",6984,5450,5179,129,142,2127,2412,640,05/10/2026 12:51:05
MG,45217,3126109,FORMIGA,"100,00",54476,42299,39787,1090,1422,12491,22936,4360,05/10/2026 12:51:05
MG,45233,3126208,FORMOSO,"100,00",6282,4844,4674,45,125,2304,2064,306,05/10/2026 12:51:05
MG,45250,3126307,FORTALEZA DE MINAS,"100,00",3215,2375,2227,64,84,835,1177,215,05/10/2026 12:51:05
MG,45276,3126406,FORTUNA DE MINAS,"100,00",3012,2482,2386,45,51,1188,978,220,05/10/2026 12:51:05
MG,45292,3126505,FRANCISCO BADARÓ,"100,00",7239,4624,4337,98,189,2670,1383,284,05/10/2026 12:51:05
MG,45314,3126604,FRANCISCO DUMONT,"100,00",4726,3320,3177,43,100,1763,1230,184,05/10/2026 12:51:05
MG,45330,3126703,FRANCISCO SÁ,"100,00",19570,14611,13957,207,447,9160,4027,770,05/10/2026 12:51:05
MG,40223,3126752,FRANCISCÓPOLIS,"100,00",5005,3414,3243,47,124,1982,1109,152,05/10/2026 12:51:05
MG,45357,3126802,FREI GASPAR,"100,00",5965,4421,4117,44,260,2408,1525,184,05/10/2026 12:51:05
MG,45373,3126901,FREI INOCÊNCIO,"100,00",6787,5315,5113,65,137,2670,2200,243,05/10/2026 12:51:05
MG,42064,3126950,FREI LAGONEGRO,"100,00",3669,2716,2560,40,116,1482,853,225,05/10/2026 12:51:05
MG,45390,3127008,FRONTEIRA,"100,00",10748,8098,7800,109,189,3656,3750,394,05/10/2026 12:51:05
MG,49352,3127057,FRONTEIRA DOS VALES,"100,00",4372,3172,3039,26,107,2145,711,183,05/10/2026 12:51:05
MG,42080,3127073,FRUTA DE LEITE,"100,00",5143,3286,2983,43,260,2115,634,234,05/10/2026 12:51:05
MG,45411,3127107,FRUTAL,"100,00",42351,31389,30172,554,663,10858,17384,1930,05/10/2026 12:51:05
MG,45438,3127206,FUNILÂNDIA,"100,00",5397,4191,3985,70,136,1513,2088,384,05/10/2026 12:51:05
MG,45454,3127305,GALILÉIA,"100,00",5434,3883,3748,59,76,1734,1839,175,05/10/2026 12:51:05
MG,42102,3127339,GAMELEIRAS,"100,00",4725,3774,3649,26,99,2319,1162,168,05/10/2026 12:51:05
MG,42129,3127354,GLAUCILÂNDIA,"100,00",4010,3222,3128,34,60,2014,964,150,05/10/2026 12:51:05
MG,42145,3127370,GOIABEIRA,"100,00",3104,2354,2252,33,69,825,1344,83,05/10/2026 12:51:05
MG,42161,3127388,GOIANÁ,"100,00",4491,3442,3295,41,106,1536,1479,280,05/10/2026 12:51:05
MG,45497,3127503,GONZAGA,"100,00",4583,3242,2996,84,162,1557,1243,196,05/10/2026 12:51:05
MG,45470,3127404,GONÇALVES,"100,00",4111,3096,2925,59,112,895,1747,283,05/10/2026 12:51:05
MG,45519,3127602,GOUVEIA,"100,00",10625,7788,7272,185,331,4310,2437,525,05/10/2026 12:51:05
MG,45535,3127701,GOVERNADOR VALADARES,"100,00",193573,148641,142283,2934,3424,48763,84782,8738,05/10/2026 12:51:05
MG,45578,3127909,GRUPIARA,"100,00",1789,1421,1375,19,27,542,734,99,05/10/2026 12:51:05
MG,45551,3127800,GRÃO MOGOL,"100,00",12003,8242,7805,110,327,5198,2254,353,05/10/2026 12:51:05
MG,45594,3128006,GUANHÃES,"100,00",25045,17032,15904,394,734,7571,7012,1321,05/10/2026 12:51:05
MG,45616,3128105,GUAPÉ,"100,00",10938,8200,7679,272,249,2327,4621,731,05/10/2026 12:51:05
MG,45632,3128204,GUARACIABA,"100,00",8024,6106,5707,118,281,3539,1687,481,05/10/2026 12:51:05
MG,42188,3128253,GUARACIAMA,"100,00",5315,4164,4019,50,95,3123,720,176,05/10/2026 12:51:05
MG,45675,3128402,GUARANI,"100,00",6718,5204,4943,76,185,2893,1718,332,05/10/2026 12:51:05
MG,45659,3128303,GUARANÉSIA,"100,00",14892,11400,10761,277,362,5442,4435,884,05/10/2026 12:51:05
MG,45691,3128501,GUARARÁ,"100,00",3674,2910,2768,51,91,1305,1248,215,05/10/2026 12:51:05
MG,45713,3128600,GUARDA-MOR,"100,00",6295,4668,4525,64,79,1580,2672,273,05/10/2026 12:51:05
MG,45730,3128709,GUAXUPÉ,"100,00",39360,29509,27848,730,931,11785,13687,2376,05/10/2026 12:51:05
MG,45756,3128808,GUIDOVAL,"100,00",6718,5498,5238,108,152,2751,2197,290,05/10/2026 12:51:05
MG,45772,3128907,GUIMARÂNIA,"100,00",6658,5354,5095,96,163,1691,2958,446,05/10/2026 12:51:05
MG,45799,3129004,GUIRICEMA,"100,00",7504,6016,5645,147,224,3005,2237,403,05/10/2026 12:51:05
MG,45810,3129103,GURINHATÃ,"100,00",5083,3744,3641,25,78,1402,1991,248,05/10/2026 12:51:05
MG,45837,3129202,HELIODORA,"100,00",5308,4335,4084,89,162,1758,1836,490,05/10/2026 12:51:05
MG,45853,3129301,IAPU,"100,00",8427,6273,5969,105,199,2541,3122,306,05/10/2026 12:51:05
MG,45870,3129400,IBERTIOGA,"100,00",4944,3841,3664,87,90,2191,1206,267,05/10/2026 12:51:05
MG,45918,3129608,IBIAÍ,"100,00",6806,4750,4535,57,158,3120,1192,223,05/10/2026 12:51:05
MG,42200,3129657,IBIRACATU,"100,00",5860,4108,3956,44,108,2971,860,125,05/10/2026 12:51:05
MG,45934,3129707,IBIRACI,"100,00",9469,7228,6937,118,173,2573,3930,434,05/10/2026 12:51:05
MG,45950,3129806,IBIRITÉ,"100,00",122338,98887,92524,2946,3417,39349,43183,9992,05/10/2026 12:51:05
MG,45977,3129905,IBITIÚRA DE MINAS,"100,00",3709,2850,2723,42,85,620,1941,162,05/10/2026 12:51:05
MG,45993,3130002,IBITURUNA,"100,00",2602,2024,1927,29,68,828,984,115,05/10/2026 12:51:05
MG,45896,3129509,IBIÁ,"100,00",16840,12582,12030,249,303,4647,6563,820,05/10/2026 12:51:05
MG,40240,3130051,ICARAÍ DE MINAS,"100,00",8823,6683,6514,38,131,4311,1990,213,05/10/2026 12:51:05
MG,46019,3130101,IGARAPÉ,"100,00",35009,26961,25495,643,823,9974,12689,2832,05/10/2026 12:51:05
MG,46035,3130200,IGARATINGA,"100,00",8345,6710,6329,198,183,2111,3735,483,05/10/2026 12:51:05
MG,46051,3130309,IGUATAMA,"100,00",6258,4724,4438,128,158,2058,2098,282,05/10/2026 12:51:05
MG,46078,3130408,IJACI,"100,00",5796,4726,4361,142,223,1877,2122,362,05/10/2026 12:51:05
MG,46094,3130507,ILICÍNEA,"100,00",9938,7645,7302,179,164,3237,3635,430,05/10/2026 12:51:05
MG,42226,3130556,IMBÉ DE MINAS,"100,00",5725,4487,4327,40,120,2254,1865,208,05/10/2026 12:51:05
MG,46116,3130606,INCONFIDENTES,"100,00",6559,5079,4853,98,128,1802,2711,340,05/10/2026 12:51:05
MG,42242,3130655,INDAIABIRA,"100,00",6438,4574,4361,39,174,2280,1912,169,05/10/2026 12:51:05
MG,46132,3130705,INDIANÓPOLIS,"100,00",5187,4097,3930,65,102,1785,1855,290,05/10/2026 12:51:05
MG,46159,3130804,INGAÍ,"100,00",2824,2328,2183,67,78,1043,991,149,05/10/2026 12:51:05
MG,46175,3130903,INHAPIM,"100,00",19666,14830,14266,210,354,5930,7661,675,05/10/2026 12:51:05
MG,46191,3131000,INHAÚMA,"100,00",5730,4510,4256,93,161,1771,2145,340,05/10/2026 12:51:05
MG,46213,3131109,INIMUTABA,"100,00",6575,4812,4551,126,135,2195,1966,390,05/10/2026 12:51:05
MG,40266,3131158,IPABA,"100,00",13853,10437,9965,203,269,4196,5081,688,05/10/2026 12:51:05
MG,46230,3131208,IPANEMA,"100,00",16009,11560,11034,191,335,4884,5573,577,05/10/2026 12:51:05
MG,46256,3131307,IPATINGA,"100,00",176630,133577,128537,2084,2956,40448,78548,9541,05/10/2026 12:51:05
MG,46272,3131406,IPIAÇU,"100,00",3926,2773,2686,36,51,1331,1205,150,05/10/2026 12:51:05
MG,46299,3131505,IPUIÚNA,"100,00",7715,6152,5876,128,148,1994,3447,435,05/10/2026 12:51:05
MG,46310,3131604,IRAÍ DE MINAS,"100,00",6872,5472,5241,89,142,1801,3134,306,05/10/2026 12:51:05
MG,46337,3131703,ITABIRA,"100,00",88413,72453,67463,1966,3024,30883,29588,6992,05/10/2026 12:51:05
MG,46353,3131802,ITABIRINHA,"100,00",8908,7083,6786,109,188,3105,3363,318,05/10/2026 12:51:05
MG,46370,3131901,ITABIRITO,"100,00",45012,35175,32578,1194,1403,13370,14845,4363,05/10/2026 12:51:05
MG,46396,3132008,ITACAMBIRA,"100,00",4825,3661,3494,42,125,2521,796,177,05/10/2026 12:51:05
MG,46418,3132107,ITACARAMBI,"100,00",14164,9878,9392,150,336,6033,2908,451,05/10/2026 12:51:05
MG,46434,3132206,ITAGUARA,"100,00",10982,8851,8142,342,367,3019,4135,988,05/10/2026 12:51:05
MG,46450,3132305,ITAIPÉ,"100,00",9564,6619,6177,109,333,3520,2249,408,05/10/2026 12:51:05
MG,46477,3132404,ITAJUBÁ,"100,00",68385,54696,51946,1162,1588,15948,31458,4540,05/10/2026 12:51:05
MG,46493,3132503,ITAMARANDIBA,"100,00",26424,20009,18758,480,771,8824,7751,2183,05/10/2026 12:51:05
MG,46515,3132602,ITAMARATI DE MINAS,"100,00",3881,3079,2920,51,108,1568,1142,210,05/10/2026 12:51:05
MG,46531,3132701,ITAMBACURI,"100,00",18385,12520,11790,186,544,7168,4019,603,05/10/2026 12:51:05
MG,46558,3132800,ITAMBÉ DO MATO DENTRO,"100,00",2720,2065,1954,35,76,1165,648,141,05/10/2026 12:51:05
MG,46574,3132909,ITAMOGI,"100,00",9062,6853,6452,144,257,2530,3466,456,05/10/2026 12:51:05
MG,46590,3133006,ITAMONTE,"100,00",12325,9588,9079,209,300,2935,5436,708,05/10/2026 12:51:05
MG,46612,3133105,ITANHANDU,"100,00",12883,9955,9491,214,250,3542,4961,988,05/10/2026 12:51:05
MG,46639,3133204,ITANHOMI,"100,00",9623,6987,6634,85,268,3242,3026,366,05/10/2026 12:51:05
MG,46655,3133303,ITAOBIM,"100,00",16895,11918,11217,262,439,6035,4668,514,05/10/2026 12:51:05
MG,46671,3133402,ITAPAGIPE,"100,00",10384,7905,7660,84,161,2767,4280,613,05/10/2026 12:51:05
MG,46698,3133501,ITAPECERICA,"100,00",17090,14346,13414,377,555,5723,6604,1087,05/10/2026 12:51:05
MG,46710,3133600,ITAPEVA,"100,00",9518,7026,6610,163,253,1977,4198,435,05/10/2026 12:51:05
MG,46736,3133709,ITATIAIUÇU,"100,00",12385,9608,9062,269,277,2773,5524,765,05/10/2026 12:51:05
MG,46779,3133907,ITAVERAVA,"100,00",5696,4731,4423,100,208,2277,1811,335,05/10/2026 12:51:05
MG,54453,3133758,ITAÚ DE MINAS,"100,00",12435,9407,8859,218,330,2966,4945,948,05/10/2026 12:51:05
MG,46752,3133808,ITAÚNA,"100,00",70855,56012,52844,1322,1846,14521,33311,5012,05/10/2026 12:51:05
MG,46795,3134004,ITINGA,"100,00",11490,8208,7829,86,293,5602,1991,236,05/10/2026 12:51:05
MG,46817,3134103,ITUETA,"100,00",5084,3969,3824,51,94,1301,2381,142,05/10/2026 12:51:05
MG,46833,3134202,ITUIUTABA,"100,00",77491,57105,55268,811,1026,25289,25059,4920,05/10/2026 12:51:05
MG,46850,3134301,ITUMIRIM,"100,00",5825,4706,4375,138,193,1967,1989,419,05/10/2026 12:51:05
MG,46876,3134400,ITURAMA,"100,00",30000,22049,21294,270,485,9402,10613,1279,05/10/2026 12:51:05
MG,46892,3134509,ITUTINGA,"100,00",3559,2877,2647,92,138,1254,1198,195,05/10/2026 12:51:05
MG,46914,3134608,JABOTICATUBAS,"100,00",16254,12450,11792,254,404,5241,5355,1196,05/10/2026 12:51:05
MG,46930,3134707,JACINTO,"100,00",9221,6350,5940,102,308,3705,2016,219,05/10/2026 12:51:05
MG,46973,3134905,JACUTINGA,"100,00",19258,14814,14164,239,411,3173,10033,958,05/10/2026 12:51:05
MG,46957,3134806,JACUÍ,"100,00",6410,4881,4596,108,177,1091,3065,440,05/10/2026 12:51:05
MG,46990,3135001,JAGUARAÇU,"100,00",3209,2592,2474,54,64,1053,1311,110,05/10/2026 12:51:05
MG,40304,3135076,JAMPRUCA,"100,00",4243,3107,2961,42,104,1844,1014,103,05/10/2026 12:51:05
MG,47015,3135100,JANAÚBA,"100,00",55304,42923,40873,808,1242,20155,18164,2554,05/10/2026 12:51:05
MG,47031,3135209,JANUÁRIA,"100,00",51291,36555,35071,560,924,24776,8458,1837,05/10/2026 12:51:05
MG,47058,3135308,JAPARAÍBA,"100,00",3685,3062,2937,55,70,1018,1590,329,05/10/2026 12:51:05
MG,42269,3135357,JAPONVAR,"100,00",8549,6336,5981,108,247,4222,1500,259,05/10/2026 12:51:05
MG,40282,3135050,JAÍBA,"100,00",27130,20441,19531,258,652,10039,8580,912,05/10/2026 12:51:05
MG,47074,3135407,JECEABA,"100,00",5837,4786,4491,137,158,2061,1883,547,05/10/2026 12:51:05
MG,42285,3135456,JENIPAPO DE MINAS,"100,00",6076,3823,3568,55,200,2286,1036,246,05/10/2026 12:51:05
MG,47090,3135506,JEQUERI,"100,00",10390,7535,7003,155,377,4313,2287,403,05/10/2026 12:51:05
MG,47112,3135605,JEQUITAÍ,"100,00",6548,4448,4190,71,187,2667,1303,220,05/10/2026 12:51:05
MG,47139,3135704,JEQUITIBÁ,"100,00",5903,4749,4502,80,167,1916,2148,438,05/10/2026 12:51:05
MG,47155,3135803,JEQUITINHONHA,"100,00",18092,12319,11700,136,483,8358,2866,476,05/10/2026 12:51:05
MG,47171,3135902,JESUÂNIA,"100,00",4445,3447,3259,50,138,1242,1705,312,05/10/2026 12:51:05
MG,47210,3136108,JOANÉSIA,"100,00",5118,3613,3429,61,123,1694,1544,191,05/10/2026 12:51:05
MG,47279,3136405,JOAQUIM FELÍCIO,"100,00",3756,2584,2439,52,93,1225,1069,145,05/10/2026 12:51:05
MG,47198,3136009,JOAÍMA,"100,00",11145,7650,7139,146,365,5021,1834,284,05/10/2026 12:51:05
MG,47295,3136504,JORDÂNIA,"100,00",7734,5468,5125,61,282,2913,1962,250,05/10/2026 12:51:05
MG,40924,3136579,JOSENÓPOLIS,"100,00",3576,2383,2212,23,148,1424,697,91,05/10/2026 12:51:05
MG,42307,3136520,JOSÉ GONÇALVES DE MINAS,"100,00",3806,2711,2540,40,131,1579,773,188,05/10/2026 12:51:05
MG,42323,3136553,JOSÉ RAYDAN,"100,00",4368,2919,2755,32,132,1575,1035,145,05/10/2026 12:51:05
MG,47236,3136207,JOÃO MONLEVADE,"100,00",61219,46909,44190,1232,1487,19003,21256,3931,05/10/2026 12:51:05
MG,47252,3136306,JOÃO PINHEIRO,"100,00",38832,28601,27501,521,579,10009,15663,1829,05/10/2026 12:51:05
MG,40320,3136652,JUATUBA,"100,00",25040,19315,18102,504,709,7798,8452,1852,05/10/2026 12:51:05
MG,47333,3136702,JUIZ DE FORA,"100,00",395457,322505,305690,6610,10205,151552,126964,27174,05/10/2026 12:51:05
MG,47350,3136801,JURAMENTO,"100,00",4669,3697,3533,59,105,2177,1202,154,05/10/2026 12:51:05
MG,47376,3136900,JURUAIA,"100,00",9242,7506,7213,143,150,2072,4476,665,05/10/2026 12:51:05
MG,40940,3136959,JUVENÍLIA,"100,00",5569,3927,3761,36,130,2241,1327,193,05/10/2026 12:51:05
MG,47392,3137007,LADAINHA,"100,00",12287,8124,7403,97,624,4853,2209,341,05/10/2026 12:51:05
MG,47414,3137106,LAGAMAR,"100,00",6403,4964,4806,58,100,1766,2754,286,05/10/2026 12:51:05
MG,47430,3137205,LAGOA DA PRATA,"100,00",37445,28487,27120,623,744,8554,16332,2234,05/10/2026 12:51:05
MG,47457,3137304,LAGOA DOS PATOS,"100,00",3774,2740,2601,30,109,1412,1028,161,05/10/2026 12:51:05
MG,47473,3137403,LAGOA DOURADA,"100,00",10425,8768,8067,323,378,3223,4044,800,05/10/2026 12:51:05
MG,47490,3137502,LAGOA FORMOSA,"100,00",15873,13002,12404,333,265,4301,7159,944,05/10/2026 12:51:05
MG,40347,3137536,LAGOA GRANDE,"100,00",7611,5868,5688,65,115,2480,2808,400,05/10/2026 12:51:05
MG,47511,3137601,LAGOA SANTA,"100,00",54891,43627,41528,930,1169,13679,23793,4056,05/10/2026 12:51:05
MG,47538,3137700,LAJINHA,"100,00",16637,13110,12482,219,409,5181,6740,561,05/10/2026 12:51:05
MG,47554,3137809,LAMBARI,"100,00",17336,13195,12518,223,454,4210,7328,980,05/10/2026 12:51:05
MG,47570,3137908,LAMIM,"100,00",3521,2757,2577,94,86,1569,770,238,05/10/2026 12:51:05
MG,47597,3138005,LARANJAL,"100,00",5921,4668,4494,55,119,1997,2286,211,05/10/2026 12:51:05
MG,47619,3138104,LASSANCE,"100,00",6216,4389,4167,62,160,2284,1542,341,05/10/2026 12:51:05
MG,47635,3138203,LAVRAS,"100,00",75558,57260,53276,1648,2336,21474,26718,5084,05/10/2026 12:51:05
MG,47651,3138302,LEANDRO FERREIRA,"100,00",3322,2575,2472,34,69,845,1462,165,05/10/2026 12:51:05
MG,40967,3138351,LEME DO PRADO,"100,00",4360,3065,2926,36,103,1899,819,208,05/10/2026 12:51:05
MG,47678,3138401,LEOPOLDINA,"100,00",40162,30447,29048,683,716,15286,11528,2234,05/10/2026 12:51:05
MG,47694,3138500,LIBERDADE,"100,00",4275,3446,3265,56,125,1726,1312,227,05/10/2026 12:51:05
MG,47716,3138609,LIMA DUARTE,"100,00",14497,10928,10306,223,399,6206,3278,822,05/10/2026 12:51:05
MG,40363,3138625,LIMEIRA DO OESTE,"100,00",6632,5254,5082,61,111,2371,2461,250,05/10/2026 12:51:05
MG,40380,3138658,LONTRA,"100,00",8567,6276,6041,65,170,3842,1895,304,05/10/2026 12:51:05
MG,40983,3138674,LUISBURGO,"100,00",5861,4645,4450,81,114,1632,2491,327,05/10/2026 12:51:05
MG,41009,3138682,LUISLÂNDIA,"100,00",6783,4856,4708,44,104,3584,911,213,05/10/2026 12:51:05
MG,47732,3138708,LUMINÁRIAS,"100,00",4351,3665,3366,140,159,1621,1470,275,05/10/2026 12:51:05
MG,47759,3138807,LUZ,"100,00",14672,10679,10115,253,311,3641,5713,761,05/10/2026 12:51:05
MG,47775,3138906,MACHACALIS,"100,00",5799,4472,4292,44,136,2419,1629,244,05/10/2026 12:51:05
MG,47791,3139003,MACHADO,"100,00",30436,23169,21763,613,793,7234,13011,1518,05/10/2026 12:51:05
MG,47813,3139102,MADRE DE DEUS DE MINAS,"100,00",4478,3653,3397,80,176,1676,1458,263,05/10/2026 12:51:05
MG,47830,3139201,MALACACHETA,"100,00",15507,10636,10032,176,428,5763,3776,493,05/10/2026 12:51:05
MG,40401,3139250,MAMONAS,"100,00",6126,5028,4890,37,101,2990,1578,322,05/10/2026 12:51:05
MG,47856,3139300,MANGA,"100,00",16127,11533,10999,149,385,6711,3883,405,05/10/2026 12:51:05
MG,47872,3139409,MANHUAÇU,"100,00",62011,47704,45688,859,1157,17692,25075,2921,05/10/2026 12:51:05
MG,47899,3139508,MANHUMIRIM,"100,00",17013,12673,12067,237,369,5574,5762,731,05/10/2026 12:51:05
MG,47910,3139607,MANTENA,"100,00",19156,14836,14316,195,325,5172,8400,744,05/10/2026 12:51:05
MG,47953,3139805,MAR DE ESPANHA,"100,00",10443,8419,7992,153,274,3419,3980,593,05/10/2026 12:51:05
MG,47937,3139706,MARAVILHAS,"100,00",6311,5196,4980,90,126,1616,2874,490,05/10/2026 12:51:05
MG,47970,3139904,MARIA DA FÉ,"100,00",12214,9712,9245,209,258,3222,5267,756,05/10/2026 12:51:05
MG,47996,3140001,MARIANA,"100,00",52424,40170,37006,1316,1848,21541,11762,3703,05/10/2026 12:51:05
MG,48011,3140100,MARILAC,"100,00",4681,3492,3304,56,132,1798,1303,203,05/10/2026 12:51:05
MG,48038,3140209,MARIPÁ DE MINAS,"100,00",3150,2486,2365,36,85,1026,1163,176,05/10/2026 12:51:05
MG,48054,3140308,MARLIÉRIA,"100,00",4514,3488,3351,42,95,1556,1591,204,05/10/2026 12:51:05
MG,48070,3140407,MARMELÓPOLIS,"100,00",3077,2416,2276,59,81,989,1090,197,05/10/2026 12:51:05
MG,48097,3140506,MARTINHO CAMPOS,"100,00",11161,8481,8082,216,183,2379,5071,632,05/10/2026 12:51:05
MG,41041,3140530,MARTINS SOARES,"100,00",8197,6323,6033,107,183,2912,2812,309,05/10/2026 12:51:05
MG,40428,3140555,MATA VERDE,"100,00",7529,5810,5554,74,182,2922,2357,275,05/10/2026 12:51:05
MG,48119,3140605,MATERLÂNDIA,"100,00",4509,2871,2660,64,147,1867,635,158,05/10/2026 12:51:05
MG,48135,3140704,MATEUS LEME,"100,00",29334,21698,20143,675,880,7717,10122,2304,05/10/2026 12:51:05
MG,54313,3171501,MATHIAS LOBATO,"100,00",3363,2475,2374,29,72,1314,1001,59,05/10/2026 12:51:05
MG,48151,3140803,MATIAS BARBOSA,"100,00",11981,9444,8960,188,296,4471,3810,679,05/10/2026 12:51:05
MG,40444,3140852,MATIAS CARDOSO,"100,00",7349,5520,5326,40,154,3616,1518,192,05/10/2026 12:51:05
MG,48178,3140902,MATIPÓ,"100,00",15216,11954,11301,258,395,5578,5263,460,05/10/2026 12:51:05
MG,48194,3141009,MATO VERDE,"100,00",10840,8910,8497,103,310,5025,3103,369,05/10/2026 12:51:05
MG,48216,3141108,MATOZINHOS,"100,00",30120,23432,21866,718,848,9068,10341,2457,05/10/2026 12:51:05
MG,48232,3141207,MATUTINA,"100,00",3386,2608,2464,50,94,848,1440,176,05/10/2026 12:51:05
MG,48259,3141306,MEDEIROS,"100,00",3335,2557,2459,43,55,852,1454,153,05/10/2026 12:51:05
MG,48275,3141405,MEDINA,"100,00",16321,11940,11206,205,529,7026,3738,442,05/10/2026 12:51:05
MG,48291,3141504,MENDES PIMENTEL,"100,00",4977,3685,3514,66,105,1727,1597,190,05/10/2026 12:51:05
MG,48313,3141603,MERCÊS,"100,00",8100,6443,6057,137,249,3396,2148,513,05/10/2026 12:51:05
MG,48330,3141702,MESQUITA,"100,00",5447,3692,3520,67,105,1678,1643,199,05/10/2026 12:51:05
MG,48356,3141801,MINAS NOVAS,"100,00",22788,14773,13681,249,843,9519,3576,586,05/10/2026 12:51:05
MG,48372,3141900,MINDURI,"100,00",3240,2503,2358,54,91,1115,1107,136,05/10/2026 12:51:05
MG,48399,3142007,MIRABELA,"100,00",10866,8709,8385,100,224,5330,2521,534,05/10/2026 12:51:05
MG,48410,3142106,MIRADOURO,"100,00",8125,6418,6073,137,208,3113,2649,311,05/10/2026 12:51:05
MG,41068,3142254,MIRAVÂNIA,"100,00",4128,2728,2588,28,112,1747,672,169,05/10/2026 12:51:05
MG,48437,3142205,MIRAÍ,"100,00",10695,8329,7900,120,309,3298,4092,510,05/10/2026 12:51:05
MG,48453,3142304,MOEDA,"100,00",5316,4304,4078,85,141,1734,1943,401,05/10/2026 12:51:05
MG,48470,3142403,MOEMA,"100,00",6829,5420,5196,93,131,1844,2900,452,05/10/2026 12:51:05
MG,48496,3142502,MONJOLOS,"100,00",2627,1695,1606,21,68,908,601,97,05/10/2026 12:51:05
MG,48518,3142601,MONSENHOR PAULO,"100,00",6960,5355,5036,125,194,2146,2609,281,05/10/2026 12:51:05
MG,48534,3142700,MONTALVÂNIA,"100,00",13202,9373,8893,108,372,5627,2836,430,05/10/2026 12:51:05
MG,48550,3142809,MONTE ALEGRE DE MINAS,"100,00",15409,11176,10678,214,284,4677,5288,713,05/10/2026 12:51:05
MG,48577,3142908,MONTE AZUL,"100,00",17843,14307,13595,197,515,7858,5113,624,05/10/2026 12:51:05
MG,48593,3143005,MONTE BELO,"100,00",10838,8452,8040,201,211,3272,4180,588,05/10/2026 12:51:05
MG,48615,3143104,MONTE CARMELO,"100,00",35703,27556,26310,569,677,11046,13186,2078,05/10/2026 12:51:05
MG,41084,3143153,MONTE FORMOSO,"100,00",4603,3069,2857,47,165,1968,708,181,05/10/2026 12:51:05
MG,48631,3143203,MONTE SANTO DE MINAS,"100,00",17062,12243,11371,380,492,4199,6241,931,05/10/2026 12:51:05
MG,48674,3143401,MONTE SIÃO,"100,00",18682,14693,14135,235,323,2794,10553,788,05/10/2026 12:51:05
MG,48658,3143302,MONTES CLAROS,"100,00",283875,233349,221074,4741,7534,94112,108875,18087,05/10/2026 12:51:05
MG,40460,3143450,MONTEZUMA,"100,00",5966,4492,4245,67,180,2608,1440,197,05/10/2026 12:51:05
MG,48690,3143500,MORADA NOVA DE MINAS,"100,00",7207,5644,5377,100,167,2002,3104,271,05/10/2026 12:51:05
MG,48712,3143609,MORRO DA GARÇA,"100,00",3045,2202,2116,29,57,1302,668,146,05/10/2026 12:51:05
MG,48739,3143708,MORRO DO PILAR,"100,00",3968,2802,2583,41,178,1435,906,242,05/10/2026 12:51:05
MG,48755,3143807,MUNHOZ,"100,00",6066,4715,4494,102,119,1587,2654,253,05/10/2026 12:51:05
MG,48771,3143906,MURIAÉ,"100,00",78840,62984,59812,1218,1954,25203,30669,3940,05/10/2026 12:51:05
MG,48798,3144003,MUTUM,"100,00",21564,16489,15886,236,367,6442,8657,787,05/10/2026 12:51:05
MG,48810,3144102,MUZAMBINHO,"100,00",17966,13777,13154,305,318,5075,7138,941,05/10/2026 12:51:05
MG,41025,3140159,MÁRIO CAMPOS,"100,00",12178,9817,9155,312,350,3583,4662,910,05/10/2026 12:51:05
MG,48836,3144201,NACIP RAYDAN,"100,00",2825,1903,1783,18,102,1046,627,110,05/10/2026 12:51:05
MG,48852,3144300,NANUQUE,"100,00",29314,20546,19575,358,613,9175,9501,899,05/10/2026 12:51:05
MG,40487,3144359,NAQUE,"100,00",5485,4014,3809,72,133,2004,1642,163,05/10/2026 12:51:05
MG,41106,3144375,NATALÂNDIA,"100,00",3571,2743,2660,41,42,1319,1154,187,05/10/2026 12:51:05
MG,48879,3144409,NATÉRCIA,"100,00",4090,3254,3025,93,136,990,1700,335,05/10/2026 12:51:05
MG,48895,3144508,NAZARENO,"100,00",6298,5258,4919,160,179,2558,1963,398,05/10/2026 12:51:05
MG,48917,3144607,NEPOMUCENO,"100,00",20890,15482,14506,400,576,5909,7270,1327,05/10/2026 12:51:05
MG,41122,3144656,NINHEIRA,"100,00",8803,6286,5809,130,347,3440,1904,465,05/10/2026 12:51:05
MG,41149,3144672,NOVA BELÉM,"100,00",3553,2678,2559,41,78,1258,1179,122,05/10/2026 12:51:05
MG,48933,3144706,NOVA ERA,"100,00",15012,11184,10513,288,383,5702,3947,864,05/10/2026 12:51:05
MG,48950,3144805,NOVA LIMA,"100,00",77107,63499,60227,1356,1916,25643,27750,6834,05/10/2026 12:51:05
MG,48976,3144904,NOVA MÓDICA,"100,00",3589,2721,2594,23,104,1411,1042,141,05/10/2026 12:51:05
MG,48992,3145000,NOVA PONTE,"100,00",13442,10051,9642,173,236,3684,5375,583,05/10/2026 12:51:05
MG,41165,3145059,NOVA PORTEIRINHA,"100,00",6102,5030,4820,75,135,2737,1829,254,05/10/2026 12:51:05
MG,49018,3145109,NOVA RESENDE,"100,00",13447,10781,10188,269,324,3293,6135,760,05/10/2026 12:51:05
MG,49034,3145208,NOVA SERRANA,"100,00",67377,55835,53816,1088,931,11437,38660,3719,05/10/2026 12:51:05
MG,47317,3136603,NOVA UNIÃO,"100,00",5802,4308,4091,93,124,1914,1723,454,05/10/2026 12:51:05
MG,49050,3145307,NOVO CRUZEIRO,"100,00",24963,15861,14730,258,873,9854,4310,566,05/10/2026 12:51:05
MG,40509,3145356,NOVO ORIENTE DE MINAS,"100,00",9100,6032,5578,102,352,3540,1750,288,05/10/2026 12:51:05
MG,41181,3145372,NOVORIZONTE,"100,00",4973,3721,3475,50,196,1877,1436,162,05/10/2026 12:51:05
MG,49077,3145406,OLARIA,"100,00",2313,1800,1713,23,64,929,624,160,05/10/2026 12:51:05
MG,41203,3145455,OLHOS D'ÁGUA,"100,00",5281,4034,3876,52,106,2554,1066,256,05/10/2026 12:51:05
MG,49115,3145604,OLIVEIRA,"100,00",33504,26140,24378,825,937,10180,11980,2218,05/10/2026 12:51:05
MG,49131,3145703,OLIVEIRA FORTES,"100,00",2731,2154,2035,49,70,1239,654,142,05/10/2026 12:51:05
MG,49093,3145505,OLÍMPIO NORONHA,"100,00",2869,2165,2029,35,101,964,881,184,05/10/2026 12:51:05
MG,49158,3145802,ONÇA DE PITANGUI,"100,00",3368,2694,2601,39,54,828,1551,222,05/10/2026 12:51:05
MG,41220,3145851,ORATÓRIOS,"100,00",4326,3455,3253,79,123,2241,824,188,05/10/2026 12:51:05
MG,41246,3145877,ORIZÂNIA,"100,00",6817,5181,5000,74,107,2489,2247,264,05/10/2026 12:51:05
MG,49174,3145901,OURO BRANCO,"100,00",30112,24831,23484,596,751,10187,10891,2406,05/10/2026 12:51:05
MG,49190,3146008,OURO FINO,"100,00",25443,18942,17906,462,574,4826,11490,1590,05/10/2026 12:51:05
MG,49212,3146107,OURO PRETO,"100,00",64302,50483,47290,1412,1781,28812,14272,4206,05/10/2026 12:51:05
MG,49239,3146206,OURO VERDE DE MINAS,"100,00",7237,5264,5029,68,167,2709,2123,197,05/10/2026 12:51:05
MG,41262,3146255,PADRE CARVALHO,"100,00",5095,3276,3112,44,120,1940,983,189,05/10/2026 12:51:05
MG,49255,3146305,PADRE PARAÍSO,"100,00",14207,9774,9185,171,418,4904,3819,462,05/10/2026 12:51:05
MG,41289,3146552,PAI PEDRO,"100,00",5550,4178,3972,34,172,2736,1076,160,05/10/2026 12:51:05
MG,49271,3146404,PAINEIRAS,"100,00",3921,3170,2995,71,104,1474,1290,231,05/10/2026 12:51:05
MG,49298,3146503,PAINS,"100,00",6914,5397,5183,99,115,1761,3007,415,05/10/2026 12:51:05
MG,49310,3146602,PAIVA,"100,00",1859,1495,1419,26,50,778,506,135,05/10/2026 12:51:05
MG,49336,3146701,PALMA,"100,00",5273,4012,3858,58,96,2176,1485,197,05/10/2026 12:51:05
MG,40525,3146750,PALMÓPOLIS,"100,00",6338,4357,4055,70,232,2651,1177,227,05/10/2026 12:51:05
MG,49379,3146909,PAPAGAIOS,"100,00",11723,9691,9243,200,248,3626,4919,698,05/10/2026 12:51:05
MG,49395,3147006,PARACATU,"100,00",68278,52502,50136,1284,1082,16165,30159,3812,05/10/2026 12:51:05
MG,49433,3147204,PARAGUAÇU,"100,00",16696,13027,12328,351,348,4694,6695,939,05/10/2026 12:51:05
MG,49450,3147303,PARAISÓPOLIS,"100,00",16472,12685,11920,303,462,4167,6542,1211,05/10/2026 12:51:05
MG,49476,3147402,PARAOPEBA,"100,00",19694,16076,15151,407,518,5915,7978,1258,05/10/2026 12:51:05
MG,49417,3147105,PARÁ DE MINAS,"100,00",67632,53206,49933,1344,1929,13618,31055,5260,05/10/2026 12:51:05
MG,49514,3147600,PASSA QUATRO,"100,00",13298,10482,9892,252,338,4297,4713,882,05/10/2026 12:51:05
MG,49530,3147709,PASSA TEMPO,"100,00",7354,5927,5382,199,346,2470,2392,520,05/10/2026 12:51:05
MG,49557,3147808,PASSA VINTE,"100,00",2493,2021,1945,24,52,849,925,171,05/10/2026 12:51:05
MG,49492,3147501,PASSABÉM,"100,00",1914,1461,1386,23,52,734,543,109,05/10/2026 12:51:05
MG,49573,3147907,PASSOS,"100,00",81108,62818,59479,1559,1780,23112,30548,5819,05/10/2026 12:51:05
MG,41300,3147956,PATIS,"100,00",5226,3921,3769,47,105,2727,843,199,05/10/2026 12:51:05
MG,49590,3148004,PATOS DE MINAS,"100,00",116646,90467,86616,1640,2211,24655,54527,7434,05/10/2026 12:51:05
MG,49611,3148103,PATROCÍNIO,"100,00",65612,53327,50686,1280,1361,15427,31008,4251,05/10/2026 12:51:05
MG,49638,3148202,PATROCÍNIO DO MURIAÉ,"100,00",5085,4207,4023,57,127,1985,1810,228,05/10/2026 12:51:05
MG,49654,3148301,PAULA CÂNDIDO,"100,00",7817,6052,5723,118,211,3669,1630,424,05/10/2026 12:51:05
MG,49670,3148400,PAULISTAS,"100,00",4222,2854,2668,51,135,1891,636,141,05/10/2026 12:51:05
MG,49697,3148509,PAVÃO,"100,00",6314,4430,4148,76,206,2570,1468,110,05/10/2026 12:51:05
MG,49735,3148707,PEDRA AZUL,"100,00",18355,12472,11710,174,588,6480,4639,591,05/10/2026 12:51:05
MG,41327,3148756,PEDRA BONITA,"100,00",6260,5120,4849,95,176,2172,2435,242,05/10/2026 12:51:05
MG,49751,3148806,PEDRA DO ANTA,"100,00",3516,2808,2628,70,110,1669,815,144,05/10/2026 12:51:05
MG,49778,3148905,PEDRA DO INDAIÁ,"100,00",3864,3143,2954,67,122,965,1741,248,05/10/2026 12:51:05
MG,49794,3149002,PEDRA DOURADA,"100,00",2730,2215,2100,29,86,1097,878,125,05/10/2026 12:51:05
MG,49816,3149101,PEDRALVA,"100,00",9379,7240,6799,185,256,2509,3793,497,05/10/2026 12:51:05
MG,40541,3149150,PEDRAS DE MARIA DA CRUZ,"100,00",8112,5735,5541,61,133,4055,1322,164,05/10/2026 12:51:05
MG,49832,3149200,PEDRINÓPOLIS,"100,00",3421,2673,2580,41,52,964,1419,197,05/10/2026 12:51:05
MG,49859,3149309,PEDRO LEOPOLDO,"100,00",49124,39110,36766,1048,1296,13992,18757,4017,05/10/2026 12:51:05
MG,49875,3149408,PEDRO TEIXEIRA,"100,00",2507,2090,1996,42,52,1251,578,167,05/10/2026 12:51:05
MG,49891,3149507,PEQUERI,"100,00",3368,2673,2552,49,72,1292,1080,180,05/10/2026 12:51:05
MG,49913,3149606,PEQUI,"100,00",3981,3348,3214,52,82,1253,1604,357,05/10/2026 12:51:05
MG,49930,3149705,PERDIGÃO,"100,00",8537,6952,6660,128,164,1398,4724,538,05/10/2026 12:51:05
MG,49956,3149804,PERDIZES,"100,00",14146,10558,10161,156,241,3221,6184,756,05/10/2026 12:51:05
MG,49972,3149903,PERDÕES,"100,00",17292,13566,12727,408,431,4660,6915,1152,05/10/2026 12:51:05
MG,40568,3149952,PERIQUITO,"100,00",6318,4670,4478,80,112,2097,2159,222,05/10/2026 12:51:05
MG,49999,3150000,PESCADOR,"100,00",3581,2477,2338,25,114,1415,816,107,05/10/2026 12:51:05
MG,49719,3148608,PEÇANHA,"100,00",11993,8706,8146,168,392,4466,3062,618,05/10/2026 12:51:05
MG,50016,3150109,PIAU,"100,00",3238,2639,2531,42,66,1399,948,184,05/10/2026 12:51:05
MG,41343,3150158,PIEDADE DE CARATINGA,"100,00",7808,5984,5686,99,199,2231,3192,263,05/10/2026 12:51:05
MG,50032,3150208,PIEDADE DE PONTE NOVA,"100,00",3812,2903,2757,54,92,1749,852,156,05/10/2026 12:51:05
MG,50059,3150307,PIEDADE DO RIO GRANDE,"100,00",4083,3119,2904,76,139,1409,1208,287,05/10/2026 12:51:05
MG,50075,3150406,PIEDADE DOS GERAIS,"100,00",5270,3917,3651,144,122,1448,1853,350,05/10/2026 12:51:05
MG,50091,3150505,PIMENTA,"100,00",7313,5750,5389,182,179,1778,3252,359,05/10/2026 12:51:05
MG,41360,3150539,PINGO D'ÁGUA,"100,00",4149,3129,2955,49,125,1670,1129,156,05/10/2026 12:51:05
MG,41386,3150570,PINTÓPOLIS,"100,00",6546,4537,4353,67,117,2798,1250,305,05/10/2026 12:51:05
MG,50113,3150604,PIRACEMA,"100,00",6032,5130,4736,185,209,2155,2063,518,05/10/2026 12:51:05
MG,50130,3150703,PIRAJUBA,"100,00",4817,3703,3563,57,83,1522,1856,185,05/10/2026 12:51:05
MG,50156,3150802,PIRANGA,"100,00",14052,9476,8749,247,480,4932,3026,791,05/10/2026 12:51:05
MG,50199,3151008,PIRANGUINHO,"100,00",7298,5881,5608,104,169,2130,2982,496,05/10/2026 12:51:05
MG,50172,3150901,PIRANGUÇU,"100,00",4789,3809,3633,74,102,1254,2074,305,05/10/2026 12:51:05
MG,50210,3151107,PIRAPETINGA,"100,00",9414,7637,7238,140,259,3539,3304,395,05/10/2026 12:51:05
MG,50237,3151206,PIRAPORA,"100,00",41904,31291,29395,706,1190,11637,15504,2254,05/10/2026 12:51:05
MG,50253,3151305,PIRAÚBA,"100,00",9664,7566,7230,130,206,3680,3064,486,05/10/2026 12:51:05
MG,50270,3151404,PITANGUI,"100,00",21464,17160,16412,341,407,4660,10412,1340,05/10/2026 12:51:05
MG,50296,3151503,PIUMHI,"100,00",26253,19578,18664,406,508,5561,11798,1305,05/10/2026 12:51:05
MG,50318,3151602,PLANURA,"100,00",8677,6319,6071,106,142,2628,3121,322,05/10/2026 12:51:05
MG,50377,3151909,POCRANE,"100,00",7548,5629,5399,65,165,2621,2601,177,05/10/2026 12:51:05
MG,50393,3152006,POMPÉU,"100,00",24330,18202,17033,470,699,7718,7984,1331,05/10/2026 12:51:05
MG,50415,3152105,PONTE NOVA,"100,00",44494,34655,32951,781,923,19696,10611,2644,05/10/2026 12:51:05
MG,41408,3152131,PONTO CHIQUE,"100,00",3901,2700,2583,20,97,1871,625,87,05/10/2026 12:51:05
MG,40584,3152170,PONTO DOS VOLANTES,"100,00",9457,6545,6083,96,366,3707,2053,323,05/10/2026 12:51:05
MG,50431,3152204,PORTEIRINHA,"100,00",31682,24520,23331,380,809,13656,8563,1112,05/10/2026 12:51:05
MG,50458,3152303,PORTO FIRME,"100,00",9025,6628,6262,133,233,3598,2261,403,05/10/2026 12:51:05
MG,50474,3152402,POTÉ,"100,00",12644,8911,8322,112,477,4420,3526,376,05/10/2026 12:51:05
MG,50490,3152501,POUSO ALEGRE,"100,00",112425,87556,82880,1922,2754,28345,46748,7787,05/10/2026 12:51:05
MG,50512,3152600,POUSO ALTO,"100,00",5593,4492,4259,100,133,1620,2337,302,05/10/2026 12:51:05
MG,50334,3151701,POÇO FUNDO,"100,00",12809,10223,9670,299,254,3873,5067,730,05/10/2026 12:51:05
MG,50350,3151800,POÇOS DE CALDAS,"100,00",122866,90264,85738,1852,2674,31033,45922,8783,05/10/2026 12:51:05
MG,50539,3152709,PRADOS,"100,00",7485,6199,5648,249,302,2913,2223,512,05/10/2026 12:51:05
MG,50555,3152808,PRATA,"100,00",22334,16315,15759,280,276,6185,7964,1610,05/10/2026 12:51:05
MG,50598,3153004,PRATINHA,"100,00",3312,2568,2476,43,49,690,1569,217,05/10/2026 12:51:05
MG,50571,3152907,PRATÁPOLIS,"100,00",7457,5733,5373,118,242,2133,2807,433,05/10/2026 12:51:05
MG,50610,3153103,PRESIDENTE BERNARDES,"100,00",5729,4029,3818,77,134,2318,1243,257,05/10/2026 12:51:05
MG,50636,3153202,PRESIDENTE JUSCELINO,"100,00",4089,2754,2610,43,101,1485,959,166,05/10/2026 12:51:05
MG,50652,3153301,PRESIDENTE KUBITSCHEK,"100,00",3087,2388,2261,22,105,1671,401,189,05/10/2026 12:51:05
MG,50679,3153400,PRESIDENTE OLEGÁRIO,"100,00",16281,12133,11578,191,364,4356,6239,983,05/10/2026 12:51:05
MG,50717,3153608,PRUDENTE DE MORAIS,"100,00",8555,6964,6394,229,341,2611,3238,545,05/10/2026 12:51:05
MG,50733,3153707,QUARTEL GERAL,"100,00",3749,2930,2751,63,116,1286,1283,182,05/10/2026 12:51:05
MG,50750,3153806,QUELUZITO,"100,00",2785,2252,2153,32,67,985,935,233,05/10/2026 12:51:05
MG,50776,3153905,RAPOSOS,"100,00",12906,10860,10164,292,404,5196,3629,1339,05/10/2026 12:51:05
MG,50792,3154002,RAUL SOARES,"100,00",18357,13799,13034,255,510,6994,5220,820,05/10/2026 12:51:05
MG,50814,3154101,RECREIO,"100,00",7959,5878,5609,105,164,3204,2129,276,05/10/2026 12:51:05
MG,41424,3154150,REDUTO,"100,00",5853,4484,4316,64,104,1916,2116,284,05/10/2026 12:51:05
MG,50830,3154200,RESENDE COSTA,"100,00",9645,7807,7309,222,276,3132,3368,809,05/10/2026 12:51:05
MG,50857,3154309,RESPLENDOR,"100,00",12729,9093,8793,145,155,2968,5450,375,05/10/2026 12:51:05
MG,50873,3154408,RESSAQUINHA,"100,00",4433,3766,3547,83,136,1893,1258,396,05/10/2026 12:51:05
MG,40606,3154457,RIACHINHO,"100,00",6015,4532,4370,45,117,2241,1703,426,05/10/2026 12:51:05
MG,50890,3154507,RIACHO DOS MACHADOS,"100,00",8031,5857,5538,86,233,3358,1835,345,05/10/2026 12:51:05
MG,50911,3154606,RIBEIRÃO DAS NEVES,"100,00",218584,173134,161650,5289,6195,71008,75218,15424,05/10/2026 12:51:05
MG,50938,3154705,RIBEIRÃO VERMELHO,"100,00",3461,2807,2619,62,126,1330,1080,209,05/10/2026 12:51:05
MG,50954,3154804,RIO ACIMA,"100,00",8371,6923,6501,179,243,2964,2825,712,05/10/2026 12:51:05
MG,50970,3154903,RIO CASCA,"100,00",10834,7690,7212,168,310,4258,2429,525,05/10/2026 12:51:05
MG,51012,3155108,RIO DO PRADO,"100,00",4338,3149,2986,34,129,2098,781,107,05/10/2026 12:51:05
MG,50997,3155009,RIO DOCE,"100,00",2624,2103,1956,41,106,1224,628,104,05/10/2026 12:51:05
MG,51039,3155207,RIO ESPERA,"100,00",5784,4186,3883,141,162,2022,1517,344,05/10/2026 12:51:05
MG,51055,3155306,RIO MANSO,"100,00",5025,3961,3764,72,125,1672,1654,438,05/10/2026 12:51:05
MG,51071,3155405,RIO NOVO,"100,00",7131,5412,5120,92,200,2595,2162,363,05/10/2026 12:51:05
MG,51098,3155504,RIO PARANAÍBA,"100,00",11055,8467,8052,172,243,3107,4434,511,05/10/2026 12:51:05
MG,51110,3155603,RIO PARDO DE MINAS,"100,00",22281,17182,16287,204,691,9138,6231,918,05/10/2026 12:51:05
MG,51136,3155702,RIO PIRACICABA,"100,00",12444,9329,8708,284,337,4544,3402,762,05/10/2026 12:51:05
MG,51152,3155801,RIO POMBA,"100,00",13402,10726,10153,248,325,5195,4244,714,05/10/2026 12:51:05
MG,51179,3155900,RIO PRETO,"100,00",5409,4196,4052,46,98,2242,1543,267,05/10/2026 12:51:05
MG,51195,3156007,RIO VERMELHO,"100,00",10175,6096,5637,148,311,3386,1856,395,05/10/2026 12:51:05
MG,51217,3156106,RITÁPOLIS,"100,00",4803,3792,3520,101,171,1859,1335,326,05/10/2026 12:51:05
MG,51233,3156205,ROCHEDO DE MINAS,"100,00",2917,2207,2099,33,75,926,1026,147,05/10/2026 12:51:05
MG,51250,3156304,RODEIRO,"100,00",6844,5497,5247,105,145,2283,2639,325,05/10/2026 12:51:05
MG,51276,3156403,ROMARIA,"100,00",3430,2790,2688,27,75,1402,1110,176,05/10/2026 12:51:05
MG,40622,3156452,ROSÁRIO DA LIMEIRA,"100,00",5195,4191,3954,100,137,2080,1581,293,05/10/2026 12:51:05
MG,51292,3156502,RUBELITA,"100,00",7524,5007,4620,94,293,3363,1030,227,05/10/2026 12:51:05
MG,51314,3156601,RUBIM,"100,00",7158,5130,4814,81,235,3179,1362,273,05/10/2026 12:51:05
MG,51330,3156700,SABARÁ,"100,00",94323,76541,71131,2516,2894,31450,32586,7095,05/10/2026 12:51:05
MG,51357,3156809,SABINÓPOLIS,"100,00",12417,8119,7596,210,313,4853,2260,483,05/10/2026 12:51:05
MG,51373,3156908,SACRAMENTO,"100,00",20911,15963,15413,226,324,5315,8728,1370,05/10/2026 12:51:05
MG,51390,3157005,SALINAS,"100,00",33019,24619,23272,467,880,12741,9122,1409,05/10/2026 12:51:05
MG,51411,3157104,SALTO DA DIVISA,"100,00",4987,3564,3349,52,163,2008,1212,129,05/10/2026 12:51:05
MG,51438,3157203,SANTA BÁRBARA,"100,00",24261,18611,17433,509,669,9234,6288,1911,05/10/2026 12:51:05
MG,40649,3157252,SANTA BÁRBARA DO LESTE,"100,00",6925,5555,5206,114,235,2273,2623,310,05/10/2026 12:51:05
MG,41440,3157278,SANTA BÁRBARA DO MONTE VERDE,"100,00",3595,2790,2669,41,80,1422,1083,164,05/10/2026 12:51:05
MG,51454,3157302,SANTA BÁRBARA DO TUGÚRIO,"100,00",4340,3453,3202,81,170,2017,978,207,05/10/2026 12:51:05
MG,41467,3157336,SANTA CRUZ DE MINAS,"100,00",6469,5278,4967,146,165,1881,2608,478,05/10/2026 12:51:05
MG,41483,3157377,SANTA CRUZ DE SALINAS,"100,00",4496,3155,2955,53,147,2175,574,206,05/10/2026 12:51:05
MG,51470,3157401,SANTA CRUZ DO ESCALVADO,"100,00",4879,3864,3666,60,138,2393,1089,184,05/10/2026 12:51:05
MG,51497,3157500,SANTA EFIGÊNIA DE MINAS,"100,00",3985,2875,2631,86,158,1437,1008,186,05/10/2026 12:51:05
MG,51519,3157609,SANTA FÉ DE MINAS,"100,00",3706,2457,2376,20,61,1626,627,123,05/10/2026 12:51:05
MG,41505,3157658,SANTA HELENA DE MINAS,"100,00",5344,4022,3818,36,168,2539,1127,152,05/10/2026 12:51:05
MG,51535,3157708,SANTA JULIANA,"100,00",11819,9175,8834,149,192,3259,5141,434,05/10/2026 12:51:05
MG,51551,3157807,SANTA LUZIA,"100,00",164668,132961,124532,3857,4572,51624,59701,13207,05/10/2026 12:51:05
MG,51578,3157906,SANTA MARGARIDA,"100,00",12910,10833,10333,215,285,4888,4913,532,05/10/2026 12:51:05
MG,51594,3158003,SANTA MARIA DE ITABIRA,"100,00",8798,6719,6297,154,268,3692,2143,462,05/10/2026 12:51:05
MG,51616,3158102,SANTA MARIA DO SALTO,"100,00",4598,3126,2885,56,185,1625,1115,145,05/10/2026 12:51:05
MG,51632,3158201,SANTA MARIA DO SUAÇUÍ,"100,00",12134,7557,7200,78,279,4151,2651,398,05/10/2026 12:51:05
MG,51837,3159209,SANTA RITA DE CALDAS,"100,00",7062,5550,5333,65,152,1532,3341,460,05/10/2026 12:51:05
MG,51870,3159407,SANTA RITA DE IBITIPOCA,"100,00",3384,2548,2383,44,121,1404,724,255,05/10/2026 12:51:05
MG,51853,3159308,SANTA RITA DE JACUTINGA,"100,00",4360,3543,3384,59,100,1734,1426,224,05/10/2026 12:51:05
MG,40665,3159357,SANTA RITA DE MINAS,"100,00",5935,4733,4445,94,194,1949,2256,240,05/10/2026 12:51:05
MG,51896,3159506,SANTA RITA DO ITUETO,"100,00",5151,3924,3781,53,90,1341,2283,157,05/10/2026 12:51:05
MG,51918,3159605,SANTA RITA DO SAPUCAÍ,"100,00",31737,24619,23280,679,660,6239,14359,2682,05/10/2026 12:51:05
MG,51934,3159704,SANTA ROSA DA SERRA,"100,00",3513,2538,2408,62,68,1002,1268,138,05/10/2026 12:51:05
MG,51950,3159803,SANTA VITÓRIA,"100,00",17312,13055,12626,173,256,6187,5586,853,05/10/2026 12:51:05
MG,51659,3158300,SANTANA DA VARGEM,"100,00",5973,4928,4624,155,149,1941,2273,410,05/10/2026 12:51:05
MG,51675,3158409,SANTANA DE CATAGUASES,"100,00",3385,2780,2669,41,70,1178,1331,160,05/10/2026 12:51:05
MG,51691,3158508,SANTANA DE PIRAPAMA,"100,00",7165,5609,5329,102,178,2431,2418,480,05/10/2026 12:51:05
MG,51713,3158607,SANTANA DO DESERTO,"100,00",3542,2877,2769,32,76,1550,1052,167,05/10/2026 12:51:05
MG,51730,3158706,SANTANA DO GARAMBÉU,"100,00",2352,1860,1714,44,102,1034,563,117,05/10/2026 12:51:05
MG,51756,3158805,SANTANA DO JACARÉ,"100,00",3915,3176,2925,121,130,1359,1355,211,05/10/2026 12:51:05
MG,51772,3158904,SANTANA DO MANHUAÇU,"100,00",7807,5981,5760,90,131,2934,2529,297,05/10/2026 12:51:05
MG,40681,3158953,SANTANA DO PARAÍSO,"100,00",25815,19903,19209,324,370,6686,11146,1377,05/10/2026 12:51:05
MG,51799,3159001,SANTANA DO RIACHO,"100,00",6031,4449,4280,65,104,2289,1645,346,05/10/2026 12:51:05
MG,51810,3159100,SANTANA DOS MONTES,"100,00",3869,3077,2846,112,119,1457,1181,208,05/10/2026 12:51:05
MG,51977,3159902,SANTO ANTÔNIO DO AMPARO,"100,00",14255,11062,10231,409,422,5854,3683,694,05/10/2026 12:51:05
MG,51993,3160009,SANTO ANTÔNIO DO AVENTUREIRO,"100,00",3747,3075,2910,62,103,1382,1287,241,05/10/2026 12:51:05
MG,52019,3160108,SANTO ANTÔNIO DO GRAMA,"100,00",3941,2985,2812,66,107,1756,874,182,05/10/2026 12:51:05
MG,52035,3160207,SANTO ANTÔNIO DO ITAMBÉ,"100,00",3863,2335,2142,52,141,1452,538,152,05/10/2026 12:51:05
MG,52051,3160306,SANTO ANTÔNIO DO JACINTO,"100,00",9461,6462,5932,116,414,3158,2550,224,05/10/2026 12:51:05
MG,52078,3160405,SANTO ANTÔNIO DO MONTE,"100,00",21033,16679,16065,273,341,3696,11398,971,05/10/2026 12:51:05
MG,41521,3160454,SANTO ANTÔNIO DO RETIRO,"100,00",6670,4979,4739,51,189,3076,1406,257,05/10/2026 12:51:05
MG,52094,3160504,SANTO ANTÔNIO DO RIO ABAIXO,"100,00",2393,1614,1527,27,60,837,579,111,05/10/2026 12:51:05
MG,52116,3160603,SANTO HIPÓLITO,"100,00",3387,2216,2092,35,89,1282,621,189,05/10/2026 12:51:05
MG,52132,3160702,SANTOS DUMONT,"100,00",37567,28793,27175,723,895,15053,9912,2210,05/10/2026 12:51:05
MG,53074,3165404,SAPUCAÍ-MIRIM,"100,00",6091,4629,4370,104,155,1604,2425,341,05/10/2026 12:51:05
MG,53090,3165503,SARDOÁ,"100,00",4955,3659,3348,84,227,1629,1479,240,05/10/2026 12:51:05
MG,40800,3165537,SARZEDO,"100,00",26228,21426,20154,568,704,7093,10834,2227,05/10/2026 12:51:05
MG,40827,3165560,SEM PEIXE,"100,00",3765,2653,2527,49,77,1534,803,190,05/10/2026 12:51:05
MG,40843,3165578,SENADOR AMARAL,"100,00",6008,4778,4589,72,117,1372,2898,319,05/10/2026 12:51:05
MG,53112,3165602,SENADOR CORTES,"100,00",2545,2012,1918,33,61,1020,765,133,05/10/2026 12:51:05
MG,53139,3165701,SENADOR FIRMINO,"100,00",7117,5485,5181,127,177,3028,1729,424,05/10/2026 12:51:05
MG,53155,3165800,SENADOR JOSÉ BENTO,"100,00",2481,1977,1878,39,60,646,1116,116,05/10/2026 12:51:05
MG,53171,3165909,SENADOR MODESTINO GONÇALVES,"100,00",4784,3148,2974,41,133,1784,985,205,05/10/2026 12:51:05
MG,53198,3166006,SENHORA DE OLIVEIRA,"100,00",5747,4342,4107,117,118,2466,1306,335,05/10/2026 12:51:05
MG,53210,3166105,SENHORA DO PORTO,"100,00",3323,2269,2108,50,111,1159,770,179,05/10/2026 12:51:05
MG,53236,3166204,SENHORA DOS REMÉDIOS,"100,00",8367,6735,6246,122,367,3325,2390,531,05/10/2026 12:51:05
MG,53252,3166303,SERICITA,"100,00",7087,5686,5431,99,156,2427,2758,246,05/10/2026 12:51:05
MG,53279,3166402,SERITINGA,"100,00",2045,1593,1509,24,60,722,689,98,05/10/2026 12:51:05
MG,53295,3166501,SERRA AZUL DE MINAS,"100,00",3725,2283,2076,52,155,1258,647,171,05/10/2026 12:51:05
MG,53317,3166600,SERRA DA SAUDADE,"100,00",1281,989,963,5,21,360,531,72,05/10/2026 12:51:05
MG,53350,3166808,SERRA DO SALITRE,"100,00",9396,7551,7279,131,141,2516,4358,405,05/10/2026 12:51:05
MG,53333,3166709,SERRA DOS AIMORÉS,"100,00",6251,4590,4410,64,116,2562,1648,200,05/10/2026 12:51:05
MG,53376,3166907,SERRANIA,"100,00",6378,4837,4562,114,161,2041,2194,327,05/10/2026 12:51:05
MG,53392,3167004,SERRANOS,"100,00",2075,1662,1565,36,61,803,656,106,05/10/2026 12:51:05
MG,42382,3166956,SERRANÓPOLIS DE MINAS,"100,00",4136,3227,3080,47,100,1967,971,142,05/10/2026 12:51:05
MG,53414,3167103,SERRO,"100,00",17103,11396,10550,287,559,6898,2952,700,05/10/2026 12:51:05
MG,53430,3167202,SETE LAGOAS,"100,00",167416,137452,128074,4040,5338,44239,70304,13531,05/10/2026 12:51:05
MG,42404,3165552,SETUBINHA,"100,00",9306,6219,5782,65,372,3959,1563,260,05/10/2026 12:51:05
MG,53457,3167301,SILVEIRÂNIA,"100,00",2977,2485,2393,26,66,1333,854,206,05/10/2026 12:51:05
MG,53473,3167400,SILVIANÓPOLIS,"100,00",4859,3753,3581,56,116,1247,2020,314,05/10/2026 12:51:05
MG,53511,3167608,SIMONÉSIA,"100,00",16466,12769,11977,339,453,5363,5855,759,05/10/2026 12:51:05
MG,53490,3167509,SIMÃO PEREIRA,"100,00",3145,2596,2499,27,70,1220,1099,180,05/10/2026 12:51:05
MG,53538,3167707,SOBRÁLIA,"100,00",4076,3223,3033,51,139,1472,1407,154,05/10/2026 12:51:05
MG,53554,3167806,SOLEDADE DE MINAS,"100,00",5000,3921,3715,95,111,1533,1896,286,05/10/2026 12:51:05
MG,52159,3160801,SÃO BENTO ABADE,"100,00",4193,3202,3002,95,105,1276,1390,336,05/10/2026 12:51:05
MG,52175,3160900,SÃO BRÁS DO SUAÇUÍ,"100,00",3755,2875,2687,62,126,1383,1060,244,05/10/2026 12:51:05
MG,41548,3160959,SÃO DOMINGOS DAS DORES,"100,00",5911,4751,4559,63,129,1929,2382,248,05/10/2026 12:51:05
MG,52191,3161007,SÃO DOMINGOS DO PRATA,"100,00",14284,10568,10025,193,350,5369,3879,777,05/10/2026 12:51:05
MG,52213,3161106,SÃO FRANCISCO,"100,00",41950,29479,28587,320,572,17831,9161,1595,05/10/2026 12:51:05
MG,52230,3161205,SÃO FRANCISCO DE PAULA,"100,00",5996,4841,4588,102,151,2468,1756,364,05/10/2026 12:51:05
MG,52256,3161304,SÃO FRANCISCO DE SALES,"100,00",4637,3717,3575,49,93,1865,1481,229,05/10/2026 12:51:05
MG,52272,3161403,SÃO FRANCISCO DO GLÓRIA,"100,00",4163,3387,3229,40,118,1808,1257,164,05/10/2026 12:51:05
MG,41564,3161056,SÃO FÉLIX DE MINAS,"100,00",3799,2762,2662,27,73,1177,1366,119,05/10/2026 12:51:05
MG,52299,3161502,SÃO GERALDO,"100,00",7348,5693,5404,139,150,3199,1861,344,05/10/2026 12:51:05
MG,52310,3161601,SÃO GERALDO DA PIEDADE,"100,00",3667,2577,2428,47,102,1394,898,136,05/10/2026 12:51:05
MG,41580,3161650,SÃO GERALDO DO BAIXIO,"100,00",3221,2428,2294,33,101,1024,1155,115,05/10/2026 12:51:05
MG,52337,3161700,SÃO GONÇALO DO ABAETÉ,"100,00",5648,4277,4097,85,95,1728,2118,251,05/10/2026 12:51:05
MG,52353,3161809,SÃO GONÇALO DO PARÁ,"100,00",8689,7304,6841,195,268,2351,3850,640,05/10/2026 12:51:05
MG,52370,3161908,SÃO GONÇALO DO RIO ABAIXO,"100,00",11721,9683,9015,288,380,4108,4113,794,05/10/2026 12:51:05
MG,45098,3125507,SÃO GONÇALO DO RIO PRETO,"100,00",3128,2190,2036,50,104,1416,482,138,05/10/2026 12:51:05
MG,52396,3162005,SÃO GONÇALO DO SAPUCAÍ,"100,00",19134,14017,13207,372,438,5411,6699,1097,05/10/2026 12:51:05
MG,52418,3162104,SÃO GOTARDO,"100,00",28579,22371,21321,462,588,5818,14127,1376,05/10/2026 12:51:05
MG,41629,3162922,SÃO JOAQUIM DE BICAS,"100,00",25074,19114,17953,467,694,8138,8139,1676,05/10/2026 12:51:05
MG,41645,3162948,SÃO JOSÉ DA BARRA,"100,00",6753,5247,5028,89,130,1951,2668,409,05/10/2026 12:51:05
MG,40789,3162955,SÃO JOSÉ DA LAPA,"100,00",19738,16356,15503,367,486,5944,8081,1478,05/10/2026 12:51:05
MG,52590,3163003,SÃO JOSÉ DA SAFIRA,"100,00",4189,2987,2859,30,98,1639,1098,122,05/10/2026 12:51:05
MG,52612,3163102,SÃO JOSÉ DA VARGINHA,"100,00",3988,3154,2996,66,92,1171,1581,244,05/10/2026 12:51:05
MG,52639,3163201,SÃO JOSÉ DO ALEGRE,"100,00",3727,2948,2760,79,109,854,1707,199,05/10/2026 12:51:05
MG,52655,3163300,SÃO JOSÉ DO DIVINO,"100,00",3170,2479,2363,26,90,1002,1279,82,05/10/2026 12:51:05
MG,52671,3163409,SÃO JOSÉ DO GOIABAL,"100,00",4897,3634,3456,56,122,2082,1148,226,05/10/2026 12:51:05
MG,52698,3163508,SÃO JOSÉ DO JACURI,"100,00",5252,3952,3646,83,223,2200,1233,213,05/10/2026 12:51:05
MG,52710,3163607,SÃO JOSÉ DO MANTIMENTO,"100,00",3068,2389,2272,58,59,1221,963,88,05/10/2026 12:51:05
MG,52434,3162203,SÃO JOÃO BATISTA DO GLÓRIA,"100,00",6432,5114,4871,106,137,1620,2890,361,05/10/2026 12:51:05
MG,40703,3162252,SÃO JOÃO DA LAGOA,"100,00",5131,3925,3772,43,110,2405,1059,308,05/10/2026 12:51:05
MG,52450,3162302,SÃO JOÃO DA MATA,"100,00",3192,2499,2367,51,81,731,1477,159,05/10/2026 12:51:05
MG,52477,3162401,SÃO JOÃO DA PONTE,"100,00",22992,15955,15309,170,476,11436,3219,654,05/10/2026 12:51:05
MG,41602,3162450,SÃO JOÃO DAS MISSÕES,"100,00",9981,7496,7120,75,301,4897,2041,182,05/10/2026 12:51:05
MG,52493,3162500,SÃO JOÃO DEL REI,"100,00",70117,55472,52330,1423,1719,21946,25618,4766,05/10/2026 12:51:05
MG,40720,3162559,SÃO JOÃO DO MANHUAÇU,"100,00",9811,7770,7487,87,196,3126,4078,283,05/10/2026 12:51:05
MG,40746,3162575,SÃO JOÃO DO MANTENINHA,"100,00",5242,4216,4097,49,70,1875,2019,203,05/10/2026 12:51:05
MG,52515,3162609,SÃO JOÃO DO ORIENTE,"100,00",6955,5420,5186,76,158,2506,2444,236,05/10/2026 12:51:05
MG,40762,3162658,SÃO JOÃO DO PACUÍ,"100,00",4046,2923,2828,20,75,1986,674,168,05/10/2026 12:51:05
MG,52531,3162708,SÃO JOÃO DO PARAÍSO,"100,00",18054,13840,12740,296,804,5914,5958,868,05/10/2026 12:51:05
MG,52558,3162807,SÃO JOÃO EVANGELISTA,"100,00",12840,9136,8687,151,298,5385,2739,563,05/10/2026 12:51:05
MG,52574,3162906,SÃO JOÃO NEPOMUCENO,"100,00",20106,15601,14884,287,430,6580,6904,1400,05/10/2026 12:51:05
MG,52736,3163706,SÃO LOURENÇO,"100,00",34836,26571,25221,558,792,8155,15030,2036,05/10/2026 12:51:05
MG,52752,3163805,SÃO MIGUEL DO ANTA,"100,00",6021,5019,4704,140,175,2867,1524,313,05/10/2026 12:51:05
MG,52779,3163904,SÃO PEDRO DA UNIÃO,"100,00",4328,3346,3163,73,110,1127,1815,221,05/10/2026 12:51:05
MG,52817,3164100,SÃO PEDRO DO SUAÇUÍ,"100,00",4666,3371,3192,39,140,1806,1193,193,05/10/2026 12:51:05
MG,52795,3164001,SÃO PEDRO DOS FERROS,"100,00",6402,4632,4377,80,175,2860,1213,304,05/10/2026 12:51:05
MG,52833,3164209,SÃO ROMÃO,"100,00",7275,4826,4602,62,162,2763,1649,190,05/10/2026 12:51:05
MG,52850,3164308,SÃO ROQUE DE MINAS,"100,00",5891,4505,4348,65,92,979,3085,284,05/10/2026 12:51:05
MG,52876,3164407,SÃO SEBASTIÃO DA BELA VISTA,"100,00",6472,4940,4731,96,113,1754,2627,350,05/10/2026 12:51:05
MG,42340,3164431,SÃO SEBASTIÃO DA VARGEM ALEGRE,"100,00",3045,2447,2314,58,75,1104,1018,192,05/10/2026 12:51:05
MG,42366,3164472,SÃO SEBASTIÃO DO ANTA,"100,00",5604,4238,4031,43,164,1644,2202,185,05/10/2026 12:51:05
MG,52892,3164506,SÃO SEBASTIÃO DO MARANHÃO,"100,00",8934,5734,5399,85,250,3061,2048,290,05/10/2026 12:51:05
MG,52914,3164605,SÃO SEBASTIÃO DO OESTE,"100,00",7573,6212,5908,121,183,2501,3047,360,05/10/2026 12:51:05
MG,52930,3164704,SÃO SEBASTIÃO DO PARAÍSO,"100,00",51162,37885,35867,844,1174,12696,19067,4104,05/10/2026 12:51:05
MG,52957,3164803,SÃO SEBASTIÃO DO RIO PRETO,"100,00",2043,1394,1328,25,41,607,619,102,05/10/2026 12:51:05
MG,52973,3164902,SÃO SEBASTIÃO DO RIO VERDE,"100,00",2163,1777,1686,35,56,572,969,145,05/10/2026 12:51:05
MG,53031,3165206,SÃO THOMÉ DAS LETRAS,"100,00",5182,4045,3854,86,105,2318,1261,275,05/10/2026 12:51:05
MG,52990,3165008,SÃO TIAGO,"100,00",9396,7599,7055,232,312,2913,3273,869,05/10/2026 12:51:05
MG,53015,3165107,SÃO TOMÁS DE AQUINO,"100,00",5951,4495,4281,89,125,1654,2178,449,05/10/2026 12:51:05
MG,53058,3165305,SÃO VICENTE DE MINAS,"100,00",5681,4258,4002,86,170,1940,1806,256,05/10/2026 12:51:05
MG,53570,3167905,TABULEIRO,"100,00",4006,3165,2983,52,130,1579,1211,193,05/10/2026 12:51:05
MG,53597,3168002,TAIOBEIRAS,"100,00",27594,21029,19957,281,791,7283,11580,1094,05/10/2026 12:51:05
MG,42420,3168051,TAPARUBA,"100,00",4088,3026,2907,41,78,1544,1243,120,05/10/2026 12:51:05
MG,53619,3168101,TAPIRA,"100,00",4968,3984,3899,37,48,871,2754,274,05/10/2026 12:51:05
MG,53635,3168200,TAPIRAÍ,"100,00",1974,1559,1515,13,31,676,718,121,05/10/2026 12:51:05
MG,53651,3168309,TAQUARAÇU DE MINAS,"100,00",5759,4281,4025,80,176,1557,2110,358,05/10/2026 12:51:05
MG,53678,3168408,TARUMIRIM,"100,00",10127,7876,7537,97,242,3462,3744,331,05/10/2026 12:51:05
MG,53694,3168507,TEIXEIRAS,"100,00",10098,8123,7596,185,342,4307,2702,587,05/10/2026 12:51:05
MG,53716,3168606,TEÓFILO OTONI,"100,00",106567,77223,73389,1449,2385,34828,34422,4139,05/10/2026 12:51:05
MG,53732,3168705,TIMÓTEO,"100,00",59600,45764,43865,830,1069,15867,24867,3131,05/10/2026 12:51:05
MG,53759,3168804,TIRADENTES,"100,00",6892,5608,5336,118,154,2399,2556,381,05/10/2026 12:51:05
MG,53775,3168903,TIROS,"100,00",6214,4727,4523,80,124,1080,3195,248,05/10/2026 12:51:05
MG,53791,3169000,TOCANTINS,"100,00",12649,10533,9945,253,335,4550,4696,699,05/10/2026 12:51:05
MG,42587,3169059,TOCOS DO MOJI,"100,00",4159,3482,3292,91,99,1430,1513,349,05/10/2026 12:51:05
MG,53813,3169109,TOLEDO,"100,00",7507,5720,5476,94,150,1673,3420,383,05/10/2026 12:51:05
MG,53830,3169208,TOMBOS,"100,00",6714,5435,5233,77,125,2516,2487,230,05/10/2026 12:51:05
MG,53856,3169307,TRÊS CORAÇÕES,"100,00",56588,42028,39187,1348,1493,13698,21745,3744,05/10/2026 12:51:05
MG,41157,3169356,TRÊS MARIAS,"100,00",24921,18101,17115,422,564,7107,8632,1376,05/10/2026 12:51:05
MG,53872,3169406,TRÊS PONTAS,"100,00",45341,35448,33388,1126,934,14545,15431,3412,05/10/2026 12:51:05
MG,53899,3169505,TUMIRITINGA,"100,00",5517,3947,3790,46,111,1898,1745,147,05/10/2026 12:51:05
MG,53910,3169604,TUPACIGUARA,"100,00",20966,15919,15260,256,403,7105,7260,895,05/10/2026 12:51:05
MG,53937,3169703,TURMALINA,"100,00",16553,12926,12336,234,356,7373,4187,776,05/10/2026 12:51:05
MG,53953,3169802,TURVOLÂNDIA,"100,00",4957,3891,3664,88,139,1444,1952,268,05/10/2026 12:51:05
MG,40860,3170057,UBAPORANGA,"100,00",10135,8231,7902,90,239,3185,4333,384,05/10/2026 12:51:05
MG,53996,3170008,UBAÍ,"100,00",9797,7106,6840,60,206,4902,1682,256,05/10/2026 12:51:05
MG,54011,3170107,UBERABA,"100,00",236838,186055,178245,3280,4530,68891,91107,18247,05/10/2026 12:51:05
MG,54038,3170206,UBERLÂNDIA,"100,00",540033,429516,409921,7763,11832,163879,206793,39249,05/10/2026 12:51:05
MG,53970,3169901,UBÁ,"100,00",71547,55425,52666,1179,1580,23492,25035,4139,05/10/2026 12:51:05
MG,54054,3170305,UMBURATIBA,"100,00",2736,1965,1863,45,57,1120,657,86,05/10/2026 12:51:05
MG,54070,3170404,UNAÍ,"100,00",64172,49422,47812,689,921,13714,30244,3854,05/10/2026 12:51:05
MG,42447,3170438,UNIÃO DE MINAS,"100,00",3158,2431,2375,16,40,1185,1088,102,05/10/2026 12:51:05
MG,42463,3170479,URUANA DE MINAS,"100,00",3686,2721,2619,30,72,1099,1338,182,05/10/2026 12:51:05
MG,40886,3170529,URUCUIA,"100,00",7988,5768,5554,43,171,3034,2148,372,05/10/2026 12:51:05
MG,54097,3170503,URUCÂNIA,"100,00",8712,6603,6098,169,336,3550,2210,338,05/10/2026 12:51:05
MG,40908,3170578,VARGEM ALEGRE,"100,00",5430,4195,3990,60,145,1956,1881,153,05/10/2026 12:51:05
MG,54119,3170602,VARGEM BONITA,"100,00",2601,1853,1798,23,32,611,1079,108,05/10/2026 12:51:05
MG,42480,3170651,VARGEM GRANDE DO RIO PARDO,"100,00",4199,3265,3137,13,115,1399,1501,237,05/10/2026 12:51:05
MG,54135,3170701,VARGINHA,"100,00",104607,80512,76210,2069,2233,25551,42950,7709,05/10/2026 12:51:05
MG,42501,3170750,VARJÃO DE MINAS,"100,00",6717,5202,4993,84,125,1998,2610,385,05/10/2026 12:51:05
MG,54178,3170909,VARZELÂNDIA,"100,00",17159,12040,11610,124,306,8365,2895,350,05/10/2026 12:51:05
MG,54194,3171006,VAZANTE,"100,00",16950,12750,12262,218,270,4982,6165,1115,05/10/2026 12:51:05
MG,42528,3171030,VERDELÂNDIA,"100,00",6974,5108,4883,69,156,3283,1414,186,05/10/2026 12:51:05
MG,42544,3171071,VEREDINHA,"100,00",5268,3963,3765,57,141,2210,1228,327,05/10/2026 12:51:05
MG,42560,3171154,VERMELHO NOVO,"100,00",5097,3894,3657,96,141,1851,1569,237,05/10/2026 12:51:05
MG,54232,3171105,VERÍSSIMO,"100,00",3223,2393,2307,34,52,1104,1041,162,05/10/2026 12:51:05
MG,54259,3171204,VESPASIANO,"100,00",87691,70909,66427,2077,2405,27581,32456,6390,05/10/2026 12:51:05
MG,54291,3171402,VIEIRAS,"100,00",4007,3254,3125,37,92,1602,1371,152,05/10/2026 12:51:05
MG,54330,3171600,VIRGEM DA LAPA,"100,00",10159,6883,6451,106,326,4174,2009,268,05/10/2026 12:51:05
MG,54372,3171808,VIRGINÓPOLIS,"100,00",8530,5953,5534,129,290,2913,1988,633,05/10/2026 12:51:05
MG,54399,3171907,VIRGOLÂNDIA,"100,00",4613,3277,3094,48,135,2006,911,177,05/10/2026 12:51:05
MG,54356,3171709,VIRGÍNIA,"100,00",7521,5997,5761,108,128,2687,2645,429,05/10/2026 12:51:05
MG,54410,3172004,VISCONDE DO RIO BRANCO,"100,00",30721,24362,22990,616,756,11462,9901,1627,05/10/2026 12:51:05
MG,54275,3171303,VIÇOSA,"100,00",61609,47857,45338,1154,1365,27070,14071,4197,05/10/2026 12:51:05
MG,54437,3172103,VOLTA GRANDE,"100,00",4431,3143,2995,58,90,1691,1122,182,05/10/2026 12:51:05
MG,54151,3170800,VÁRZEA DA PALMA,"100,00",27190,20137,19008,385,744,8491,9205,1312,05/10/2026 12:51:05
MG,54216,3172202,WENCESLAU BRAZ,"100,00",2695,2158,2037,44,77,778,1084,175,05/10/2026 12:51:05
MG,40118,3100609,ÁGUA BOA,"100,00",11836,8050,7631,98,321,4211,3057,363,05/10/2026 12:51:05
MG,40134,3100708,ÁGUA COMPRIDA,"100,00",2699,2102,2023,23,56,753,1176,94,05/10/2026 12:51:05
MG,40177,3100906,ÁGUAS FORMOSAS,"100,00",14491,11041,10529,125,387,5334,4605,590,05/10/2026 12:51:05
MG,40193,3101003,ÁGUAS VERMELHAS,"100,00",10868,7559,7149,101,309,4486,2268,395,05/10/2026 12:51:05
PR,74012,4100103,ABATIÁ,"100,00",5976,4452,4306,69,77,1444,2635,227,05/10/2026 12:51:05
PR,74039,4100202,ADRIANÓPOLIS,"100,00",5781,4351,4201,67,83,2225,1726,250,05/10/2026 12:51:05
PR,74055,4100301,AGUDOS DO SUL,"100,00",8981,7262,6937,176,149,2002,4544,391,05/10/2026 12:51:05
PR,74071,4100400,ALMIRANTE TAMANDARÉ,"100,00",77677,59864,56841,1600,1423,19638,31191,6012,05/10/2026 12:51:05
PR,84557,4100459,ALTAMIRA DO PARANÁ,"100,00",3441,2655,2568,35,52,1129,1260,179,05/10/2026 12:51:05
PR,74098,4100608,ALTO PARANÁ,"100,00",10406,7914,7643,123,148,2704,4457,482,05/10/2026 12:51:05
PR,74926,4128625,ALTO PARAÍSO,"100,00",3269,2336,2280,29,27,830,1321,129,05/10/2026 12:51:05
PR,74110,4100707,ALTO PIQUIRI,"100,00",7426,5623,5428,91,104,2395,2713,320,05/10/2026 12:51:05
PR,79510,4100509,ALTÔNIA,"100,00",14510,11306,10958,164,184,2893,7311,754,05/10/2026 12:51:05
PR,74136,4100806,ALVORADA DO SUL,"100,00",7430,5830,5652,70,108,1930,3473,249,05/10/2026 12:51:05
PR,74152,4100905,AMAPORÃ,"100,00",4058,3144,3044,34,66,1309,1547,188,05/10/2026 12:51:05
PR,74179,4101002,AMPÉRE,"100,00",14532,12167,11739,176,252,5365,5616,758,05/10/2026 12:51:05
PR,74101,4101051,ANAHY,"100,00",2828,2356,2290,24,42,927,1200,163,05/10/2026 12:51:05
PR,74195,4101101,ANDIRÁ,"100,00",16359,12461,11876,203,382,4223,6892,761,05/10/2026 12:51:05
PR,74217,4101200,ANTONINA,"100,00",15653,11626,11262,201,163,3624,6940,698,05/10/2026 12:51:05
PR,74233,4101309,ANTÔNIO OLINTO,"100,00",6911,5516,5226,142,148,1832,2894,500,05/10/2026 12:51:05
PR,74250,4101408,APUCARANA,"100,00",94187,73788,70474,1473,1841,16907,47060,6507,05/10/2026 12:51:05
PR,74276,4101507,ARAPONGAS,"100,00",84444,67094,64346,1243,1505,12880,46270,5196,05/10/2026 12:51:05
PR,74292,4101606,ARAPOTI,"100,00",19003,14323,13753,323,247,3483,9426,844,05/10/2026 12:51:05
PR,75108,4101655,ARAPUÃ,"100,00",3263,2734,2651,28,55,1215,1278,158,05/10/2026 12:51:05
PR,74314,4101705,ARARUNA,"100,00",10853,8853,8514,144,195,2827,5079,608,05/10/2026 12:51:05
PR,74357,4101804,ARAUCÁRIA,"100,00",112066,89402,84807,2261,2334,30847,44601,9359,05/10/2026 12:51:05
PR,75086,4101853,ARIRANHA DO IVAÍ,"100,00",2527,2024,1958,27,39,935,907,116,05/10/2026 12:51:05
PR,74373,4101903,ASSAÍ,"100,00",12321,9270,8981,140,149,2240,6168,573,05/10/2026 12:51:05
PR,79537,4102000,ASSIS CHATEAUBRIAND,"100,00",27256,21731,21045,307,379,5958,13775,1312,05/10/2026 12:51:05
PR,74390,4102109,ASTORGA,"100,00",19627,15664,15201,202,261,3530,10863,808,05/10/2026 12:51:05
PR,74411,4102208,ATALAIA,"100,00",3479,2853,2779,38,36,932,1687,160,05/10/2026 12:51:05
PR,74438,4102307,BALSA NOVA,"100,00",12129,9934,9478,223,233,2840,5851,787,05/10/2026 12:51:05
PR,74454,4102406,BANDEIRANTES,"100,00",24411,18610,18078,248,284,4584,12532,962,05/10/2026 12:51:05
PR,74470,4102505,BARBOSA FERRAZ,"100,00",8859,6664,6377,103,184,2458,3460,459,05/10/2026 12:51:05
PR,74519,4102703,BARRA DO JACARÉ,"100,00",2805,2239,2154,37,48,874,1135,145,05/10/2026 12:51:05
PR,74497,4102604,BARRACÃO,"100,00",7600,6109,5951,73,85,2329,3262,360,05/10/2026 12:51:05
PR,75124,4102752,BELA VISTA DA CAROBA,"100,00",2988,2483,2407,33,43,1210,1049,148,05/10/2026 12:51:05
PR,74535,4102802,BELA VISTA DO PARAÍSO,"100,00",12282,9270,8904,164,202,2779,5574,551,05/10/2026 12:51:05
PR,74551,4102901,BITURUNA,"100,00",12808,10386,9950,211,225,4349,5048,553,05/10/2026 12:51:05
PR,74578,4103008,BOA ESPERANÇA,"100,00",3974,3222,3123,47,52,744,2240,139,05/10/2026 12:51:05
PR,74144,4103024,BOA ESPERANÇA DO IGUAÇU,"100,00",2309,1942,1896,20,26,895,854,147,05/10/2026 12:51:05
PR,75140,4103040,BOA VENTURA DE SÃO ROQUE,"100,00",5080,4184,4051,60,73,1876,1872,303,05/10/2026 12:51:05
PR,79812,4103057,BOA VISTA DA APARECIDA,"100,00",7107,5615,5429,76,110,2189,2910,330,05/10/2026 12:51:05
PR,74594,4103107,BOCAIÚVA DO SUL,"100,00",10205,7649,7279,199,171,2318,4328,633,05/10/2026 12:51:05
PR,75167,4103156,BOM JESUS DO SUL,"100,00",3699,3069,2990,26,53,1423,1403,164,05/10/2026 12:51:05
PR,74616,4103206,BOM SUCESSO,"100,00",5316,4219,4049,76,94,1840,1916,293,05/10/2026 12:51:05
PR,74160,4103222,BOM SUCESSO DO SUL,"100,00",3020,2562,2514,27,21,619,1769,126,05/10/2026 12:51:05
PR,74632,4103305,BORRAZÓPOLIS,"100,00",6279,5169,5004,73,92,1720,3013,271,05/10/2026 12:51:05
PR,79839,4103354,BRAGANEY,"100,00",4330,3495,3376,56,63,1225,1953,198,05/10/2026 12:51:05
PR,74187,4103370,BRASILÂNDIA DO SUL,"100,00",3350,2658,2580,31,47,1174,1258,148,05/10/2026 12:51:05
PR,74659,4103404,CAFEARA,"100,00",2223,1837,1763,21,53,861,821,81,05/10/2026 12:51:05
PR,79855,4103453,CAFELÂNDIA,"100,00",13247,10940,10639,137,164,2768,7110,761,05/10/2026 12:51:05
PR,74209,4103479,CAFEZAL DO SUL,"100,00",4161,3278,3195,38,45,1020,1970,205,05/10/2026 12:51:05
PR,74675,4103503,CALIFÓRNIA,"100,00",6940,5618,5369,120,129,1487,3498,384,05/10/2026 12:51:05
PR,74691,4103602,CAMBARÁ,"100,00",17864,13252,12553,277,422,4130,7552,871,05/10/2026 12:51:05
PR,74730,4103800,CAMBIRA,"100,00",6442,5192,4984,91,117,1376,3314,294,05/10/2026 12:51:05
PR,74713,4103701,CAMBÉ,"100,00",76178,59684,56980,1186,1518,14688,36772,5520,05/10/2026 12:51:05
PR,74756,4103909,CAMPINA DA LAGOA,"100,00",12371,9562,9247,146,169,3125,5520,602,05/10/2026 12:51:05
PR,75183,4103958,CAMPINA DO SIMÃO,"100,00",3735,2942,2791,80,71,1308,1228,255,05/10/2026 12:51:05
PR,74772,4104006,CAMPINA GRANDE DO SUL,"100,00",35488,27795,26649,590,556,8274,15901,2474,05/10/2026 12:51:05
PR,74780,4104055,CAMPO BONITO,"100,00",3695,2888,2812,32,44,1135,1515,162,05/10/2026 12:51:05
PR,74799,4104105,CAMPO DO TENENTE,"100,00",6393,5237,5070,92,75,1515,3167,388,05/10/2026 12:51:05
PR,74810,4104204,CAMPO LARGO,"100,00",94798,76479,73035,1795,1649,20761,44882,7392,05/10/2026 12:51:05
PR,75205,4104253,CAMPO MAGRO,"100,00",21484,17157,16370,400,387,5501,9079,1790,05/10/2026 12:51:05
PR,74837,4104303,CAMPO MOURÃO,"100,00",70262,56172,54281,903,988,16646,32846,4789,05/10/2026 12:51:05
PR,74225,4104428,CANDÓI,"100,00",12050,9741,9410,162,169,4025,4740,645,05/10/2026 12:51:05
PR,84514,4104451,CANTAGALO,"100,00",9118,6886,6600,102,184,3054,3142,404,05/10/2026 12:51:05
PR,74870,4104501,CAPANEMA,"100,00",15204,12180,11831,164,185,4468,6496,867,05/10/2026 12:51:05
PR,74896,4104600,CAPITÃO LEÔNIDAS MARQUES,"100,00",11861,9287,9013,122,152,3336,5165,512,05/10/2026 12:51:05
PR,75221,4104659,CARAMBEÍ,"100,00",17446,14314,13670,329,315,3192,9238,1240,05/10/2026 12:51:05
PR,74918,4104709,CARLÓPOLIS,"100,00",12148,9214,8838,153,223,2722,5552,564,05/10/2026 12:51:05
PR,74934,4104808,CASCAVEL,"100,00",239954,194330,188488,2801,3041,51045,121234,16209,05/10/2026 12:51:05
PR,74950,4104907,CASTRO,"100,00",55971,44474,42298,1273,903,11474,27057,3767,05/10/2026 12:51:05
PR,74977,4105003,CATANDUVAS,"100,00",7097,5507,5310,82,115,1798,3183,329,05/10/2026 12:51:05
PR,74993,4105102,CENTENÁRIO DO SUL,"100,00",8551,6534,6289,82,163,3172,2800,317,05/10/2026 12:51:05
PR,75019,4105201,CERRO AZUL,"100,00",13491,10494,9958,277,259,4665,4661,632,05/10/2026 12:51:05
PR,75035,4105409,CHOPINZINHO,"100,00",16864,13477,13029,206,242,4482,7713,834,05/10/2026 12:51:05
PR,75051,4105508,CIANORTE,"100,00",58478,45860,44411,717,732,10283,30549,3579,05/10/2026 12:51:05
PR,75078,4105607,CIDADE GAÚCHA,"100,00",8899,6816,6611,79,126,2559,3676,376,05/10/2026 12:51:05
PR,75094,4105706,CLEVELÂNDIA,"100,00",13247,10109,9792,132,185,3826,5539,427,05/10/2026 12:51:05
PR,75132,4105805,COLOMBO,"100,00",161954,129119,123040,3283,2796,39734,69990,13316,05/10/2026 12:51:05
PR,75159,4105904,COLORADO,"100,00",17627,13943,13343,248,352,4883,7552,908,05/10/2026 12:51:05
PR,75175,4106001,CONGONHINHAS,"100,00",6609,4934,4760,63,111,2378,2129,253,05/10/2026 12:51:05
PR,75191,4106100,CONSELHEIRO MAIRINCK,"100,00",3221,2469,2368,39,62,956,1260,152,05/10/2026 12:51:05
PR,75213,4106209,CONTENDA,"100,00",13638,11203,10651,331,221,3327,6403,921,05/10/2026 12:51:05
PR,75230,4106308,CORBÉLIA,"100,00",13858,11380,11081,160,139,2774,7590,717,05/10/2026 12:51:05
PR,75256,4106407,CORNÉLIO PROCÓPIO,"100,00",35102,26949,25953,448,548,7747,16058,2148,05/10/2026 12:51:05
PR,75248,4106456,CORONEL DOMINGOS SOARES,"100,00",5280,4052,3934,55,63,1877,1864,193,05/10/2026 12:51:05
PR,75272,4106506,CORONEL VIVIDA,"100,00",17708,14440,13946,245,249,5245,7845,856,05/10/2026 12:51:05
PR,75280,4106555,CORUMBATAÍ DO SUL,"100,00",3757,2871,2753,51,67,1250,1295,208,05/10/2026 12:51:05
PR,75337,4106803,CRUZ MACHADO,"100,00",13735,11224,10654,277,293,3203,6358,1093,05/10/2026 12:51:05
PR,74241,4106571,CRUZEIRO DO IGUAÇU,"100,00",3622,2910,2840,30,40,1185,1464,191,05/10/2026 12:51:05
PR,75299,4106605,CRUZEIRO DO OESTE,"100,00",16510,12582,12154,187,241,4065,7335,754,05/10/2026 12:51:05
PR,75310,4106704,CRUZEIRO DO SUL,"100,00",3922,3022,2913,41,68,1449,1298,166,05/10/2026 12:51:05
PR,75264,4106852,CRUZMALTINA,"100,00",2730,2172,2101,26,45,728,1227,146,05/10/2026 12:51:05
PR,75353,4106902,CURITIBA,"100,00",1415148,1136092,1093434,19244,23414,332099,628721,132614,05/10/2026 12:51:05
PR,75370,4107009,CURIÚVA,"100,00",10807,7971,7559,196,216,2615,4476,468,05/10/2026 12:51:05
PR,74853,4104402,CÂNDIDO DE ABREU,"100,00",11738,9075,8704,170,201,3243,4879,582,05/10/2026 12:51:05
PR,79570,4105300,CÉU AZUL,"100,00",8788,7186,6985,87,114,1389,5247,349,05/10/2026 12:51:05
PR,75400,4107157,DIAMANTE D'OESTE,"100,00",3758,3038,2955,36,47,1555,1266,134,05/10/2026 12:51:05
PR,75396,4107108,DIAMANTE DO NORTE,"100,00",4379,3358,3255,43,60,1170,1902,183,05/10/2026 12:51:05
PR,74268,4107124,DIAMANTE DO SUL,"100,00",3479,2637,2572,33,32,1082,1401,89,05/10/2026 12:51:05
PR,75418,4107207,DOIS VIZINHOS,"100,00",33146,27530,26747,399,384,10056,15013,1678,05/10/2026 12:51:05
PR,84654,4107256,DOURADINA,"100,00",6988,5603,5465,74,64,1545,3589,331,05/10/2026 12:51:05
PR,75434,4107306,DOUTOR CAMARGO,"100,00",5175,4166,4038,53,75,1152,2659,227,05/10/2026 12:51:05
PR,74942,4128633,DOUTOR ULYSSES,"100,00",5209,4089,3889,104,96,1796,1851,242,05/10/2026 12:51:05
PR,75477,4107504,ENGENHEIRO BELTRÃO,"100,00",10063,7894,7632,111,151,2494,4654,484,05/10/2026 12:51:05
PR,74284,4107538,ENTRE RIOS DO OESTE,"100,00",3721,3139,3085,24,30,644,2257,184,05/10/2026 12:51:05
PR,75450,4107405,ENÉAS MARQUES,"100,00",5490,4541,4418,65,58,1988,2121,309,05/10/2026 12:51:05
PR,75302,4107520,ESPERANÇA NOVA,"100,00",2112,1598,1565,19,14,427,1049,89,05/10/2026 12:51:05
PR,75329,4107546,ESPIGÃO ALTO DO IGUAÇU,"100,00",4416,3425,3333,42,50,1239,1937,157,05/10/2026 12:51:05
PR,74306,4107553,FAROL,"100,00",2837,2246,2172,37,37,897,1157,118,05/10/2026 12:51:05
PR,75493,4107603,FAXINAL,"100,00",12177,9681,9400,128,153,2331,6470,599,05/10/2026 12:51:05
PR,74322,4107652,FAZENDA RIO GRANDE,"100,00",94019,72128,68615,1859,1654,21881,39363,7371,05/10/2026 12:51:05
PR,75345,4107736,FERNANDES PINHEIRO,"100,00",5554,4504,4309,91,104,1731,2288,290,05/10/2026 12:51:05
PR,84573,4107751,FIGUEIRA,"100,00",6360,4771,4571,88,112,2255,2071,245,05/10/2026 12:51:05
PR,74349,4107850,FLOR DA SERRA DO SUL,"100,00",4381,3519,3408,47,64,1413,1771,224,05/10/2026 12:51:05
PR,75531,4107801,FLORAÍ,"100,00",4346,3674,3533,74,67,1183,2132,218,05/10/2026 12:51:05
PR,75558,4107900,FLORESTA,"100,00",8070,6397,6214,69,114,1779,4014,421,05/10/2026 12:51:05
PR,75574,4108007,FLORESTÓPOLIS,"100,00",9394,7649,7398,132,119,3450,3439,509,05/10/2026 12:51:05
PR,75590,4108106,FLÓRIDA,"100,00",2410,2002,1933,35,34,789,1020,124,05/10/2026 12:51:05
PR,75612,4108205,FORMOSA DO OESTE,"100,00",6080,4763,4559,78,126,1294,2982,283,05/10/2026 12:51:05
PR,75639,4108304,FOZ DO IGUAÇU,"100,00",209121,165077,160136,2343,2598,50383,97614,12139,05/10/2026 12:51:05
PR,75361,4108452,FOZ DO JORDÃO,"100,00",4360,3317,3209,41,67,1746,1280,183,05/10/2026 12:51:05
PR,79774,4108320,FRANCISCO ALVES,"100,00",6100,4580,4442,69,69,1370,2856,216,05/10/2026 12:51:05
PR,75655,4108403,FRANCISCO BELTRÃO,"100,00",66806,55715,54033,847,835,19798,29992,4243,05/10/2026 12:51:05
PR,75515,4107702,FÊNIX,"100,00",3851,3045,2921,40,84,1286,1433,202,05/10/2026 12:51:05
PR,75671,4108502,GENERAL CARNEIRO,"100,00",8667,6763,6495,149,119,2785,3335,375,05/10/2026 12:51:05
PR,74004,4108551,GODOY MOREIRA,"100,00",2850,2218,2150,27,41,1151,877,122,05/10/2026 12:51:05
PR,75698,4108601,GOIOERÊ,"100,00",21161,16694,16178,266,250,4969,10278,931,05/10/2026 12:51:05
PR,75388,4108650,GOIOXIM,"100,00",5428,4222,4085,61,76,2056,1785,244,05/10/2026 12:51:05
PR,79596,4108700,GRANDES RIOS,"100,00",4758,3729,3598,57,74,1094,2260,244,05/10/2026 12:51:05
PR,75736,4108908,GUAIRAÇÁ,"100,00",5399,4147,4006,61,80,1322,2456,228,05/10/2026 12:51:05
PR,75426,4108957,GUAMIRANGA,"100,00",6603,5591,5374,127,90,1596,3420,358,05/10/2026 12:51:05
PR,75752,4109005,GUAPIRAMA,"100,00",4064,3125,2983,60,82,1140,1626,217,05/10/2026 12:51:05
PR,75779,4109104,GUAPOREMA,"100,00",1979,1518,1473,21,24,510,859,104,05/10/2026 12:51:05
PR,75795,4109203,GUARACI,"100,00",4224,3363,3283,36,44,1089,2003,191,05/10/2026 12:51:05
PR,75817,4109302,GUARANIAÇU,"100,00",11100,8592,8373,91,128,2436,5465,472,05/10/2026 12:51:05
PR,75833,4109401,GUARAPUAVA,"100,00",133846,107679,103362,2185,2132,38125,56860,8377,05/10/2026 12:51:05
PR,75850,4109500,GUARAQUEÇABA,"100,00",7430,5377,5218,71,88,2182,2717,319,05/10/2026 12:51:05
PR,75876,4109609,GUARATUBA,"100,00",32489,24109,23373,343,393,6607,14855,1911,05/10/2026 12:51:05
PR,75710,4108809,GUAÍRA,"100,00",23809,18348,17829,265,254,4848,12008,973,05/10/2026 12:51:05
PR,74365,4109658,HONÓRIO SERPA,"100,00",4366,3492,3423,29,40,1670,1585,168,05/10/2026 12:51:05
PR,75892,4109708,IBAITI,"100,00",21627,16410,15729,335,346,5046,9639,1044,05/10/2026 12:51:05
PR,74020,4109757,IBEMA,"100,00",5098,3991,3847,65,79,1630,1962,255,05/10/2026 12:51:05
PR,75914,4109807,IBIPORÃ,"100,00",39987,30302,28952,648,702,7746,18657,2549,05/10/2026 12:51:05
PR,75930,4109906,ICARAÍMA,"100,00",7070,5465,5314,82,69,1602,3480,232,05/10/2026 12:51:05
PR,75957,4110003,IGUARAÇU,"100,00",4057,3246,3157,37,52,967,1985,205,05/10/2026 12:51:05
PR,74381,4110052,IGUATU,"100,00",2131,1763,1716,19,28,787,836,93,05/10/2026 12:51:05
PR,75442,4110078,IMBAÚ,"100,00",8865,7089,6698,180,211,2890,3387,421,05/10/2026 12:51:05
PR,75973,4110102,IMBITUVA,"100,00",23461,19338,18528,458,352,5216,11802,1510,05/10/2026 12:51:05
PR,76015,4110300,INAJÁ,"100,00",2546,1995,1951,14,30,994,869,88,05/10/2026 12:51:05
PR,79618,4110409,INDIANÓPOLIS,"100,00",3803,3007,2869,60,78,943,1749,177,05/10/2026 12:51:05
PR,75990,4110201,INÁCIO MARTINS,"100,00",8367,6843,6556,126,161,2850,3172,534,05/10/2026 12:51:05
PR,76031,4110508,IPIRANGA,"100,00",11267,9449,9021,242,186,2128,6042,851,05/10/2026 12:51:05
PR,76058,4110607,IPORÃ,"100,00",12170,9270,8889,183,198,2683,5671,535,05/10/2026 12:51:05
PR,74403,4110656,IRACEMA DO OESTE,"100,00",2427,1945,1885,18,42,810,976,99,05/10/2026 12:51:05
PR,76074,4110706,IRATI,"100,00",45672,37334,35440,1000,894,10632,21227,3581,05/10/2026 12:51:05
PR,76090,4110805,IRETAMA,"100,00",7961,5963,5710,107,146,2459,2869,382,05/10/2026 12:51:05
PR,76112,4110904,ITAGUAJÉ,"100,00",3512,2823,2752,21,50,1213,1395,144,05/10/2026 12:51:05
PR,75000,4110953,ITAIPULÂNDIA,"100,00",9902,8239,8068,78,93,2632,4998,438,05/10/2026 12:51:05
PR,76139,4111001,ITAMBARACÁ,"100,00",5267,3965,3820,60,85,1220,2391,209,05/10/2026 12:51:05
PR,76155,4111100,ITAMBÉ,"100,00",5052,4241,4121,54,66,1342,2467,312,05/10/2026 12:51:05
PR,76171,4111209,ITAPEJARA D'OESTE,"100,00",9159,7521,7251,130,140,2878,3931,442,05/10/2026 12:51:05
PR,74446,4111258,ITAPERUÇU,"100,00",21624,18183,17457,417,309,8697,7469,1291,05/10/2026 12:51:05
PR,76198,4111308,ITAÚNA DO SUL,"100,00",2788,2109,2046,23,40,1076,829,141,05/10/2026 12:51:05
PR,76236,4111506,IVAIPORÃ,"100,00",24012,19485,18776,350,359,6516,10742,1518,05/10/2026 12:51:05
PR,76252,4111605,IVATUBA,"100,00",3152,2356,2283,30,43,673,1397,213,05/10/2026 12:51:05
PR,74462,4111555,IVATÉ,"100,00",5439,4359,4226,55,78,1679,2276,271,05/10/2026 12:51:05
PR,76210,4111407,IVAÍ,"100,00",10656,8953,8614,158,181,2445,5550,619,05/10/2026 12:51:05
PR,76279,4111704,JABOTI,"100,00",4523,3655,3505,69,81,1146,2108,251,05/10/2026 12:51:05
PR,76295,4111803,JACAREZINHO,"100,00",29711,22752,21765,494,493,9267,11043,1455,05/10/2026 12:51:05
PR,76317,4111902,JAGUAPITÃ,"100,00",11056,8207,7873,158,176,2280,5042,551,05/10/2026 12:51:05
PR,76333,4112009,JAGUARIAÍVA,"100,00",25982,20088,19374,417,297,5219,12904,1251,05/10/2026 12:51:05
PR,76350,4112108,JANDAIA DO SUL,"100,00",16534,13213,12751,212,250,2994,8694,1063,05/10/2026 12:51:05
PR,76376,4112207,JANIÓPOLIS,"100,00",4944,3817,3668,68,81,1571,1901,196,05/10/2026 12:51:05
PR,76392,4112306,JAPIRA,"100,00",3943,3048,2932,53,63,1159,1576,197,05/10/2026 12:51:05
PR,76414,4112405,JAPURÁ,"100,00",7452,6040,5861,91,88,1476,3976,409,05/10/2026 12:51:05
PR,76430,4112504,JARDIM ALEGRE,"100,00",9012,7358,7120,106,132,2847,3850,423,05/10/2026 12:51:05
PR,76457,4112603,JARDIM OLINDA,"100,00",1350,1142,1113,8,21,626,429,58,05/10/2026 12:51:05
PR,76473,4112702,JATAIZINHO,"100,00",9482,7361,7052,142,167,2336,4190,526,05/10/2026 12:51:05
PR,79979,4112751,JESUÍTAS,"100,00",7384,6049,5810,103,136,1856,3597,357,05/10/2026 12:51:05
PR,76490,4112801,JOAQUIM TÁVORA,"100,00",9226,7084,6808,129,147,2112,4212,484,05/10/2026 12:51:05
PR,76511,4112900,JUNDIAÍ DO SUL,"100,00",2911,2192,2120,33,39,1035,965,120,05/10/2026 12:51:05
PR,84638,4112959,JURANDA,"100,00",6202,5110,4962,63,85,1412,3295,255,05/10/2026 12:51:05
PR,76538,4113007,JUSSARA,"100,00",5485,4348,4174,75,99,1434,2419,321,05/10/2026 12:51:05
PR,76554,4113106,KALORÉ,"100,00",4004,3354,3256,47,51,1119,1967,170,05/10/2026 12:51:05
PR,76570,4113205,LAPA,"100,00",36461,29526,27960,844,722,9069,16244,2647,05/10/2026 12:51:05
PR,74985,4113254,LARANJAL,"100,00",4694,3690,3590,39,61,1988,1457,145,05/10/2026 12:51:05
PR,76597,4113304,LARANJEIRAS DO SUL,"100,00",24304,18535,17876,294,365,7835,8871,1170,05/10/2026 12:51:05
PR,76619,4113403,LEÓPOLIS,"100,00",3502,2866,2779,31,56,1147,1465,167,05/10/2026 12:51:05
PR,74489,4113429,LIDIANÓPOLIS,"100,00",3461,2860,2784,26,50,874,1757,153,05/10/2026 12:51:05
PR,74047,4113452,LINDOESTE,"100,00",5116,4026,3929,49,48,1898,1785,246,05/10/2026 12:51:05
PR,76635,4113502,LOANDA,"100,00",15869,12634,12262,184,188,3646,7922,694,05/10/2026 12:51:05
PR,76651,4113601,LOBATO,"100,00",3851,3104,2960,43,101,1193,1572,195,05/10/2026 12:51:05
PR,76678,4113700,LONDRINA,"100,00",394978,312425,299327,5621,7477,72432,195008,31887,05/10/2026 12:51:05
PR,75809,4113734,LUIZIANA,"100,00",5953,4672,4500,84,88,1896,2333,271,05/10/2026 12:51:05
PR,84590,4113759,LUNARDELLI,"100,00",4235,3322,3179,72,71,1227,1746,206,05/10/2026 12:51:05
PR,76694,4113809,LUPIONÓPOLIS,"100,00",4003,3225,3104,46,75,1479,1465,160,05/10/2026 12:51:05
PR,76716,4113908,MALLET,"100,00",10552,8656,8236,196,224,2100,5337,799,05/10/2026 12:51:05
PR,76732,4114005,MAMBORÊ,"100,00",10615,8484,8240,113,131,2104,5730,406,05/10/2026 12:51:05
PR,76775,4114203,MANDAGUARI,"100,00",27663,21467,20576,386,505,5397,13488,1691,05/10/2026 12:51:05
PR,76759,4114104,MANDAGUAÇU,"100,00",19903,15370,14709,294,367,4608,8997,1104,05/10/2026 12:51:05
PR,76791,4114302,MANDIRITUBA,"100,00",19907,15854,15158,371,325,5138,8758,1262,05/10/2026 12:51:05
PR,75469,4114351,MANFRINÓPOLIS,"100,00",3122,2555,2489,28,38,1383,970,136,05/10/2026 12:51:05
PR,75116,4114401,MANGUEIRINHA,"100,00",13764,10802,10479,142,181,4480,5398,601,05/10/2026 12:51:05
PR,76813,4114500,MANOEL RIBAS,"100,00",11018,8861,8629,97,135,2244,5884,501,05/10/2026 12:51:05
PR,76830,4114609,MARECHAL CÂNDIDO RONDON,"100,00",40475,33318,32596,339,383,6627,23987,1982,05/10/2026 12:51:05
PR,76856,4114708,MARIA HELENA,"100,00",4789,3792,3698,46,48,1506,2011,181,05/10/2026 12:51:05
PR,76872,4114807,MARIALVA,"100,00",30178,23953,23136,413,404,5730,15602,1804,05/10/2026 12:51:05
PR,79758,4115002,MARILENA,"100,00",5989,4620,4483,58,79,2131,2077,275,05/10/2026 12:51:05
PR,76899,4115101,MARILUZ,"100,00",7588,5953,5721,105,127,2480,2917,324,05/10/2026 12:51:05
PR,74330,4114906,MARILÂNDIA DO SUL,"100,00",7142,5563,5353,109,101,1462,3492,399,05/10/2026 12:51:05
PR,76910,4115200,MARINGÁ,"100,00",302812,239058,232142,3024,3892,62164,146584,23394,05/10/2026 12:51:05
PR,74500,4115358,MARIPÁ,"100,00",5176,4379,4304,42,33,674,3440,190,05/10/2026 12:51:05
PR,76937,4115309,MARIÓPOLIS,"100,00",5494,4452,4289,70,93,1324,2733,232,05/10/2026 12:51:05
PR,76953,4115408,MARMELEIRO,"100,00",11778,9535,9225,159,151,3580,5002,643,05/10/2026 12:51:05
PR,75485,4115457,MARQUINHO,"100,00",3876,3071,2970,46,55,1337,1473,160,05/10/2026 12:51:05
PR,76970,4115507,MARUMBI,"100,00",3950,3306,3202,39,65,1262,1706,234,05/10/2026 12:51:05
PR,76996,4115606,MATELÂNDIA,"100,00",13751,11141,10900,115,126,2214,8141,545,05/10/2026 12:51:05
PR,79634,4115705,MATINHOS,"100,00",35293,24935,23989,442,504,8531,13302,2156,05/10/2026 12:51:05
PR,74527,4115739,MATO RICO,"100,00",3238,2567,2480,31,56,1173,1146,161,05/10/2026 12:51:05
PR,74543,4115754,MAUÁ DA SERRA,"100,00",7691,6042,5845,76,121,1928,3565,352,05/10/2026 12:51:05
PR,77011,4115804,MEDIANEIRA,"100,00",37479,30093,29271,397,425,7595,19850,1826,05/10/2026 12:51:05
PR,74560,4115853,MERCEDES,"100,00",4929,4258,4193,32,33,577,3387,229,05/10/2026 12:51:05
PR,77038,4115903,MIRADOR,"100,00",2160,1620,1562,31,27,834,633,95,05/10/2026 12:51:05
PR,77054,4116000,MIRASELVA,"100,00",1851,1570,1530,16,24,600,862,68,05/10/2026 12:51:05
PR,84697,4116059,MISSAL,"100,00",9671,8108,7949,63,96,2101,5368,480,05/10/2026 12:51:05
PR,77070,4116109,MOREIRA SALES,"100,00",9161,7378,7094,140,144,2584,4197,313,05/10/2026 12:51:05
PR,77097,4116208,MORRETES,"100,00",14680,11241,10835,216,190,3892,6155,788,05/10/2026 12:51:05
PR,77119,4116307,MUNHOZ DE MELLO,"100,00",3547,2859,2769,44,46,999,1627,143,05/10/2026 12:51:05
PR,77135,4116406,NOSSA SENHORA DAS GRAÇAS,"100,00",3173,2531,2431,42,58,1189,1064,178,05/10/2026 12:51:05
PR,77151,4116505,NOVA ALIANÇA DO IVAÍ,"100,00",1565,1242,1210,12,20,470,657,83,05/10/2026 12:51:05
PR,77178,4116604,NOVA AMÉRICA DA COLINA,"100,00",3349,2818,2739,29,50,1060,1534,145,05/10/2026 12:51:05
PR,79650,4116703,NOVA AURORA,"100,00",9631,8096,7844,119,133,2338,5094,412,05/10/2026 12:51:05
PR,77194,4116802,NOVA CANTU,"100,00",6004,4848,4692,54,102,2298,2148,246,05/10/2026 12:51:05
PR,77216,4116901,NOVA ESPERANÇA,"100,00",19494,15448,14948,248,252,4503,9358,1087,05/10/2026 12:51:05
PR,75027,4116950,NOVA ESPERANÇA DO SUDOESTE,"100,00",5165,4335,4219,67,49,1971,1985,263,05/10/2026 12:51:05
PR,77232,4117008,NOVA FÁTIMA,"100,00",6087,4706,4516,85,105,1738,2490,288,05/10/2026 12:51:05
PR,74586,4117057,NOVA LARANJEIRAS,"100,00",8591,6765,6577,59,129,3253,3044,280,05/10/2026 12:51:05
PR,77259,4117107,NOVA LONDRINA,"100,00",9738,7327,7124,88,115,2629,4022,473,05/10/2026 12:51:05
PR,79677,4117206,NOVA OLÍMPIA,"100,00",4854,3834,3702,58,74,1148,2360,194,05/10/2026 12:51:05
PR,79952,4117255,NOVA PRATA DO IGUAÇU,"100,00",8864,7237,7089,80,68,3075,3665,349,05/10/2026 12:51:05
PR,74608,4117214,NOVA SANTA BÁRBARA,"100,00",3758,2960,2854,44,62,1230,1413,211,05/10/2026 12:51:05
PR,79790,4117222,NOVA SANTA ROSA,"100,00",7055,6057,5978,36,43,778,4936,264,05/10/2026 12:51:05
PR,75760,4117271,NOVA TEBAS,"100,00",6025,4857,4681,67,109,2438,1851,392,05/10/2026 12:51:05
PR,74420,4117297,NOVO ITACOLOMI,"100,00",2996,2464,2374,41,49,696,1494,184,05/10/2026 12:51:05
PR,77275,4117305,ORTIGUEIRA,"100,00",20079,14859,14239,292,328,6754,6612,873,05/10/2026 12:51:05
PR,77291,4117404,OURIZONA,"100,00",2830,2377,2288,33,56,997,1159,132,05/10/2026 12:51:05
PR,74063,4117453,OURO VERDE DO OESTE,"100,00",5332,4405,4261,66,78,1321,2672,268,05/10/2026 12:51:05
PR,77313,4117503,PAIÇANDU,"100,00",30395,23736,22712,479,545,7842,12703,2167,05/10/2026 12:51:05
PR,77330,4117602,PALMAS,"100,00",32266,23743,22715,539,489,10127,11262,1326,05/10/2026 12:51:05
PR,77356,4117701,PALMEIRA,"100,00",26972,22033,21070,535,428,4871,14241,1958,05/10/2026 12:51:05
PR,77372,4117800,PALMITAL,"100,00",10879,8568,8284,104,180,3670,4127,487,05/10/2026 12:51:05
PR,77399,4117909,PALOTINA,"100,00",24632,20293,19844,203,246,4166,14434,1244,05/10/2026 12:51:05
PR,77437,4118105,PARANACITY,"100,00",7616,5742,5509,94,139,2494,2705,310,05/10/2026 12:51:05
PR,77453,4118204,PARANAGUÁ,"100,00",108469,86218,83241,1664,1313,25382,50905,6954,05/10/2026 12:51:05
PR,77470,4118303,PARANAPOEMA,"100,00",2106,1751,1706,19,26,893,716,97,05/10/2026 12:51:05
PR,77496,4118402,PARANAVAÍ,"100,00",63954,49673,47947,832,894,12811,31593,3543,05/10/2026 12:51:05
PR,77410,4118006,PARAÍSO DO NORTE,"100,00",9490,7477,7207,134,136,2752,4044,411,05/10/2026 12:51:05
PR,74624,4118451,PATO BRAGADO,"100,00",4506,3808,3735,28,45,644,2899,192,05/10/2026 12:51:05
PR,77518,4118501,PATO BRANCO,"100,00",64406,52385,50984,707,694,15294,31466,4224,05/10/2026 12:51:05
PR,77534,4118600,PAULA FREITAS,"100,00",4763,3862,3714,72,76,1022,2410,282,05/10/2026 12:51:05
PR,77550,4118709,PAULO FRONTIN,"100,00",5698,4774,4556,127,91,1175,2942,439,05/10/2026 12:51:05
PR,77577,4118808,PEABIRU,"100,00",9916,7919,7594,138,187,2655,4395,544,05/10/2026 12:51:05
PR,75507,4118857,PEROBAL,"100,00",5670,4490,4359,64,67,1283,2812,264,05/10/2026 12:51:05
PR,75043,4119152,PINHAIS,"100,00",99265,79507,76420,1584,1503,23903,43866,8651,05/10/2026 12:51:05
PR,74640,4119251,PINHAL DE SÃO BENTO,"100,00",2579,2134,2068,32,34,1156,768,144,05/10/2026 12:51:05
PR,77631,4119202,PINHALÃO,"100,00",5879,4715,4574,69,72,1607,2663,304,05/10/2026 12:51:05
PR,77658,4119301,PINHÃO,"100,00",23849,17870,17075,337,458,8609,7295,1171,05/10/2026 12:51:05
PR,77690,4119509,PIRAQUARA,"100,00",73929,57125,54409,1442,1274,19477,29174,5758,05/10/2026 12:51:05
PR,77674,4119400,PIRAÍ DO SUL,"100,00",18800,14835,14048,488,299,4109,8665,1274,05/10/2026 12:51:05
PR,77712,4119608,PITANGA,"100,00",25677,20236,19522,336,378,7699,10166,1657,05/10/2026 12:51:05
PR,74667,4119657,PITANGUEIRAS,"100,00",2622,2106,2041,31,34,643,1267,131,05/10/2026 12:51:05
PR,77615,4119103,PIÊN,"100,00",10850,9389,9064,180,145,1701,6672,691,05/10/2026 12:51:05
PR,77739,4119707,PLANALTINA DO PARANÁ,"100,00",3432,2818,2728,41,49,1258,1305,165,05/10/2026 12:51:05
PR,77755,4119806,PLANALTO,"100,00",10281,8403,8155,123,125,3434,4285,436,05/10/2026 12:51:05
PR,77771,4119905,PONTA GROSSA,"100,00",258390,207347,198330,4708,4309,56136,117846,24348,05/10/2026 12:51:05
PR,75523,4119954,PONTAL DO PARANÁ,"100,00",24938,18431,17792,303,336,6500,9884,1408,05/10/2026 12:51:05
PR,77798,4120002,PORECATU,"100,00",9608,7359,7141,92,126,3163,3483,495,05/10/2026 12:51:05
PR,77810,4120101,PORTO AMAZONAS,"100,00",3870,3036,2897,80,59,828,1769,300,05/10/2026 12:51:05
PR,75540,4120150,PORTO BARREIRO,"100,00",3139,2461,2407,27,27,909,1342,156,05/10/2026 12:51:05
PR,77836,4120200,PORTO RICO,"100,00",3003,2382,2343,19,20,670,1565,108,05/10/2026 12:51:05
PR,77852,4120309,PORTO VITÓRIA,"100,00",3274,2660,2543,67,50,851,1483,209,05/10/2026 12:51:05
PR,75566,4120333,PRADO FERREIRA,"100,00",3188,2604,2527,34,43,1012,1339,176,05/10/2026 12:51:05
PR,79910,4120358,PRANCHITA,"100,00",4649,3942,3860,39,43,1174,2486,200,05/10/2026 12:51:05
PR,77879,4120408,PRESIDENTE CASTELO BRANCO,"100,00",3887,3068,2945,51,72,1336,1396,213,05/10/2026 12:51:05
PR,77895,4120507,PRIMEIRO DE MAIO,"100,00",8333,6642,6424,100,118,1747,4377,300,05/10/2026 12:51:05
PR,77917,4120606,PRUDENTÓPOLIS,"100,00",39039,31831,30583,617,631,6277,21823,2483,05/10/2026 12:51:05
PR,79693,4118907,PÉROLA,"100,00",9508,7238,6995,111,132,2124,4403,468,05/10/2026 12:51:05
PR,77593,4119004,PÉROLA D'OESTE,"100,00",5285,4450,4354,47,49,1381,2734,239,05/10/2026 12:51:05
PR,75582,4120655,QUARTO CENTENÁRIO,"100,00",3470,2841,2766,32,43,932,1690,144,05/10/2026 12:51:05
PR,77933,4120705,QUATIGUÁ,"100,00",6645,5239,5030,108,101,1467,3274,289,05/10/2026 12:51:05
PR,77950,4120804,QUATRO BARRAS,"100,00",18192,14519,13918,263,338,3676,8918,1324,05/10/2026 12:51:05
PR,74683,4120853,QUATRO PONTES,"100,00",4065,3580,3544,15,21,384,2954,206,05/10/2026 12:51:05
PR,79553,4120903,QUEDAS DO IGUAÇU,"100,00",23209,17989,17476,230,283,6197,10344,935,05/10/2026 12:51:05
PR,77976,4121000,QUERÊNCIA DO NORTE,"100,00",7996,6331,6146,58,127,2867,2984,295,05/10/2026 12:51:05
PR,77992,4121109,QUINTA DO SOL,"100,00",4291,3470,3355,36,79,1391,1783,181,05/10/2026 12:51:05
PR,78018,4121208,QUITANDINHA,"100,00",14118,11851,11347,256,248,2805,7780,762,05/10/2026 12:51:05
PR,74705,4121257,RAMILÂNDIA,"100,00",3754,2915,2860,24,31,1327,1369,164,05/10/2026 12:51:05
PR,78034,4121307,RANCHO ALEGRE,"100,00",3224,2565,2492,27,46,817,1523,152,05/10/2026 12:51:05
PR,74721,4121356,RANCHO ALEGRE D'OESTE,"100,00",2352,1922,1860,22,40,690,1095,75,05/10/2026 12:51:05
PR,78050,4121406,REALEZA,"100,00",14524,11643,11309,130,204,3909,6803,597,05/10/2026 12:51:05
PR,78077,4121505,REBOUÇAS,"100,00",12151,9996,9504,284,208,3168,5527,809,05/10/2026 12:51:05
PR,78093,4121604,RENASCENÇA,"100,00",5351,4344,4200,65,79,1689,2299,212,05/10/2026 12:51:05
PR,78115,4121703,RESERVA,"100,00",20369,15295,14576,349,370,5136,8541,899,05/10/2026 12:51:05
PR,75604,4121752,RESERVA DO IGUAÇU,"100,00",5460,4162,4006,59,97,1936,1822,248,05/10/2026 12:51:05
PR,78131,4121802,RIBEIRÃO CLARO,"100,00",9867,7430,7091,136,203,2497,4118,476,05/10/2026 12:51:05
PR,78158,4121901,RIBEIRÃO DO PINHAL,"100,00",10165,7463,7133,129,201,3345,3290,498,05/10/2026 12:51:05
PR,78174,4122008,RIO AZUL,"100,00",11268,9643,9221,221,201,1864,6545,812,05/10/2026 12:51:05
PR,78190,4122107,RIO BOM,"100,00",3019,2434,2337,37,60,862,1284,191,05/10/2026 12:51:05
PR,74748,4122156,RIO BONITO DO IGUAÇU,"100,00",11105,8541,8277,125,139,4947,2939,391,05/10/2026 12:51:05
PR,75620,4122172,RIO BRANCO DO IVAÍ,"100,00",3520,2677,2571,32,74,1092,1318,161,05/10/2026 12:51:05
PR,78212,4122206,RIO BRANCO DO SUL,"100,00",27280,22137,21206,499,432,8899,10808,1499,05/10/2026 12:51:05
PR,78239,4122305,RIO NEGRO,"100,00",24158,19314,18548,451,315,3719,13188,1641,05/10/2026 12:51:05
PR,78255,4122404,ROLÂNDIA,"100,00",49517,38397,36749,856,792,8718,25073,2958,05/10/2026 12:51:05
PR,78271,4122503,RONCADOR,"100,00",8952,7066,6813,91,162,2964,3384,465,05/10/2026 12:51:05
PR,78298,4122602,RONDON,"100,00",6991,5628,5433,102,93,1706,3439,288,05/10/2026 12:51:05
PR,75744,4122651,ROSÁRIO DO IVAÍ,"100,00",4714,3859,3743,49,67,1406,2035,302,05/10/2026 12:51:05
PR,78310,4122701,SABÁUDIA,"100,00",6748,5451,5281,70,100,1184,3712,385,05/10/2026 12:51:05
PR,78336,4122800,SALGADO FILHO,"100,00",3590,3068,2964,44,60,1108,1640,216,05/10/2026 12:51:05
PR,78352,4122909,SALTO DO ITARARÉ,"100,00",4614,3640,3457,77,106,1438,1784,235,05/10/2026 12:51:05
PR,78379,4123006,SALTO DO LONTRA,"100,00",11161,9035,8735,148,152,4257,3931,547,05/10/2026 12:51:05
PR,78395,4123105,SANTA AMÉLIA,"100,00",3048,2428,2339,50,39,898,1357,84,05/10/2026 12:51:05
PR,78417,4123204,SANTA CECÍLIA DO PAVÃO,"100,00",3121,2572,2491,27,54,1010,1326,155,05/10/2026 12:51:05
PR,78433,4123303,SANTA CRUZ DE MONTE CASTELO,"100,00",6773,5402,5250,67,85,1880,3135,235,05/10/2026 12:51:05
PR,78450,4123402,SANTA FÉ,"100,00",9149,7198,6973,97,128,2272,4337,364,05/10/2026 12:51:05
PR,79715,4123501,SANTA HELENA,"100,00",21071,17035,16629,178,228,5239,10545,845,05/10/2026 12:51:05
PR,78476,4123600,SANTA INÊS,"100,00",1684,1437,1409,9,19,693,628,88,05/10/2026 12:51:05
PR,78492,4123709,SANTA ISABEL DO IVAÍ,"100,00",7006,5481,5320,81,80,1617,3436,267,05/10/2026 12:51:05
PR,78514,4123808,SANTA IZABEL DO OESTE,"100,00",8780,7082,6881,80,121,2663,3874,344,05/10/2026 12:51:05
PR,74764,4123824,SANTA LÚCIA,"100,00",3289,2546,2465,28,53,912,1392,161,05/10/2026 12:51:05
PR,74802,4123857,SANTA MARIA DO OESTE,"100,00",8019,6335,6099,87,149,2824,2931,344,05/10/2026 12:51:05
PR,78530,4123907,SANTA MARIANA,"100,00",9361,7151,6908,111,132,2909,3542,457,05/10/2026 12:51:05
PR,74829,4123956,SANTA MÔNICA,"100,00",2710,2106,2051,22,33,1000,973,78,05/10/2026 12:51:05
PR,74080,4124020,SANTA TEREZA DO OESTE,"100,00",10278,8260,8040,104,116,2618,4832,590,05/10/2026 12:51:05
PR,84670,4124053,SANTA TEREZINHA DE ITAIPU,"100,00",18871,15304,14915,166,223,3722,10393,800,05/10/2026 12:51:05
PR,78557,4124004,SANTANA DO ITARARÉ,"100,00",4659,3651,3470,94,87,1348,1886,236,05/10/2026 12:51:05
PR,78590,4124103,SANTO ANTÔNIO DA PLATINA,"100,00",32125,24489,23440,577,472,7056,14659,1725,05/10/2026 12:51:05
PR,78611,4124202,SANTO ANTÔNIO DO CAIUÁ,"100,00",2358,1949,1876,29,44,968,824,84,05/10/2026 12:51:05
PR,78638,4124301,SANTO ANTÔNIO DO PARAÍSO,"100,00",2247,1753,1706,27,20,739,878,89,05/10/2026 12:51:05
PR,78573,4124400,SANTO ANTÔNIO DO SUDOESTE,"100,00",15509,12757,12388,163,206,5104,6705,579,05/10/2026 12:51:05
PR,78654,4124509,SANTO INÁCIO,"100,00",4802,3751,3642,43,66,1506,1910,226,05/10/2026 12:51:05
PR,78999,4126207,SAPOPEMA,"100,00",5485,4239,4051,81,107,1706,2059,286,05/10/2026 12:51:05
PR,84611,4126256,SARANDI,"100,00",72031,54578,52143,1252,1183,17759,29305,5079,05/10/2026 12:51:05
PR,75060,4126272,SAUDADE DO IGUAÇU,"100,00",5302,4043,3934,47,62,1792,1881,261,05/10/2026 12:51:05
PR,79014,4126306,SENGÉS,"100,00",13757,10738,10255,215,268,2996,6582,677,05/10/2026 12:51:05
PR,75647,4126355,SERRANÓPOLIS DO IGUAÇU,"100,00",4396,3730,3651,34,45,769,2701,181,05/10/2026 12:51:05
PR,79030,4126405,SERTANEJA,"100,00",4818,3914,3794,51,69,1247,2313,234,05/10/2026 12:51:05
PR,79057,4126504,SERTANÓPOLIS,"100,00",13311,10470,10168,138,164,2336,7245,587,05/10/2026 12:51:05
PR,79073,4126603,SIQUEIRA CAMPOS,"100,00",16432,12725,12058,247,420,4336,6602,1120,05/10/2026 12:51:05
PR,75787,4126652,SULINA,"100,00",2942,2403,2314,34,55,872,1264,178,05/10/2026 12:51:05
PR,78670,4124608,SÃO CARLOS DO IVAÍ,"100,00",5076,4210,4037,77,96,1251,2620,166,05/10/2026 12:51:05
PR,78697,4124707,SÃO JERÔNIMO DA SERRA,"100,00",8538,6292,6034,85,173,3015,2667,352,05/10/2026 12:51:05
PR,78816,4125209,SÃO JORGE D'OESTE,"100,00",8006,6734,6555,92,87,2408,3815,332,05/10/2026 12:51:05
PR,78794,4125308,SÃO JORGE DO IVAÍ,"100,00",4820,4044,3926,56,62,1012,2746,168,05/10/2026 12:51:05
PR,79995,4125357,SÃO JORGE DO PATROCÍNIO,"100,00",5235,4155,4040,42,73,1355,2502,183,05/10/2026 12:51:05
PR,78832,4125407,SÃO JOSÉ DA BOA VISTA,"100,00",4737,3784,3642,48,94,1076,2269,297,05/10/2026 12:51:05
PR,84719,4125456,SÃO JOSÉ DAS PALMEIRAS,"100,00",3463,2757,2676,40,41,1211,1301,164,05/10/2026 12:51:05
PR,78859,4125506,SÃO JOSÉ DOS PINHAIS,"100,00",227539,181359,173708,3803,3848,48980,105608,19120,05/10/2026 12:51:05
PR,78719,4124806,SÃO JOÃO,"100,00",9177,7518,7289,84,145,2430,4441,418,05/10/2026 12:51:05
PR,78735,4124905,SÃO JOÃO DO CAIUÁ,"100,00",4585,3762,3638,61,63,1868,1592,178,05/10/2026 12:51:05
PR,78751,4125001,SÃO JOÃO DO IVAÍ,"100,00",9056,7017,6790,96,131,2814,3458,518,05/10/2026 12:51:05
PR,78778,4125100,SÃO JOÃO DO TRIUNFO,"100,00",11623,9608,9017,402,189,3409,4653,955,05/10/2026 12:51:05
PR,74845,4125555,SÃO MANOEL DO PARANÁ,"100,00",2070,1673,1629,25,19,563,982,84,05/10/2026 12:51:05
PR,78875,4125605,SÃO MATEUS DO SUL,"100,00",34022,27626,26279,787,560,8875,14766,2638,05/10/2026 12:51:05
PR,78891,4125704,SÃO MIGUEL DO IGUAÇU,"100,00",21857,17616,17194,177,245,5302,11029,863,05/10/2026 12:51:05
PR,74861,4125753,SÃO PEDRO DO IGUAÇU,"100,00",5033,3999,3846,51,102,1405,2254,187,05/10/2026 12:51:05
PR,78913,4125803,SÃO PEDRO DO IVAÍ,"100,00",6943,5492,5278,89,125,1842,3103,333,05/10/2026 12:51:05
PR,78930,4125902,SÃO PEDRO DO PARANÁ,"100,00",2695,2141,2084,24,33,565,1419,100,05/10/2026 12:51:05
PR,78956,4126009,SÃO SEBASTIÃO DA AMOREIRA,"100,00",6561,5079,4904,80,95,2169,2390,345,05/10/2026 12:51:05
PR,78972,4126108,SÃO TOMÉ,"100,00",4816,3755,3592,72,91,1112,2231,249,05/10/2026 12:51:05
PR,75663,4126678,TAMARANA,"100,00",9024,6765,6545,104,116,2511,3603,431,05/10/2026 12:51:05
PR,79090,4126702,TAMBOARA,"100,00",4157,3275,3100,66,109,975,1948,177,05/10/2026 12:51:05
PR,79111,4126801,TAPEJARA,"100,00",11635,8963,8635,135,193,2791,5373,471,05/10/2026 12:51:05
PR,79731,4126900,TAPIRA,"100,00",4694,3554,3430,55,69,1300,1975,155,05/10/2026 12:51:05
PR,79138,4127007,TEIXEIRA SOARES,"100,00",8083,6447,6174,144,129,1904,3739,531,05/10/2026 12:51:05
PR,79154,4127106,TELÊMACO BORBA,"100,00",51913,40930,39198,985,747,12276,23280,3642,05/10/2026 12:51:05
PR,79170,4127205,TERRA BOA,"100,00",13355,10330,9959,184,187,2697,6562,700,05/10/2026 12:51:05
PR,79197,4127304,TERRA RICA,"100,00",11783,9017,8707,136,174,2665,5510,532,05/10/2026 12:51:05
PR,79219,4127403,TERRA ROXA,"100,00",13332,10761,10473,109,179,2796,7167,510,05/10/2026 12:51:05
PR,79235,4127502,TIBAGI,"100,00",14864,11255,10704,291,260,4063,5748,893,05/10/2026 12:51:05
PR,79251,4127601,TIJUCAS DO SUL,"100,00",13059,10737,10231,272,234,3601,5747,883,05/10/2026 12:51:05
PR,79278,4127700,TOLEDO,"100,00",108119,88198,85568,1162,1468,22331,56579,6658,05/10/2026 12:51:05
PR,79294,4127809,TOMAZINA,"100,00",6647,5297,5099,81,117,1776,2952,371,05/10/2026 12:51:05
PR,79871,4127858,TRÊS BARRAS DO PARANÁ,"100,00",9120,7448,7187,142,119,2519,4329,339,05/10/2026 12:51:05
PR,74888,4127882,TUNAS DO PARANÁ,"100,00",5500,4269,4116,68,85,1550,2296,270,05/10/2026 12:51:05
PR,79316,4127908,TUNEIRAS DO OESTE,"100,00",6721,5290,5153,54,83,1632,3229,292,05/10/2026 12:51:05
PR,79936,4127957,TUPÃSSI,"100,00",6257,5172,5029,76,67,1154,3640,235,05/10/2026 12:51:05
PR,84530,4127965,TURVO,"100,00",11863,9595,9253,154,188,4246,4324,683,05/10/2026 12:51:05
PR,79332,4128005,UBIRATÃ,"100,00",19130,15260,14789,236,235,4259,9663,867,05/10/2026 12:51:05
PR,79359,4128104,UMUARAMA,"100,00",82990,65258,63490,856,912,15059,43812,4619,05/10/2026 12:51:05
PR,79391,4128302,UNIFLOR,"100,00",2155,1786,1738,17,31,780,878,80,05/10/2026 12:51:05
PR,79375,4128203,UNIÃO DA VITÓRIA,"100,00",40654,31382,29991,788,603,8985,18160,2846,05/10/2026 12:51:05
PR,79413,4128401,URAÍ,"100,00",8555,6745,6506,101,138,2209,3836,461,05/10/2026 12:51:05
PR,74900,4128534,VENTANIA,"100,00",7525,6162,5849,172,141,2392,3072,385,05/10/2026 12:51:05
PR,79898,4128559,VERA CRUZ DO OESTE,"100,00",6593,5320,5149,64,107,1648,3257,244,05/10/2026 12:51:05
PR,79456,4128609,VERÊ,"100,00",6888,5840,5653,93,94,2365,3024,264,05/10/2026 12:51:05
PR,74969,4128658,VIRMOND,"100,00",3584,2914,2841,33,40,996,1652,193,05/10/2026 12:51:05
PR,79472,4128708,VITORINO,"100,00",5942,4949,4839,52,58,1488,3075,276,05/10/2026 12:51:05
PR,79430,4128500,WENCESLAU BRAZ,"100,00",14549,11068,10663,209,196,3166,6708,789,05/10/2026 12:51:05
PR,79499,4128807,XAMBRÊ,"100,00",5375,4140,4038,48,54,1427,2383,228,05/10/2026 12:51:05
PR,74128,4101150,ÂNGULO,"100,00",2817,2321,2241,36,44,602,1479,160,05/10/2026 12:51:05
PB,19038,2500205,AGUIAR,"100,00",4779,3847,3716,36,95,2862,719,135,05/10/2026 12:51:05
PB,19054,2500304,ALAGOA GRANDE,"100,00",23238,18350,16929,395,1026,11918,4323,688,05/10/2026 12:51:05
PB,19070,2500403,ALAGOA NOVA,"100,00",16592,13314,12188,313,813,8684,2785,719,05/10/2026 12:51:05
PB,19097,2500502,ALAGOINHA,"100,00",12228,9973,9324,207,442,7145,1803,376,05/10/2026 12:51:05
PB,19763,2500536,ALCANTIL,"100,00",5001,4331,4031,86,214,2293,1483,255,05/10/2026 12:51:05
PB,19925,2500577,ALGODÃO DE JANDAÍRA,"100,00",3119,2536,2365,47,124,1968,326,71,05/10/2026 12:51:05
PB,19119,2500601,ALHANDRA,"100,00",21079,17142,15922,428,792,8729,6439,754,05/10/2026 12:51:05
PB,19585,2500734,AMPARO,"100,00",2665,2261,2173,22,66,1804,310,59,05/10/2026 12:51:05
PB,19844,2500775,APARECIDA,"100,00",7247,5981,5629,108,244,4027,1376,226,05/10/2026 12:51:05
PB,19178,2500908,ARARA,"100,00",9325,7320,6784,165,371,4851,1569,364,05/10/2026 12:51:05
PB,19194,2501005,ARARUNA,"100,00",14816,11315,10462,201,652,6942,3109,411,05/10/2026 12:51:05
PB,19151,2500809,ARAÇAGI,"100,00",14344,11665,10791,245,629,8271,2098,422,05/10/2026 12:51:05
PB,19216,2501104,AREIA,"100,00",19068,15524,14285,401,838,10722,2885,678,05/10/2026 12:51:05
PB,19909,2501153,AREIA DE BARAÚNAS,"100,00",2502,1935,1813,25,97,1295,442,76,05/10/2026 12:51:05
PB,19232,2501203,AREIAL,"100,00",6597,5485,5042,137,306,3373,1368,301,05/10/2026 12:51:05
PB,19259,2501302,AROEIRAS,"100,00",16290,13498,12451,308,739,9216,2635,600,05/10/2026 12:51:05
PB,19321,2501351,ASSUNÇÃO,"100,00",4201,3342,3142,51,149,2137,888,117,05/10/2026 12:51:05
PB,19313,2501500,BANANEIRAS,"100,00",19361,15414,14286,374,754,10014,3567,705,05/10/2026 12:51:05
PB,19305,2501534,BARAÚNA,"100,00",4663,3913,3644,56,213,2681,761,202,05/10/2026 12:51:05
PB,19330,2501609,BARRA DE SANTA ROSA,"100,00",11480,9439,8896,94,449,6795,1760,341,05/10/2026 12:51:05
PB,19780,2501575,BARRA DE SANTANA,"100,00",7793,6520,6035,130,355,4182,1568,285,05/10/2026 12:51:05
PB,19356,2501708,BARRA DE SÃO MIGUEL,"100,00",6048,5228,4920,106,202,3334,1388,198,05/10/2026 12:51:05
PB,19372,2501807,BAYEUX,"100,00",74369,63114,59157,1367,2590,27912,27396,3849,05/10/2026 12:51:05
PB,19291,2501401,BAÍA DA TRAIÇÃO,"100,00",8424,6800,6460,104,236,4975,1295,190,05/10/2026 12:51:05
PB,19399,2501906,BELÉM,"100,00",13281,10518,9749,254,515,6371,2977,401,05/10/2026 12:51:05
PB,19410,2502003,BELÉM DO BREJO DO CRUZ,"100,00",6644,5227,4963,78,186,3427,1347,189,05/10/2026 12:51:05
PB,19500,2502052,BERNARDINO BATISTA,"100,00",3353,2521,2346,21,154,1873,407,66,05/10/2026 12:51:05
PB,19437,2502102,BOA VENTURA,"100,00",5167,3972,3703,42,227,2894,658,151,05/10/2026 12:51:05
PB,19941,2502151,BOA VISTA,"100,00",6123,5369,5059,102,208,3243,1566,250,05/10/2026 12:51:05
PB,19453,2502201,BOM JESUS,"100,00",3055,2607,2499,26,82,2041,350,108,05/10/2026 12:51:05
PB,19470,2502300,BOM SUCESSO,"100,00",4846,3906,3778,30,98,3112,572,94,05/10/2026 12:51:05
PB,19496,2502409,BONITO DE SANTA FÉ,"100,00",7923,6369,6046,57,266,4356,1474,216,05/10/2026 12:51:05
PB,19518,2502508,BOQUEIRÃO,"100,00",15970,13471,12652,229,590,8029,3981,642,05/10/2026 12:51:05
PB,19550,2502706,BORBOREMA,"100,00",4895,3996,3696,80,220,2623,919,154,05/10/2026 12:51:05
PB,19577,2502805,BREJO DO CRUZ,"100,00",10744,8883,8400,142,341,5362,2640,398,05/10/2026 12:51:05
PB,19593,2502904,BREJO DOS SANTOS,"100,00",5994,5032,4774,86,172,3382,1235,157,05/10/2026 12:51:05
PB,19615,2503001,CAAPORÃ,"100,00",17081,14169,13269,339,561,8448,4214,607,05/10/2026 12:51:05
PB,19631,2503100,CABACEIRAS,"100,00",5237,4525,4223,101,201,2661,1327,235,05/10/2026 12:51:05
PB,19658,2503209,CABEDELO,"100,00",54022,42794,40482,969,1343,19051,18499,2932,05/10/2026 12:51:05
PB,19674,2503308,CACHOEIRA DOS ÍNDIOS,"100,00",7912,6459,6043,88,328,4922,842,279,05/10/2026 12:51:05
PB,19690,2503407,CACIMBA DE AREIA,"100,00",4343,3569,3377,47,145,2575,689,113,05/10/2026 12:51:05
PB,19712,2503506,CACIMBA DE DENTRO,"100,00",14334,11100,10179,173,748,6977,2752,450,05/10/2026 12:51:05
PB,19364,2503555,CACIMBAS,"100,00",6623,4862,4536,73,253,3612,744,180,05/10/2026 12:51:05
PB,19739,2503605,CAIÇARA,"100,00",6526,5179,4780,104,295,3075,1483,222,05/10/2026 12:51:05
PB,19755,2503704,CAJAZEIRAS,"100,00",47827,39869,37693,683,1493,28253,7508,1932,05/10/2026 12:51:05
PB,19380,2503753,CAJAZEIRINHAS,"100,00",3758,3021,2853,24,144,2137,636,80,05/10/2026 12:51:05
PB,19771,2503803,CALDAS BRANDÃO,"100,00",5445,4617,4280,105,232,3004,1126,150,05/10/2026 12:51:05
PB,19798,2503902,CAMALAÚ,"100,00",6294,5186,4907,56,223,4206,588,113,05/10/2026 12:51:05
PB,19810,2504009,CAMPINA GRANDE,"100,00",305258,263420,245436,5816,12168,118783,108991,17662,05/10/2026 12:51:05
PB,19062,2504033,CAPIM,"100,00",7251,5675,5160,140,375,3533,1424,203,05/10/2026 12:51:05
PB,19240,2504074,CARAÚBAS,"100,00",4534,3912,3685,41,186,2687,850,148,05/10/2026 12:51:05
PB,19836,2504108,CARRAPATEIRA,"100,00",2444,1973,1864,14,95,1522,273,69,05/10/2026 12:51:05
PB,19607,2504157,CASSERENGUE,"100,00",6406,5010,4637,75,298,3513,921,203,05/10/2026 12:51:05
PB,19852,2504207,CATINGUEIRA,"100,00",5416,4139,3905,73,161,2742,1035,128,05/10/2026 12:51:05
PB,19879,2504306,CATOLÉ DO ROCHA,"100,00",22557,18819,17870,347,602,12601,4521,748,05/10/2026 12:51:05
PB,19801,2504355,CATURITÉ,"100,00",5518,4755,4414,103,238,3131,1030,253,05/10/2026 12:51:05
PB,19895,2504405,CONCEIÇÃO,"100,00",15357,12106,11309,135,662,8262,2644,403,05/10/2026 12:51:05
PB,19917,2504504,CONDADO,"100,00",5803,4608,4328,52,228,3307,865,156,05/10/2026 12:51:05
PB,19933,2504603,CONDE,"100,00",27248,21670,20208,541,921,11440,7703,1065,05/10/2026 12:51:05
PB,19950,2504702,CONGO,"100,00",5388,4564,4312,66,186,3307,849,156,05/10/2026 12:51:05
PB,19976,2504801,COREMAS,"100,00",12873,10091,9425,128,538,6382,2672,371,05/10/2026 12:51:05
PB,19704,2504850,COXIXOLA,"100,00",2047,1718,1608,41,69,1203,333,72,05/10/2026 12:51:05
PB,19992,2504900,CRUZ DO ESPÍRITO SANTO,"100,00",16431,13882,12661,501,720,8410,3791,460,05/10/2026 12:51:05
PB,20010,2505006,CUBATI,"100,00",6956,5652,5242,120,290,3612,1376,254,05/10/2026 12:51:05
PB,20052,2505204,CUITEGI,"100,00",6098,4869,4501,116,252,3216,1115,170,05/10/2026 12:51:05
PB,20036,2505105,CUITÉ,"100,00",17388,13921,13008,225,688,9903,2578,527,05/10/2026 12:51:05
PB,19089,2505238,CUITÉ DE MAMANGUAPE,"100,00",7662,6106,5608,135,363,4083,1324,201,05/10/2026 12:51:05
PB,19100,2505279,CURRAL DE CIMA,"100,00",6226,5016,4614,92,310,3335,1047,232,05/10/2026 12:51:05
PB,20079,2505303,CURRAL VELHO,"100,00",2327,1844,1738,14,92,1243,374,121,05/10/2026 12:51:05
PB,19275,2505352,DAMIÃO,"100,00",4885,3834,3557,48,229,2777,610,170,05/10/2026 12:51:05
PB,20095,2505402,DESTERRO,"100,00",7716,6165,5829,76,260,4244,1400,185,05/10/2026 12:51:05
PB,20133,2505600,DIAMANTE,"100,00",5910,4545,4247,47,251,3320,764,163,05/10/2026 12:51:05
PB,20150,2505709,DONA INÊS,"100,00",9272,7503,7017,102,384,5492,1271,254,05/10/2026 12:51:05
PB,20176,2505808,DUAS ESTRADAS,"100,00",3885,3131,2922,62,147,1932,865,125,05/10/2026 12:51:05
PB,20192,2505907,EMAS,"100,00",3824,2916,2710,54,152,1836,748,126,05/10/2026 12:51:05
PB,20214,2506004,ESPERANÇA,"100,00",26015,21659,20033,531,1095,12496,6326,1211,05/10/2026 12:51:05
PB,20230,2506103,FAGUNDES,"100,00",10547,8618,7913,147,558,5939,1609,365,05/10/2026 12:51:05
PB,20257,2506202,FREI MARTINHO,"100,00",2942,2462,2303,31,128,1521,634,148,05/10/2026 12:51:05
PB,19623,2506251,GADO BRAVO,"100,00",8093,6775,6253,139,383,4811,1164,278,05/10/2026 12:51:05
PB,20273,2506301,GUARABIRA,"100,00",43618,36687,34315,910,1462,19765,12337,2213,05/10/2026 12:51:05
PB,20290,2506400,GURINHÉM,"100,00",11420,9272,8546,232,494,6110,2096,340,05/10/2026 12:51:05
PB,20311,2506509,GURJÃO,"100,00",3193,2741,2579,28,134,2045,445,89,05/10/2026 12:51:05
PB,20338,2506608,IBIARA,"100,00",5580,4388,4165,57,166,3245,735,185,05/10/2026 12:51:05
PB,19534,2502607,IGARACY,"100,00",5888,4520,4301,29,190,3030,1022,249,05/10/2026 12:51:05
PB,20354,2506707,IMACULADA,"100,00",9116,7134,6721,100,313,5354,1160,207,05/10/2026 12:51:05
PB,20370,2506806,INGÁ,"100,00",15724,12764,11904,224,636,7800,3666,438,05/10/2026 12:51:05
PB,20397,2506905,ITABAIANA,"100,00",19586,16296,15302,304,690,9027,5524,751,05/10/2026 12:51:05
PB,20419,2507002,ITAPORANGA,"100,00",17565,13923,13143,188,592,9241,3220,682,05/10/2026 12:51:05
PB,20435,2507101,ITAPOROROCA,"100,00",14182,11857,11109,227,521,7656,2933,520,05/10/2026 12:51:05
PB,20451,2507200,ITATUBA,"100,00",9118,7643,7056,141,446,4811,2011,234,05/10/2026 12:51:05
PB,20478,2507309,JACARAÚ,"100,00",14325,11163,10442,186,535,6352,3493,597,05/10/2026 12:51:05
PB,20494,2507408,JERICÓ,"100,00",6938,5316,5061,63,192,3696,1212,153,05/10/2026 12:51:05
PB,19666,2513653,JOCA CLAUDINO,"100,00",2516,1999,1877,12,110,1496,297,84,05/10/2026 12:51:05
PB,20516,2507507,JOÃO PESSOA,"100,00",591750,496403,470970,9441,15992,219023,215086,36861,05/10/2026 12:51:05
PB,20532,2507606,JUAREZ TÁVORA,"100,00",7954,6558,6090,136,332,4374,1507,209,05/10/2026 12:51:05
PB,20559,2507705,JUAZEIRINHO,"100,00",14045,11453,10630,221,602,7484,2803,343,05/10/2026 12:51:05
PB,20575,2507804,JUNCO DO SERIDÓ,"100,00",5990,4962,4621,94,247,3154,1187,280,05/10/2026 12:51:05
PB,20591,2507903,JURIPIRANGA,"100,00",9829,8102,7472,162,468,4914,2253,305,05/10/2026 12:51:05
PB,20613,2508000,JURU,"100,00",8201,6372,5998,81,293,4766,1040,192,05/10/2026 12:51:05
PB,20630,2508109,LAGOA,"100,00",4698,3780,3540,60,180,2777,595,168,05/10/2026 12:51:05
PB,20656,2508208,LAGOA DE DENTRO,"100,00",7869,5975,5613,104,258,3814,1519,280,05/10/2026 12:51:05
PB,20672,2508307,LAGOA SECA,"100,00",22056,18758,17149,596,1013,10065,6181,903,05/10/2026 12:51:05
PB,20699,2508406,LASTRO,"100,00",4395,3635,3466,46,123,2619,717,130,05/10/2026 12:51:05
PB,20710,2508505,LIVRAMENTO,"100,00",5930,4721,4396,90,235,3164,1034,198,05/10/2026 12:51:05
PB,19160,2508554,LOGRADOURO,"100,00",4789,3966,3737,52,177,2318,1245,174,05/10/2026 12:51:05
PB,20737,2508604,LUCENA,"100,00",12879,10535,9873,196,466,6131,3248,494,05/10/2026 12:51:05
PB,20770,2508802,MALTA,"100,00",5263,4208,3979,58,171,3150,686,143,05/10/2026 12:51:05
PB,20796,2508901,MAMANGUAPE,"100,00",34604,28258,26085,745,1428,15315,9234,1536,05/10/2026 12:51:05
PB,20818,2509008,MANAÍRA,"100,00",9110,7185,6646,74,465,5507,922,217,05/10/2026 12:51:05
PB,19968,2509057,MARCAÇÃO,"100,00",7913,6447,6036,140,271,4660,1194,182,05/10/2026 12:51:05
PB,20834,2509107,MARI,"100,00",18460,15590,14497,279,814,9729,4108,660,05/10/2026 12:51:05
PB,19461,2509156,MARIZÓPOLIS,"100,00",6301,5273,4919,85,269,3079,1532,308,05/10/2026 12:51:05
PB,20850,2509206,MASSARANDUBA,"100,00",12155,10218,9256,288,674,6224,2610,422,05/10/2026 12:51:05
PB,20877,2509305,MATARACA,"100,00",8714,6817,6330,149,338,4083,1965,282,05/10/2026 12:51:05
PB,19143,2509339,MATINHAS,"100,00",4881,3902,3538,111,253,2680,722,136,05/10/2026 12:51:05
PB,19488,2509370,MATO GROSSO,"100,00",3319,2229,2101,23,105,1635,404,62,05/10/2026 12:51:05
PB,19984,2509396,MATURÉIA,"100,00",5807,4708,4368,88,252,3434,804,130,05/10/2026 12:51:05
PB,20893,2509404,MOGEIRO,"100,00",11482,9500,8820,182,498,5739,2751,330,05/10/2026 12:51:05
PB,20915,2509503,MONTADAS,"100,00",5373,4520,4149,103,268,2762,1153,234,05/10/2026 12:51:05
PB,20931,2509602,MONTE HOREBE,"100,00",4313,3369,3152,43,174,2398,605,149,05/10/2026 12:51:05
PB,20958,2509701,MONTEIRO,"100,00",27191,22348,20907,418,1023,15329,4647,931,05/10/2026 12:51:05
PB,20974,2509800,MULUNGU,"100,00",9094,7723,7206,150,367,5094,1761,351,05/10/2026 12:51:05
PB,20753,2508703,MÃE D'ÁGUA,"100,00",3876,3234,3079,33,122,2314,634,131,05/10/2026 12:51:05
PB,20990,2509909,NATUBA,"100,00",6840,5557,5054,112,391,3551,1261,242,05/10/2026 12:51:05
PB,21016,2510006,NAZAREZINHO,"100,00",7091,5855,5532,80,243,4305,1039,188,05/10/2026 12:51:05
PB,21032,2510105,NOVA FLORESTA,"100,00",8307,6660,6222,79,359,4309,1552,361,05/10/2026 12:51:05
PB,21059,2510204,NOVA OLINDA,"100,00",5895,4241,3942,45,254,3092,709,141,05/10/2026 12:51:05
PB,21075,2510303,NOVA PALMEIRA,"100,00",3681,3252,3069,60,123,2373,533,163,05/10/2026 12:51:05
PB,21091,2510402,OLHO D'ÁGUA,"100,00",7440,5734,5282,87,365,3802,1266,214,05/10/2026 12:51:05
PB,21113,2510501,OLIVEDOS,"100,00",4073,3401,3169,71,161,2103,895,171,05/10/2026 12:51:05
PB,21130,2510600,OURO VELHO,"100,00",3098,2676,2527,25,124,1975,476,76,05/10/2026 12:51:05
PB,19720,2510659,PARARI,"100,00",2403,2052,1925,26,101,1434,423,68,05/10/2026 12:51:05
PB,21156,2510709,PASSAGEM,"100,00",2846,2282,2177,24,81,1485,604,88,05/10/2026 12:51:05
PB,21172,2510808,PATOS,"100,00",67671,55648,52322,1135,2191,31431,17681,3210,05/10/2026 12:51:05
PB,21199,2510907,PAULISTA,"100,00",10996,9053,8545,101,407,5574,2536,435,05/10/2026 12:51:05
PB,21210,2511004,PEDRA BRANCA,"100,00",4075,3192,3004,39,149,2025,826,153,05/10/2026 12:51:05
PB,21237,2511103,PEDRA LAVRADA,"100,00",5944,5108,4792,84,232,3540,1000,252,05/10/2026 12:51:05
PB,21253,2511202,PEDRAS DE FOGO,"100,00",25239,20710,19354,449,907,12172,6368,814,05/10/2026 12:51:05
PB,19747,2512721,PEDRO RÉGIS,"100,00",5725,4317,3934,111,272,2448,1273,213,05/10/2026 12:51:05
PB,21270,2511301,PIANCÓ,"100,00",12777,10157,9527,155,475,6507,2576,444,05/10/2026 12:51:05
PB,21296,2511400,PICUÍ,"100,00",15036,12528,11719,217,592,7815,3308,596,05/10/2026 12:51:05
PB,21318,2511509,PILAR,"100,00",10756,9122,8480,186,456,5404,2659,417,05/10/2026 12:51:05
PB,21334,2511608,PILÕES,"100,00",7122,5766,5343,123,300,3896,1212,235,05/10/2026 12:51:05
PB,21350,2511707,PILÕEZINHOS,"100,00",5890,4818,4479,103,236,3287,995,197,05/10/2026 12:51:05
PB,21377,2511806,PIRPIRITUBA,"100,00",8201,6805,6388,143,274,4375,1621,392,05/10/2026 12:51:05
PB,21393,2511905,PITIMBU,"100,00",13151,10450,9903,184,363,6395,3089,419,05/10/2026 12:51:05
PB,21415,2512002,POCINHOS,"100,00",15440,12851,11818,327,706,7251,3914,653,05/10/2026 12:51:05
PB,21431,2512101,POMBAL,"100,00",25859,21044,19862,301,881,12343,6509,1010,05/10/2026 12:51:05
PB,19640,2512036,POÇO DANTAS,"100,00",4135,3245,3094,29,122,2590,373,131,05/10/2026 12:51:05
PB,19526,2512077,POÇO DE JOSÉ DE MOURA,"100,00",4432,3711,3495,44,172,2786,561,148,05/10/2026 12:51:05
PB,21458,2512200,PRATA,"100,00",4236,3485,3278,52,155,2273,904,101,05/10/2026 12:51:05
PB,21474,2512309,PRINCESA ISABEL,"100,00",16939,13199,12364,193,642,9524,2283,557,05/10/2026 12:51:05
PB,21490,2512408,PUXINANÃ,"100,00",12878,11021,10086,300,635,6222,3204,660,05/10/2026 12:51:05
PB,21512,2512507,QUEIMADAS,"100,00",36681,30591,28356,680,1555,19096,7873,1387,05/10/2026 12:51:05
PB,21539,2512606,QUIXABA,"100,00",2501,2089,1958,37,94,1286,590,82,05/10/2026 12:51:05
PB,21555,2512705,REMÍGIO,"100,00",15062,12208,11510,176,522,8385,2589,536,05/10/2026 12:51:05
PB,19828,2512788,RIACHO DE SANTO ANTÔNIO,"100,00",2834,2410,2270,35,105,1389,799,82,05/10/2026 12:51:05
PB,21571,2512804,RIACHO DOS CAVALOS,"100,00",8428,7126,6748,117,261,5133,1403,212,05/10/2026 12:51:05
PB,19208,2512747,RIACHÃO,"100,00",3550,2795,2637,42,116,1975,588,74,05/10/2026 12:51:05
PB,19127,2512754,RIACHÃO DO BACAMARTE,"100,00",4999,4193,3809,91,293,2576,1069,164,05/10/2026 12:51:05
PB,19003,2512762,RIACHÃO DO POÇO,"100,00",4868,4096,3823,79,194,2455,1211,157,05/10/2026 12:51:05
PB,21598,2512903,RIO TINTO,"100,00",18838,15996,14952,328,716,9588,4688,676,05/10/2026 12:51:05
PB,21610,2513000,SALGADINHO,"100,00",3477,2703,2526,51,126,1645,738,143,05/10/2026 12:51:05
PB,21636,2513109,SALGADO DE SÃO FÉLIX,"100,00",10366,8329,7779,149,401,5369,2070,340,05/10/2026 12:51:05
PB,20001,2513158,SANTA CECÍLIA,"100,00",7090,6170,5785,106,279,3979,1537,269,05/10/2026 12:51:05
PB,21652,2513208,SANTA CRUZ,"100,00",5529,4683,4503,49,131,3572,780,151,05/10/2026 12:51:05
PB,21679,2513307,SANTA HELENA,"100,00",5959,4866,4603,47,216,3803,620,180,05/10/2026 12:51:05
PB,19569,2513356,SANTA INÊS,"100,00",3848,3027,2878,21,128,2441,361,76,05/10/2026 12:51:05
PB,21695,2513406,SANTA LUZIA,"100,00",12261,10398,9759,249,390,6173,3022,564,05/10/2026 12:51:05
PB,21750,2513703,SANTA RITA,"100,00",103539,87057,80590,2353,4114,42713,32912,4965,05/10/2026 12:51:05
PB,21776,2513802,SANTA TERESINHA,"100,00",5773,4673,4394,81,198,2993,1199,202,05/10/2026 12:51:05
PB,21717,2513505,SANTANA DE MANGUEIRA,"100,00",4562,3561,3333,45,183,2757,444,132,05/10/2026 12:51:05
PB,21733,2513604,SANTANA DOS GARROTES,"100,00",6318,4951,4592,60,299,3327,1039,226,05/10/2026 12:51:05
PB,19267,2513851,SANTO ANDRÉ,"100,00",3035,2470,2322,35,113,1688,546,88,05/10/2026 12:51:05
PB,22071,2515302,SAPÉ,"100,00",38037,31470,29004,824,1642,18302,9366,1336,05/10/2026 12:51:05
PB,22110,2515500,SERRA BRANCA,"100,00",10863,8928,8418,130,380,5775,2291,352,05/10/2026 12:51:05
PB,22136,2515609,SERRA DA RAIZ,"100,00",3167,2595,2424,50,121,1584,738,102,05/10/2026 12:51:05
PB,22152,2515708,SERRA GRANDE,"100,00",3110,2453,2338,33,82,1915,324,99,05/10/2026 12:51:05
PB,22179,2515807,SERRA REDONDA,"100,00",6492,5531,5151,104,276,3722,1205,224,05/10/2026 12:51:05
PB,22195,2515906,SERRARIA,"100,00",4595,3626,3329,68,229,2346,793,190,05/10/2026 12:51:05
PB,19186,2515930,SERTÃOZINHO,"100,00",5104,4250,3974,94,182,2759,991,224,05/10/2026 12:51:05
PB,19020,2515971,SOBRADO,"100,00",8060,6687,6204,164,319,4051,1914,239,05/10/2026 12:51:05
PB,22233,2516102,SOLEDADE,"100,00",11716,9861,9160,197,504,6151,2579,430,05/10/2026 12:51:05
PB,22217,2516003,SOLÂNEA,"100,00",22196,17851,16689,322,840,11013,4787,889,05/10/2026 12:51:05
PB,19283,2516151,SOSSÊGO,"100,00",3672,3174,2990,31,153,2347,534,109,05/10/2026 12:51:05
PB,22250,2516201,SOUSA,"100,00",48187,40768,38523,780,1465,24676,11592,2255,05/10/2026 12:51:05
PB,22276,2516300,SUMÉ,"100,00",14168,11522,10955,116,451,8123,2432,400,05/10/2026 12:51:05
PB,19402,2513927,SÃO BENTINHO,"100,00",3802,3005,2816,31,158,2216,494,106,05/10/2026 12:51:05
PB,21792,2513901,SÃO BENTO,"100,00",29523,24610,23247,395,968,11253,10379,1615,05/10/2026 12:51:05
PB,19429,2513968,SÃO DOMINGOS,"100,00",3287,2623,2448,45,130,1758,616,74,05/10/2026 12:51:05
PB,19224,2513943,SÃO DOMINGOS DO CARIRI,"100,00",3072,2491,2355,31,105,1592,644,119,05/10/2026 12:51:05
PB,19860,2513984,SÃO FRANCISCO,"100,00",4138,3507,3287,64,156,2305,810,172,05/10/2026 12:51:05
PB,21857,2514206,SÃO JOSÉ DA LAGOA TAPADA,"100,00",7125,5849,5398,85,366,4164,1047,187,05/10/2026 12:51:05
PB,21873,2514305,SÃO JOSÉ DE CAIANA,"100,00",5643,4083,3899,32,152,2958,778,163,05/10/2026 12:51:05
PB,21890,2514404,SÃO JOSÉ DE ESPINHARAS,"100,00",4450,3747,3564,46,137,2660,773,131,05/10/2026 12:51:05
PB,21911,2514503,SÃO JOSÉ DE PIRANHAS,"100,00",15561,12589,11867,210,512,9261,2068,538,05/10/2026 12:51:05
PB,19445,2514552,SÃO JOSÉ DE PRINCESA,"100,00",3236,2590,2376,38,176,1990,317,69,05/10/2026 12:51:05
PB,21938,2514602,SÃO JOSÉ DO BONFIM,"100,00",4531,3747,3505,61,181,2365,995,145,05/10/2026 12:51:05
PB,19542,2514651,SÃO JOSÉ DO BREJO DO CRUZ,"100,00",2613,2113,2015,23,75,1293,620,102,05/10/2026 12:51:05
PB,21954,2514701,SÃO JOSÉ DO SABUGI,"100,00",4227,3827,3632,48,147,2460,1023,149,05/10/2026 12:51:05
PB,21970,2514800,SÃO JOSÉ DOS CORDEIROS,"100,00",3778,3103,2936,47,120,2297,557,82,05/10/2026 12:51:05
PB,19046,2514453,SÃO JOSÉ DOS RAMOS,"100,00",5940,4772,4387,115,270,3104,1118,165,05/10/2026 12:51:05
PB,21814,2514008,SÃO JOÃO DO CARIRI,"100,00",4578,3895,3717,48,130,2856,752,109,05/10/2026 12:51:05
PB,19135,2500700,SÃO JOÃO DO RIO DO PEIXE,"100,00",14571,12253,11402,234,617,8769,2155,478,05/10/2026 12:51:05
PB,21830,2514107,SÃO JOÃO DO TIGRE,"100,00",3965,3331,3052,52,227,2396,568,88,05/10/2026 12:51:05
PB,21997,2514909,SÃO MAMEDE,"100,00",7110,5602,5348,73,181,3456,1627,265,05/10/2026 12:51:05
PB,22012,2515005,SÃO MIGUEL DE TAIPU,"100,00",6576,5472,5048,161,263,2823,2023,202,05/10/2026 12:51:05
PB,22039,2515104,SÃO SEBASTIÃO DE LAGOA DE ROÇA,"100,00",9171,7512,6839,211,462,4471,1963,405,05/10/2026 12:51:05
PB,22055,2515203,SÃO SEBASTIÃO DO UMBUZEIRO,"100,00",3304,2723,2517,40,166,2085,357,75,05/10/2026 12:51:05
PB,22098,2515401,SÃO VICENTE DO SERIDÓ,"100,00",9254,7595,7063,170,362,5352,1370,341,05/10/2026 12:51:05
PB,22292,2516409,TACIMA,"100,00",8148,6417,6023,116,278,4139,1635,249,05/10/2026 12:51:05
PB,22314,2516508,TAPEROÁ,"100,00",11366,8863,8220,150,493,6102,1825,293,05/10/2026 12:51:05
PB,22330,2516607,TAVARES,"100,00",11897,9050,8490,108,452,7091,1172,227,05/10/2026 12:51:05
PB,22357,2516706,TEIXEIRA,"100,00",12091,9736,9154,177,405,6957,1901,296,05/10/2026 12:51:05
PB,19682,2516755,TENÓRIO,"100,00",3314,2751,2593,25,133,1889,622,82,05/10/2026 12:51:05
PB,22373,2516805,TRIUNFO,"100,00",7597,6192,5910,74,208,4848,823,239,05/10/2026 12:51:05
PB,22390,2516904,UIRAÚNA,"100,00",13083,10705,10069,126,510,7431,2143,495,05/10/2026 12:51:05
PB,22411,2517001,UMBUZEIRO,"100,00",7797,6414,5960,123,331,4314,1366,280,05/10/2026 12:51:05
PB,19887,2517209,VIEIRÓPOLIS,"100,00",5431,4489,4217,49,223,3189,877,151,05/10/2026 12:51:05
PB,20117,2505501,VISTA SERRANA,"100,00",3470,2693,2573,33,87,1934,521,118,05/10/2026 12:51:05
PB,22438,2517100,VÁRZEA,"100,00",2845,2471,2371,41,59,1755,502,114,05/10/2026 12:51:05
PB,19348,2517407,ZABELÊ,"100,00",2666,2160,2002,25,133,1616,318,68,05/10/2026 12:51:05
PB,19011,2500106,ÁGUA BRANCA,"100,00",8397,6682,6282,85,315,4874,1112,296,05/10/2026 12:51:05
PA,04014,1500107,ABAETETUBA,"100,00",123890,106322,102876,867,2579,74035,24765,4076,05/10/2026 12:51:05
PA,04502,1500131,ABEL FIGUEIREDO,"100,00",6010,4601,4404,36,161,2182,2081,141,05/10/2026 12:51:05
PA,04030,1500206,ACARÁ,"100,00",48817,40862,39198,267,1397,25654,11954,1590,05/10/2026 12:51:05
PA,04057,1500305,AFUÁ,"100,00",29760,23301,22243,149,909,14123,7018,1102,05/10/2026 12:51:05
PA,04073,1500404,ALENQUER,"100,00",45624,37022,35847,199,976,16099,18312,1436,05/10/2026 12:51:05
PA,04090,1500503,ALMEIRIM,"100,00",23890,17878,17208,123,547,11089,5534,585,05/10/2026 12:51:05
PA,04111,1500602,ALTAMIRA,"100,00",86743,67458,64830,758,1870,20416,41004,3410,05/10/2026 12:51:05
PA,04138,1500701,ANAJÁS,"100,00",22636,17911,17041,59,811,8404,7411,1226,05/10/2026 12:51:05
PA,04154,1500800,ANANINDEUA,"100,00",358249,297406,283649,4896,8861,127573,130954,25122,05/10/2026 12:51:05
PA,04723,1500859,ANAPU,"100,00",25278,19129,18453,164,512,4771,13113,569,05/10/2026 12:51:05
PA,04170,1500909,AUGUSTO CORRÊA,"100,00",39219,31644,29997,225,1422,20300,8171,1526,05/10/2026 12:51:05
PA,04340,1500958,AURORA DO PARÁ,"100,00",18265,14648,13948,97,603,8980,4466,502,05/10/2026 12:51:05
PA,04197,1501006,AVEIRO,"100,00",11870,9093,8816,46,231,4498,4043,275,05/10/2026 12:51:05
PA,04219,1501105,BAGRE,"100,00",16607,13159,12625,52,482,9427,2849,349,05/10/2026 12:51:05
PA,04235,1501204,BAIÃO,"100,00",27595,22967,22118,178,671,15458,6006,654,05/10/2026 12:51:05
PA,04588,1501253,BANNACH,"100,00",3170,2393,2322,11,60,690,1525,107,05/10/2026 12:51:05
PA,04251,1501303,BARCARENA,"100,00",102889,83714,80178,1192,2344,47254,27194,5730,05/10/2026 12:51:05
PA,04804,1501451,BELTERRA,"100,00",17778,14353,13833,134,386,6023,7175,635,05/10/2026 12:51:05
PA,04278,1501402,BELÉM,"100,00",1048781,866529,826218,14208,26103,396570,361377,68271,05/10/2026 12:51:05
PA,04294,1501501,BENEVIDES,"100,00",49269,41355,39461,597,1297,19932,17146,2383,05/10/2026 12:51:05
PA,04049,1501576,BOM JESUS DO TOCANTINS,"100,00",12477,9631,9256,52,323,4360,4521,375,05/10/2026 12:51:05
PA,04316,1501600,BONITO,"100,00",12897,10621,10080,98,443,6451,3159,470,05/10/2026 12:51:05
PA,04332,1501709,BRAGANÇA,"100,00",94963,76483,73464,689,2330,41880,26670,4914,05/10/2026 12:51:05
PA,04227,1501725,BRASIL NOVO,"100,00",16697,13476,13029,103,344,3429,9164,436,05/10/2026 12:51:05
PA,05932,1501758,BREJO GRANDE DO ARAGUAIA,"100,00",6821,5416,5232,34,150,2648,2433,151,05/10/2026 12:51:05
PA,04448,1501782,BREU BRANCO,"100,00",32173,24359,23328,195,836,11864,10484,980,05/10/2026 12:51:05
PA,04359,1501808,BREVES,"100,00",77288,61897,59305,356,2236,35854,20877,2574,05/10/2026 12:51:05
PA,04375,1501907,BUJARU,"100,00",21846,18899,18256,149,494,12347,5255,654,05/10/2026 12:51:05
PA,04391,1502004,CACHOEIRA DO ARARI,"100,00",18975,15247,14611,97,539,11255,2982,374,05/10/2026 12:51:05
PA,04766,1501956,CACHOEIRA DO PIRIÁ,"100,00",14421,11691,11187,89,415,7191,3590,406,05/10/2026 12:51:05
PA,04413,1502103,CAMETÁ,"100,00",106190,92293,89329,611,2353,67400,19380,2549,05/10/2026 12:51:05
PA,04707,1502152,CANAÃ DOS CARAJÁS,"100,00",73378,55028,53407,594,1027,16676,33546,3185,05/10/2026 12:51:05
PA,04430,1502202,CAPANEMA,"100,00",54759,45065,43106,581,1378,23613,16976,2517,05/10/2026 12:51:05
PA,04456,1502301,CAPITÃO POÇO,"100,00",42609,35744,34299,349,1096,20007,12771,1521,05/10/2026 12:51:05
PA,04472,1502400,CASTANHAL,"100,00",143934,120369,115842,1521,3006,49063,57961,8818,05/10/2026 12:51:05
PA,04499,1502509,CHAVES,"100,00",15966,11487,10826,54,607,7098,3305,423,05/10/2026 12:51:05
PA,04510,1502608,COLARES,"100,00",12702,10443,10030,121,292,7126,2462,442,05/10/2026 12:51:05
PA,04537,1502707,CONCEIÇÃO DO ARAGUAIA,"100,00",33537,25089,23961,229,899,8907,13757,1297,05/10/2026 12:51:05
PA,05819,1502756,CONCÓRDIA DO PARÁ,"100,00",24113,20178,19431,154,593,11158,7737,536,05/10/2026 12:51:05
PA,04529,1502764,CUMARU DO NORTE,"100,00",8216,6100,5930,31,139,1929,3864,137,05/10/2026 12:51:05
PA,05851,1502772,CURIONÓPOLIS,"100,00",17009,13079,12534,109,436,4765,7212,557,05/10/2026 12:51:05
PA,04553,1502806,CURRALINHO,"100,00",25964,21453,20650,78,725,15895,4207,548,05/10/2026 12:51:05
PA,04740,1502855,CURUÁ,"100,00",11427,9593,9308,41,244,6668,2292,348,05/10/2026 12:51:05
PA,04570,1502905,CURUÇÁ,"100,00",36832,29265,27912,285,1068,19407,7417,1088,05/10/2026 12:51:05
PA,05975,1502939,DOM ELISEU,"100,00",30137,24121,23357,187,577,10038,12367,952,05/10/2026 12:51:05
PA,04120,1502954,ELDORADO DOS CARAJÁS,"100,00",20306,16255,15621,119,515,6895,8096,630,05/10/2026 12:51:05
PA,04596,1503002,FARO,"100,00",7131,5417,5280,30,107,3894,1242,144,05/10/2026 12:51:05
PA,04561,1503044,FLORESTA DO ARAGUAIA,"100,00",13756,10839,10417,76,346,4084,5926,407,05/10/2026 12:51:05
PA,05878,1503077,GARRAFÃO DO NORTE,"100,00",22326,18142,17166,151,825,10723,5663,780,05/10/2026 12:51:05
PA,04006,1503093,GOIANÉSIA DO PARÁ,"100,00",21405,16841,16190,140,511,7830,7667,693,05/10/2026 12:51:05
PA,04618,1503101,GURUPÁ,"100,00",24520,20656,19963,67,626,13613,5808,542,05/10/2026 12:51:05
PA,04634,1503200,IGARAPÉ-AÇU,"100,00",31175,26301,25024,311,966,16703,7277,1044,05/10/2026 12:51:05
PA,04650,1503309,IGARAPÉ-MIRI,"100,00",53657,45956,44218,353,1385,27542,14783,1893,05/10/2026 12:51:05
PA,04677,1503408,INHANGAPI,"100,00",9354,7995,7675,65,255,4430,2860,385,05/10/2026 12:51:05
PA,04189,1503457,IPIXUNA DO PARÁ,"100,00",24689,19343,18350,153,840,10829,6832,689,05/10/2026 12:51:05
PA,04693,1503507,IRITUIA,"100,00",26388,22077,21315,181,581,14585,5721,1009,05/10/2026 12:51:05
PA,04715,1503606,ITAITUBA,"100,00",85347,63645,61244,669,1732,16245,42299,2700,05/10/2026 12:51:05
PA,04731,1503705,ITUPIRANGA,"100,00",32730,25496,24645,166,685,12516,11137,992,05/10/2026 12:51:05
PA,04200,1503754,JACAREACANGA,"100,00",13777,10226,9708,41,477,4694,4841,173,05/10/2026 12:51:05
PA,04758,1503804,JACUNDÁ,"100,00",30585,24521,23394,238,889,10825,11463,1106,05/10/2026 12:51:05
PA,04774,1503903,JURUTI,"100,00",39112,31784,30902,183,699,17817,11942,1143,05/10/2026 12:51:05
PA,04790,1504000,LIMOEIRO DO AJURU,"100,00",22959,19571,18840,137,594,13910,4401,529,05/10/2026 12:51:05
PA,04812,1504109,MAGALHÃES BARATA,"100,00",8796,7170,6958,41,171,4579,2100,279,05/10/2026 12:51:05
PA,04839,1504208,MARABÁ,"100,00",179940,145688,140306,1470,3912,56350,76354,7602,05/10/2026 12:51:05
PA,04855,1504307,MARACANÃ,"100,00",27798,22962,22225,194,543,14545,6786,894,05/10/2026 12:51:05
PA,04871,1504406,MARAPANIM,"100,00",25293,20789,20004,151,634,12915,6308,781,05/10/2026 12:51:05
PA,04642,1504422,MARITUBA,"100,00",90873,75057,71727,1134,2196,35565,30495,5667,05/10/2026 12:51:05
PA,05770,1504455,MEDICILÂNDIA,"100,00",20484,16382,15786,150,446,3806,11318,662,05/10/2026 12:51:05
PA,04898,1504505,MELGAÇO,"100,00",19565,15307,14648,38,621,9241,4952,455,05/10/2026 12:51:05
PA,04910,1504604,MOCAJUBA,"100,00",29081,24173,23360,126,687,16587,5901,872,05/10/2026 12:51:05
PA,04936,1504703,MOJU,"100,00",56811,47230,45457,352,1421,29900,13493,2064,05/10/2026 12:51:05
PA,04863,1504752,MOJUÍ DOS CAMPOS,"100,00",24248,19167,18454,184,529,5740,11924,790,05/10/2026 12:51:05
PA,04952,1504802,MONTE ALEGRE,"100,00",52563,42958,41623,358,977,18579,21437,1607,05/10/2026 12:51:05
PA,04979,1504901,MUANÁ,"100,00",30413,24825,23803,149,873,17644,5394,765,05/10/2026 12:51:05
PA,04103,1504059,MÃE DO RIO,"100,00",25345,20877,19958,182,737,9709,9396,853,05/10/2026 12:51:05
PA,04480,1504950,NOVA ESPERANÇA DO PIRIÁ,"100,00",15528,12476,11869,65,542,5714,5759,396,05/10/2026 12:51:05
PA,04600,1504976,NOVA IPIXUNA,"100,00",11487,9158,8741,60,357,3953,4349,439,05/10/2026 12:51:05
PA,04995,1505007,NOVA TIMBOTEUA,"100,00",11967,9879,9333,138,408,6158,2761,414,05/10/2026 12:51:05
PA,04383,1505031,NOVO PROGRESSO,"100,00",24783,18089,17589,123,377,2357,14798,434,05/10/2026 12:51:05
PA,04421,1505064,NOVO REPARTIMENTO,"100,00",45702,35936,34663,233,1040,12531,20744,1388,05/10/2026 12:51:05
PA,05037,1505205,OEIRAS DO PARÁ,"100,00",25487,21420,20593,76,751,16001,4029,563,05/10/2026 12:51:05
PA,05053,1505304,ORIXIMINÁ,"100,00",50827,39198,37821,354,1023,18589,17678,1554,05/10/2026 12:51:05
PA,05959,1505437,OURILÂNDIA DO NORTE,"100,00",25886,19479,18908,118,453,6063,11989,856,05/10/2026 12:51:05
PA,05070,1505403,OURÉM,"100,00",16525,13580,12956,131,493,8947,3455,554,05/10/2026 12:51:05
PA,05916,1505486,PACAJÁ,"100,00",29481,22984,22206,142,636,6201,15214,791,05/10/2026 12:51:05
PA,04162,1505494,PALESTINA DO PARÁ,"100,00",5862,4623,4430,21,172,2208,2087,135,05/10/2026 12:51:05
PA,05096,1505502,PARAGOMINAS,"100,00",76388,60616,58512,516,1588,20989,34754,2769,05/10/2026 12:51:05
PA,05835,1505536,PARAUAPEBAS,"100,00",201342,156808,151399,1983,3426,51646,89244,10509,05/10/2026 12:51:05
PA,04308,1505551,PAU D'ARCO,"100,00",8655,6685,6460,35,190,2411,3802,247,05/10/2026 12:51:05
PA,05118,1505601,PEIXE-BOI,"100,00",9487,7867,7510,68,289,4783,2429,298,05/10/2026 12:51:05
PA,04782,1505635,PIÇARRA,"100,00",9403,7555,7288,32,235,3063,3981,244,05/10/2026 12:51:05
PA,04626,1505650,PLACAS,"100,00",14807,11933,11501,124,308,2777,8356,368,05/10/2026 12:51:05
PA,05134,1505700,PONTA DE PEDRAS,"100,00",23302,18521,17698,130,693,13032,4000,666,05/10/2026 12:51:05
PA,05150,1505809,PORTEL,"100,00",41746,32037,30457,162,1418,18831,10679,947,05/10/2026 12:51:05
PA,05177,1505908,PORTO DE MOZ,"100,00",23709,18571,17998,69,504,9783,7591,624,05/10/2026 12:51:05
PA,05193,1506005,PRAINHA,"100,00",27386,22025,21263,118,644,10767,10016,480,05/10/2026 12:51:05
PA,05215,1506104,PRIMAVERA,"100,00",11339,8713,8322,82,309,5798,2136,388,05/10/2026 12:51:05
PA,04685,1506112,QUATIPURU,"100,00",10484,7784,7496,47,241,5282,1860,354,05/10/2026 12:51:05
PA,05673,1506138,REDENÇÃO,"100,00",62358,50046,48610,369,1067,11726,34761,2123,05/10/2026 12:51:05
PA,05690,1506161,RIO MARIA,"100,00",13846,10720,10333,65,322,3376,6461,496,05/10/2026 12:51:05
PA,05738,1506187,RONDON DO PARÁ,"100,00",26999,21010,20113,193,704,7754,11652,707,05/10/2026 12:51:05
PA,05894,1506195,RURÓPOLIS,"100,00",20247,15956,15384,144,428,3946,10826,612,05/10/2026 12:51:05
PA,05231,1506203,SALINÓPOLIS,"100,00",38078,30886,29692,335,859,17220,10812,1660,05/10/2026 12:51:05
PA,05258,1506302,SALVATERRA,"100,00",20320,16601,15805,210,586,11124,4050,631,05/10/2026 12:51:05
PA,04243,1506351,SANTA BÁRBARA DO PARÁ,"100,00",18358,15043,14391,190,462,7853,5763,775,05/10/2026 12:51:05
PA,05274,1506401,SANTA CRUZ DO ARARI,"100,00",7042,5046,4785,28,233,3307,1400,78,05/10/2026 12:51:05
PA,05290,1506500,SANTA IZABEL DO PARÁ,"100,00",49185,41518,39749,604,1165,19808,17718,2223,05/10/2026 12:51:05
PA,04146,1506559,SANTA LUZIA DO PARÁ,"100,00",18518,14944,14170,125,649,9388,4286,496,05/10/2026 12:51:05
PA,05991,1506583,SANTA MARIA DAS BARREIRAS,"100,00",13340,10059,9717,52,290,2749,6587,381,05/10/2026 12:51:05
PA,05312,1506609,SANTA MARIA DO PARÁ,"100,00",22313,18385,17538,216,631,8568,8061,909,05/10/2026 12:51:05
PA,05339,1506708,SANTANA DO ARAGUAIA,"100,00",25280,18830,18135,128,567,5193,12320,622,05/10/2026 12:51:05
PA,05355,1506807,SANTARÉM,"100,00",253605,205910,198657,2422,4831,78382,108078,12197,05/10/2026 12:51:05
PA,05371,1506906,SANTARÉM NOVO,"100,00",6794,5719,5539,29,151,3967,1397,175,05/10/2026 12:51:05
PA,05398,1507003,SANTO ANTÔNIO DO TAUÁ,"100,00",26159,22187,21302,214,671,12601,7569,1132,05/10/2026 12:51:05
PA,04847,1507755,SAPUCAIA,"100,00",5430,4054,3863,49,142,1615,2099,149,05/10/2026 12:51:05
PA,05550,1507805,SENADOR JOSÉ PORFÍRIO,"100,00",14884,11387,10973,66,348,3870,6729,374,05/10/2026 12:51:05
PA,05576,1507904,SOURE,"100,00",22800,18148,17403,165,580,12917,3861,625,05/10/2026 12:51:05
PA,05410,1507102,SÃO CAETANO DE ODIVELAS,"100,00",15886,13249,12727,119,403,8792,3231,704,05/10/2026 12:51:05
PA,04464,1507151,SÃO DOMINGOS DO ARAGUAIA,"100,00",15405,12248,11766,83,399,5838,5526,402,05/10/2026 12:51:05
PA,05436,1507201,SÃO DOMINGOS DO CAPIM,"100,00",25155,20707,19832,163,712,14001,5026,805,05/10/2026 12:51:05
PA,05479,1507409,SÃO FRANCISCO DO PARÁ,"100,00",15923,13649,13070,145,434,7503,5029,538,05/10/2026 12:51:05
PA,05452,1507300,SÃO FÉLIX DO XINGU,"100,00",43015,32935,31913,172,850,7515,23071,1327,05/10/2026 12:51:05
PA,05797,1507458,SÃO GERALDO DO ARAGUAIA,"100,00",19494,15615,15061,88,466,5631,8816,614,05/10/2026 12:51:05
PA,04820,1507466,SÃO JOÃO DA PONTA,"100,00",6367,5151,4887,65,199,3174,1472,241,05/10/2026 12:51:05
PA,04065,1507474,SÃO JOÃO DE PIRABAS,"100,00",18795,14884,14266,116,502,9710,3996,560,05/10/2026 12:51:05
PA,05495,1507508,SÃO JOÃO DO ARAGUAIA,"100,00",13212,10250,9840,68,342,5336,4197,307,05/10/2026 12:51:05
PA,05517,1507607,SÃO MIGUEL DO GUAMÁ,"100,00",42257,35272,33895,394,983,20545,11437,1913,05/10/2026 12:51:05
PA,05533,1507706,SÃO SEBASTIÃO DA BOA VISTA,"100,00",23902,19501,18836,96,569,13805,4401,630,05/10/2026 12:51:05
PA,04022,1507953,TAILÂNDIA,"100,00",55596,43893,41873,460,1560,16699,22994,2180,05/10/2026 12:51:05
PA,04545,1507961,TERRA ALTA,"100,00",12581,9911,9534,73,304,5918,3236,380,05/10/2026 12:51:05
PA,04367,1507979,TERRA SANTA,"100,00",15511,12287,11925,88,274,5682,5591,652,05/10/2026 12:51:05
PA,05592,1508001,TOMÉ-AÇU,"100,00",52852,41331,39457,462,1412,20574,16970,1913,05/10/2026 12:51:05
PA,04669,1508035,TRACUATEUA,"100,00",25730,20917,20055,133,729,15002,4403,650,05/10/2026 12:51:05
PA,04286,1508050,TRAIRÃO,"100,00",12441,9187,8880,62,245,1848,6697,335,05/10/2026 12:51:05
PA,04081,1508084,TUCUMÃ,"100,00",28014,20885,20314,149,422,5046,14240,1028,05/10/2026 12:51:05
PA,05614,1508100,TUCURUÍ,"100,00",73025,55986,53875,538,1573,26736,24019,3120,05/10/2026 12:51:05
PA,04324,1508126,ULIANÓPOLIS,"100,00",20159,16081,15550,107,424,6506,8453,591,05/10/2026 12:51:05
PA,05754,1508159,URUARÁ,"100,00",31993,25232,24320,264,648,4745,18737,838,05/10/2026 12:51:05
PA,05630,1508209,VIGIA,"100,00",39656,31809,30492,443,874,19402,9291,1799,05/10/2026 12:51:05
PA,05657,1508308,VISEU,"100,00",43477,34936,33417,164,1355,25524,6907,986,05/10/2026 12:51:05
PA,04405,1508357,VITÓRIA DO XINGU,"100,00",16489,13147,12697,95,355,5134,7026,537,05/10/2026 12:51:05
PA,05711,1508407,XINGUARA,"100,00",35427,27815,26816,234,765,7894,17605,1317,05/10/2026 12:51:05
PA,04260,1500347,ÁGUA AZUL DO NORTE,"100,00",10878,8363,8125,33,205,2433,5316,376,05/10/2026 12:51:05
PA,05010,1505106,ÓBIDOS,"100,00",39920,32455,31381,284,790,20194,9826,1361,05/10/2026 12:51:05
PE,26310,2600054,ABREU E LIMA,"100,00",79387,67927,64196,1478,2253,36334,24301,3561,05/10/2026 12:51:05
PE,23019,2600104,AFOGADOS DA INGAZEIRA,"100,00",30094,24183,23059,385,739,16835,5300,924,05/10/2026 12:51:05
PE,23035,2600203,AFRÂNIO,"100,00",17488,13902,12892,271,739,8397,3770,725,05/10/2026 12:51:05
PE,23051,2600302,AGRESTINA,"100,00",20932,17231,16241,321,669,11514,3992,735,05/10/2026 12:51:05
PE,23116,2600609,ALAGOINHA,"100,00",12070,10085,9634,145,306,8034,1235,365,05/10/2026 12:51:05
PE,23132,2600708,ALIANÇA,"100,00",29186,22828,21427,489,912,14569,5825,1033,05/10/2026 12:51:05
PE,23159,2600807,ALTINHO,"100,00",17270,14374,13456,283,635,9814,3028,614,05/10/2026 12:51:05
PE,23175,2600906,AMARAJI,"100,00",17368,13869,13135,251,483,8734,3900,501,05/10/2026 12:51:05
PE,23191,2601003,ANGELIM,"100,00",9105,7282,6887,106,289,5111,1511,265,05/10/2026 12:51:05
PE,23213,2601102,ARARIPINA,"100,00",60070,47999,45275,701,2023,32160,10820,2295,05/10/2026 12:51:05
PE,23205,2601052,ARAÇOIABA,"100,00",17404,14315,13527,277,511,9092,3680,755,05/10/2026 12:51:05
PE,23230,2601201,ARCOVERDE,"100,00",51729,42251,40462,595,1194,28253,10211,1998,05/10/2026 12:51:05
PE,23256,2601300,BARRA DE GUABIRABA,"100,00",10106,8432,8094,132,206,4988,2835,271,05/10/2026 12:51:05
PE,23272,2601409,BARREIROS,"100,00",30474,23563,22106,567,890,13980,7196,930,05/10/2026 12:51:05
PE,23337,2601706,BELO JARDIM,"100,00",60920,49925,46521,1229,2175,30166,13557,2798,05/10/2026 12:51:05
PE,23299,2601508,BELÉM DE MARIA,"100,00",9176,7675,7325,128,222,5113,1864,348,05/10/2026 12:51:05
PE,23310,2601607,BELÉM DO SÃO FRANCISCO,"100,00",15567,12298,11786,95,417,9306,1927,553,05/10/2026 12:51:05
PE,23353,2601805,BETÂNIA,"100,00",10088,7988,7534,88,366,6368,873,293,05/10/2026 12:51:05
PE,23370,2601904,BEZERROS,"100,00",48313,40125,37941,882,1302,25506,10523,1912,05/10/2026 12:51:05
PE,23396,2602001,BODOCÓ,"100,00",27831,22531,21495,258,778,17737,2881,877,05/10/2026 12:51:05
PE,23418,2602100,BOM CONSELHO,"100,00",34189,26899,25604,333,962,19346,5154,1104,05/10/2026 12:51:05
PE,23434,2602209,BOM JARDIM,"100,00",30623,24775,23291,427,1057,16995,5347,949,05/10/2026 12:51:05
PE,23450,2602308,BONITO,"100,00",30694,24637,23139,480,1018,14524,7418,1197,05/10/2026 12:51:05
PE,23493,2602506,BREJINHO,"100,00",7811,5958,5630,114,214,4350,1009,271,05/10/2026 12:51:05
PE,23515,2602605,BREJO DA MADRE DE DEUS,"100,00",36268,28422,26824,618,980,16581,8750,1493,05/10/2026 12:51:05
PE,23477,2602407,BREJÃO,"100,00",9703,8054,7649,124,281,5721,1588,340,05/10/2026 12:51:05
PE,23531,2602704,BUENOS AIRES,"100,00",11990,9759,9200,139,420,6822,2089,289,05/10/2026 12:51:05
PE,23558,2602803,BUÍQUE,"100,00",42576,30792,29058,375,1359,23785,4117,1156,05/10/2026 12:51:05
PE,23574,2602902,CABO DE SANTO AGOSTINHO,"100,00",172140,143379,134037,3505,5837,88386,37650,8001,05/10/2026 12:51:05
PE,23590,2603009,CABROBÓ,"100,00",25723,21009,20151,229,629,15648,3541,962,05/10/2026 12:51:05
PE,23612,2603108,CACHOEIRINHA,"100,00",16068,13300,12547,274,479,8924,3036,587,05/10/2026 12:51:05
PE,23639,2603207,CAETÉS,"100,00",20683,15465,14594,256,615,12694,1472,428,05/10/2026 12:51:05
PE,23671,2603405,CALUMBI,"100,00",7378,5964,5774,64,126,4824,735,215,05/10/2026 12:51:05
PE,23655,2603306,CALÇADO,"100,00",7893,6448,6124,86,238,4938,898,288,05/10/2026 12:51:05
PE,26298,2603454,CAMARAGIBE,"100,00",127152,107908,101980,2207,3721,54971,40322,6687,05/10/2026 12:51:05
PE,23698,2603504,CAMOCIM DE SÃO FÉLIX,"100,00",15623,12835,12099,255,481,8145,3386,568,05/10/2026 12:51:05
PE,23710,2603603,CAMUTANGA,"100,00",7337,5837,5495,116,226,3655,1582,258,05/10/2026 12:51:05
PE,23736,2603702,CANHOTINHO,"100,00",17167,13673,12907,228,538,9050,3486,371,05/10/2026 12:51:05
PE,23752,2603801,CAPOEIRAS,"100,00",16542,12566,11851,244,471,9833,1509,509,05/10/2026 12:51:05
PE,23167,2603926,CARNAUBEIRA DA PENHA,"100,00",12559,10026,9654,79,293,8527,839,288,05/10/2026 12:51:05
PE,23779,2603900,CARNAÍBA,"100,00",16879,13125,12455,150,520,10126,1896,433,05/10/2026 12:51:05
PE,23795,2604007,CARPINA,"100,00",59993,50883,47995,1082,1806,25652,19665,2678,05/10/2026 12:51:05
PE,23817,2604106,CARUARU,"100,00",255270,217132,205714,4946,6472,109691,82763,13260,05/10/2026 12:51:05
PE,23221,2604155,CASINHAS,"100,00",12078,9727,9041,221,465,6872,1766,403,05/10/2026 12:51:05
PE,23833,2604205,CATENDE,"100,00",25872,20375,19381,311,683,13575,4962,844,05/10/2026 12:51:05
PE,23850,2604304,CEDRO,"100,00",10190,7684,7354,91,239,5762,1180,412,05/10/2026 12:51:05
PE,23876,2604403,CHÃ DE ALEGRIA,"100,00",11584,9609,9061,155,393,6192,2563,306,05/10/2026 12:51:05
PE,23892,2604502,CHÃ GRANDE,"100,00",18860,15822,14918,303,601,9418,4736,764,05/10/2026 12:51:05
PE,23914,2604601,CONDADO,"100,00",19764,16219,15259,304,656,10200,4387,672,05/10/2026 12:51:05
PE,23930,2604700,CORRENTES,"100,00",14583,10328,9808,159,361,7601,1808,399,05/10/2026 12:51:05
PE,23957,2604809,CORTÊS,"100,00",11265,8810,8367,136,307,5846,2088,433,05/10/2026 12:51:05
PE,23973,2604908,CUMARU,"100,00",14479,12138,11449,172,517,8371,2624,454,05/10/2026 12:51:05
PE,23990,2605004,CUPIRA,"100,00",19864,16290,15389,307,594,9537,5083,769,05/10/2026 12:51:05
PE,24015,2605103,CUSTÓDIA,"100,00",29588,22588,21560,251,777,17343,3202,1015,05/10/2026 12:51:05
PE,23140,2605152,DORMENTES,"100,00",16158,13390,12587,252,551,8436,3325,826,05/10/2026 12:51:05
PE,24031,2605202,ESCADA,"100,00",48189,39902,37632,779,1491,25252,10368,2012,05/10/2026 12:51:05
PE,24058,2605301,EXU,"100,00",29164,22817,21591,272,954,17334,3357,900,05/10/2026 12:51:05
PE,24074,2605400,FEIRA NOVA,"100,00",18025,15037,14099,286,652,8818,4585,696,05/10/2026 12:51:05
PE,30015,2605459,FERNANDO DE NORONHA,"100,00",3657,2463,2354,52,57,1153,1019,182,05/10/2026 12:51:05
PE,24090,2605509,FERREIROS,"100,00",10137,8343,7791,202,350,5312,2096,383,05/10/2026 12:51:05
PE,24112,2605608,FLORES,"100,00",16541,12803,12042,204,557,9756,1801,485,05/10/2026 12:51:05
PE,24139,2605707,FLORESTA,"100,00",25254,19765,18960,154,651,15329,2854,777,05/10/2026 12:51:05
PE,24155,2605806,FREI MIGUELINHO,"100,00",12929,11147,10724,162,261,7028,3174,522,05/10/2026 12:51:05
PE,24171,2605905,GAMELEIRA,"100,00",14871,11515,10831,242,442,7190,3167,474,05/10/2026 12:51:05
PE,24198,2606002,GARANHUNS,"100,00",99315,80582,76730,1494,2358,53078,19550,4102,05/10/2026 12:51:05
PE,24210,2606101,GLÓRIA DO GOITÁ,"100,00",23472,19276,17986,374,916,12792,4406,788,05/10/2026 12:51:05
PE,24236,2606200,GOIANA,"100,00",67037,56745,53874,1233,1638,32987,18178,2709,05/10/2026 12:51:05
PE,24252,2606309,GRANITO,"100,00",6958,5790,5576,69,145,4418,917,241,05/10/2026 12:51:05
PE,24279,2606408,GRAVATÁ,"100,00",67863,55798,52221,1364,2213,30773,18368,3080,05/10/2026 12:51:05
PE,24295,2606507,IATI,"100,00",16331,11593,10959,152,482,8880,1655,424,05/10/2026 12:51:05
PE,24317,2606606,IBIMIRIM,"100,00",21737,16479,15976,128,375,13547,1891,538,05/10/2026 12:51:05
PE,24333,2606705,IBIRAJUBA,"100,00",6807,5507,5225,101,181,3979,1036,210,05/10/2026 12:51:05
PE,24350,2606804,IGARASSU,"100,00",89866,74928,70636,1668,2624,43364,23072,4200,05/10/2026 12:51:05
PE,24376,2606903,IGUARACY,"100,00",9100,7234,6898,99,237,5541,1109,248,05/10/2026 12:51:05
PE,24511,2607604,ILHA DE ITAMARACÁ,"100,00",18612,14969,14394,254,321,9986,3718,690,05/10/2026 12:51:05
PE,24392,2607000,INAJÁ,"100,00",15906,12252,11874,69,309,10390,1209,275,05/10/2026 12:51:05
PE,24414,2607109,INGAZEIRA,"100,00",4249,3561,3396,44,121,2829,462,105,05/10/2026 12:51:05
PE,24430,2607208,IPOJUCA,"100,00",89076,72714,69167,1427,2120,47651,17919,3597,05/10/2026 12:51:05
PE,24457,2607307,IPUBI,"100,00",24789,18481,17472,242,767,12714,3679,1079,05/10/2026 12:51:05
PE,24473,2607406,ITACURUBA,"100,00",4741,3796,3688,19,89,3081,507,100,05/10/2026 12:51:05
PE,25976,2607653,ITAMBÉ,"100,00",24464,19662,18554,377,731,12589,5144,821,05/10/2026 12:51:05
PE,24538,2607703,ITAPETIM,"100,00",11940,9623,9085,136,402,7010,1690,385,05/10/2026 12:51:05
PE,26336,2607752,ITAPISSUMA,"100,00",21440,18278,17273,404,601,11659,4738,876,05/10/2026 12:51:05
PE,24554,2607802,ITAQUITINGA,"100,00",12828,10829,10256,179,394,6809,2990,457,05/10/2026 12:51:05
PE,24490,2607505,ITAÍBA,"100,00",21182,16461,15596,204,661,11977,2758,861,05/10/2026 12:51:05
PE,24570,2607901,JABOATÃO DOS GUARARAPES,"100,00",498555,395112,372048,8943,14121,199975,147539,24534,05/10/2026 12:51:05
PE,23302,2607950,JAQUEIRA,"100,00",9225,7105,6782,118,205,4771,1751,260,05/10/2026 12:51:05
PE,24597,2608008,JATAÚBA,"100,00",15816,12224,11692,184,348,8687,2465,540,05/10/2026 12:51:05
PE,23264,2608057,JATOBÁ,"100,00",11616,8867,8545,82,240,7017,1157,371,05/10/2026 12:51:05
PE,24635,2608206,JOAQUIM NABUCO,"100,00",14094,11083,10533,213,337,7120,2975,438,05/10/2026 12:51:05
PE,24619,2608107,JOÃO ALFREDO,"100,00",24726,19392,18268,371,753,13280,4046,942,05/10/2026 12:51:05
PE,23124,2608255,JUCATI,"100,00",10180,8271,7823,165,283,6329,1232,262,05/10/2026 12:51:05
PE,24651,2608305,JUPI,"100,00",13003,11011,10450,213,348,8218,1694,538,05/10/2026 12:51:05
PE,24678,2608404,JUREMA,"100,00",12362,9663,9146,151,366,6985,1809,352,05/10/2026 12:51:05
PE,24694,2608503,LAGOA DE ITAENGA,"100,00",18474,15421,14436,311,674,9561,4164,711,05/10/2026 12:51:05
PE,23027,2608453,LAGOA DO CARRO,"100,00",15710,13392,12696,206,490,8436,3689,571,05/10/2026 12:51:05
PE,24716,2608602,LAGOA DO OURO,"100,00",12046,9180,8676,131,373,6822,1468,386,05/10/2026 12:51:05
PE,24732,2608701,LAGOA DOS GATOS,"100,00",11190,9240,8839,118,283,6686,1848,305,05/10/2026 12:51:05
PE,23183,2608750,LAGOA GRANDE,"100,00",20661,16510,15773,179,558,11618,3252,903,05/10/2026 12:51:05
PE,24759,2608800,LAJEDO,"100,00",32462,26150,24765,502,883,15821,7567,1377,05/10/2026 12:51:05
PE,24775,2608909,LIMOEIRO,"100,00",45789,38601,36388,710,1503,24895,9746,1747,05/10/2026 12:51:05
PE,24791,2609006,MACAPARANA,"100,00",20026,15721,14743,286,692,9088,4843,812,05/10/2026 12:51:05
PE,24813,2609105,MACHADOS,"100,00",11111,9040,8524,231,285,6219,1954,351,05/10/2026 12:51:05
PE,23248,2609154,MANARI,"100,00",14245,10625,10234,91,300,8703,1131,400,05/10/2026 12:51:05
PE,24830,2609204,MARAIAL,"100,00",8002,6210,5916,90,204,4055,1657,204,05/10/2026 12:51:05
PE,24856,2609303,MIRANDIBA,"100,00",11941,9077,8653,106,318,6695,1675,283,05/10/2026 12:51:05
PE,25852,2614303,MOREILÂNDIA,"100,00",9938,7779,7496,77,206,6275,944,277,05/10/2026 12:51:05
PE,24872,2609402,MORENO,"100,00",48774,40174,37272,1142,1760,23371,11818,2083,05/10/2026 12:51:05
PE,24899,2609501,NAZARÉ DA MATA,"100,00",25649,21215,19849,517,849,12367,6506,976,05/10/2026 12:51:05
PE,24910,2609600,OLINDA,"100,00",301943,256476,243207,4955,8314,139200,89168,14839,05/10/2026 12:51:05
PE,24937,2609709,OROBÓ,"100,00",18326,14869,13973,250,646,10699,2665,609,05/10/2026 12:51:05
PE,24953,2609808,OROCÓ,"100,00",12481,10439,10062,91,286,7581,1975,506,05/10/2026 12:51:05
PE,24970,2609907,OURICURI,"100,00",48563,38700,36944,352,1404,29476,5890,1578,05/10/2026 12:51:05
PE,24996,2610004,PALMARES,"100,00",40845,32261,30780,548,933,20803,8493,1484,05/10/2026 12:51:05
PE,25011,2610103,PALMEIRINA,"100,00",6511,4627,4316,73,238,3348,760,208,05/10/2026 12:51:05
PE,25038,2610202,PANELAS,"100,00",19612,15960,15124,211,625,11111,3284,729,05/10/2026 12:51:05
PE,25054,2610301,PARANATAMA,"100,00",11943,9847,9252,139,456,7313,1502,437,05/10/2026 12:51:05
PE,25070,2610400,PARNAMIRIM,"100,00",18517,14812,14412,91,309,12372,1618,422,05/10/2026 12:51:05
PE,25097,2610509,PASSIRA,"100,00",26110,21237,20039,378,820,14147,5048,844,05/10/2026 12:51:05
PE,25119,2610608,PAUDALHO,"100,00",45812,38711,36224,967,1520,20935,13362,1927,05/10/2026 12:51:05
PE,25135,2610707,PAULISTA,"100,00",237186,199179,189472,3697,6010,106250,70764,12458,05/10/2026 12:51:05
PE,25151,2610806,PEDRA,"100,00",18714,15179,14223,236,720,11159,2621,443,05/10/2026 12:51:05
PE,25178,2610905,PESQUEIRA,"100,00",52492,40222,38647,535,1040,30246,6886,1515,05/10/2026 12:51:05
PE,25216,2611101,PETROLINA,"100,00",249120,203889,193929,3392,6568,116703,63545,13681,05/10/2026 12:51:05
PE,25194,2611002,PETROLÂNDIA,"100,00",26448,20004,19216,250,538,14390,4002,824,05/10/2026 12:51:05
PE,25259,2611309,POMBOS,"100,00",20453,17384,16179,451,754,9886,5573,720,05/10/2026 12:51:05
PE,25232,2611200,POÇÃO,"100,00",10334,7952,7449,147,356,5867,1253,329,05/10/2026 12:51:05
PE,25275,2611408,PRIMAVERA,"100,00",11000,8929,8486,160,283,5828,2270,388,05/10/2026 12:51:05
PE,25291,2611507,QUIPAPÁ,"100,00",15431,11481,10770,213,498,8335,2002,433,05/10/2026 12:51:05
PE,23000,2611533,QUIXABA,"100,00",6216,5151,5004,37,110,4270,594,140,05/10/2026 12:51:05
PE,25313,2611606,RECIFE,"100,00",1230407,1034278,983138,19482,31658,543548,377268,62322,05/10/2026 12:51:05
PE,25330,2611705,RIACHO DAS ALMAS,"100,00",20962,18231,17153,403,675,11183,5157,813,05/10/2026 12:51:05
PE,25356,2611804,RIBEIRÃO,"100,00",28323,22196,21084,417,695,14271,5912,901,05/10/2026 12:51:05
PE,25372,2611903,RIO FORMOSO,"100,00",16933,13375,12684,226,465,8823,3363,498,05/10/2026 12:51:05
PE,25399,2612000,SAIRÉ,"100,00",11278,9617,8952,260,405,5754,2705,493,05/10/2026 12:51:05
PE,25410,2612109,SALGADINHO,"100,00",7134,5484,5255,70,159,3858,1170,227,05/10/2026 12:51:05
PE,25437,2612208,SALGUEIRO,"100,00",43388,35137,33801,455,881,25069,7068,1664,05/10/2026 12:51:05
PE,25453,2612307,SALOÁ,"100,00",13660,9696,9177,138,381,7578,1238,361,05/10/2026 12:51:05
PE,25470,2612406,SANHARÓ,"100,00",16323,13020,12296,238,486,9184,2633,479,05/10/2026 12:51:05
PE,23108,2612455,SANTA CRUZ,"100,00",12838,10669,10308,89,272,8183,1632,493,05/10/2026 12:51:05
PE,23043,2612471,SANTA CRUZ DA BAIXA VERDE,"100,00",9916,8117,7728,94,295,5922,1341,465,05/10/2026 12:51:05
PE,25496,2612505,SANTA CRUZ DO CAPIBARIBE,"100,00",66108,57086,54721,1063,1302,21949,28844,3928,05/10/2026 12:51:05
PE,23329,2612554,SANTA FILOMENA,"100,00",12092,9822,9468,59,295,7455,1575,438,05/10/2026 12:51:05
PE,25518,2612604,SANTA MARIA DA BOA VISTA,"100,00",30641,25388,24391,283,714,18695,4687,1009,05/10/2026 12:51:05
PE,25534,2612703,SANTA MARIA DO CAMBUCÁ,"100,00",11524,9436,8847,222,367,5875,2553,419,05/10/2026 12:51:05
PE,25550,2612802,SANTA TEREZINHA,"100,00",8044,6380,6073,90,217,4646,1133,294,05/10/2026 12:51:05
PE,25771,2613909,SERRA TALHADA,"100,00",63665,51945,49485,685,1775,34785,11797,2903,05/10/2026 12:51:05
PE,25798,2614006,SERRITA,"100,00",17061,12818,12287,112,419,9943,1846,498,05/10/2026 12:51:05
PE,25810,2614105,SERTÂNIA,"100,00",27423,20935,20080,239,616,16273,3071,736,05/10/2026 12:51:05
PE,25836,2614204,SIRINHAÉM,"100,00",28560,22605,21422,458,725,13760,6642,1020,05/10/2026 12:51:05
PE,25879,2614402,SOLIDÃO,"100,00",5531,4434,4284,41,109,3621,547,116,05/10/2026 12:51:05
PE,25895,2614501,SURUBIM,"100,00",48477,40557,38186,931,1440,23893,12256,2037,05/10/2026 12:51:05
PE,25577,2612901,SÃO BENEDITO DO SUL,"100,00",7832,5936,5555,104,277,4156,1160,239,05/10/2026 12:51:05
PE,25593,2613008,SÃO BENTO DO UNA,"100,00",38192,29004,27446,528,1030,19371,6778,1297,05/10/2026 12:51:05
PE,25615,2613107,SÃO CAITANO,"100,00",30888,26174,24457,582,1135,17925,5396,1136,05/10/2026 12:51:05
PE,25658,2613305,SÃO JOAQUIM DO MONTE,"100,00",17631,14450,13525,284,641,9591,3343,591,05/10/2026 12:51:05
PE,25674,2613404,SÃO JOSÉ DA COROA GRANDE,"100,00",17746,13369,12660,279,430,7302,4845,513,05/10/2026 12:51:05
PE,25690,2613503,SÃO JOSÉ DO BELMONTE,"100,00",28341,21738,20566,236,936,16729,3081,756,05/10/2026 12:51:05
PE,25712,2613602,SÃO JOSÉ DO EGITO,"100,00",24100,19398,18520,276,602,13817,3901,802,05/10/2026 12:51:05
PE,25631,2613206,SÃO JOÃO,"100,00",18178,14186,13461,203,522,10944,1951,566,05/10/2026 12:51:05
PE,25739,2613701,SÃO LOURENÇO DA MATA,"100,00",83623,70450,66341,1457,2652,39605,22712,4024,05/10/2026 12:51:05
PE,25755,2613800,SÃO VICENTE FÉRRER,"100,00",14551,11709,11042,184,483,7759,2819,464,05/10/2026 12:51:05
PE,25917,2614600,TABIRA,"100,00",21365,17300,16682,218,400,12416,3527,739,05/10/2026 12:51:05
PE,25933,2614709,TACAIMBÓ,"100,00",11013,9083,8455,248,380,5938,2047,470,05/10/2026 12:51:05
PE,25950,2614808,TACARATU,"100,00",18225,14400,13862,117,421,11478,1930,454,05/10/2026 12:51:05
PE,23280,2614857,TAMANDARÉ,"100,00",20268,15977,15248,240,489,9800,4895,553,05/10/2026 12:51:05
PE,25992,2615003,TAQUARITINGA DO NORTE,"100,00",22236,18944,18129,312,503,9132,8137,860,05/10/2026 12:51:05
PE,26018,2615102,TEREZINHA,"100,00",6630,5302,5022,80,200,3910,898,214,05/10/2026 12:51:05
PE,26034,2615201,TERRA NOVA,"100,00",8841,7274,7067,80,127,6165,634,268,05/10/2026 12:51:05
PE,26050,2615300,TIMBAÚBA,"100,00",42020,33968,32096,618,1254,20430,9840,1826,05/10/2026 12:51:05
PE,26077,2615409,TORITAMA,"100,00",35207,30181,29107,466,608,14612,13043,1452,05/10/2026 12:51:05
PE,26093,2615508,TRACUNHAÉM,"100,00",12070,10037,9456,216,365,6394,2652,410,05/10/2026 12:51:05
PE,26115,2615607,TRINDADE,"100,00",25102,18950,18100,203,647,12140,5094,866,05/10/2026 12:51:05
PE,26131,2615706,TRIUNFO,"100,00",12186,10073,9607,117,349,7422,1636,549,05/10/2026 12:51:05
PE,26158,2615805,TUPANATINGA,"100,00",16635,12921,12111,158,652,9268,2330,513,05/10/2026 12:51:05
PE,26174,2615904,TUPARETAMA,"100,00",7990,6481,6303,69,109,5171,952,180,05/10/2026 12:51:05
PE,26190,2616001,VENTUROSA,"100,00",14784,11906,11370,166,370,8562,2303,505,05/10/2026 12:51:05
PE,26212,2616100,VERDEJANTE,"100,00",8411,6797,6519,74,204,5392,864,263,05/10/2026 12:51:05
PE,23086,2616183,VERTENTE DO LÉRIO,"100,00",8292,6854,6505,109,240,4812,1394,299,05/10/2026 12:51:05
PE,26239,2616209,VERTENTES,"100,00",16698,14408,13758,221,429,8792,4323,643,05/10/2026 12:51:05
PE,26255,2616308,VICÊNCIA,"100,00",22237,17622,16533,347,742,10651,5046,836,05/10/2026 12:51:05
PE,26271,2616407,VITÓRIA DE SANTO ANTÃO,"100,00",103948,87823,82586,1998,3239,45410,32439,4737,05/10/2026 12:51:05
PE,23060,2616506,XEXÉU,"100,00",11213,8575,8074,178,323,5583,2137,354,05/10/2026 12:51:05
PE,23078,2600401,ÁGUA PRETA,"100,00",20198,15647,14781,349,517,10808,3432,541,05/10/2026 12:51:05
PE,23094,2600500,ÁGUAS BELAS,"100,00",35255,25568,24199,345,1024,17727,5239,1233,05/10/2026 12:51:05
PI,12327,2200053,ACAUÃ,"100,00",6390,5747,5443,118,186,4315,793,335,05/10/2026 12:51:05
PI,10014,2200103,AGRICOLÂNDIA,"100,00",5547,4473,4325,34,114,3373,792,160,05/10/2026 12:51:05
PI,12319,2200251,ALAGOINHA DO PIAUÍ,"100,00",6145,5327,5034,70,223,3537,1249,248,05/10/2026 12:51:05
PI,10022,2200277,ALEGRETE DO PIAUÍ,"100,00",4534,3602,3511,18,73,2512,864,135,05/10/2026 12:51:05
PI,10057,2200301,ALTO LONGÁ,"100,00",12857,11129,10756,106,267,8458,1876,422,05/10/2026 12:51:05
PI,10073,2200400,ALTOS,"100,00",37002,31884,30516,452,916,23026,5950,1540,05/10/2026 12:51:05
PI,12084,2200459,ALVORADA DO GURGUÉIA,"100,00",4659,3822,3693,22,107,2725,824,144,05/10/2026 12:51:05
PI,10090,2200509,AMARANTE,"100,00",16004,12811,12338,125,348,10090,1905,343,05/10/2026 12:51:05
PI,10111,2200608,ANGICAL DO PIAUÍ,"100,00",6640,5444,5233,50,161,4025,1006,202,05/10/2026 12:51:05
PI,10154,2200806,ANTÔNIO ALMEIDA,"100,00",3064,2499,2423,24,52,1517,837,69,05/10/2026 12:51:05
PI,10138,2200707,ANÍSIO DE ABREU,"100,00",7166,6061,5853,39,169,4957,765,131,05/10/2026 12:51:05
PI,10170,2200905,AROAZES,"100,00",5575,4487,4310,40,137,3445,735,130,05/10/2026 12:51:05
PI,12734,2200954,AROEIRAS DO ITAIM,"100,00",4352,3928,3781,34,113,2937,682,162,05/10/2026 12:51:05
PI,10197,2201002,ARRAIAL,"100,00",4367,3660,3526,22,112,2858,534,134,05/10/2026 12:51:05
PI,12106,2201051,ASSUNÇÃO DO PIAUÍ,"100,00",7632,5432,5161,70,201,4225,725,211,05/10/2026 12:51:05
PI,10219,2201101,AVELINO LOPES,"100,00",9563,7521,7205,51,265,5070,1751,384,05/10/2026 12:51:05
PI,10049,2201150,BAIXA GRANDE DO RIBEIRO,"100,00",11444,9665,9282,84,299,4996,3764,522,05/10/2026 12:51:05
PI,10600,2201176,BARRA D'ALCÂNTARA,"100,00",3576,2879,2699,45,135,2172,468,59,05/10/2026 12:51:05
PI,10235,2201200,BARRAS,"100,00",38201,30941,29626,444,871,21523,6806,1297,05/10/2026 12:51:05
PI,10251,2201309,BARREIRAS DO PIAUÍ,"100,00",3633,2617,2534,23,60,1816,565,153,05/10/2026 12:51:05
PI,10278,2201408,BARRO DURO,"100,00",6411,5132,5014,49,69,3441,1375,198,05/10/2026 12:51:05
PI,10294,2201507,BATALHA,"100,00",22539,17104,16207,262,635,11524,4032,651,05/10/2026 12:51:05
PI,10626,2201556,BELA VISTA DO PIAUÍ,"100,00",3462,3209,2917,76,216,2195,514,208,05/10/2026 12:51:05
PI,12335,2201572,BELÉM DO PIAUÍ,"100,00",3328,2990,2849,42,99,2161,570,118,05/10/2026 12:51:05
PI,10316,2201606,BENEDITINOS,"100,00",9612,7965,7658,81,226,6156,1172,330,05/10/2026 12:51:05
PI,10332,2201705,BERTOLÍNIA,"100,00",4969,4153,3988,38,127,2718,1054,216,05/10/2026 12:51:05
PI,12122,2201739,BETÂNIA DO PIAUÍ,"100,00",5865,5058,4858,32,168,3969,605,284,05/10/2026 12:51:05
PI,10669,2201770,BOA HORA,"100,00",6884,5570,5351,68,151,4079,1055,217,05/10/2026 12:51:05
PI,10359,2201804,BOCAINA,"100,00",5573,4788,4654,52,82,3541,890,223,05/10/2026 12:51:05
PI,10375,2201903,BOM JESUS,"100,00",19900,16790,16107,198,485,9349,6023,735,05/10/2026 12:51:05
PI,10065,2201919,BOM PRINCÍPIO DO PIAUÍ,"100,00",6778,5777,5471,70,236,3906,1365,200,05/10/2026 12:51:05
PI,10081,2201929,BONFIM DO PIAUÍ,"100,00",4967,4167,4000,35,132,3549,344,107,05/10/2026 12:51:05
PI,12149,2201945,BOQUEIRÃO DO PIAUÍ,"100,00",6086,4762,4590,54,118,3701,698,191,05/10/2026 12:51:05
PI,10006,2201960,BRASILEIRA,"100,00",8739,6773,6436,87,250,5054,1122,260,05/10/2026 12:51:05
PI,10642,2201988,BREJO DO PIAUÍ,"100,00",3894,3153,3035,17,101,2605,379,51,05/10/2026 12:51:05
PI,10391,2202000,BURITI DOS LOPES,"100,00",17653,14865,14180,216,469,9990,3553,637,05/10/2026 12:51:05
PI,10103,2202026,BURITI DOS MONTES,"100,00",6972,6022,5844,62,116,4749,917,178,05/10/2026 12:51:05
PI,10120,2202059,CABECEIRAS DO PIAUÍ,"100,00",9837,7722,7403,114,205,6010,1060,333,05/10/2026 12:51:05
PI,12343,2202075,CAJAZEIRAS DO PIAUÍ,"100,00",3662,2947,2795,31,121,2349,387,59,05/10/2026 12:51:05
PI,12572,2202083,CAJUEIRO DA PRAIA,"100,00",7643,6466,6227,90,149,4555,1453,219,05/10/2026 12:51:05
PI,10146,2202091,CALDEIRÃO GRANDE DO PIAUÍ,"100,00",5176,4430,4309,46,75,3290,786,233,05/10/2026 12:51:05
PI,10413,2202109,CAMPINAS DO PIAUÍ,"100,00",5376,4237,4045,43,149,3523,429,93,05/10/2026 12:51:05
PI,12351,2202117,CAMPO ALEGRE DO FIDALGO,"100,00",4536,3982,3792,37,153,2978,654,160,05/10/2026 12:51:05
PI,10723,2202133,CAMPO GRANDE DO PIAUÍ,"100,00",5304,4465,4236,56,173,3478,571,187,05/10/2026 12:51:05
PI,10740,2202174,CAMPO LARGO DO PIAUÍ,"100,00",5863,4699,4500,59,140,3349,1007,144,05/10/2026 12:51:05
PI,10430,2202208,CAMPO MAIOR,"100,00",35864,30407,29058,456,893,20616,6975,1467,05/10/2026 12:51:05
PI,10162,2202251,CANAVIEIRA,"100,00",3447,2724,2630,30,64,1968,596,66,05/10/2026 12:51:05
PI,10456,2202307,CANTO DO BURITI,"100,00",16253,12666,12002,158,506,8739,2803,460,05/10/2026 12:51:05
PI,10472,2202406,CAPITÃO DE CAMPOS,"100,00",10509,8397,7956,121,320,6107,1419,430,05/10/2026 12:51:05
PI,10707,2202455,CAPITÃO GERVÁSIO OLIVEIRA,"100,00",4054,3502,3336,28,138,2776,416,144,05/10/2026 12:51:05
PI,10499,2202505,CARACOL,"100,00",8414,6917,6611,69,237,5324,1087,200,05/10/2026 12:51:05
PI,12670,2202539,CARAÚBAS DO PIAUÍ,"100,00",5366,4442,4170,50,222,2861,1115,194,05/10/2026 12:51:05
PI,12165,2202554,CARIDADE DO PIAUÍ,"100,00",5023,4249,4087,41,121,3235,617,235,05/10/2026 12:51:05
PI,10510,2202604,CASTELO DO PIAUÍ,"100,00",16956,12983,12372,191,420,8570,3228,574,05/10/2026 12:51:05
PI,12688,2202653,CAXINGÓ,"100,00",5777,4982,4720,61,201,3632,884,204,05/10/2026 12:51:05
PI,10537,2202703,COCAL,"100,00",23420,19665,18538,342,785,12569,5217,752,05/10/2026 12:51:05
PI,12360,2202711,COCAL DE TELHA,"100,00",4645,3589,3370,63,156,2737,485,148,05/10/2026 12:51:05
PI,12696,2202729,COCAL DOS ALVES,"100,00",5586,4614,4341,113,160,3550,597,194,05/10/2026 12:51:05
PI,10189,2202737,COIVARAS,"100,00",5672,5048,4853,43,152,3652,991,210,05/10/2026 12:51:05
PI,10200,2202752,COLÔNIA DO GURGUÉIA,"100,00",5574,4441,4284,33,124,3182,960,142,05/10/2026 12:51:05
PI,10227,2202778,COLÔNIA DO PIAUÍ,"100,00",6180,4803,4626,37,140,3861,669,96,05/10/2026 12:51:05
PI,10553,2202802,CONCEIÇÃO DO CANINDÉ,"100,00",5002,4212,3967,46,199,2949,819,199,05/10/2026 12:51:05
PI,10243,2202851,CORONEL JOSÉ DIAS,"100,00",5395,4679,4526,48,105,3773,588,165,05/10/2026 12:51:05
PI,10570,2202901,CORRENTE,"100,00",21194,16843,16049,201,593,10577,4663,809,05/10/2026 12:51:05
PI,10596,2203008,CRISTALÂNDIA DO PIAUÍ,"100,00",6237,4895,4681,42,172,3580,912,189,05/10/2026 12:51:05
PI,10618,2203107,CRISTINO CASTRO,"100,00",8594,7113,6836,71,206,4894,1679,263,05/10/2026 12:51:05
PI,10634,2203206,CURIMATÁ,"100,00",9386,7660,7351,81,228,5040,1968,343,05/10/2026 12:51:05
PI,10766,2203230,CURRAIS,"100,00",6287,5394,5218,38,138,3786,1233,199,05/10/2026 12:51:05
PI,12181,2203271,CURRAL NOVO DO PIAUÍ,"100,00",5409,4659,4496,58,105,3797,528,171,05/10/2026 12:51:05
PI,12580,2203255,CURRALINHOS,"100,00",5297,4516,4398,23,95,3589,673,136,05/10/2026 12:51:05
PI,10650,2203305,DEMERVAL LOBÃO,"100,00",13788,11883,11419,159,305,8346,2594,479,05/10/2026 12:51:05
PI,12297,2203354,DIRCEU ARCOVERDE,"100,00",6674,5522,5389,48,85,4615,659,115,05/10/2026 12:51:05
PI,10677,2203404,DOM EXPEDITO LOPES,"100,00",6542,5763,5533,87,143,4187,1136,210,05/10/2026 12:51:05
PI,10685,2203453,DOM INOCÊNCIO,"100,00",7564,6465,6235,45,185,5136,852,247,05/10/2026 12:51:05
PI,11410,2203420,DOMINGOS MOURÃO,"100,00",4268,3438,3319,36,83,2707,504,108,05/10/2026 12:51:05
PI,10693,2203503,ELESBÃO VELOSO,"100,00",13416,10631,10178,91,362,8078,1712,388,05/10/2026 12:51:05
PI,10715,2203602,ELISEU MARTINS,"100,00",4015,3090,2945,43,102,2265,573,107,05/10/2026 12:51:05
PI,10731,2203701,ESPERANTINA,"100,00",32709,25807,24600,438,769,16844,6841,915,05/10/2026 12:51:05
PI,10260,2203750,FARTURA DO PIAUÍ,"100,00",4753,3937,3857,17,63,3403,361,93,05/10/2026 12:51:05
PI,10758,2203800,FLORES DO PIAUÍ,"100,00",4318,3286,3139,29,118,2453,586,100,05/10/2026 12:51:05
PI,12637,2203859,FLORESTA DO PIAUÍ,"100,00",2599,2050,1948,23,79,1606,258,84,05/10/2026 12:51:05
PI,10774,2203909,FLORIANO,"100,00",44933,36697,35341,520,836,24255,9154,1932,05/10/2026 12:51:05
PI,10790,2204006,FRANCINÓPOLIS,"100,00",4556,3676,3522,37,117,3013,418,91,05/10/2026 12:51:05
PI,10812,2204105,FRANCISCO AYRES,"100,00",5168,4007,3860,50,97,3009,671,180,05/10/2026 12:51:05
PI,12378,2204154,FRANCISCO MACEDO,"100,00",2841,2434,2330,24,80,1794,421,115,05/10/2026 12:51:05
PI,10839,2204204,FRANCISCO SANTOS,"100,00",7087,5878,5640,66,172,4396,967,277,05/10/2026 12:51:05
PI,10855,2204303,FRONTEIRAS,"100,00",9541,7833,7532,92,209,5572,1648,312,05/10/2026 12:51:05
PI,10782,2204352,GEMINIANO,"100,00",6469,5688,5442,70,176,4329,905,208,05/10/2026 12:51:05
PI,10871,2204402,GILBUÉS,"100,00",8660,6973,6706,39,228,4968,1432,306,05/10/2026 12:51:05
PI,10898,2204501,GUADALUPE,"100,00",8682,6465,6143,82,240,4444,1419,280,05/10/2026 12:51:05
PI,10804,2204550,GUARIBAS,"100,00",4478,3418,3360,18,40,2943,352,65,05/10/2026 12:51:05
PI,10910,2204600,HUGO NAPOLEÃO,"100,00",4428,3623,3486,49,88,2556,806,124,05/10/2026 12:51:05
PI,10820,2204659,ILHA GRANDE,"100,00",9354,7880,7512,112,256,5736,1475,301,05/10/2026 12:51:05
PI,10936,2204709,INHUMA,"100,00",13109,10635,10132,106,397,7909,1757,466,05/10/2026 12:51:05
PI,10952,2204808,IPIRANGA DO PIAUÍ,"100,00",7746,6491,6200,90,201,5053,916,231,05/10/2026 12:51:05
PI,10979,2204907,ISAÍAS COELHO,"100,00",6463,5359,5088,69,202,4360,582,146,05/10/2026 12:51:05
PI,10995,2205003,ITAINÓPOLIS,"100,00",9605,8010,7535,109,366,5887,1422,226,05/10/2026 12:51:05
PI,11010,2205102,ITAUEIRA,"100,00",9279,7214,6847,109,258,5029,1583,235,05/10/2026 12:51:05
PI,10286,2205151,JACOBINA DO PIAUÍ,"100,00",5231,4764,4474,103,187,3262,888,324,05/10/2026 12:51:05
PI,11037,2205201,JAICÓS,"100,00",14188,10972,10272,164,536,7799,2034,439,05/10/2026 12:51:05
PI,10308,2205250,JARDIM DO MULATO,"100,00",4530,3826,3710,35,81,2752,815,143,05/10/2026 12:51:05
PI,12394,2205276,JATOBÁ DO PIAUÍ,"100,00",6898,5865,5687,59,119,4558,943,186,05/10/2026 12:51:05
PI,11053,2205300,JERUMENHA,"100,00",4814,3865,3719,42,104,2797,803,119,05/10/2026 12:51:05
PI,11070,2205409,JOAQUIM PIRES,"100,00",11817,9443,8978,148,317,6401,2315,262,05/10/2026 12:51:05
PI,12408,2205458,JOCA MARQUES,"100,00",5603,4633,4448,69,116,3383,943,122,05/10/2026 12:51:05
PI,11096,2205508,JOSÉ DE FREITAS,"100,00",35332,30485,29394,351,740,23802,4387,1205,05/10/2026 12:51:05
PI,12386,2205359,JOÃO COSTA,"100,00",3918,3228,3088,36,104,2470,524,94,05/10/2026 12:51:05
PI,12416,2205516,JUAZEIRO DO PIAUÍ,"100,00",5440,4657,4486,55,116,3306,919,261,05/10/2026 12:51:05
PI,10847,2205532,JUREMA,"100,00",5184,4210,4034,30,146,3338,573,123,05/10/2026 12:51:05
PI,12203,2205524,JÚLIO BORGES,"100,00",5222,3986,3868,32,86,3178,515,175,05/10/2026 12:51:05
PI,10324,2205557,LAGOA ALEGRE,"100,00",8599,7361,7193,57,111,5855,1041,297,05/10/2026 12:51:05
PI,10863,2205573,LAGOA DE SÃO FRANCISCO,"100,00",6040,4702,4500,65,137,3355,931,214,05/10/2026 12:51:05
PI,10340,2205565,LAGOA DO BARRO DO PIAUÍ,"100,00",4646,3978,3768,74,136,3000,627,141,05/10/2026 12:51:05
PI,12424,2205581,LAGOA DO PIAUÍ,"100,00",5239,4580,4436,44,100,3226,1008,202,05/10/2026 12:51:05
PI,12220,2205599,LAGOA DO SÍTIO,"100,00",4865,4056,3876,35,145,3155,617,104,05/10/2026 12:51:05
PI,12432,2205540,LAGOINHA DO PIAUÍ,"100,00",3244,2559,2466,40,53,1883,499,84,05/10/2026 12:51:05
PI,11118,2205607,LANDRI SALES,"100,00",5122,3957,3762,41,154,2837,808,117,05/10/2026 12:51:05
PI,11134,2205706,LUIS CORREIA,"100,00",27367,22598,21466,327,805,15245,5200,1021,05/10/2026 12:51:05
PI,11150,2205805,LUZILÂNDIA,"100,00",20147,16157,15410,235,512,11189,3705,516,05/10/2026 12:51:05
PI,12440,2205854,MADEIRO,"100,00",6714,5233,5006,48,179,3945,922,139,05/10/2026 12:51:05
PI,11177,2205904,MANOEL EMÍDIO,"100,00",4913,4064,3933,19,112,3075,716,142,05/10/2026 12:51:05
PI,10367,2205953,MARCOLÂNDIA,"100,00",8736,7491,7097,94,300,4537,2140,420,05/10/2026 12:51:05
PI,11193,2206001,MARCOS PARENTE,"100,00",4326,3486,3380,37,69,2279,972,129,05/10/2026 12:51:05
PI,12467,2206050,MASSAPÊ DO PIAUÍ,"100,00",6452,5046,4629,84,333,3825,591,213,05/10/2026 12:51:05
PI,11215,2206100,MATIAS OLÍMPIO,"100,00",9161,7146,6812,120,214,4920,1663,229,05/10/2026 12:51:05
PI,11231,2206209,MIGUEL ALVES,"100,00",27719,21307,20450,212,645,16281,3438,731,05/10/2026 12:51:05
PI,11258,2206308,MIGUEL LEÃO,"100,00",1890,1630,1562,7,61,1001,514,47,05/10/2026 12:51:05
PI,12246,2206357,MILTON BRANDÃO,"100,00",7087,5317,5069,68,180,3324,1569,176,05/10/2026 12:51:05
PI,11274,2206407,MONSENHOR GIL,"100,00",10476,8916,8627,105,184,6557,1698,372,05/10/2026 12:51:05
PI,11290,2206506,MONSENHOR HIPÓLITO,"100,00",7493,6358,6110,65,183,4911,995,204,05/10/2026 12:51:05
PI,11312,2206605,MONTE ALEGRE DO PIAUÍ,"100,00",9415,7407,7195,37,175,5533,1386,276,05/10/2026 12:51:05
PI,10880,2206654,MORRO CABEÇA NO TEMPO,"100,00",4202,3383,3209,15,159,2551,540,118,05/10/2026 12:51:05
PI,12459,2206670,MORRO DO CHAPÉU DO PIAUÍ,"100,00",5871,4718,4505,69,144,3554,825,126,05/10/2026 12:51:05
PI,12475,2206696,MURICI DOS PORTELAS,"100,00",6070,4921,4651,58,212,3539,877,235,05/10/2026 12:51:05
PI,11339,2206704,NAZARÉ DO PIAUÍ,"100,00",6697,5398,5196,41,161,4398,623,175,05/10/2026 12:51:05
PI,12726,2206720,NAZÁRIA,"100,00",11555,9827,9537,77,213,7259,1919,359,05/10/2026 12:51:05
PI,10928,2206753,NOSSA SENHORA DE NAZARÉ,"100,00",6117,5254,5123,43,88,4250,669,204,05/10/2026 12:51:05
PI,11355,2206803,NOSSA SENHORA DOS REMÉDIOS,"100,00",8627,7157,6868,89,200,5088,1551,229,05/10/2026 12:51:05
PI,10960,2207959,NOVA SANTA RITA,"100,00",4142,3529,3419,28,82,2847,424,148,05/10/2026 12:51:05
PI,11371,2206902,NOVO ORIENTE DO PIAUÍ,"100,00",5158,4185,4004,47,134,3316,539,149,05/10/2026 12:51:05
PI,10901,2206951,NOVO SANTO ANTÔNIO,"100,00",4732,3979,3877,39,63,3169,549,159,05/10/2026 12:51:05
PI,11398,2207009,OEIRAS,"100,00",31021,25419,24335,324,760,18390,5135,810,05/10/2026 12:51:05
PI,12483,2207108,OLHO D'ÁGUA DO PIAUÍ,"100,00",2708,2224,2177,13,34,1711,396,70,05/10/2026 12:51:05
PI,11436,2207207,PADRE MARCOS,"100,00",6038,4980,4735,67,178,3749,844,142,05/10/2026 12:51:05
PI,11452,2207306,PAES LANDIM,"100,00",4499,3538,3365,35,138,2407,866,92,05/10/2026 12:51:05
PI,12262,2207355,PAJEÚ DO PIAUÍ,"100,00",3407,2672,2556,24,92,1992,489,75,05/10/2026 12:51:05
PI,11479,2207405,PALMEIRA DO PIAUÍ,"100,00",4922,4131,3953,52,126,2492,1233,228,05/10/2026 12:51:05
PI,11495,2207504,PALMEIRAIS,"100,00",13336,10972,10661,65,246,8728,1639,294,05/10/2026 12:51:05
PI,10944,2207553,PAQUETÁ,"100,00",4173,3672,3595,13,64,2884,603,108,05/10/2026 12:51:05
PI,11517,2207603,PARNAGUÁ,"100,00",7624,5984,5771,41,172,4413,1147,211,05/10/2026 12:51:05
PI,11533,2207702,PARNAÍBA,"100,00",118423,99922,95945,1475,2502,58315,31881,5749,05/10/2026 12:51:05
PI,10405,2207751,PASSAGEM FRANCA DO PIAUÍ,"100,00",4164,3080,2998,26,56,2169,729,100,05/10/2026 12:51:05
PI,10383,2207777,PATOS DO PIAUÍ,"100,00",5568,4613,4294,68,251,3479,638,177,05/10/2026 12:51:05
PI,12718,2207793,PAU D'ARCO DO PIAUÍ,"100,00",5401,4711,4534,48,129,3500,814,220,05/10/2026 12:51:05
PI,11550,2207801,PAULISTANA,"100,00",17052,14440,13611,174,655,10282,2641,688,05/10/2026 12:51:05
PI,12289,2207850,PAVUSSU,"100,00",3909,3098,2994,23,81,2522,393,79,05/10/2026 12:51:05
PI,11576,2207900,PEDRO II,"100,00",35312,27067,25886,350,831,18322,6395,1169,05/10/2026 12:51:05
PI,12491,2207934,PEDRO LAURENTINO,"100,00",3276,2786,2651,31,104,1935,635,81,05/10/2026 12:51:05
PI,11592,2208007,PICOS,"100,00",54212,47307,45412,554,1341,31334,11917,2161,05/10/2026 12:51:05
PI,11614,2208106,PIMENTEIRAS,"100,00",9384,7543,7174,69,300,5552,1377,245,05/10/2026 12:51:05
PI,11630,2208205,PIO IX,"100,00",15109,12707,12091,163,453,9583,2050,458,05/10/2026 12:51:05
PI,11657,2208304,PIRACURUCA,"100,00",25821,21022,20013,287,722,13792,5216,1005,05/10/2026 12:51:05
PI,11673,2208403,PIRIPIRI,"100,00",53170,40721,38542,825,1354,26574,10092,1876,05/10/2026 12:51:05
PI,11690,2208502,PORTO,"100,00",10000,7825,7525,86,214,5256,2049,220,05/10/2026 12:51:05
PI,12599,2208551,PORTO ALEGRE DO PIAUÍ,"100,00",2106,1749,1647,10,92,1138,456,53,05/10/2026 12:51:05
PI,11711,2208601,PRATA DO PIAUÍ,"100,00",3706,3003,2907,18,78,2402,422,83,05/10/2026 12:51:05
PI,10421,2208650,QUEIMADA NOVA,"100,00",7227,5996,5392,122,482,3958,1115,319,05/10/2026 12:51:05
PI,11738,2208700,REDENÇÃO DO GURGUÉIA,"100,00",7001,5712,5492,46,174,3652,1634,206,05/10/2026 12:51:05
PI,11754,2208809,REGENERAÇÃO,"100,00",14520,11336,10856,108,372,8908,1635,313,05/10/2026 12:51:05
PI,12300,2208858,RIACHO FRIO,"100,00",4492,3657,3546,11,100,2936,491,119,05/10/2026 12:51:05
PI,12602,2208874,RIBEIRA DO PIAUÍ,"100,00",3891,3168,3031,22,115,2426,498,107,05/10/2026 12:51:05
PI,11770,2208908,RIBEIRO GONÇALVES,"100,00",5577,4608,4435,31,142,2910,1277,248,05/10/2026 12:51:05
PI,11797,2209005,RIO GRANDE DO PIAUÍ,"100,00",5426,4400,4224,37,139,3407,705,112,05/10/2026 12:51:05
PI,11819,2209104,SANTA CRUZ DO PIAUÍ,"100,00",5902,5192,4985,41,166,4000,845,140,05/10/2026 12:51:05
PI,10448,2209153,SANTA CRUZ DOS MILAGRES,"100,00",3971,3258,3193,22,43,2465,598,130,05/10/2026 12:51:05
PI,11835,2209203,SANTA FILOMENA,"100,00",5554,4505,4335,39,131,2782,1327,226,05/10/2026 12:51:05
PI,11851,2209302,SANTA LUZ,"100,00",5273,4515,4328,58,129,2874,1309,145,05/10/2026 12:51:05
PI,10464,2209377,SANTA ROSA DO PIAUÍ,"100,00",4981,3873,3709,41,123,2769,817,123,05/10/2026 12:51:05
PI,10480,2209351,SANTANA DO PIAUÍ,"100,00",4214,3644,3498,23,123,2859,519,120,05/10/2026 12:51:05
PI,11878,2209401,SANTO ANTÔNIO DE LISBOA,"100,00",6371,5471,5230,70,171,3867,1202,161,05/10/2026 12:51:05
PI,12653,2209450,SANTO ANTÔNIO DOS MILAGRES,"100,00",1955,1627,1568,16,43,1236,297,35,05/10/2026 12:51:05
PI,11894,2209500,SANTO INÁCIO DO PIAUÍ,"100,00",3644,3092,3011,14,67,2407,524,80,05/10/2026 12:51:05
PI,12041,2210623,SEBASTIÃO BARROS,"100,00",4633,3817,3673,21,123,2554,934,185,05/10/2026 12:51:05
PI,12068,2210631,SEBASTIÃO LEAL,"100,00",4234,3751,3611,46,94,2090,1419,102,05/10/2026 12:51:05
PI,10545,2210656,SIGEFREDO PACHECO,"100,00",9278,8022,7745,89,188,6007,1382,356,05/10/2026 12:51:05
PI,12157,2210805,SIMPLÍCIO MENDES,"100,00",10329,8787,8418,96,273,6487,1542,389,05/10/2026 12:51:05
PI,12130,2210706,SIMÕES,"100,00",12484,10230,9700,107,423,7549,1755,396,05/10/2026 12:51:05
PI,12173,2210904,SOCORRO DO PIAUÍ,"100,00",4300,3412,3285,29,98,2548,604,133,05/10/2026 12:51:05
PI,12513,2210938,SUSSUAPARA,"100,00",6735,5887,5624,73,190,4388,995,241,05/10/2026 12:51:05
PI,10502,2209559,SÃO BRAZ DO PIAUÍ,"100,00",4155,3470,3353,31,86,2923,318,112,05/10/2026 12:51:05
PI,12505,2209658,SÃO FRANCISCO DE ASSIS DO PIAUÍ,"100,00",4780,4178,3853,45,280,2515,958,380,05/10/2026 12:51:05
PI,11932,2209708,SÃO FRANCISCO DO PIAUÍ,"100,00",6210,4757,4468,61,228,3051,1261,156,05/10/2026 12:51:05
PI,11916,2209609,SÃO FÉLIX DO PIAUÍ,"100,00",3968,3265,3163,33,69,2210,809,144,05/10/2026 12:51:05
PI,12610,2209757,SÃO GONÇALO DO GURGUÉIA,"100,00",2882,2270,2190,11,69,1579,522,89,05/10/2026 12:51:05
PI,11959,2209807,SÃO GONÇALO DO PIAUÍ,"100,00",5172,4340,4183,49,108,2937,1080,166,05/10/2026 12:51:05
PI,10529,2210052,SÃO JOSÉ DO DIVINO,"100,00",5071,4314,4087,53,174,3106,733,248,05/10/2026 12:51:05
PI,12017,2210102,SÃO JOSÉ DO PEIXE,"100,00",3371,2557,2428,41,88,1893,469,66,05/10/2026 12:51:05
PI,12033,2210201,SÃO JOSÉ DO PIAUÍ,"100,00",6004,4862,4663,66,133,3825,711,127,05/10/2026 12:51:05
PI,11088,2209856,SÃO JOÃO DA CANABRAVA,"100,00",4502,3705,3611,38,56,3026,466,119,05/10/2026 12:51:05
PI,12009,2209872,SÃO JOÃO DA FRONTEIRA,"100,00",5375,4414,4157,54,203,3006,957,194,05/10/2026 12:51:05
PI,11975,2209906,SÃO JOÃO DA SERRA,"100,00",6905,5700,5485,71,144,4113,1112,260,05/10/2026 12:51:05
PI,12025,2209955,SÃO JOÃO DA VARJOTA,"100,00",4131,3423,3313,28,82,2780,467,66,05/10/2026 12:51:05
PI,10987,2209971,SÃO JOÃO DO ARRAIAL,"100,00",7625,6324,6043,65,216,4112,1834,97,05/10/2026 12:51:05
PI,11991,2210003,SÃO JOÃO DO PIAUÍ,"100,00",15077,12525,11944,139,442,8975,2474,495,05/10/2026 12:51:05
PI,12050,2210300,SÃO JULIÃO,"100,00",5605,4737,4631,25,81,3497,962,172,05/10/2026 12:51:05
PI,10561,2210359,SÃO LOURENÇO DO PIAUÍ,"100,00",4860,4123,3939,48,136,3309,480,150,05/10/2026 12:51:05
PI,12629,2210375,SÃO LUIS DO PIAUÍ,"100,00",3574,2858,2765,36,57,2170,470,125,05/10/2026 12:51:05
PI,12661,2210383,SÃO MIGUEL DA BAIXA GRANDE,"100,00",2835,2250,2189,22,39,1473,607,109,05/10/2026 12:51:05
PI,12700,2210391,SÃO MIGUEL DO FIDALGO,"100,00",3027,2379,2314,19,46,1933,341,40,05/10/2026 12:51:05
PI,12076,2210409,SÃO MIGUEL DO TAPUIO,"100,00",15612,11742,11180,131,431,8834,1941,405,05/10/2026 12:51:05
PI,12092,2210508,SÃO PEDRO DO PIAUÍ,"100,00",11541,9599,9178,129,292,6649,2176,353,05/10/2026 12:51:05
PI,12114,2210607,SÃO RAIMUNDO NONATO,"100,00",27458,23339,22535,251,553,17439,4275,821,05/10/2026 12:51:05
PI,12530,2210953,TAMBORIL DO PIAUÍ,"100,00",2989,2464,2344,19,101,1804,438,102,05/10/2026 12:51:05
PI,12521,2210979,TANQUE DO PIAUÍ,"100,00",2725,2300,2160,26,114,1664,369,127,05/10/2026 12:51:05
PI,12190,2211001,TERESINA,"100,00",592974,504328,484190,7401,12737,296190,152350,35650,05/10/2026 12:51:05
PI,12211,2211100,UNIÃO,"100,00",38750,32726,31253,419,1054,23153,6896,1204,05/10/2026 12:51:05
PI,12238,2211209,URUÇUÍ,"100,00",18909,15880,15251,178,451,9150,5337,764,05/10/2026 12:51:05
PI,12254,2211308,VALENÇA DO PIAUÍ,"100,00",17671,14632,13911,210,511,10447,2933,531,05/10/2026 12:51:05
PI,12556,2211506,VERA MENDES,"100,00",3670,3021,2808,53,160,2270,406,132,05/10/2026 12:51:05
PI,12548,2211605,VILA NOVA DO PIAUÍ,"100,00",3001,2694,2580,15,99,1886,526,168,05/10/2026 12:51:05
PI,10588,2211357,VÁRZEA BRANCA,"100,00",4694,3945,3779,30,136,3211,455,113,05/10/2026 12:51:05
PI,12270,2211407,VÁRZEA GRANDE,"100,00",4174,3243,3017,45,181,2281,616,120,05/10/2026 12:51:05
PI,12564,2211704,WALL FERRAZ,"100,00",4305,3828,3691,20,117,2839,731,121,05/10/2026 12:51:05
PI,10030,2200202,ÁGUA BRANCA,"100,00",15858,13203,12754,132,317,8457,3820,477,05/10/2026 12:51:05
RJ,58017,3300100,ANGRA DOS REIS,"100,00",137071,105351,101009,1918,2424,31859,62802,6348,05/10/2026 12:51:05
RJ,58181,3300159,APERIBÉ,"100,00",10135,8277,7972,116,189,2646,4917,409,05/10/2026 12:51:05
RJ,58033,3300209,ARARUAMA,"100,00",111370,86031,82197,1655,2179,23451,53415,5331,05/10/2026 12:51:05
RJ,58220,3300225,AREAL,"100,00",10270,8231,7843,157,231,2663,4555,625,05/10/2026 12:51:05
RJ,58408,3300233,ARMAÇÃO DOS BÚZIOS,"100,00",36236,28170,27336,384,450,8225,17294,1817,05/10/2026 12:51:05
RJ,59277,3300258,ARRAIAL DO CABO,"100,00",35242,27352,26435,418,499,8652,15959,1824,05/10/2026 12:51:05
RJ,58050,3300308,BARRA DO PIRAÍ,"100,00",69309,52804,50432,1115,1257,21967,24526,3939,05/10/2026 12:51:05
RJ,58076,3300407,BARRA MANSA,"100,00",133855,105213,99984,2232,2997,39813,52367,7804,05/10/2026 12:51:05
RJ,58041,3300456,BELFORD ROXO,"100,00",346172,267145,252683,6212,8250,91783,144676,16224,05/10/2026 12:51:05
RJ,58092,3300506,BOM JARDIM,"100,00",22628,17795,16798,363,634,5896,9554,1348,05/10/2026 12:51:05
RJ,58114,3300605,BOM JESUS DO ITABAPOANA,"100,00",28472,22578,21804,308,466,8216,12229,1359,05/10/2026 12:51:05
RJ,58130,3300704,CABO FRIO,"100,00",179682,137352,131974,2238,3140,39944,83213,8817,05/10/2026 12:51:05
RJ,58157,3300803,CACHOEIRAS DE MACACU,"100,00",46722,36497,34871,709,917,11917,20791,2163,05/10/2026 12:51:05
RJ,58173,3300902,CAMBUCI,"100,00",12296,9936,9620,120,196,4249,4932,439,05/10/2026 12:51:05
RJ,58190,3301009,CAMPOS DOS GOYTACAZES,"100,00",370466,290458,272164,7954,10340,91105,160859,20200,05/10/2026 12:51:05
RJ,58211,3301108,CANTAGALO,"100,00",15148,12210,11611,215,384,4618,6198,795,05/10/2026 12:51:05
RJ,58300,3300936,CARAPEBUS,"100,00",13468,10972,10589,171,212,3896,6124,569,05/10/2026 12:51:05
RJ,58068,3301157,CARDOSO MOREIRA,"100,00",12616,10038,9689,142,207,3073,6014,602,05/10/2026 12:51:05
RJ,58238,3301207,CARMO,"100,00",14237,11760,11260,141,359,4920,5468,872,05/10/2026 12:51:05
RJ,58254,3301306,CASIMIRO DE ABREU,"100,00",35993,27742,26758,391,593,7582,17595,1581,05/10/2026 12:51:05
RJ,58165,3300951,COMENDADOR LEVY GASPARIAN,"100,00",8033,6820,6539,125,156,3289,2713,537,05/10/2026 12:51:05
RJ,58270,3301405,CONCEIÇÃO DE MACABU,"100,00",16681,13501,12864,289,348,6013,5959,892,05/10/2026 12:51:05
RJ,58297,3301504,CORDEIRO,"100,00",16926,14174,13491,244,439,5304,7210,977,05/10/2026 12:51:05
RJ,58319,3301603,DUAS BARRAS,"100,00",10314,8229,7810,142,277,3249,3919,642,05/10/2026 12:51:05
RJ,58335,3301702,DUQUE DE CAXIAS,"100,00",634694,520622,491446,11784,17392,183125,274289,34032,05/10/2026 12:51:05
RJ,58351,3301801,ENGENHEIRO PAULO DE FRONTIN,"100,00",11116,9203,8813,148,242,3652,4502,659,05/10/2026 12:51:05
RJ,58106,3301850,GUAPIMIRIM,"100,00",44941,35197,33772,673,752,11616,19835,2321,05/10/2026 12:51:05
RJ,58262,3301876,IGUABA GRANDE,"100,00",30569,24735,23873,377,485,6773,15517,1583,05/10/2026 12:51:05
RJ,58378,3301900,ITABORAÍ,"100,00",177920,137637,130817,3203,3617,49680,71796,9341,05/10/2026 12:51:05
RJ,58394,3302007,ITAGUAÍ,"100,00",100542,78836,75327,1646,1863,24715,44965,5647,05/10/2026 12:51:05
RJ,59293,3302056,ITALVA,"100,00",11648,9165,8847,131,187,2457,5937,453,05/10/2026 12:51:05
RJ,58416,3302106,ITAOCARA,"100,00",19120,15625,14929,275,421,4313,9761,855,05/10/2026 12:51:05
RJ,58432,3302205,ITAPERUNA,"100,00",76037,58153,56272,886,995,17011,35918,3343,05/10/2026 12:51:05
RJ,58440,3302254,ITATIAIA,"100,00",26584,20766,20064,334,368,7164,11270,1630,05/10/2026 12:51:05
RJ,58149,3302270,JAPERI,"100,00",76652,59933,56740,1466,1727,22217,30840,3683,05/10/2026 12:51:05
RJ,58459,3302304,LAJE DO MURIAÉ,"100,00",6944,5593,5354,83,156,2843,2210,301,05/10/2026 12:51:05
RJ,58475,3302403,MACAÉ,"100,00",186241,144452,138026,3075,3351,55742,71870,10414,05/10/2026 12:51:05
RJ,58386,3302452,MACUCO,"100,00",7132,6062,5811,100,151,2504,2946,361,05/10/2026 12:51:05
RJ,58491,3302502,MAGÉ,"100,00",192902,155240,147580,3496,4164,51814,85481,10285,05/10/2026 12:51:05
RJ,58513,3302601,MANGARATIBA,"100,00",46501,34080,32940,487,653,10613,20418,1909,05/10/2026 12:51:05
RJ,58530,3302700,MARICÁ,"100,00",185609,144516,138874,2414,3228,59972,69193,9709,05/10/2026 12:51:05
RJ,58556,3302809,MENDES,"100,00",14878,11878,11313,220,345,4966,5529,818,05/10/2026 12:51:05
RJ,58467,3302858,MESQUITA,"100,00",136302,106290,101497,2094,2699,36083,58774,6640,05/10/2026 12:51:05
RJ,58572,3302908,MIGUEL PEREIRA,"100,00",24781,19231,18462,307,462,6675,10499,1288,05/10/2026 12:51:05
RJ,58599,3303005,MIRACEMA,"100,00",21056,17130,16273,338,519,7909,7380,984,05/10/2026 12:51:05
RJ,58610,3303104,NATIVIDADE,"100,00",12453,9709,9217,169,323,3856,4648,713,05/10/2026 12:51:05
RJ,58637,3303203,NILÓPOLIS,"100,00",128648,100545,96014,1877,2654,35389,54213,6412,05/10/2026 12:51:05
RJ,58653,3303302,NITERÓI,"100,00",412252,331432,318715,5106,7611,154098,139309,25308,05/10/2026 12:51:05
RJ,58670,3303401,NOVA FRIBURGO,"100,00",155366,120112,113416,2522,4174,39479,63538,10399,05/10/2026 12:51:05
RJ,58696,3303500,NOVA IGUAÇU,"100,00",614931,477139,449880,11543,15716,151528,267454,30898,05/10/2026 12:51:05
RJ,58718,3303609,PARACAMBI,"100,00",33690,26463,25163,569,731,9799,13601,1763,05/10/2026 12:51:05
RJ,58750,3303807,PARATY,"100,00",35461,26975,26025,423,527,8622,15758,1645,05/10/2026 12:51:05
RJ,58734,3303708,PARAÍBA DO SUL,"100,00",34304,26694,25397,570,727,9988,13407,2002,05/10/2026 12:51:05
RJ,59315,3303856,PATY DO ALFERES,"100,00",24302,19033,18460,272,301,5718,11511,1231,05/10/2026 12:51:05
RJ,58777,3303906,PETRÓPOLIS,"100,00",239569,181654,171415,4373,5866,57572,95783,18060,05/10/2026 12:51:05
RJ,58246,3303955,PINHEIRAL,"100,00",18820,14774,14234,251,289,6639,6497,1098,05/10/2026 12:51:05
RJ,58793,3304003,PIRAÍ,"100,00",23699,18342,17510,348,484,7529,8680,1301,05/10/2026 12:51:05
RJ,58815,3304102,PORCIÚNCULA,"100,00",13293,10352,9854,164,334,4729,4476,649,05/10/2026 12:51:05
RJ,58327,3304110,PORTO REAL,"100,00",17925,14828,14278,212,338,5071,8172,1035,05/10/2026 12:51:05
RJ,58025,3304128,QUATIS,"100,00",10505,8746,8405,157,184,3560,4272,573,05/10/2026 12:51:05
RJ,58122,3304144,QUEIMADOS,"100,00",104602,86949,82800,1876,2273,30676,45795,6329,05/10/2026 12:51:05
RJ,58009,3304151,QUISSAMÃ,"100,00",19085,15070,14478,282,310,6028,7550,900,05/10/2026 12:51:05
RJ,58831,3304201,RESENDE,"100,00",98020,75536,72277,1507,1752,22536,43226,6515,05/10/2026 12:51:05
RJ,58858,3304300,RIO BONITO,"100,00",45412,36336,34809,665,862,10836,21566,2407,05/10/2026 12:51:05
RJ,58874,3304409,RIO CLARO,"100,00",14700,11979,11438,215,326,5215,5372,851,05/10/2026 12:51:05
RJ,58890,3304508,RIO DAS FLORES,"100,00",8711,6898,6622,104,172,3781,2476,365,05/10/2026 12:51:05
RJ,58203,3304524,RIO DAS OSTRAS,"100,00",107737,82940,79765,1232,1943,25447,48383,5935,05/10/2026 12:51:05
RJ,60011,3304557,RIO DE JANEIRO,"100,00",4952612,3658898,3471874,73440,113584,1524517,1662354,285003,05/10/2026 12:51:05
RJ,58912,3304607,SANTA MARIA MADALENA,"100,00",8846,7002,6623,127,252,2847,3277,499,05/10/2026 12:51:05
RJ,58939,3304706,SANTO ANTÔNIO DE PÁDUA,"100,00",33702,25788,24689,417,682,8371,14849,1469,05/10/2026 12:51:05
RJ,59072,3305406,SAPUCAIA,"100,00",15786,12569,12023,229,317,4495,6814,714,05/10/2026 12:51:05
RJ,59099,3305505,SAQUAREMA,"100,00",92059,71981,68647,1341,1993,20288,44175,4184,05/10/2026 12:51:05
RJ,58424,3305554,SEROPÉDICA,"100,00",60965,47439,45259,988,1192,15730,26529,3000,05/10/2026 12:51:05
RJ,59110,3305604,SILVA JARDIM,"100,00",18674,14909,14279,249,381,4450,8932,897,05/10/2026 12:51:05
RJ,59137,3305703,SUMIDOURO,"100,00",14193,11828,11360,229,239,3345,7366,649,05/10/2026 12:51:05
RJ,58955,3304805,SÃO FIDÉLIS,"100,00",30178,23697,22803,354,540,7229,14248,1326,05/10/2026 12:51:05
RJ,58289,3304755,SÃO FRANCISCO DE ITABAPOANA,"100,00",39905,29553,28320,571,662,8000,18882,1438,05/10/2026 12:51:05
RJ,58971,3304904,SÃO GONÇALO,"100,00",653184,499941,472652,10938,16351,190984,247529,34139,05/10/2026 12:51:05
RJ,58343,3305133,SÃO JOSÉ DE UBÁ,"100,00",7636,6085,5857,77,151,1881,3697,279,05/10/2026 12:51:05
RJ,59331,3305158,SÃO JOSÉ DO VALE DO RIO PRETO,"100,00",16230,12969,12440,260,269,2314,9219,907,05/10/2026 12:51:05
RJ,58998,3305000,SÃO JOÃO DA BARRA,"100,00",43094,34890,33002,851,1037,10656,19786,2560,05/10/2026 12:51:05
RJ,59013,3305109,SÃO JOÃO DE MERITI,"100,00",340128,276761,261261,6306,9194,96017,147563,17681,05/10/2026 12:51:05
RJ,59030,3305208,SÃO PEDRO DA ALDEIA,"100,00",74913,58503,56298,993,1212,14421,38306,3571,05/10/2026 12:51:05
RJ,59056,3305307,SÃO SEBASTIÃO DO ALTO,"100,00",7793,6027,5721,96,210,2181,3248,292,05/10/2026 12:51:05
RJ,58360,3305752,TANGUÁ,"100,00",26468,21225,20342,438,445,7530,11510,1302,05/10/2026 12:51:05
RJ,59153,3305802,TERESÓPOLIS,"100,00",133712,103299,98065,2213,3021,28112,61584,8369,05/10/2026 12:51:05
RJ,59170,3305901,TRAJANO DE MORAES,"100,00",9269,7465,7110,104,251,3122,3561,427,05/10/2026 12:51:05
RJ,59196,3306008,TRÊS RIOS,"100,00",62480,48890,46423,1232,1235,20997,21385,4041,05/10/2026 12:51:05
RJ,59218,3306107,VALENÇA,"100,00",56821,41924,39883,889,1152,20463,16207,3213,05/10/2026 12:51:05
RJ,58084,3306156,VARRE-SAI,"100,00",8788,7061,6736,123,202,2102,4219,415,05/10/2026 12:51:05
RJ,59234,3306206,VASSOURAS,"100,00",29259,23203,22140,497,566,9316,11112,1712,05/10/2026 12:51:05
RJ,59250,3306305,VOLTA REDONDA,"100,00",221957,172409,164958,3284,4167,69383,82586,12989,05/10/2026 12:51:05
RN,16012,2400109,ACARI,"100,00",9368,7529,7120,117,292,4256,2438,426,05/10/2026 12:51:05
RN,16055,2400307,AFONSO BEZERRA,"100,00",10537,8455,8125,101,229,5434,2322,369,05/10/2026 12:51:05
RN,16098,2400505,ALEXANDRIA,"100,00",11804,9452,9094,77,281,7130,1673,291,05/10/2026 12:51:05
RN,16110,2400604,ALMINO AFONSO,"100,00",5166,4339,4169,66,104,3274,759,136,05/10/2026 12:51:05
RN,16136,2400703,ALTO DO RODRIGUES,"100,00",12062,9578,9181,113,284,6898,1811,472,05/10/2026 12:51:05
RN,16152,2400802,ANGICOS,"100,00",10219,8396,8057,95,244,5255,2434,368,05/10/2026 12:51:05
RN,16179,2400901,ANTÔNIO MARTINS,"100,00",5912,5027,4751,59,217,3807,796,148,05/10/2026 12:51:05
RN,16195,2401008,APODI,"100,00",30219,25821,24663,418,740,17301,5839,1523,05/10/2026 12:51:05
RN,16217,2401107,AREIA BRANCA,"100,00",22037,17534,16542,323,669,10235,5319,988,05/10/2026 12:51:05
RN,16233,2401206,AREZ,"100,00",11506,9277,8714,196,367,5474,2899,341,05/10/2026 12:51:05
RN,16039,2400208,ASSÚ,"100,00",45551,36943,35339,578,1026,24169,9376,1794,05/10/2026 12:51:05
RN,30031,2401453,BARAÚNA,"100,00",22038,18151,17394,271,486,10688,5833,873,05/10/2026 12:51:05
RN,16292,2401503,BARCELONA,"100,00",4679,3877,3709,36,132,2122,1433,154,05/10/2026 12:51:05
RN,16276,2401404,BAÍA FORMOSA,"100,00",7404,5906,5651,91,164,3331,2045,275,05/10/2026 12:51:05
RN,16314,2401602,BENTO FERNANDES,"100,00",4926,4148,3989,44,115,2902,927,160,05/10/2026 12:51:05
RN,17035,2405306,BOA SAÚDE,"100,00",8062,6566,6177,88,301,3665,2199,313,05/10/2026 12:51:05
RN,16101,2401651,BODÓ,"100,00",3784,2941,2805,43,93,2094,602,109,05/10/2026 12:51:05
RN,16330,2401701,BOM JESUS,"100,00",9083,7478,7162,93,223,4354,2466,342,05/10/2026 12:51:05
RN,16357,2401800,BREJINHO,"100,00",10102,7966,7529,140,297,4750,2424,355,05/10/2026 12:51:05
RN,16390,2402006,CAICÓ,"100,00",45036,37929,36284,605,1040,21376,12738,2170,05/10/2026 12:51:05
RN,16047,2401859,CAIÇARA DO NORTE,"100,00",5551,4403,4216,61,126,2536,1470,210,05/10/2026 12:51:05
RN,16373,2401909,CAIÇARA DO RIO DO VENTO,"100,00",4196,3513,3381,29,103,2208,1023,150,05/10/2026 12:51:05
RN,16250,2401305,CAMPO GRANDE,"100,00",8816,7228,6898,119,211,4590,2022,286,05/10/2026 12:51:05
RN,16411,2402105,CAMPO REDONDO,"100,00",8619,7012,6692,109,211,5150,1330,212,05/10/2026 12:51:05
RN,16438,2402204,CANGUARETAMA,"100,00",24690,19967,19158,272,537,13380,4971,807,05/10/2026 12:51:05
RN,16454,2402303,CARAÚBAS,"100,00",18980,15808,15076,305,427,11048,3295,733,05/10/2026 12:51:05
RN,16497,2402501,CARNAUBAIS,"100,00",8684,7098,6760,99,239,4791,1637,332,05/10/2026 12:51:05
RN,16470,2402402,CARNAÚBA DOS DANTAS,"100,00",6324,5287,4933,121,233,2382,2061,490,05/10/2026 12:51:05
RN,16519,2402600,CEARÁ-MIRIM,"100,00",60280,49504,47119,865,1520,31895,12957,2267,05/10/2026 12:51:05
RN,16535,2402709,CERRO CORÁ,"100,00",9720,7528,7136,91,301,5130,1660,346,05/10/2026 12:51:05
RN,16551,2402808,CORONEL EZEQUIEL,"100,00",4902,4022,3832,50,140,2630,1021,181,05/10/2026 12:51:05
RN,16578,2402907,CORONEL JOÃO PESSOA,"100,00",4073,3334,3158,37,139,2430,568,160,05/10/2026 12:51:05
RN,16594,2403004,CRUZETA,"100,00",6955,5714,5398,119,197,3654,1479,265,05/10/2026 12:51:05
RN,16616,2403103,CURRAIS NOVOS,"100,00",32922,26529,25175,491,863,14921,8808,1446,05/10/2026 12:51:05
RN,16632,2403202,DOUTOR SEVERIANO,"100,00",6326,5216,5045,47,124,4046,758,241,05/10/2026 12:51:05
RN,16659,2403301,ENCANTO,"100,00",5141,4192,4029,32,131,3137,759,133,05/10/2026 12:51:05
RN,16675,2403400,EQUADOR,"100,00",4769,3979,3763,60,156,2470,1097,196,05/10/2026 12:51:05
RN,16691,2403509,ESPÍRITO SANTO,"100,00",7961,6380,6035,109,236,3306,2483,246,05/10/2026 12:51:05
RN,16713,2403608,EXTREMOZ,"100,00",39504,32688,31333,477,878,15787,13692,1854,05/10/2026 12:51:05
RN,16730,2403707,FELIPE GUERRA,"100,00",7070,6018,5774,91,153,4477,1091,206,05/10/2026 12:51:05
RN,16144,2403756,FERNANDO PEDROZA,"100,00",3409,2859,2717,34,108,1763,871,83,05/10/2026 12:51:05
RN,16756,2403806,FLORÂNIA,"100,00",8397,6868,6588,63,217,4517,1722,349,05/10/2026 12:51:05
RN,16772,2403905,FRANCISCO DANTAS,"100,00",2868,2441,2350,15,76,1754,486,110,05/10/2026 12:51:05
RN,17515,2404002,FRUTUOSO GOMES,"100,00",4173,3514,3416,42,56,2677,608,131,05/10/2026 12:51:05
RN,16799,2404101,GALINHOS,"100,00",2858,2326,2253,28,45,1041,1089,123,05/10/2026 12:51:05
RN,16810,2404200,GOIANINHA,"100,00",22264,18347,17335,350,662,10212,6322,801,05/10/2026 12:51:05
RN,16837,2404309,GOVERNADOR DIX-SEPT ROSADO,"100,00",12132,10041,9450,199,392,6889,2133,428,05/10/2026 12:51:05
RN,16853,2404408,GROSSOS,"100,00",9557,8214,7783,176,255,4909,2484,390,05/10/2026 12:51:05
RN,16870,2404507,GUAMARÉ,"100,00",15625,12066,11559,161,346,7385,3479,695,05/10/2026 12:51:05
RN,16896,2404606,IELMO MARINHO,"100,00",11530,9754,9419,125,210,6124,2811,484,05/10/2026 12:51:05
RN,16918,2404705,IPANGUAÇU,"100,00",12911,10415,10080,113,222,7437,2301,342,05/10/2026 12:51:05
RN,16934,2404804,IPUEIRA,"100,00",2185,1833,1790,12,31,1276,441,73,05/10/2026 12:51:05
RN,16080,2404853,ITAJÁ,"100,00",7286,5974,5775,80,119,3859,1693,223,05/10/2026 12:51:05
RN,16950,2404903,ITAÚ,"100,00",5189,4284,4101,47,136,2930,976,195,05/10/2026 12:51:05
RN,16993,2405108,JANDAÍRA,"100,00",6396,5326,5104,57,165,3384,1514,206,05/10/2026 12:51:05
RN,17019,2405207,JANDUÍS,"100,00",4474,3726,3594,49,83,2715,778,101,05/10/2026 12:51:05
RN,17051,2405405,JAPI,"100,00",5746,4714,4528,43,143,3530,859,139,05/10/2026 12:51:05
RN,17078,2405504,JARDIM DE ANGICOS,"100,00",3156,2695,2601,28,66,1865,587,149,05/10/2026 12:51:05
RN,17094,2405603,JARDIM DE PIRANHAS,"100,00",11100,9520,9178,118,224,7115,1680,383,05/10/2026 12:51:05
RN,17116,2405702,JARDIM DO SERIDÓ,"100,00",10316,8745,8145,209,391,5010,2599,536,05/10/2026 12:51:05
RN,16977,2405009,JAÇANÃ,"100,00",6324,5247,4992,69,186,3488,1293,211,05/10/2026 12:51:05
RN,17175,2406007,JOSÉ DA PENHA,"100,00",5251,4264,4079,56,129,3329,627,123,05/10/2026 12:51:05
RN,17132,2405801,JOÃO CÂMARA,"100,00",27705,23010,22029,330,651,14852,6155,1022,05/10/2026 12:51:05
RN,17159,2405900,JOÃO DIAS,"100,00",3082,2385,2270,26,89,1689,494,87,05/10/2026 12:51:05
RN,17191,2406106,JUCURUTU,"100,00",15421,12932,12385,155,392,8585,3261,539,05/10/2026 12:51:05
RN,16306,2406155,JUNDIÁ,"100,00",4775,3925,3724,59,142,2251,1282,191,05/10/2026 12:51:05
RN,17230,2406205,LAGOA D'ANTA,"100,00",6393,5114,4908,52,154,3586,1160,162,05/10/2026 12:51:05
RN,17256,2406304,LAGOA DE PEDRAS,"100,00",7693,6377,6034,99,244,4148,1589,297,05/10/2026 12:51:05
RN,17272,2406403,LAGOA DE VELHOS,"100,00",3314,2756,2636,33,87,1665,834,137,05/10/2026 12:51:05
RN,17299,2406502,LAGOA NOVA,"100,00",12875,10120,9613,186,321,6509,2666,438,05/10/2026 12:51:05
RN,17310,2406601,LAGOA SALGADA,"100,00",9613,7726,7207,156,363,4669,2255,283,05/10/2026 12:51:05
RN,17337,2406700,LAJES,"100,00",9481,7586,7303,72,211,5008,1935,360,05/10/2026 12:51:05
RN,17353,2406809,LAJES PINTADAS,"100,00",5230,4363,4172,67,124,2695,1331,146,05/10/2026 12:51:05
RN,17370,2406908,LUCRÉCIA,"100,00",3467,3004,2926,22,56,2252,567,107,05/10/2026 12:51:05
RN,17396,2407005,LUÍS GOMES,"100,00",7360,5642,5348,70,224,4426,807,115,05/10/2026 12:51:05
RN,17434,2407203,MACAU,"100,00",22534,17691,16971,273,447,12556,3551,864,05/10/2026 12:51:05
RN,17418,2407104,MACAÍBA,"100,00",54350,45104,42758,753,1593,25616,14839,2303,05/10/2026 12:51:05
RN,16160,2407252,MAJOR SALES,"100,00",3212,2595,2486,24,85,1944,438,104,05/10/2026 12:51:05
RN,17450,2407302,MARCELINO VIEIRA,"100,00",7032,5916,5661,64,191,4576,942,143,05/10/2026 12:51:05
RN,17477,2407401,MARTINS,"100,00",7611,6200,5971,56,173,4300,1436,235,05/10/2026 12:51:05
RN,17493,2407500,MAXARANGUAPE,"100,00",10437,8502,8148,131,223,4958,2810,380,05/10/2026 12:51:05
RN,17213,2407609,MESSIAS TARGINO,"100,00",4715,4006,3833,50,123,2586,1099,148,05/10/2026 12:51:05
RN,17531,2407708,MONTANHAS,"100,00",9623,7708,7303,121,284,5215,1797,291,05/10/2026 12:51:05
RN,17558,2407807,MONTE ALEGRE,"100,00",17267,14120,13399,236,485,7772,5043,584,05/10/2026 12:51:05
RN,17574,2407906,MONTE DAS GAMELEIRAS,"100,00",3052,2577,2464,28,85,1480,875,109,05/10/2026 12:51:05
RN,17590,2408003,MOSSORÓ,"100,00",188013,157998,150164,2930,4904,85507,54321,10336,05/10/2026 12:51:05
RN,17612,2408102,NATAL,"100,00",573148,455580,436377,6708,12495,213790,192739,29848,05/10/2026 12:51:05
RN,17655,2408300,NOVA CRUZ,"100,00",27948,22467,21272,410,785,13168,7238,866,05/10/2026 12:51:05
RN,17639,2408201,NÍSIA FLORESTA,"100,00",23401,19541,18629,316,596,10173,7562,894,05/10/2026 12:51:05
RN,17671,2408409,OLHO D'ÁGUA DO BORGES,"100,00",4689,3796,3611,63,122,2605,851,155,05/10/2026 12:51:05
RN,17698,2408508,OURO BRANCO,"100,00",4580,3758,3568,64,126,2406,975,187,05/10/2026 12:51:05
RN,17710,2408607,PARANÁ,"100,00",4235,3359,3242,28,89,2700,461,81,05/10/2026 12:51:05
RN,17752,2408805,PARAZINHO,"100,00",5532,4536,4352,46,138,2871,1337,144,05/10/2026 12:51:05
RN,17736,2408706,PARAÚ,"100,00",4339,3629,3439,53,137,2319,963,157,05/10/2026 12:51:05
RN,17779,2408904,PARELHAS,"100,00",17461,14687,13645,365,677,7308,5159,1178,05/10/2026 12:51:05
RN,17795,2403251,PARNAMIRIM,"100,00",147649,121719,116543,1905,3271,49084,59345,8114,05/10/2026 12:51:05
RN,17817,2409100,PASSA E FICA,"100,00",10054,8239,7782,144,313,4469,2928,385,05/10/2026 12:51:05
RN,17833,2409209,PASSAGEM,"100,00",4547,3823,3640,56,127,2090,1377,173,05/10/2026 12:51:05
RN,17850,2409308,PATU,"100,00",9946,8310,7962,97,251,5488,2113,361,05/10/2026 12:51:05
RN,17876,2409407,PAU DOS FERROS,"100,00",21145,17558,16855,237,466,11673,4466,716,05/10/2026 12:51:05
RN,17892,2409506,PEDRA GRANDE,"100,00",4340,3388,3276,30,82,2292,832,152,05/10/2026 12:51:05
RN,17914,2409605,PEDRA PRETA,"100,00",3295,2725,2634,19,72,1692,833,109,05/10/2026 12:51:05
RN,17930,2409704,PEDRO AVELINO,"100,00",6554,4964,4734,58,172,3214,1312,208,05/10/2026 12:51:05
RN,17957,2409803,PEDRO VELHO,"100,00",11914,9725,9249,137,339,6346,2551,352,05/10/2026 12:51:05
RN,17973,2409902,PENDÊNCIAS,"100,00",10931,8578,8244,109,225,6152,1752,340,05/10/2026 12:51:05
RN,17990,2410009,PILÕES,"100,00",3577,2889,2812,26,51,2330,406,76,05/10/2026 12:51:05
RN,18031,2410207,PORTALEGRE,"100,00",6896,5581,5290,101,190,3291,1768,231,05/10/2026 12:51:05
RN,16284,2410256,PORTO DO MANGUE,"100,00",5103,4172,4010,50,112,2980,823,207,05/10/2026 12:51:05
RN,18015,2410108,POÇO BRANCO,"100,00",11674,9584,9133,146,305,7013,1756,364,05/10/2026 12:51:05
RN,18074,2410405,PUREZA,"100,00",8502,7046,6676,116,254,4754,1690,232,05/10/2026 12:51:05
RN,18090,2410504,RAFAEL FERNANDES,"100,00",4933,4098,3910,60,128,3032,744,134,05/10/2026 12:51:05
RN,18937,2410603,RAFAEL GODEIRO,"100,00",3667,3017,2937,28,52,1594,1268,75,05/10/2026 12:51:05
RN,18112,2410702,RIACHO DA CRUZ,"100,00",2759,2364,2278,24,62,1712,499,67,05/10/2026 12:51:05
RN,18139,2410801,RIACHO DE SANTANA,"100,00",3843,3165,3020,26,119,2436,470,114,05/10/2026 12:51:05
RN,18155,2410900,RIACHUELO,"100,00",6909,5765,5566,45,154,3609,1781,176,05/10/2026 12:51:05
RN,16268,2408953,RIO DO FOGO,"100,00",10982,9097,8749,139,209,4901,3468,380,05/10/2026 12:51:05
RN,18171,2411007,RODOLFO FERNANDES,"100,00",4641,3868,3731,32,105,2488,1095,148,05/10/2026 12:51:05
RN,18198,2411106,RUY BARBOSA,"100,00",4188,3372,3252,32,88,1637,1503,112,05/10/2026 12:51:05
RN,18236,2411205,SANTA CRUZ,"100,00",27658,22761,21722,359,680,13899,6826,997,05/10/2026 12:51:05
RN,16241,2409332,SANTA MARIA,"100,00",5115,4180,4001,54,125,2502,1314,185,05/10/2026 12:51:05
RN,18279,2411403,SANTANA DO MATOS,"100,00",11151,9003,8575,141,287,6393,1849,333,05/10/2026 12:51:05
RN,18252,2411429,SANTANA DO SERIDÓ,"100,00",2635,2264,2111,58,95,1264,645,202,05/10/2026 12:51:05
RN,18295,2411502,SANTO ANTÔNIO,"100,00",19114,15376,14579,213,584,9964,4051,564,05/10/2026 12:51:05
RN,18597,2413102,SENADOR ELÓI DE SOUZA,"100,00",5748,4750,4526,58,166,3126,1253,147,05/10/2026 12:51:05
RN,18619,2413201,SENADOR GEORGINO AVELINO,"100,00",3761,3048,2870,62,116,1717,1018,135,05/10/2026 12:51:05
RN,18058,2410306,SERRA CAIADA,"100,00",9065,7327,6999,96,232,4688,2083,228,05/10/2026 12:51:05
RN,18635,2413300,SERRA DE SÃO BENTO,"100,00",6185,5046,4807,55,184,3082,1546,179,05/10/2026 12:51:05
RN,16020,2413359,SERRA DO MEL,"100,00",13225,11383,10919,191,273,6263,4006,650,05/10/2026 12:51:05
RN,18651,2413409,SERRA NEGRA DO NORTE,"100,00",6262,5138,4872,86,180,2691,1988,193,05/10/2026 12:51:05
RN,18678,2413508,SERRINHA,"100,00",7068,5784,5441,92,251,3563,1625,253,05/10/2026 12:51:05
RN,16209,2413557,SERRINHA DOS PINTOS,"100,00",4196,3563,3390,60,113,2625,651,114,05/10/2026 12:51:05
RN,18694,2413607,SEVERIANO MELO,"100,00",6813,5668,5434,75,159,4033,1182,219,05/10/2026 12:51:05
RN,18317,2411601,SÃO BENTO DO NORTE,"100,00",4259,3343,3224,37,82,2152,889,183,05/10/2026 12:51:05
RN,18333,2411700,SÃO BENTO DO TRAIRÍ,"100,00",4458,3528,3339,42,147,2312,879,148,05/10/2026 12:51:05
RN,18350,2411809,SÃO FERNANDO,"100,00",3720,3203,3058,26,119,2021,874,163,05/10/2026 12:51:05
RN,18210,2411908,SÃO FRANCISCO DO OESTE,"100,00",4098,3288,3146,53,89,2283,710,153,05/10/2026 12:51:05
RN,18376,2412005,SÃO GONÇALO DO AMARANTE,"100,00",77509,64963,62004,978,1981,33449,24704,3851,05/10/2026 12:51:05
RN,18414,2412203,SÃO JOSÉ DE MIPIBU,"100,00",35789,28897,27360,505,1032,15658,10291,1411,05/10/2026 12:51:05
RN,18430,2412302,SÃO JOSÉ DO CAMPESTRE,"100,00",10539,8582,8136,157,289,5388,2474,274,05/10/2026 12:51:05
RN,18457,2412401,SÃO JOSÉ DO SERIDÓ,"100,00",4515,3880,3680,74,126,2481,949,250,05/10/2026 12:51:05
RN,18392,2412104,SÃO JOÃO DO SABUGI,"100,00",5309,4473,4319,55,99,2979,1130,210,05/10/2026 12:51:05
RN,18473,2412500,SÃO MIGUEL,"100,00",19466,15239,14253,331,655,10398,3195,660,05/10/2026 12:51:05
RN,16063,2412559,SÃO MIGUEL DO GOSTOSO,"100,00",9651,8009,7639,95,275,4631,2645,363,05/10/2026 12:51:05
RN,18490,2412609,SÃO PAULO DO POTENGI,"100,00",14677,11967,11401,209,357,5861,5020,520,05/10/2026 12:51:05
RN,18511,2412708,SÃO PEDRO,"100,00",6475,5343,5106,78,159,3375,1510,221,05/10/2026 12:51:05
RN,18538,2412807,SÃO RAFAEL,"100,00",7520,6146,5836,86,224,3929,1628,279,05/10/2026 12:51:05
RN,18554,2412906,SÃO TOMÉ,"100,00",9587,7448,7170,72,206,3817,3127,226,05/10/2026 12:51:05
RN,18570,2413003,SÃO VICENTE,"100,00",5396,4514,4284,57,173,2882,1190,212,05/10/2026 12:51:05
RN,18716,2413706,SÍTIO NOVO,"100,00",5162,4232,4034,60,138,3015,865,154,05/10/2026 12:51:05
RN,18732,2413805,TABOLEIRO GRANDE,"100,00",2762,2252,2171,33,48,1547,518,106,05/10/2026 12:51:05
RN,18759,2413904,TAIPU,"100,00",10547,8837,8394,168,275,6177,1829,388,05/10/2026 12:51:05
RN,18775,2414001,TANGARÁ,"100,00",12583,9689,9141,183,365,5529,3172,440,05/10/2026 12:51:05
RN,18791,2414100,TENENTE ANANIAS,"100,00",8205,6853,6648,48,157,4324,2132,192,05/10/2026 12:51:05
RN,16004,2414159,TENENTE LAURENTINO CRUZ,"100,00",5580,4592,4374,48,170,2896,1260,218,05/10/2026 12:51:05
RN,16225,2411056,TIBAU,"100,00",9238,7020,6710,118,192,3855,2514,341,05/10/2026 12:51:05
RN,18813,2414209,TIBAU DO SUL,"100,00",13651,11057,10564,186,307,6133,4010,421,05/10/2026 12:51:05
RN,18830,2414308,TIMBAÚBA DOS BATISTAS,"100,00",2748,2366,2277,27,62,1457,718,102,05/10/2026 12:51:05
RN,18856,2414407,TOUROS,"100,00",28142,23389,22304,313,772,13200,8127,977,05/10/2026 12:51:05
RN,16128,2414456,TRIUNFO POTIGUAR,"100,00",4239,3603,3453,43,107,2190,1115,148,05/10/2026 12:51:05
RN,18872,2414506,UMARIZAL,"100,00",8842,7355,6993,92,270,5267,1466,260,05/10/2026 12:51:05
RN,18899,2414605,UPANEMA,"100,00",12260,10132,9639,153,340,5509,3690,440,05/10/2026 12:51:05
RN,16187,2414753,VENHA-VER,"100,00",3918,3007,2873,34,100,2222,531,120,05/10/2026 12:51:05
RN,18953,2414803,VERA CRUZ,"100,00",11417,9318,8820,182,316,5595,2811,414,05/10/2026 12:51:05
RN,18996,2415008,VILA FLOR,"100,00",3254,2708,2548,55,105,1758,704,86,05/10/2026 12:51:05
RN,18970,2414902,VIÇOSA,"100,00",1958,1564,1488,18,58,1080,357,51,05/10/2026 12:51:05
RN,18910,2414704,VÁRZEA,"100,00",5584,4731,4531,55,145,2759,1594,178,05/10/2026 12:51:05
RN,16071,2400406,ÁGUA NOVA,"100,00",3009,2531,2401,26,104,1870,408,123,05/10/2026 12:51:05
RS,88986,4300034,ACEGUÁ,"100,00",3982,3035,2928,68,39,929,1787,212,05/10/2026 12:51:05
RS,85014,4300109,AGUDO,"100,00",12534,10697,10183,333,181,2876,6409,898,05/10/2026 12:51:05
RS,85030,4300208,AJURICABA,"100,00",5799,4948,4825,49,74,1178,3312,335,05/10/2026 12:51:05
RS,85057,4300307,ALECRIM,"100,00",5602,4697,4531,70,96,1806,2331,394,05/10/2026 12:51:05
RS,85073,4300406,ALEGRETE,"100,00",55756,40720,39265,804,651,17259,18692,3314,05/10/2026 12:51:05
RS,85545,4300455,ALEGRIA,"100,00",3209,2656,2557,53,46,987,1421,149,05/10/2026 12:51:05
RS,89001,4300471,ALMIRANTE TAMANDARÉ DO SUL,"100,00",1979,1679,1636,18,25,409,1084,143,05/10/2026 12:51:05
RS,85090,4300505,ALPESTRE,"100,00",6272,4976,4750,160,66,1734,2778,238,05/10/2026 12:51:05
RS,84808,4300554,ALTO ALEGRE,"100,00",1850,1555,1503,31,21,488,881,134,05/10/2026 12:51:05
RS,86282,4300570,ALTO FELIZ,"100,00",2870,2414,2329,29,56,428,1623,278,05/10/2026 12:51:05
RS,85111,4300604,ALVORADA,"100,00",135997,103478,97888,3051,2539,42505,46134,9249,05/10/2026 12:51:05
RS,86045,4300638,AMARAL FERRADOR,"100,00",4601,3674,3439,135,100,1283,1945,211,05/10/2026 12:51:05
RS,86304,4300646,AMETISTA DO SUL,"100,00",6067,5217,5049,74,94,1628,3234,187,05/10/2026 12:51:05
RS,86100,4300661,ANDRÉ DA ROCHA,"100,00",1399,1152,1107,25,20,225,804,78,05/10/2026 12:51:05
RS,85138,4300703,ANTA GORDA,"100,00",4872,4088,3935,89,64,489,3174,272,05/10/2026 12:51:05
RS,85154,4300802,ANTÔNIO PRADO,"100,00",10712,9149,8870,152,127,1291,6982,597,05/10/2026 12:51:05
RS,86320,4300851,ARAMBARÉ,"100,00",3684,2780,2669,52,59,983,1479,207,05/10/2026 12:51:05
RS,88862,4300877,ARARICÁ,"100,00",6414,5296,5121,94,81,1410,3382,329,05/10/2026 12:51:05
RS,85170,4300901,ARATIBA,"100,00",6202,5214,5033,101,80,1626,3024,383,05/10/2026 12:51:05
RS,85197,4301008,ARROIO DO MEIO,"100,00",17325,14887,14381,224,282,3406,9567,1408,05/10/2026 12:51:05
RS,89028,4301073,ARROIO DO PADRE,"100,00",2775,2441,2394,27,20,257,1976,161,05/10/2026 12:51:05
RS,85308,4301057,ARROIO DO SAL,"100,00",9495,7314,7047,133,134,2161,4199,687,05/10/2026 12:51:05
RS,85235,4301206,ARROIO DO TIGRE,"100,00",9941,8400,7992,235,173,2204,5229,559,05/10/2026 12:51:05
RS,85219,4301107,ARROIO DOS RATOS,"100,00",10249,7862,7435,249,178,3526,3267,642,05/10/2026 12:51:05
RS,85251,4301305,ARROIO GRANDE,"100,00",14461,11337,10769,329,239,5343,4552,874,05/10/2026 12:51:05
RS,85278,4301404,ARVOREZINHA,"100,00",8656,7028,6672,225,131,1508,4787,377,05/10/2026 12:51:05
RS,85294,4301503,AUGUSTO PESTANA,"100,00",5869,4992,4838,76,78,1061,3501,276,05/10/2026 12:51:05
RS,85316,4301602,BAGÉ,"100,00",87802,64359,60794,2027,1538,27706,27977,5111,05/10/2026 12:51:05
RS,88927,4301636,BALNEÁRIO PINHAL,"100,00",11040,7698,7314,181,203,3021,3723,570,05/10/2026 12:51:05
RS,86363,4301859,BARRA DO GUARITA,"100,00",2600,2045,1962,28,55,903,978,81,05/10/2026 12:51:05
RS,88625,4301875,BARRA DO QUARAÍ,"100,00",3355,2467,2377,56,34,1095,1113,169,05/10/2026 12:51:05
RS,85375,4301909,BARRA DO RIBEIRO,"100,00",10239,7742,7351,201,190,2761,3934,656,05/10/2026 12:51:05
RS,86380,4301925,BARRA DO RIO AZUL,"100,00",1751,1569,1509,32,28,486,866,157,05/10/2026 12:51:05
RS,86401,4301958,BARRA FUNDA,"100,00",2716,2366,2284,43,39,684,1447,153,05/10/2026 12:51:05
RS,85359,4301800,BARRACÃO,"100,00",4352,3446,3195,150,101,1223,1804,168,05/10/2026 12:51:05
RS,85391,4302006,BARROS CASSAL,"100,00",8271,6374,6079,186,109,2083,3580,416,05/10/2026 12:51:05
RS,86223,4301651,BARÃO,"100,00",5073,4432,4268,72,92,839,3026,403,05/10/2026 12:51:05
RS,85332,4301701,BARÃO DE COTEGIPE,"100,00",5354,4550,4346,117,87,1255,2819,272,05/10/2026 12:51:05
RS,86347,4301750,BARÃO DO TRIUNFO,"100,00",4618,3764,3594,103,67,792,2447,355,05/10/2026 12:51:05
RS,88420,4302055,BENJAMIN CONSTANT DO SUL,"100,00",2125,1673,1612,32,29,873,685,54,05/10/2026 12:51:05
RS,85413,4302105,BENTO GONÇALVES,"100,00",92061,75165,72859,1154,1152,14322,53040,5497,05/10/2026 12:51:05
RS,86428,4302154,BOA VISTA DAS MISSÕES,"100,00",2075,1687,1634,26,27,671,899,64,05/10/2026 12:51:05
RS,85430,4302204,BOA VISTA DO BURICÁ,"100,00",5645,4878,4714,93,71,1054,3227,433,05/10/2026 12:51:05
RS,89044,4302220,BOA VISTA DO CADEADO,"100,00",2067,1676,1610,32,34,351,1179,80,05/10/2026 12:51:05
RS,89060,4302238,BOA VISTA DO INCRA,"100,00",2195,1865,1812,28,25,506,1200,106,05/10/2026 12:51:05
RS,88161,4302253,BOA VISTA DO SUL,"100,00",2527,2117,2059,38,20,353,1549,157,05/10/2026 12:51:05
RS,85456,4302303,BOM JESUS,"100,00",8592,6551,6167,234,150,2265,3496,406,05/10/2026 12:51:05
RS,98230,4302352,BOM PRINCÍPIO,"100,00",10683,9224,8977,124,123,1396,6818,763,05/10/2026 12:51:05
RS,86444,4302378,BOM PROGRESSO,"100,00",2604,2113,2055,30,28,923,1043,89,05/10/2026 12:51:05
RS,85472,4302402,BOM RETIRO DO SUL,"100,00",9902,8160,7770,187,203,2125,4994,651,05/10/2026 12:51:05
RS,84921,4302451,BOQUEIRÃO DO LEÃO,"100,00",5325,4466,4286,100,80,1288,2659,339,05/10/2026 12:51:05
RS,85499,4302501,BOSSOROCA,"100,00",5117,3861,3626,135,100,1735,1705,186,05/10/2026 12:51:05
RS,89087,4302584,BOZANO,"100,00",2625,2224,2176,27,21,496,1564,116,05/10/2026 12:51:05
RS,85510,4302600,BRAGA,"100,00",2865,2264,2120,86,58,1053,965,102,05/10/2026 12:51:05
RS,85065,4302659,BROCHIER,"100,00",3961,3365,3176,79,110,821,1890,465,05/10/2026 12:51:05
RS,85537,4302709,BUTIÁ,"100,00",14823,11318,10680,382,256,5197,4678,805,05/10/2026 12:51:05
RS,85570,4302907,CACEQUI,"100,00",8495,6350,6102,136,112,2699,3040,363,05/10/2026 12:51:05
RS,85596,4303004,CACHOEIRA DO SUL,"100,00",64488,46429,44363,1272,794,14722,25574,4067,05/10/2026 12:51:05
RS,85618,4303103,CACHOEIRINHA,"100,00",102594,78636,75416,1686,1534,26214,41314,7888,05/10/2026 12:51:05
RS,85634,4303202,CACIQUE DOBLE,"100,00",3985,3246,3084,93,69,985,1939,160,05/10/2026 12:51:05
RS,85650,4303301,CAIBATÉ,"100,00",4013,3290,3135,72,83,1318,1625,192,05/10/2026 12:51:05
RS,85677,4303400,CAIÇARA,"100,00",4303,3565,3462,54,49,1019,2260,183,05/10/2026 12:51:05
RS,85693,4303509,CAMAQUÃ,"100,00",49751,38943,37276,1000,667,11484,22631,3161,05/10/2026 12:51:05
RS,85960,4303558,CAMARGO,"100,00",2637,2249,2162,46,41,567,1480,115,05/10/2026 12:51:05
RS,85715,4303608,CAMBARÁ DO SUL,"100,00",5136,4132,3910,117,105,946,2706,258,05/10/2026 12:51:05
RS,86460,4303673,CAMPESTRE DA SERRA,"100,00",2886,2357,2272,44,41,326,1817,129,05/10/2026 12:51:05
RS,85731,4303707,CAMPINA DAS MISSÕES,"100,00",4989,4213,4058,68,87,1271,2439,348,05/10/2026 12:51:05
RS,85758,4303806,CAMPINAS DO SUL,"100,00",4618,3984,3882,51,51,727,2990,165,05/10/2026 12:51:05
RS,85774,4303905,CAMPO BOM,"100,00",51980,42252,40761,775,716,10699,26666,3396,05/10/2026 12:51:05
RS,85790,4304002,CAMPO NOVO,"100,00",3967,3147,3014,70,63,1294,1608,112,05/10/2026 12:51:05
RS,85200,4304101,CAMPOS BORGES,"100,00",3183,2571,2433,86,52,803,1447,183,05/10/2026 12:51:05
RS,85812,4304200,CANDELÁRIA,"100,00",22407,17964,16987,595,382,4967,10631,1389,05/10/2026 12:51:05
RS,86487,4304358,CANDIOTA,"100,00",8121,6277,5991,165,121,3461,2146,384,05/10/2026 12:51:05
RS,85855,4304408,CANELA,"100,00",34975,26661,25338,734,589,6541,16598,2199,05/10/2026 12:51:05
RS,85871,4304507,CANGUÇU,"100,00",43549,34433,32536,1229,668,9550,20038,2948,05/10/2026 12:51:05
RS,85898,4304606,CANOAS,"100,00",253142,194295,185524,4442,4329,70775,95134,19615,05/10/2026 12:51:05
RS,89109,4304614,CANUDOS DO VALE,"100,00",1944,1685,1625,33,27,566,864,195,05/10/2026 12:51:05
RS,84891,4304689,CAPELA DE SANTANA,"100,00",8031,6536,6268,127,141,2302,3410,556,05/10/2026 12:51:05
RS,86509,4304697,CAPITÃO,"100,00",2872,2398,2295,56,47,545,1538,212,05/10/2026 12:51:05
RS,88200,4304671,CAPIVARI DO SUL,"100,00",3711,3014,2902,49,63,835,1867,200,05/10/2026 12:51:05
RS,89125,4304622,CAPÃO BONITO DO SUL,"100,00",2112,1728,1666,35,27,633,937,96,05/10/2026 12:51:05
RS,89150,4304630,CAPÃO DA CANOA,"100,00",46049,34635,33473,578,584,9502,21157,2814,05/10/2026 12:51:05
RS,89141,4304655,CAPÃO DO CIPÓ,"100,00",3105,2357,2253,62,42,1005,1107,141,05/10/2026 12:51:05
RS,89737,4304663,CAPÃO DO LEÃO,"100,00",18455,14663,13749,499,415,6346,5977,1426,05/10/2026 12:51:05
RS,85910,4304705,CARAZINHO,"100,00",45685,36342,35111,646,585,10704,21875,2532,05/10/2026 12:51:05
RS,88340,4304713,CARAÁ,"100,00",6518,5104,4827,168,109,1746,2612,469,05/10/2026 12:51:05
RS,85936,4304804,CARLOS BARBOSA,"100,00",23696,20426,19828,287,311,3754,13991,2083,05/10/2026 12:51:05
RS,86525,4304853,CARLOS GOMES,"100,00",1396,1193,1141,26,26,394,664,83,05/10/2026 12:51:05
RS,85952,4304903,CASCA,"100,00",7527,6381,6131,149,101,1135,4564,432,05/10/2026 12:51:05
RS,85880,4304952,CASEIROS,"100,00",3182,2523,2411,62,50,682,1587,142,05/10/2026 12:51:05
RS,85979,4305009,CATUÍPE,"100,00",7517,6385,6127,129,129,1998,3737,392,05/10/2026 12:51:05
RS,85995,4305108,CAXIAS DO SUL,"100,00",342998,278726,266168,5693,6865,71514,166880,27774,05/10/2026 12:51:05
RS,85553,4302808,CAÇAPAVA DO SUL,"100,00",25010,19252,18038,709,505,9154,7090,1794,05/10/2026 12:51:05
RS,86541,4305116,CENTENÁRIO,"100,00",2650,2331,2250,51,30,738,1337,175,05/10/2026 12:51:05
RS,88641,4305124,CERRITO,"100,00",5309,4121,3799,198,124,1781,1678,340,05/10/2026 12:51:05
RS,86088,4305132,CERRO BRANCO,"100,00",3490,2847,2709,78,60,783,1712,214,05/10/2026 12:51:05
RS,85227,4305157,CERRO GRANDE,"100,00",2482,1923,1849,30,44,868,844,137,05/10/2026 12:51:05
RS,85944,4305173,CERRO GRANDE DO SUL,"100,00",7118,5806,5494,179,133,1783,3315,396,05/10/2026 12:51:05
RS,86010,4305207,CERRO LARGO,"100,00",10195,8425,8100,133,192,3152,4282,666,05/10/2026 12:51:05
RS,86037,4305306,CHAPADA,"100,00",7697,6576,6271,181,124,1682,4041,548,05/10/2026 12:51:05
RS,86932,4305355,CHARQUEADAS,"100,00",24424,19758,18860,473,425,8802,8220,1838,05/10/2026 12:51:05
RS,86568,4305371,CHARRUA,"100,00",2510,2085,2005,35,45,846,1099,60,05/10/2026 12:51:05
RS,86053,4305405,CHIAPETTA,"100,00",3635,2952,2876,38,38,932,1812,132,05/10/2026 12:51:05
RS,88269,4305447,CHUVISCA,"100,00",4354,3745,3587,106,52,678,2562,347,05/10/2026 12:51:05
RS,88846,4305439,CHUÍ,"100,00",4888,3464,3164,173,127,1681,1180,303,05/10/2026 12:51:05
RS,85804,4305454,CIDREIRA,"100,00",12724,8689,8343,178,168,3654,3983,706,05/10/2026 12:51:05
RS,86070,4305504,CIRÍACO,"100,00",3627,3052,2874,120,58,888,1833,153,05/10/2026 12:51:05
RS,86584,4305587,COLINAS,"100,00",2354,1990,1914,21,55,437,1241,236,05/10/2026 12:51:05
RS,86096,4305603,COLORADO,"100,00",2995,2450,2374,43,33,485,1774,115,05/10/2026 12:51:05
RS,86118,4305702,CONDOR,"100,00",6118,4880,4720,71,89,1194,3249,277,05/10/2026 12:51:05
RS,86134,4305801,CONSTANTINA,"100,00",8077,6582,6333,137,112,2065,3876,392,05/10/2026 12:51:05
RS,89168,4305835,COQUEIRO BAIXO,"100,00",1351,1095,1065,12,18,165,803,97,05/10/2026 12:51:05
RS,86606,4305850,COQUEIROS DO SUL,"100,00",2451,2085,2012,41,32,471,1328,213,05/10/2026 12:51:05
RS,86622,4305871,CORONEL BARROS,"100,00",2668,2293,2236,28,29,542,1519,175,05/10/2026 12:51:05
RS,86150,4305900,CORONEL BICACO,"100,00",5810,4514,4326,76,112,1871,2266,189,05/10/2026 12:51:05
RS,89184,4305934,CORONEL PILAR,"100,00",1569,1341,1304,21,16,219,993,92,05/10/2026 12:51:05
RS,89770,4305959,COTIPORÃ,"100,00",3488,2924,2813,68,43,444,2104,265,05/10/2026 12:51:05
RS,86649,4305975,COXILHA,"100,00",2867,2374,2310,34,30,679,1481,150,05/10/2026 12:51:05
RS,86177,4306007,CRISSIUMAL,"100,00",10489,8499,8136,188,175,2462,5005,669,05/10/2026 12:51:05
RS,85464,4306056,CRISTAL,"100,00",6418,5037,4826,113,98,1811,2643,372,05/10/2026 12:51:05
RS,88528,4306072,CRISTAL DO SUL,"100,00",2662,2235,2140,51,44,929,1104,107,05/10/2026 12:51:05
RS,86193,4306106,CRUZ ALTA,"100,00",45724,35238,33826,732,680,12759,18631,2436,05/10/2026 12:51:05
RS,89206,4306130,CRUZALTENSE,"100,00",1928,1651,1595,28,28,323,1161,111,05/10/2026 12:51:05
RS,86215,4306205,CRUZEIRO DO SUL,"100,00",9328,7633,7334,140,159,2014,4725,595,05/10/2026 12:51:05
RS,85839,4304309,CÂNDIDO GODÓI,"100,00",5545,4904,4750,85,69,997,3416,337,05/10/2026 12:51:05
RS,86231,4306304,DAVID CANABARRO,"100,00",4085,3465,3312,107,46,877,2196,239,05/10/2026 12:51:05
RS,86665,4306320,DERRUBADAS,"100,00",2624,2151,2072,37,42,670,1231,171,05/10/2026 12:51:05
RS,85049,4306353,DEZESSEIS DE NOVEMBRO,"100,00",2615,2008,1919,50,39,897,905,117,05/10/2026 12:51:05
RS,88188,4306379,DILERMANDO DE AGUIAR,"100,00",3281,2517,2423,49,45,874,1352,197,05/10/2026 12:51:05
RS,86258,4306403,DOIS IRMÃOS,"100,00",24787,21009,20309,317,383,5131,13314,1864,05/10/2026 12:51:05
RS,86681,4306429,DOIS IRMÃOS DAS MISSÕES,"100,00",2066,1663,1604,30,29,684,851,69,05/10/2026 12:51:05
RS,84824,4306452,DOIS LAJEADOS,"100,00",3119,2567,2465,49,53,372,1893,200,05/10/2026 12:51:05
RS,86274,4306502,DOM FELICIANO,"100,00",10375,8328,7782,352,194,2750,4394,638,05/10/2026 12:51:05
RS,86290,4306601,DOM PEDRITO,"100,00",29233,21267,20335,505,427,8466,10399,1470,05/10/2026 12:51:05
RS,88463,4306551,DOM PEDRO DE ALCÂNTARA,"100,00",2646,2251,2184,26,41,610,1375,199,05/10/2026 12:51:05
RS,86312,4306700,DONA FRANCISCA,"100,00",3059,2482,2384,47,51,826,1410,148,05/10/2026 12:51:05
RS,84883,4306734,DOUTOR MAURÍCIO CARDOSO,"100,00",3822,3207,3109,39,59,806,2112,191,05/10/2026 12:51:05
RS,88307,4306759,DOUTOR RICARDO,"100,00",2080,1684,1612,40,32,317,1179,116,05/10/2026 12:51:05
RS,86240,4306767,ELDORADO DO SUL,"100,00",26775,20473,19560,457,456,8259,9559,1742,05/10/2026 12:51:05
RS,86339,4306809,ENCANTADO,"100,00",16617,13949,13492,215,242,3213,9244,1035,05/10/2026 12:51:05
RS,86355,4306908,ENCRUZILHADA DO SUL,"100,00",18702,14421,13402,632,387,6245,6113,1044,05/10/2026 12:51:05
RS,86703,4306924,ENGENHO VELHO,"100,00",1179,970,922,27,21,412,467,43,05/10/2026 12:51:05
RS,85928,4306957,ENTRE RIOS DO SUL,"100,00",2654,2082,2014,27,41,817,1108,89,05/10/2026 12:51:05
RS,85103,4306932,ENTRE-IJUÍS,"100,00",7421,6030,5789,102,139,2061,3327,401,05/10/2026 12:51:05
RS,85081,4306973,EREBANGO,"100,00",2616,2106,2015,37,54,696,1224,95,05/10/2026 12:51:05
RS,86371,4307005,ERECHIM,"100,00",79130,64734,62472,1151,1111,15782,41650,5040,05/10/2026 12:51:05
RS,85022,4307054,ERNESTINA,"100,00",2930,2432,2351,38,43,762,1475,114,05/10/2026 12:51:05
RS,86410,4307203,ERVAL GRANDE,"100,00",4359,3616,3451,84,81,1471,1794,186,05/10/2026 12:51:05
RS,86436,4307302,ERVAL SECO,"100,00",5497,4507,4336,97,74,1889,2237,210,05/10/2026 12:51:05
RS,86452,4307401,ESMERALDA,"100,00",2884,2222,2126,59,37,796,1218,112,05/10/2026 12:51:05
RS,88285,4307450,ESPERANÇA DO SUL,"100,00",3315,2753,2634,37,82,1174,1309,151,05/10/2026 12:51:05
RS,86479,4307500,ESPUMOSO,"100,00",12400,10172,9864,145,163,3099,6182,583,05/10/2026 12:51:05
RS,85286,4307559,ESTAÇÃO,"100,00",4871,4102,3958,68,76,966,2658,334,05/10/2026 12:51:05
RS,86517,4307708,ESTEIO,"100,00",65833,50212,48145,1079,988,20429,22979,4737,05/10/2026 12:51:05
RS,86533,4307807,ESTRELA,"100,00",24675,20238,19659,279,300,4364,13505,1790,05/10/2026 12:51:05
RS,88404,4307815,ESTRELA VELHA,"100,00",2953,2399,2309,51,39,683,1422,204,05/10/2026 12:51:05
RS,86495,4307609,ESTÂNCIA VELHA,"100,00",37229,30359,29144,549,666,6862,19720,2562,05/10/2026 12:51:05
RS,85448,4307831,EUGÊNIO DE CASTRO,"100,00",2554,2072,1993,46,33,657,1249,87,05/10/2026 12:51:05
RS,84930,4307864,FAGUNDES VARELA,"100,00",2439,2050,1994,32,24,282,1573,139,05/10/2026 12:51:05
RS,86550,4307906,FARROUPILHA,"100,00",57062,47177,45359,910,908,9327,32140,3892,05/10/2026 12:51:05
RS,86576,4308003,FAXINAL DO SOTURNO,"100,00",5638,4489,4339,79,71,1350,2664,325,05/10/2026 12:51:05
RS,86029,4308052,FAXINALZINHO,"100,00",2419,1924,1849,38,37,612,1167,70,05/10/2026 12:51:05
RS,88366,4308078,FAZENDA VILANOVA,"100,00",3798,3101,2971,52,78,997,1731,243,05/10/2026 12:51:05
RS,86592,4308102,FELIZ,"100,00",11110,9340,9010,152,178,2117,5953,940,05/10/2026 12:51:05
RS,86614,4308201,FLORES DA CUNHA,"100,00",25103,21134,20491,272,371,2606,16241,1644,05/10/2026 12:51:05
RS,88242,4308250,FLORIANO PEIXOTO,"100,00",1811,1480,1417,32,31,459,861,97,05/10/2026 12:51:05
RS,86630,4308300,FONTOURA XAVIER,"100,00",8245,6394,6062,190,142,2686,2951,425,05/10/2026 12:51:05
RS,86657,4308409,FORMIGUEIRO,"100,00",5763,4482,4222,122,138,1777,2131,314,05/10/2026 12:51:05
RS,89222,4308433,FORQUETINHA,"100,00",2588,2235,2153,53,29,484,1543,126,05/10/2026 12:51:05
RS,98272,4308458,FORTALEZA DOS VALOS,"100,00",3686,3162,3074,45,43,939,1943,192,05/10/2026 12:51:05
RS,86673,4308508,FREDERICO WESTPHALEN,"100,00",25048,20123,19421,389,313,5474,12652,1295,05/10/2026 12:51:05
RS,86690,4308607,GARIBALDI,"100,00",26403,22601,21902,385,314,4072,16066,1764,05/10/2026 12:51:05
RS,86720,4308656,GARRUCHOS,"100,00",2516,1871,1802,27,42,980,698,124,05/10/2026 12:51:05
RS,86711,4308706,GAURAMA,"100,00",5195,4462,4304,81,77,995,3040,269,05/10/2026 12:51:05
RS,86738,4308805,GENERAL CÂMARA,"100,00",6173,4813,4598,118,97,1947,2199,452,05/10/2026 12:51:05
RS,86746,4308854,GENTIL,"100,00",1673,1422,1378,17,27,304,994,80,05/10/2026 12:51:05
RS,86770,4308904,GETÚLIO VARGAS,"100,00",12197,10349,9948,196,205,2171,7004,773,05/10/2026 12:51:05
RS,86797,4309001,GIRUÁ,"100,00",12735,10454,10128,148,178,2787,6733,608,05/10/2026 12:51:05
RS,85502,4309050,GLORINHA,"100,00",6780,5325,5102,105,118,1270,3394,438,05/10/2026 12:51:05
RS,86819,4309100,GRAMADO,"100,00",34790,27195,26265,498,432,5170,19052,2043,05/10/2026 12:51:05
RS,86762,4309126,GRAMADO DOS LOUREIROS,"100,00",2631,2121,2043,31,47,1097,870,76,05/10/2026 12:51:05
RS,86789,4309159,GRAMADO XAVIER,"100,00",3049,2461,2377,60,24,836,1358,183,05/10/2026 12:51:05
RS,86835,4309209,GRAVATAÍ,"100,00",192077,147860,140623,3821,3416,47237,78624,14762,05/10/2026 12:51:05
RS,84867,4309258,GUABIJU,"100,00",1395,1164,1118,26,20,164,874,80,05/10/2026 12:51:05
RS,86878,4309407,GUAPORÉ,"100,00",18948,15896,15400,268,228,2640,11578,1182,05/10/2026 12:51:05
RS,86894,4309506,GUARANI DAS MISSÕES,"100,00",5851,4901,4726,81,94,1509,2860,357,05/10/2026 12:51:05
RS,86851,4309308,GUAÍBA,"100,00",74475,57904,54938,1643,1323,23122,26139,5677,05/10/2026 12:51:05
RS,85189,4309555,HARMONIA,"100,00",4102,3602,3473,69,60,702,2389,382,05/10/2026 12:51:05
RS,86398,4307104,HERVAL,"100,00",5214,3961,3754,105,102,2175,1278,301,05/10/2026 12:51:05
RS,88323,4309571,HERVEIRAS,"100,00",2629,2097,2015,50,32,776,1088,151,05/10/2026 12:51:05
RS,86916,4309605,HORIZONTINA,"100,00",14887,12200,11901,140,159,2610,8454,837,05/10/2026 12:51:05
RS,86800,4309654,HULHA NEGRA,"100,00",4884,3803,3651,90,62,1920,1504,227,05/10/2026 12:51:05
RS,86959,4309704,HUMAITÁ,"100,00",4020,3441,3324,58,59,1078,2055,191,05/10/2026 12:51:05
RS,84972,4309753,IBARAMA,"100,00",3655,2986,2813,101,72,792,1722,299,05/10/2026 12:51:05
RS,86975,4309803,IBIAÇÁ,"100,00",3988,3395,3263,66,66,747,2250,266,05/10/2026 12:51:05
RS,86991,4309902,IBIRAIARAS,"100,00",5419,4596,4392,116,88,841,3256,295,05/10/2026 12:51:05
RS,84964,4309951,IBIRAPUITÃ,"100,00",3410,2753,2657,47,49,886,1642,129,05/10/2026 12:51:05
RS,87017,4310009,IBIRUBÁ,"100,00",16439,13882,13472,221,189,2919,9582,971,05/10/2026 12:51:05
RS,87033,4310108,IGREJINHA,"100,00",26693,22609,21857,402,350,5531,14678,1648,05/10/2026 12:51:05
RS,87050,4310207,IJUÍ,"100,00",63737,51659,49943,860,856,16869,29614,3460,05/10/2026 12:51:05
RS,87076,4310306,ILÓPOLIS,"100,00",3634,3006,2887,65,54,474,2242,171,05/10/2026 12:51:05
RS,85685,4310330,IMBÉ,"100,00",24070,17643,17026,303,314,5858,9628,1540,05/10/2026 12:51:05
RS,85782,4310363,IMIGRANTE,"100,00",2800,2301,2198,35,68,495,1427,276,05/10/2026 12:51:05
RS,87092,4310405,INDEPENDÊNCIA,"100,00",5501,4604,4470,56,78,1251,2886,333,05/10/2026 12:51:05
RS,86827,4310413,INHACORÁ,"100,00",2071,1625,1572,24,29,621,860,91,05/10/2026 12:51:05
RS,85243,4310462,IPIRANGA DO SUL,"100,00",2098,1794,1743,23,28,238,1430,75,05/10/2026 12:51:05
RS,84999,4310439,IPÊ,"100,00",5497,4596,4456,70,70,757,3394,305,05/10/2026 12:51:05
RS,87114,4310504,IRAÍ,"100,00",5812,4618,4419,101,98,1856,2357,206,05/10/2026 12:51:05
RS,88382,4310538,ITAARA,"100,00",4530,3630,3540,49,41,1337,1952,251,05/10/2026 12:51:05
RS,85901,4310553,ITACURUBI,"100,00",2718,2122,2050,38,34,913,1021,116,05/10/2026 12:51:05
RS,86843,4310579,ITAPUCA,"100,00",1824,1466,1389,53,24,337,979,73,05/10/2026 12:51:05
RS,87130,4310603,ITAQUI,"100,00",26152,18680,18057,320,303,6910,9938,1209,05/10/2026 12:51:05
RS,89249,4310652,ITATI,"100,00",3450,2863,2771,42,50,914,1676,181,05/10/2026 12:51:05
RS,87157,4310702,ITATIBA DO SUL,"100,00",3342,2748,2626,59,63,1381,1129,116,05/10/2026 12:51:05
RS,85626,4310751,IVORÁ,"100,00",1809,1439,1356,47,36,480,743,133,05/10/2026 12:51:05
RS,87173,4310801,IVOTI,"100,00",17002,14844,14393,198,253,3225,9655,1513,05/10/2026 12:51:05
RS,84786,4310850,JABOTICABA,"100,00",3370,2742,2623,52,67,1052,1437,134,05/10/2026 12:51:05
RS,89265,4310876,JACUIZINHO,"100,00",2056,1715,1663,22,30,684,862,117,05/10/2026 12:51:05
RS,87190,4310900,JACUTINGA,"100,00",2991,2547,2433,61,53,612,1626,195,05/10/2026 12:51:05
RS,87238,4311106,JAGUARI,"100,00",8702,7006,6646,199,161,2149,3988,509,05/10/2026 12:51:05
RS,87211,4311007,JAGUARÃO,"100,00",20370,15075,14179,519,377,6546,6248,1385,05/10/2026 12:51:05
RS,84905,4311122,JAQUIRANA,"100,00",3757,2832,2660,94,78,913,1602,145,05/10/2026 12:51:05
RS,88587,4311130,JARI,"100,00",2794,2264,2131,99,34,822,1122,187,05/10/2026 12:51:05
RS,98299,4311155,JÓIA,"100,00",6196,5089,4923,98,68,2313,2410,200,05/10/2026 12:51:05
RS,87254,4311205,JÚLIO DE CASTILHOS,"100,00",14988,11776,11341,247,188,4862,5655,824,05/10/2026 12:51:05
RS,89281,4311239,LAGOA BONITA DO SUL,"100,00",2310,1884,1787,58,39,610,1028,149,05/10/2026 12:51:05
RS,86886,4311270,LAGOA DOS TRÊS CANTOS,"100,00",1717,1479,1456,9,14,248,1084,124,05/10/2026 12:51:05
RS,87270,4311304,LAGOA VERMELHA,"100,00",19900,16053,15373,406,274,4808,9550,1015,05/10/2026 12:51:05
RS,85260,4311254,LAGOÃO,"100,00",4895,4002,3806,120,76,1750,1698,358,05/10/2026 12:51:05
RS,87297,4311403,LAJEADO,"100,00",64158,51871,50058,1002,811,13299,32135,4624,05/10/2026 12:51:05
RS,86860,4311429,LAJEADO DO BUGRE,"100,00",2108,1613,1544,39,30,737,757,50,05/10/2026 12:51:05
RS,87319,4311502,LAVRAS DO SUL,"100,00",5420,4290,4019,148,123,1999,1702,318,05/10/2026 12:51:05
RS,87335,4311601,LIBERATO SALZANO,"100,00",4425,3443,3261,112,70,1370,1709,182,05/10/2026 12:51:05
RS,86908,4311627,LINDOLFO COLLOR,"100,00",4683,3983,3812,93,78,1209,2260,343,05/10/2026 12:51:05
RS,86924,4311643,LINHA NOVA,"100,00",1511,1262,1215,18,29,315,781,119,05/10/2026 12:51:05
RS,87351,4311700,MACHADINHO,"100,00",4842,4053,3879,83,91,1237,2417,225,05/10/2026 12:51:05
RS,88943,4311734,MAMPITUBA,"100,00",3155,2668,2575,31,62,932,1406,237,05/10/2026 12:51:05
RS,86940,4311759,MANOEL VIANA,"100,00",5536,4355,4195,73,87,1816,2109,270,05/10/2026 12:51:05
RS,86967,4311775,MAQUINÉ,"100,00",5922,4859,4632,119,108,1965,2369,298,05/10/2026 12:51:05
RS,86983,4311791,MARATÁ,"100,00",2435,2094,2037,29,28,381,1431,225,05/10/2026 12:51:05
RS,87378,4311809,MARAU,"100,00",31646,26683,25800,486,397,5613,18196,1991,05/10/2026 12:51:05
RS,87394,4311908,MARCELINO RAMOS,"100,00",3896,3244,3137,50,57,1050,1885,202,05/10/2026 12:51:05
RS,87009,4311981,MARIANA PIMENTEL,"100,00",3608,2829,2711,67,51,837,1633,241,05/10/2026 12:51:05
RS,87416,4312005,MARIANO MORO,"100,00",2211,1829,1729,63,37,610,986,133,05/10/2026 12:51:05
RS,88820,4312054,MARQUES DE SOUZA,"100,00",3511,2903,2784,61,58,682,1895,207,05/10/2026 12:51:05
RS,87432,4312104,MATA,"100,00",4013,3144,2961,127,56,1019,1724,218,05/10/2026 12:51:05
RS,87025,4312138,MATO CASTELHANO,"100,00",3019,2532,2471,28,33,544,1779,148,05/10/2026 12:51:05
RS,87041,4312153,MATO LEITÃO,"100,00",4115,3510,3364,78,68,835,2153,376,05/10/2026 12:51:05
RS,89303,4312179,MATO QUEIMADO,"100,00",1617,1351,1314,21,16,446,761,107,05/10/2026 12:51:05
RS,87459,4312203,MAXIMILIANO DE ALMEIDA,"100,00",3954,3195,3020,86,89,769,2090,161,05/10/2026 12:51:05
RS,88447,4311718,MAÇAMBARÁ,"100,00",3970,2905,2795,52,58,1079,1479,237,05/10/2026 12:51:05
RS,87068,4312252,MINAS DO LEÃO,"100,00",6369,5022,4765,154,103,2037,2272,456,05/10/2026 12:51:05
RS,87475,4312302,MIRAGUAÍ,"100,00",4473,3666,3525,70,71,1647,1642,236,05/10/2026 12:51:05
RS,85820,4312351,MONTAURI,"100,00",1514,1283,1232,27,24,187,935,110,05/10/2026 12:51:05
RS,88803,4312377,MONTE ALEGRE DOS CAMPOS,"100,00",3352,2594,2483,77,34,699,1639,145,05/10/2026 12:51:05
RS,87084,4312385,MONTE BELO DO SUL,"100,00",3034,2573,2498,31,44,280,2061,157,05/10/2026 12:51:05
RS,87491,4312401,MONTENEGRO,"100,00",47579,36893,35296,897,700,11576,20096,3624,05/10/2026 12:51:05
RS,87106,4312427,MORMAÇO,"100,00",2764,2281,2208,38,35,664,1417,127,05/10/2026 12:51:05
RS,87122,4312443,MORRINHOS DO SUL,"100,00",3216,2721,2626,45,50,590,1783,253,05/10/2026 12:51:05
RS,86185,4312450,MORRO REDONDO,"100,00",5309,4211,3971,149,91,1268,2263,440,05/10/2026 12:51:05
RS,87149,4312476,MORRO REUTER,"100,00",5415,4717,4560,62,95,762,3383,415,05/10/2026 12:51:05
RS,87513,4312500,MOSTARDAS,"100,00",9243,6942,6559,176,207,2159,3945,455,05/10/2026 12:51:05
RS,88544,4312617,MUITOS CAPÕES,"100,00",2854,2218,2139,62,17,468,1569,102,05/10/2026 12:51:05
RS,87165,4312625,MULITERNO,"100,00",2237,1811,1728,57,26,685,941,102,05/10/2026 12:51:05
RS,87530,4312609,MUÇUM,"100,00",3973,3272,3138,77,57,631,2246,261,05/10/2026 12:51:05
RS,87181,4312674,NICOLAU VERGUEIRO,"100,00",2406,1897,1846,30,21,489,1275,82,05/10/2026 12:51:05
RS,87572,4312708,NONOAI,"100,00",9663,7504,7257,120,127,2892,4025,340,05/10/2026 12:51:05
RS,86169,4312757,NOVA ALVORADA,"100,00",2805,2399,2278,69,52,383,1760,135,05/10/2026 12:51:05
RS,87599,4312807,NOVA ARAÇÁ,"100,00",4136,3438,3334,66,38,542,2582,210,05/10/2026 12:51:05
RS,87610,4312906,NOVA BASSANO,"100,00",7205,6187,6010,106,71,691,5000,319,05/10/2026 12:51:05
RS,87203,4312955,NOVA BOA VISTA,"100,00",2028,1797,1736,33,28,341,1196,199,05/10/2026 12:51:05
RS,87637,4313003,NOVA BRÉSCIA,"100,00",2805,2372,2299,46,27,377,1740,182,05/10/2026 12:51:05
RS,88226,4313011,NOVA CANDELÁRIA,"100,00",2588,2318,2233,37,48,469,1595,169,05/10/2026 12:51:05
RS,85120,4313037,NOVA ESPERANÇA DO SUL,"100,00",4338,3535,3303,108,124,1128,1906,269,05/10/2026 12:51:05
RS,84816,4313060,NOVA HARTZ,"100,00",14667,12367,11877,249,241,3780,7069,1028,05/10/2026 12:51:05
RS,87653,4313102,NOVA PALMA,"100,00",5060,4188,4049,62,77,1258,2440,351,05/10/2026 12:51:05
RS,87670,4313201,NOVA PETRÓPOLIS,"100,00",18127,15293,14836,196,261,2759,10409,1668,05/10/2026 12:51:05
RS,87696,4313300,NOVA PRATA,"100,00",18975,15857,15402,240,215,2606,11508,1288,05/10/2026 12:51:05
RS,87220,4313086,NOVA PÁDUA,"100,00",2410,2058,2018,18,22,149,1756,113,05/10/2026 12:51:05
RS,88560,4313334,NOVA RAMADA,"100,00",2039,1730,1678,22,30,448,1096,134,05/10/2026 12:51:05
RS,84751,4313359,NOVA ROMA DO SUL,"100,00",3182,2735,2650,42,43,392,2076,182,05/10/2026 12:51:05
RS,87246,4313375,NOVA SANTA RITA,"100,00",20466,15912,15362,295,255,5942,8098,1322,05/10/2026 12:51:05
RS,87262,4313490,NOVO BARREIRO,"100,00",3794,3204,3061,74,69,1260,1653,148,05/10/2026 12:51:05
RS,88684,4313391,NOVO CABRAIS,"100,00",3764,3086,2967,80,39,928,1828,211,05/10/2026 12:51:05
RS,87718,4313409,NOVO HAMBURGO,"100,00",174486,137242,132269,2543,2430,36361,84471,11437,05/10/2026 12:51:05
RS,87289,4313425,NOVO MACHADO,"100,00",3081,2548,2478,43,27,610,1730,138,05/10/2026 12:51:05
RS,87300,4313441,NOVO TIRADENTES,"100,00",1973,1635,1574,32,29,605,845,124,05/10/2026 12:51:05
RS,89320,4313466,NOVO XINGU,"100,00",1591,1341,1281,38,22,497,684,100,05/10/2026 12:51:05
RS,87556,4312658,NÃO-ME-TOQUE,"100,00",13469,11249,10988,123,138,2279,8068,641,05/10/2026 12:51:05
RS,87734,4313508,OSÓRIO,"100,00",37247,28999,27730,680,589,11064,13961,2705,05/10/2026 12:51:05
RS,87750,4313607,PAIM FILHO,"100,00",3753,3087,2929,78,80,1145,1656,128,05/10/2026 12:51:05
RS,89672,4313656,PALMARES DO SUL,"100,00",10969,7992,7665,159,168,2816,4306,543,05/10/2026 12:51:05
RS,87777,4313706,PALMEIRA DAS MISSÕES,"100,00",24062,19581,18843,364,374,7100,10744,999,05/10/2026 12:51:05
RS,87793,4313805,PALMITINHO,"100,00",5953,4953,4738,105,110,1896,2464,378,05/10/2026 12:51:05
RS,87815,4313904,PANAMBI,"100,00",32201,26585,25809,396,380,5411,18575,1823,05/10/2026 12:51:05
RS,84980,4313953,PANTANO GRANDE,"100,00",8416,6607,6282,171,154,2970,2786,526,05/10/2026 12:51:05
RS,87831,4314001,PARAÍ,"100,00",5977,5205,5040,106,59,785,3875,380,05/10/2026 12:51:05
RS,85987,4314027,PARAÍSO DO SUL,"100,00",5367,4494,4290,110,94,1082,2854,354,05/10/2026 12:51:05
RS,87327,4314035,PARECI NOVO,"100,00",3442,2887,2802,49,36,497,2036,269,05/10/2026 12:51:05
RS,98256,4314050,PAROBÉ,"100,00",39009,32509,31076,676,757,9300,19437,2339,05/10/2026 12:51:05
RS,88889,4314068,PASSA SETE,"100,00",3747,3074,2921,101,52,812,1882,227,05/10/2026 12:51:05
RS,87343,4314076,PASSO DO SOBRADO,"100,00",5251,4492,4339,91,62,1361,2689,289,05/10/2026 12:51:05
RS,87858,4314100,PASSO FUNDO,"100,00",150021,119665,115825,2159,1681,40293,65469,10063,05/10/2026 12:51:05
RS,89346,4314134,PAULO BENTO,"100,00",2280,1966,1904,34,28,433,1310,161,05/10/2026 12:51:05
RS,85146,4314159,PAVERAMA,"100,00",6036,5037,4848,91,98,1536,2929,383,05/10/2026 12:51:05
RS,89567,4314175,PEDRAS ALTAS,"100,00",1976,1484,1437,20,27,778,567,92,05/10/2026 12:51:05
RS,87874,4314209,PEDRO OSÓRIO,"100,00",6862,5181,4878,159,144,2661,1841,376,05/10/2026 12:51:05
RS,87890,4314308,PEJUÇARA,"100,00",3096,2583,2467,60,56,703,1627,137,05/10/2026 12:51:05
RS,87912,4314407,PELOTAS,"100,00",244459,194447,183906,5350,5191,86617,77399,19890,05/10/2026 12:51:05
RS,87360,4314423,PICADA CAFÉ,"100,00",4533,3866,3744,36,86,685,2608,451,05/10/2026 12:51:05
RS,85340,4314456,PINHAL,"100,00",2557,2162,2092,31,39,660,1294,138,05/10/2026 12:51:05
RS,89362,4314464,PINHAL DA SERRA,"100,00",2584,1993,1925,45,23,717,1132,76,05/10/2026 12:51:05
RS,87386,4314472,PINHAL GRANDE,"100,00",3602,2847,2717,77,53,1043,1453,221,05/10/2026 12:51:05
RS,87408,4314498,PINHEIRINHO DO VALE,"100,00",3806,3159,3050,46,63,1152,1685,213,05/10/2026 12:51:05
RS,87939,4314506,PINHEIRO MACHADO,"100,00",9524,6980,6435,315,230,3527,2278,630,05/10/2026 12:51:05
RS,89540,4314548,PINTO BANDEIRA,"100,00",2438,2063,2010,22,31,212,1664,134,05/10/2026 12:51:05
RS,84778,4314555,PIRAPÓ,"100,00",2336,1710,1618,34,58,772,741,105,05/10/2026 12:51:05
RS,87955,4314605,PIRATINI,"100,00",14591,11124,10329,495,300,5226,4271,832,05/10/2026 12:51:05
RS,87971,4314704,PLANALTO,"100,00",7977,6202,5892,162,148,1998,3603,291,05/10/2026 12:51:05
RS,87440,4314787,PONTE PRETA,"100,00",1828,1624,1568,35,21,322,1140,106,05/10/2026 12:51:05
RS,87424,4314779,PONTÃO,"100,00",3373,2867,2798,34,35,1088,1553,157,05/10/2026 12:51:05
RS,88013,4314902,PORTO ALEGRE,"100,00",1064200,808867,776777,16272,15818,377252,325139,74386,05/10/2026 12:51:05
RS,88030,4315008,PORTO LUCENA,"100,00",3887,3059,2947,56,56,1053,1698,196,05/10/2026 12:51:05
RS,87467,4315057,PORTO MAUÁ,"100,00",2251,1844,1792,25,27,477,1215,100,05/10/2026 12:51:05
RS,87483,4315073,PORTO VERA CRUZ,"100,00",1761,1440,1400,21,19,534,772,94,05/10/2026 12:51:05
RS,88056,4315107,PORTO XAVIER,"100,00",7966,6572,6296,132,144,2501,3502,293,05/10/2026 12:51:05
RS,87998,4314803,PORTÃO,"100,00",25742,20712,19777,461,474,6252,11690,1835,05/10/2026 12:51:05
RS,85421,4315131,POUSO NOVO,"100,00",1660,1358,1302,21,35,434,780,88,05/10/2026 12:51:05
RS,86126,4314753,POÇO DAS ANTAS,"100,00",2014,1727,1653,32,42,343,1124,186,05/10/2026 12:51:05
RS,87505,4315149,PRESIDENTE LUCENA,"100,00",2670,2346,2265,27,54,365,1681,219,05/10/2026 12:51:05
RS,84760,4315156,PROGRESSO,"100,00",4932,4213,4039,83,91,1336,2404,299,05/10/2026 12:51:05
RS,85405,4315172,PROTÁSIO ALVES,"100,00",1939,1636,1570,53,13,198,1289,83,05/10/2026 12:51:05
RS,88072,4315206,PUTINGA,"100,00",3807,2932,2828,76,28,401,2240,187,05/10/2026 12:51:05
RS,88099,4315305,QUARAÍ,"100,00",17670,13317,12754,313,250,5421,6412,921,05/10/2026 12:51:05
RS,89389,4315313,QUATRO IRMÃOS,"100,00",1733,1405,1376,18,11,374,907,95,05/10/2026 12:51:05
RS,87521,4315321,QUEVEDOS,"100,00",2385,1777,1686,63,28,745,826,115,05/10/2026 12:51:05
RS,84875,4315354,QUINZE DE NOVEMBRO,"100,00",3825,3263,3183,31,49,601,2340,242,05/10/2026 12:51:05
RS,88110,4315404,REDENTORA,"100,00",6768,5303,5095,77,131,2952,1976,167,05/10/2026 12:51:05
RS,85766,4315453,RELVADO,"100,00",2167,1706,1658,23,25,366,1172,120,05/10/2026 12:51:05
RS,88137,4315503,RESTINGA SÊCA,"100,00",12277,9824,9363,259,202,3300,5487,576,05/10/2026 12:51:05
RS,87548,4315552,RIO DOS ÍNDIOS,"100,00",2854,2224,2138,55,31,1020,1004,114,05/10/2026 12:51:05
RS,88153,4315602,RIO GRANDE,"100,00",150202,109190,103284,3012,2894,58014,35752,9518,05/10/2026 12:51:05
RS,88170,4315701,RIO PARDO,"100,00",28673,21696,20634,597,465,10011,8970,1653,05/10/2026 12:51:05
RS,85740,4315750,RIOZINHO,"100,00",4370,3715,3544,89,82,1077,2117,350,05/10/2026 12:51:05
RS,88196,4315800,ROCA SALES,"100,00",7666,6333,6079,136,118,1534,4049,496,05/10/2026 12:51:05
RS,88218,4315909,RODEIO BONITO,"100,00",5375,4486,4323,83,80,1567,2504,252,05/10/2026 12:51:05
RS,89400,4315958,ROLADOR,"100,00",2396,1956,1867,35,54,786,972,109,05/10/2026 12:51:05
RS,88234,4316006,ROLANTE,"100,00",16313,13862,13333,289,240,3536,8678,1119,05/10/2026 12:51:05
RS,88250,4316105,RONDA ALTA,"100,00",7415,6214,6027,125,62,2594,3099,334,05/10/2026 12:51:05
RS,88277,4316204,RONDINHA,"100,00",4481,3830,3681,93,56,1254,2236,191,05/10/2026 12:51:05
RS,88293,4316303,ROQUE GONZALES,"100,00",5416,4484,4295,94,95,1677,2355,263,05/10/2026 12:51:05
RS,88315,4316402,ROSÁRIO DO SUL,"100,00",31276,22846,21835,569,442,9877,10531,1427,05/10/2026 12:51:05
RS,87564,4316428,SAGRADA FAMÍLIA,"100,00",2272,1834,1757,38,39,770,884,103,05/10/2026 12:51:05
RS,85561,4316436,SALDANHA MARINHO,"100,00",2529,2161,2104,28,29,525,1475,104,05/10/2026 12:51:05
RS,89753,4316451,SALTO DO JACUÍ,"100,00",7867,6310,6064,120,126,2544,3107,413,05/10/2026 12:51:05
RS,87580,4316477,SALVADOR DAS MISSÕES,"100,00",2746,2341,2262,33,46,597,1501,164,05/10/2026 12:51:05
RS,88331,4316501,SALVADOR DO SUL,"100,00",5640,4809,4607,105,97,841,3247,519,05/10/2026 12:51:05
RS,88358,4316600,SANANDUVA,"100,00",13017,11015,10597,230,188,2539,7537,521,05/10/2026 12:51:05
RS,88455,4317103,SANT'ANA DO LIVRAMENTO,"100,00",72220,50896,48688,1375,833,23842,20197,4649,05/10/2026 12:51:05
RS,88374,4316709,SANTA BÁRBARA DO SUL,"100,00",6723,5583,5354,139,90,1527,3540,287,05/10/2026 12:51:05
RS,89247,4316733,SANTA CECÍLIA DO SUL,"100,00",1940,1626,1580,30,16,290,1182,108,05/10/2026 12:51:05
RS,87602,4316758,SANTA CLARA DO SUL,"100,00",5711,4872,4685,90,97,920,3316,449,05/10/2026 12:51:05
RS,88390,4316808,SANTA CRUZ DO SUL,"100,00",105305,85005,81458,2063,1484,24913,48362,8183,05/10/2026 12:51:05
RS,89443,4316972,SANTA MARGARIDA DO SUL,"100,00",2829,2235,2145,52,38,824,1149,172,05/10/2026 12:51:05
RS,88412,4316907,SANTA MARIA,"100,00",207115,158051,152003,3510,2538,63618,75209,13176,05/10/2026 12:51:05
RS,86207,4316956,SANTA MARIA DO HERVAL,"100,00",5271,4700,4490,102,108,994,2912,584,05/10/2026 12:51:05
RS,88471,4317202,SANTA ROSA,"100,00",57973,47423,46180,687,556,11635,30928,3617,05/10/2026 12:51:05
RS,87629,4317251,SANTA TEREZA,"100,00",1750,1478,1408,31,39,287,1010,111,05/10/2026 12:51:05
RS,88498,4317301,SANTA VITÓRIA DO PALMAR,"100,00",23324,16553,15616,513,424,7875,6326,1415,05/10/2026 12:51:05
RS,88439,4317004,SANTANA DA BOA VISTA,"100,00",6598,4933,4553,268,112,1937,2251,365,05/10/2026 12:51:05
RS,88510,4317400,SANTIAGO,"100,00",39884,29302,27832,927,543,9291,16327,2214,05/10/2026 12:51:05
RS,88552,4317608,SANTO ANTÔNIO DA PATRULHA,"100,00",33692,26377,25036,744,597,8329,14504,2203,05/10/2026 12:51:05
RS,88579,4317707,SANTO ANTÔNIO DAS MISSÕES,"100,00",8347,6411,6124,151,136,3074,2674,376,05/10/2026 12:51:05
RS,87645,4317558,SANTO ANTÔNIO DO PALMA,"100,00",2077,1761,1690,35,36,488,1040,162,05/10/2026 12:51:05
RS,87661,4317756,SANTO ANTÔNIO DO PLANALTO,"100,00",2163,1903,1859,15,29,341,1398,120,05/10/2026 12:51:05
RS,88595,4317806,SANTO AUGUSTO,"100,00",11312,9233,8888,160,185,3371,4965,552,05/10/2026 12:51:05
RS,88617,4317905,SANTO CRISTO,"100,00",12562,10952,10571,182,199,3424,6238,909,05/10/2026 12:51:05
RS,87688,4317954,SANTO EXPEDITO DO SUL,"100,00",2242,1850,1762,63,25,511,1148,103,05/10/2026 12:51:05
RS,88536,4317509,SANTO ÂNGELO,"100,00",58898,45016,43375,822,819,16042,24005,3328,05/10/2026 12:51:05
RS,88994,4319901,SAPIRANGA,"100,00",61250,50301,48600,883,818,14701,30509,3390,05/10/2026 12:51:05
RS,89010,4320008,SAPUCAIA DO SUL,"100,00",102445,76799,73308,1897,1594,31819,34384,7105,05/10/2026 12:51:05
RS,89036,4320107,SARANDI,"100,00",17132,14462,14061,209,192,3943,9283,835,05/10/2026 12:51:05
RS,89052,4320206,SEBERI,"100,00",9356,7812,7530,157,125,2481,4597,452,05/10/2026 12:51:05
RS,85707,4320230,SEDE NOVA,"100,00",2508,2116,2038,34,44,756,1128,154,05/10/2026 12:51:05
RS,85529,4320263,SEGREDO,"100,00",5695,4663,4462,125,76,1428,2685,349,05/10/2026 12:51:05
RS,89079,4320305,SELBACH,"100,00",4334,3669,3566,61,42,732,2616,218,05/10/2026 12:51:05
RS,88765,4320321,SENADOR SALGADO FILHO,"100,00",2669,2299,2257,14,28,525,1630,102,05/10/2026 12:51:05
RS,87882,4320354,SENTINELA DO SUL,"100,00",4237,3371,3169,128,74,1155,1701,313,05/10/2026 12:51:05
RS,89095,4320404,SERAFINA CORRÊA,"100,00",12678,10747,10359,176,212,2022,7636,701,05/10/2026 12:51:05
RS,89117,4320503,SERTÃO,"100,00",5015,4282,4154,64,64,1105,2791,258,05/10/2026 12:51:05
RS,87920,4320552,SERTÃO SANTANA,"100,00",5324,4316,4167,85,64,936,2838,393,05/10/2026 12:51:05
RS,88706,4320578,SETE DE SETEMBRO,"100,00",1804,1504,1427,43,34,497,813,117,05/10/2026 12:51:05
RS,89133,4320602,SEVERIANO DE ALMEIDA,"100,00",3414,2911,2791,62,58,769,1775,247,05/10/2026 12:51:05
RS,84956,4320651,SILVEIRA MARTINS,"100,00",2147,1745,1665,42,38,534,1012,119,05/10/2026 12:51:05
RS,87947,4320677,SINIMBU,"100,00",6825,5764,5519,114,131,1685,3212,622,05/10/2026 12:51:05
RS,89176,4320701,SOBRADINHO,"100,00",10579,8592,8229,202,161,2391,5113,725,05/10/2026 12:51:05
RS,89192,4320800,SOLEDADE,"100,00",21730,17575,16931,324,320,6171,9715,1045,05/10/2026 12:51:05
RS,88633,4318002,SÃO BORJA,"100,00",46604,34613,33363,651,599,15418,15939,2006,05/10/2026 12:51:05
RS,84832,4318051,SÃO DOMINGOS DO SUL,"100,00",2596,2143,2057,48,38,512,1398,147,05/10/2026 12:51:05
RS,88650,4318101,SÃO FRANCISCO DE ASSIS,"100,00",14252,11173,10403,493,277,4351,5392,660,05/10/2026 12:51:05
RS,88676,4318200,SÃO FRANCISCO DE PAULA,"100,00",16421,12807,12062,443,302,4562,6635,865,05/10/2026 12:51:05
RS,88692,4318309,SÃO GABRIEL,"100,00",43890,32078,30760,770,548,13067,15396,2297,05/10/2026 12:51:05
RS,88714,4318408,SÃO JERÔNIMO,"100,00",15910,12391,11748,363,280,5154,5447,1147,05/10/2026 12:51:05
RS,84794,4318440,SÃO JORGE,"100,00",2437,2145,2085,23,37,253,1667,165,05/10/2026 12:51:05
RS,87769,4318457,SÃO JOSÉ DAS MISSÕES,"100,00",2443,1956,1869,50,37,876,922,71,05/10/2026 12:51:05
RS,85588,4318465,SÃO JOSÉ DO HERVAL,"100,00",2231,1634,1558,33,43,657,799,102,05/10/2026 12:51:05
RS,85324,4318481,SÃO JOSÉ DO HORTÊNCIO,"100,00",3728,3254,3166,42,46,527,2400,239,05/10/2026 12:51:05
RS,87742,4318499,SÃO JOSÉ DO INHACORÁ,"100,00",2244,1948,1880,28,40,421,1264,195,05/10/2026 12:51:05
RS,88730,4318507,SÃO JOSÉ DO NORTE,"100,00",20679,16176,15110,594,472,6408,7011,1691,05/10/2026 12:51:05
RS,88757,4318606,SÃO JOSÉ DO OURO,"100,00",5762,4871,4666,121,84,1066,3317,283,05/10/2026 12:51:05
RS,89460,4318614,SÃO JOSÉ DO SUL,"100,00",2065,1779,1711,36,32,305,1148,258,05/10/2026 12:51:05
RS,87726,4318622,SÃO JOSÉ DOS AUSENTES,"100,00",3387,2591,2513,51,27,676,1726,111,05/10/2026 12:51:05
RS,84859,4318424,SÃO JOÃO DA URTIGA,"100,00",4198,3554,3339,147,68,810,2334,195,05/10/2026 12:51:05
RS,87700,4318432,SÃO JOÃO DO POLÊSINE,"100,00",2578,2079,2012,34,33,583,1283,146,05/10/2026 12:51:05
RS,88773,4318705,SÃO LEOPOLDO,"100,00",162766,124484,119523,2601,2360,45762,63155,10606,05/10/2026 12:51:05
RS,88790,4318804,SÃO LOURENÇO DO SUL,"100,00",35085,27526,26394,653,479,8855,15492,2047,05/10/2026 12:51:05
RS,88811,4318903,SÃO LUIZ GONZAGA,"100,00",26267,19950,19071,469,410,7578,10241,1252,05/10/2026 12:51:05
RS,88838,4319000,SÃO MARCOS,"100,00",16687,14092,13501,286,305,2265,10092,1144,05/10/2026 12:51:05
RS,88854,4319109,SÃO MARTINHO,"100,00",4808,4087,3946,79,62,988,2702,256,05/10/2026 12:51:05
RS,87785,4319125,SÃO MARTINHO DA SERRA,"100,00",3157,2453,2342,64,47,699,1460,183,05/10/2026 12:51:05
RS,85480,4319158,SÃO MIGUEL DAS MISSÕES,"100,00",5911,4706,4504,103,99,1961,2354,189,05/10/2026 12:51:05
RS,88870,4319208,SÃO NICOLAU,"100,00",4337,3379,3203,61,115,1705,1347,151,05/10/2026 12:51:05
RS,88897,4319307,SÃO PAULO DAS MISSÕES,"100,00",5214,4327,4186,65,76,1446,2432,308,05/10/2026 12:51:05
RS,87807,4319356,SÃO PEDRO DA SERRA,"100,00",3188,2805,2693,51,61,486,1958,249,05/10/2026 12:51:05
RS,89486,4319364,SÃO PEDRO DAS MISSÕES,"100,00",1650,1330,1252,41,37,579,622,51,05/10/2026 12:51:05
RS,87823,4319372,SÃO PEDRO DO BUTIÁ,"100,00",2665,2220,2132,39,49,604,1356,172,05/10/2026 12:51:05
RS,88919,4319406,SÃO PEDRO DO SUL,"100,00",12686,9933,9413,320,200,3355,5223,835,05/10/2026 12:51:05
RS,88935,4319505,SÃO SEBASTIÃO DO CAÍ,"100,00",17536,14180,13623,288,269,3933,8474,1216,05/10/2026 12:51:05
RS,88951,4319604,SÃO SEPÉ,"100,00",17079,13286,12651,361,274,5763,5883,1005,05/10/2026 12:51:05
RS,88978,4319703,SÃO VALENTIM,"100,00",3073,2546,2459,50,37,676,1668,115,05/10/2026 12:51:05
RS,87840,4319711,SÃO VALENTIM DO SUL,"100,00",2224,1818,1761,36,21,318,1310,133,05/10/2026 12:51:05
RS,87866,4319737,SÃO VALÉRIO DO SUL,"100,00",2348,1925,1874,21,30,1007,829,38,05/10/2026 12:51:05
RS,85383,4319752,SÃO VENDELINO,"100,00",2409,2073,2008,35,30,448,1361,199,05/10/2026 12:51:05
RS,86754,4319802,SÃO VICENTE DO SUL,"100,00",6760,5250,5000,142,108,2089,2504,407,05/10/2026 12:51:05
RS,87904,4320453,SÉRIO,"100,00",2072,1715,1632,53,30,471,974,187,05/10/2026 12:51:05
RS,88722,4320859,TABAÍ,"100,00",4093,3344,3194,75,75,1283,1720,191,05/10/2026 12:51:05
RS,89214,4320909,TAPEJARA,"100,00",17490,14825,14363,230,232,2582,10789,992,05/10/2026 12:51:05
RS,89230,4321006,TAPERA,"100,00",7887,6570,6362,82,126,1984,3995,383,05/10/2026 12:51:05
RS,89257,4321105,TAPES,"100,00",11792,9086,8672,222,192,3630,4484,558,05/10/2026 12:51:05
RS,89273,4321204,TAQUARA,"100,00",41562,32714,31468,695,551,8613,20632,2223,05/10/2026 12:51:05
RS,89290,4321303,TAQUARI,"100,00",19310,15668,14938,462,268,5281,8542,1115,05/10/2026 12:51:05
RS,85669,4321329,TAQUARUÇU DO SUL,"100,00",2822,2421,2328,47,46,902,1314,112,05/10/2026 12:51:05
RS,89710,4321352,TAVARES,"100,00",4533,3487,3297,87,103,1295,1768,234,05/10/2026 12:51:05
RS,89311,4321402,TENENTE PORTELA,"100,00",10706,8672,8401,109,162,3571,4251,579,05/10/2026 12:51:05
RS,85162,4321436,TERRA DE AREIA,"100,00",7779,6198,5912,151,135,1813,3645,454,05/10/2026 12:51:05
RS,98213,4321451,TEUTÔNIA,"100,00",25631,21270,20455,403,412,5397,12830,2228,05/10/2026 12:51:05
RS,89508,4321469,TIO HUGO,"100,00",2707,2288,2219,34,35,679,1381,159,05/10/2026 12:51:05
RS,87963,4321477,TIRADENTES DO SUL,"100,00",4724,3727,3537,93,97,1501,1849,187,05/10/2026 12:51:05
RS,88900,4321493,TOROPI,"100,00",2745,2238,2130,69,39,623,1347,160,05/10/2026 12:51:05
RS,89338,4321501,TORRES,"100,00",33260,25571,24446,503,622,7838,14294,2314,05/10/2026 12:51:05
RS,89354,4321600,TRAMANDAÍ,"100,00",39076,28166,26991,632,543,9978,14578,2435,05/10/2026 12:51:05
RS,87980,4321626,TRAVESSEIRO,"100,00",1983,1745,1676,29,40,529,964,183,05/10/2026 12:51:05
RS,85006,4321956,TRINDADE DO SUL,"100,00",5879,4722,4522,97,103,1844,2426,252,05/10/2026 12:51:05
RS,89435,4322004,TRIUNFO,"100,00",21936,17071,16294,409,368,5411,9513,1370,05/10/2026 12:51:05
RS,84743,4321634,TRÊS ARROIOS,"100,00",2549,2135,2054,43,38,455,1447,152,05/10/2026 12:51:05
RS,85367,4321667,TRÊS CACHOEIRAS,"100,00",8189,6962,6780,89,93,1415,4933,432,05/10/2026 12:51:05
RS,89370,4321709,TRÊS COROAS,"100,00",17414,14650,14053,326,271,3575,9276,1202,05/10/2026 12:51:05
RS,89397,4321808,TRÊS DE MAIO,"100,00",18415,15581,15148,261,172,3746,10293,1109,05/10/2026 12:51:05
RS,88005,4321832,TRÊS FORQUILHAS,"100,00",3297,2659,2562,53,44,881,1512,169,05/10/2026 12:51:05
RS,86142,4321857,TRÊS PALMEIRAS,"100,00",4078,3326,3176,78,72,1455,1571,150,05/10/2026 12:51:05
RS,89419,4321907,TRÊS PASSOS,"100,00",18437,15206,14624,249,333,5231,8260,1133,05/10/2026 12:51:05
RS,89451,4322103,TUCUNDUVA,"100,00",4755,4032,3926,39,67,942,2754,230,05/10/2026 12:51:05
RS,84840,4322152,TUNAS,"100,00",3346,2758,2635,66,57,1245,1260,130,05/10/2026 12:51:05
RS,88021,4322186,TUPANCI DO SUL,"100,00",1474,1171,1097,57,17,281,749,67,05/10/2026 12:51:05
RS,89478,4322202,TUPANCIRETÃ,"100,00",15943,12350,11865,278,207,4616,6549,700,05/10/2026 12:51:05
RS,85723,4322251,TUPANDI,"100,00",4296,3734,3640,56,38,501,2814,325,05/10/2026 12:51:05
RS,89494,4322301,TUPARENDI,"100,00",7111,5974,5811,80,83,1140,4244,427,05/10/2026 12:51:05
RS,88501,4322327,TURUÇU,"100,00",3449,2819,2706,54,59,669,1865,172,05/10/2026 12:51:05
RS,88609,4322343,UBIRETAMA,"100,00",1894,1650,1594,30,26,369,1095,130,05/10/2026 12:51:05
RS,88480,4322376,UNISTALDA,"100,00",2687,2064,1981,56,27,750,1134,97,05/10/2026 12:51:05
RS,88048,4322350,UNIÃO DA SERRA,"100,00",1523,1276,1241,22,13,228,915,98,05/10/2026 12:51:05
RS,89516,4322400,URUGUAIANA,"100,00",84488,60523,58711,1045,767,18875,35208,4628,05/10/2026 12:51:05
RS,89532,4322509,VACARIA,"100,00",47383,36918,35399,932,587,8729,24190,2480,05/10/2026 12:51:05
RS,88064,4322533,VALE DO SOL,"100,00",8086,6709,6280,271,158,1847,3830,603,05/10/2026 12:51:05
RS,88080,4322541,VALE REAL,"100,00",4872,4155,4006,85,64,1005,2574,427,05/10/2026 12:51:05
RS,88668,4322525,VALE VERDE,"100,00",3292,2560,2415,73,72,805,1408,202,05/10/2026 12:51:05
RS,84913,4322558,VANINI,"100,00",2018,1687,1608,56,23,361,1142,105,05/10/2026 12:51:05
RS,89559,4322608,VENÂNCIO AIRES,"100,00",53327,43029,41071,1068,890,11182,26076,3813,05/10/2026 12:51:05
RS,89575,4322707,VERA CRUZ,"100,00",19445,16825,16015,426,384,5035,9537,1443,05/10/2026 12:51:05
RS,89591,4322806,VERANÓPOLIS,"100,00",18621,15581,15045,280,256,2264,11559,1222,05/10/2026 12:51:05
RS,88781,4322855,VESPASIANO CORRÊA,"100,00",2485,2051,2003,38,10,203,1659,141,05/10/2026 12:51:05
RS,89613,4322905,VIADUTOS,"100,00",4028,3410,3285,69,56,748,2347,190,05/10/2026 12:51:05
RS,89630,4323002,VIAMÃO,"100,00",161662,123312,116299,3858,3155,53863,51080,11356,05/10/2026 12:51:05
RS,89656,4323101,VICENTE DUTRA,"100,00",3837,3041,2923,64,54,971,1831,121,05/10/2026 12:51:05
RS,89699,4323200,VICTOR GRAEFF,"100,00",2531,2127,2075,23,29,443,1490,142,05/10/2026 12:51:05
RS,86061,4323309,VILA FLORES,"100,00",3442,2969,2888,46,35,456,2205,227,05/10/2026 12:51:05
RS,88749,4323358,VILA LÂNGARO,"100,00",2175,1868,1802,35,31,347,1354,101,05/10/2026 12:51:05
RS,85642,4323408,VILA MARIA,"100,00",3675,3119,3020,53,46,690,2187,143,05/10/2026 12:51:05
RS,88102,4323457,VILA NOVA DO SUL,"100,00",3746,2910,2744,99,67,1314,1246,184,05/10/2026 12:51:05
RS,85600,4323507,VISTA ALEGRE,"100,00",2612,2170,2093,30,47,797,1175,121,05/10/2026 12:51:05
RS,85863,4323606,VISTA ALEGRE DO PRATA,"100,00",1657,1396,1338,28,30,191,978,169,05/10/2026 12:51:05
RS,85847,4323705,VISTA GAÚCHA,"100,00",2652,2180,2094,37,49,726,1215,153,05/10/2026 12:51:05
RS,88129,4323754,VITÓRIA DAS MISSÕES,"100,00",3443,2745,2658,43,44,1121,1406,131,05/10/2026 12:51:05
RS,89524,4323770,WESTFALIA,"100,00",2689,2339,2270,46,23,402,1594,274,05/10/2026 12:51:05
RS,88145,4323804,XANGRI-LÁ,"100,00",14765,11724,11454,133,137,2886,7703,865,05/10/2026 12:51:05
RS,84948,4300059,ÁGUA SANTA,"100,00",3300,2789,2719,40,30,680,1912,127,05/10/2026 12:51:05
RS,84735,4301552,ÁUREA,"100,00",3213,2816,2692,81,43,650,1851,191,05/10/2026 12:51:05
RO,00310,1100015,ALTA FLORESTA D'OESTE,"100,00",18187,14352,14011,163,178,3533,9816,662,05/10/2026 12:51:05
RO,00736,1100379,ALTO ALEGRE DOS PARECIS,"100,00",8837,7063,6888,84,91,1931,4627,330,05/10/2026 12:51:05
RO,00639,1100403,ALTO PARAÍSO,"100,00",12087,9423,9226,80,117,1746,7110,370,05/10/2026 12:51:05
RO,00337,1100346,ALVORADA DO OESTE,"100,00",11029,8678,8481,75,122,2658,5358,465,05/10/2026 12:51:05
RO,00078,1100023,ARIQUEMES,"100,00",72512,55662,54592,493,577,9939,41652,3001,05/10/2026 12:51:05
RO,00779,1100452,BURITIS,"100,00",23318,17787,17478,120,189,2889,13793,796,05/10/2026 12:51:05
RO,00450,1100031,CABIXI,"100,00",4950,3952,3870,33,49,1046,2646,178,05/10/2026 12:51:05
RO,00620,1100601,CACAULÂNDIA,"100,00",3901,3101,3033,26,42,599,2278,156,05/10/2026 12:51:05
RO,00094,1100049,CACOAL,"100,00",69974,55032,53814,527,691,12099,37751,3964,05/10/2026 12:51:05
RO,00671,1100700,CAMPO NOVO DE RONDÔNIA,"100,00",7516,5914,5825,40,49,1270,4218,337,05/10/2026 12:51:05
RO,00477,1100809,CANDEIAS DO JAMARI,"100,00",20465,15520,15196,108,216,4864,9310,1022,05/10/2026 12:51:05
RO,00531,1100908,CASTANHEIRAS,"100,00",3409,2715,2654,24,37,879,1616,159,05/10/2026 12:51:05
RO,00272,1100056,CEREJEIRAS,"100,00",13278,10411,10235,66,110,1805,7945,485,05/10/2026 12:51:05
RO,00809,1100924,CHUPINGUAIA,"100,00",7696,5499,5394,44,61,1426,3752,216,05/10/2026 12:51:05
RO,00230,1100064,COLORADO DO OESTE,"100,00",13478,10147,9864,144,139,2228,7050,586,05/10/2026 12:51:05
RO,00655,1100072,CORUMBIARA,"100,00",5751,4586,4495,39,52,1317,2944,234,05/10/2026 12:51:05
RO,00213,1100080,COSTA MARQUES,"100,00",9103,7045,6905,58,82,2216,4413,276,05/10/2026 12:51:05
RO,00680,1100940,CUJUBIM,"100,00",11176,8618,8453,67,98,1481,6631,341,05/10/2026 12:51:05
RO,00256,1100098,ESPIGÃO DO OESTE,"100,00",23348,18412,18023,187,202,3530,13446,1047,05/10/2026 12:51:05
RO,00612,1101005,GOVERNADOR JORGE TEIXEIRA,"100,00",7203,5760,5633,42,85,1339,3949,345,05/10/2026 12:51:05
RO,00019,1100106,GUAJARÁ-MIRIM,"100,00",28928,21913,21449,178,286,7825,12523,1101,05/10/2026 12:51:05
RO,00493,1101104,ITAPUÃ DO OESTE,"100,00",7204,5443,5336,44,63,1485,3460,391,05/10/2026 12:51:05
RO,00159,1100114,JARU,"100,00",41260,31705,30964,319,422,6201,22967,1796,05/10/2026 12:51:05
RO,00051,1100122,JI-PARANÁ,"100,00",97939,75611,74096,689,826,16702,52832,4562,05/10/2026 12:51:05
RO,00396,1100130,MACHADINHO D'OESTE,"100,00",25008,18517,18214,145,158,4362,12914,938,05/10/2026 12:51:05
RO,00604,1101203,MINISTRO ANDREAZZA,"100,00",6153,4931,4812,53,66,1471,3093,248,05/10/2026 12:51:05
RO,00574,1101302,MIRANTE DA SERRA,"100,00",8333,6666,6495,66,105,2125,4003,367,05/10/2026 12:51:05
RO,00663,1101401,MONTE NEGRO,"100,00",10191,7825,7684,47,94,1662,5613,409,05/10/2026 12:51:05
RO,00370,1100148,NOVA BRASILÂNDIA D'OESTE,"100,00",13407,11035,10820,92,123,2620,7601,599,05/10/2026 12:51:05
RO,00434,1100338,NOVA MAMORÉ,"100,00",19455,15240,14990,103,147,2781,11731,478,05/10/2026 12:51:05
RO,00744,1101435,NOVA UNIÃO,"100,00",5350,4351,4274,34,43,1634,2424,216,05/10/2026 12:51:05
RO,00515,1100502,NOVO HORIZONTE DO OESTE,"100,00",7035,5835,5715,57,63,1737,3639,339,05/10/2026 12:51:05
RO,00175,1100155,OURO PRETO DO OESTE,"100,00",28282,21828,21352,190,286,5142,14956,1254,05/10/2026 12:51:05
RO,00701,1101450,PARECIS,"100,00",3875,2961,2902,17,42,942,1765,195,05/10/2026 12:51:05
RO,00116,1100189,PIMENTA BUENO,"100,00",27485,21373,20790,227,356,4520,15080,1190,05/10/2026 12:51:05
RO,00787,1101468,PIMENTEIRAS DO OESTE,"100,00",2286,1758,1736,6,16,485,1185,66,05/10/2026 12:51:05
RO,00035,1100205,PORTO VELHO,"100,00",367902,294402,286338,3368,4696,90889,169992,25457,05/10/2026 12:51:05
RO,00191,1100254,PRESIDENTE MÉDICI,"100,00",15677,12105,11823,143,139,2807,8293,723,05/10/2026 12:51:05
RO,00728,1101476,PRIMAVERA DE RONDÔNIA,"100,00",3047,2502,2436,26,40,540,1746,150,05/10/2026 12:51:05
RO,00647,1100262,RIO CRESPO,"100,00",3508,2681,2629,26,26,539,1981,109,05/10/2026 12:51:05
RO,00299,1100288,ROLIM DE MOURA,"100,00",41088,31364,30524,392,448,7001,21501,2022,05/10/2026 12:51:05
RO,00353,1100296,SANTA LUZIA D'OESTE,"100,00",6813,5330,5175,77,78,1580,3293,302,05/10/2026 12:51:05
RO,00582,1101500,SERINGUEIRAS,"100,00",9666,7884,7732,69,83,2248,5117,367,05/10/2026 12:51:05
RO,00710,1101484,SÃO FELIPE D'OESTE,"100,00",4530,3615,3509,45,61,1007,2293,209,05/10/2026 12:51:05
RO,00795,1101492,SÃO FRANCISCO DO GUAPORÉ,"100,00",12702,10099,9937,70,92,2210,7180,547,05/10/2026 12:51:05
RO,00418,1100320,SÃO MIGUEL DO GUAPORÉ,"100,00",17091,13734,13436,138,160,3704,8939,793,05/10/2026 12:51:05
RO,00752,1101559,TEIXEIRÓPOLIS,"100,00",3927,3174,3105,32,37,1035,1938,132,05/10/2026 12:51:05
RO,00590,1101609,THEOBROMA,"100,00",7587,6027,5911,46,70,1638,3966,307,05/10/2026 12:51:05
RO,00566,1101708,URUPÁ,"100,00",9186,7305,7142,71,92,2027,4765,350,05/10/2026 12:51:05
RO,00698,1101757,VALE DO ANARI,"100,00",6627,5176,5085,27,64,1270,3524,291,05/10/2026 12:51:05
RO,00558,1101807,VALE DO PARAÍSO,"100,00",5538,4413,4323,28,62,1356,2755,212,05/10/2026 12:51:05
RO,00132,1100304,VILHENA,"100,00",71595,54600,53255,601,744,10327,39614,3314,05/10/2026 12:51:05
RR,03050,1400050,ALTO ALEGRE,"100,00",13408,11347,11106,68,173,2657,7951,498,05/10/2026 12:51:05
RR,03042,1400027,AMAJARI,"100,00",7631,6520,6343,32,145,1426,4635,282,05/10/2026 12:51:05
RR,03018,1400100,BOA VISTA,"100,00",241509,199571,195194,1885,2492,37547,143225,14422,05/10/2026 12:51:05
RR,03077,1400159,BONFIM,"100,00",12329,10091,9892,48,151,3037,6564,291,05/10/2026 12:51:05
RR,03069,1400175,CANTÁ,"100,00",17613,14635,14361,67,207,3667,10037,657,05/10/2026 12:51:05
RR,03034,1400209,CARACARAÍ,"100,00",15259,12452,12170,90,192,2987,8598,585,05/10/2026 12:51:05
RR,03000,1400233,CAROEBE,"100,00",7649,6612,6473,46,93,1201,4989,283,05/10/2026 12:51:05
RR,03026,1400282,IRACEMA,"100,00",7593,6153,5983,49,121,1295,4384,304,05/10/2026 12:51:05
RR,03093,1400308,MUCAJAÍ,"100,00",14383,12003,11734,76,193,2022,9218,494,05/10/2026 12:51:05
RR,03115,1400407,NORMANDIA,"100,00",9686,8367,8247,24,96,3558,4440,249,05/10/2026 12:51:05
RR,03123,1400456,PACARAIMA,"100,00",9762,8084,7941,29,114,3065,4619,257,05/10/2026 12:51:05
RR,03085,1400472,RORAINÓPOLIS,"100,00",23761,19054,18594,127,333,4189,13503,902,05/10/2026 12:51:05
RR,03131,1400506,SÃO JOÃO DA BALIZA,"100,00",5728,4843,4729,38,76,1154,3319,256,05/10/2026 12:51:05
RR,03158,1400605,SÃO LUIZ,"100,00",6082,5114,4983,32,99,1240,3513,230,05/10/2026 12:51:05
RR,03107,1400704,UIRAMUTÃ,"100,00",9128,7926,7795,7,124,5375,2327,93,05/10/2026 12:51:05
SC,80225,4200051,ABDON BATISTA,"100,00",2681,2241,2192,20,29,650,1421,121,05/10/2026 12:51:05
SC,80012,4200101,ABELARDO LUZ,"100,00",12625,9585,9346,125,114,3207,5619,520,05/10/2026 12:51:05
SC,80039,4200200,AGROLÂNDIA,"100,00",8211,6967,6777,101,89,1091,5357,329,05/10/2026 12:51:05
SC,80055,4200309,AGRONÔMICA,"100,00",4554,4019,3925,31,63,522,3193,210,05/10/2026 12:51:05
SC,80136,4200705,ALFREDO WAGNER,"100,00",8139,7007,6835,88,84,1202,5242,391,05/10/2026 12:51:05
SC,81302,4200754,ALTO BELA VISTA,"100,00",1764,1496,1443,22,31,372,897,174,05/10/2026 12:51:05
SC,80152,4200804,ANCHIETA,"100,00",4991,4175,4041,57,77,1403,2330,308,05/10/2026 12:51:05
SC,80179,4200903,ANGELINA,"100,00",5017,4390,4227,85,78,1227,2605,395,05/10/2026 12:51:05
SC,80195,4201000,ANITA GARIBALDI,"100,00",6943,5608,5356,140,112,2098,2878,380,05/10/2026 12:51:05
SC,80217,4201109,ANITÁPOLIS,"100,00",3343,2832,2739,44,49,715,1806,218,05/10/2026 12:51:05
SC,80233,4201208,ANTÔNIO CARLOS,"100,00",9356,8116,7907,81,128,1194,6045,668,05/10/2026 12:51:05
SC,80063,4201257,APIÚNA,"100,00",8375,6985,6763,96,126,1329,4944,490,05/10/2026 12:51:05
SC,80489,4201273,ARABUTÃ,"100,00",3907,3393,3284,36,73,798,2228,258,05/10/2026 12:51:05
SC,80250,4201307,ARAQUARI,"100,00",28342,22246,21581,354,311,5469,14615,1497,05/10/2026 12:51:05
SC,80276,4201406,ARARANGUÁ,"100,00",55064,43949,42701,577,671,10473,28755,3473,05/10/2026 12:51:05
SC,80292,4201505,ARMAZÉM,"100,00",7195,6141,5999,60,82,1236,4379,384,05/10/2026 12:51:05
SC,80314,4201604,ARROIO TRINTA,"100,00",3124,2613,2559,23,31,432,1903,224,05/10/2026 12:51:05
SC,80802,4201653,ARVOREDO,"100,00",2620,2246,2203,21,22,699,1271,233,05/10/2026 12:51:05
SC,80330,4201703,ASCURRA,"100,00",6551,5405,5218,91,96,740,4130,348,05/10/2026 12:51:05
SC,80357,4201802,ATALANTA,"100,00",2919,2550,2498,28,24,340,2014,144,05/10/2026 12:51:05
SC,80373,4201901,AURORA,"100,00",5541,4881,4792,45,44,619,3878,295,05/10/2026 12:51:05
SC,81728,4201950,BALNEÁRIO ARROIO DO SILVA,"100,00",13141,10217,9859,164,194,3146,6027,686,05/10/2026 12:51:05
SC,80683,4202057,BALNEÁRIO BARRA DO SUL,"100,00",11418,8792,8571,89,132,2151,5884,536,05/10/2026 12:51:05
SC,80390,4202008,BALNEÁRIO CAMBORIÚ,"100,00",111138,85936,83989,814,1133,17694,59601,6694,05/10/2026 12:51:05
SC,81744,4202073,BALNEÁRIO GAIVOTA,"100,00",12988,9920,9630,129,161,2788,6116,726,05/10/2026 12:51:05
SC,82511,4212809,BALNEÁRIO PIÇARRAS,"100,00",23277,17702,17208,229,265,3927,12090,1191,05/10/2026 12:51:05
SC,83909,4220000,BALNEÁRIO RINCÃO,"100,00",13698,10558,10215,158,185,3019,6580,616,05/10/2026 12:51:05
SC,81582,4202081,BANDEIRANTE,"100,00",2976,2474,2396,41,37,866,1325,205,05/10/2026 12:51:05
SC,81760,4202099,BARRA BONITA,"100,00",1855,1572,1520,33,19,520,844,156,05/10/2026 12:51:05
SC,80411,4202107,BARRA VELHA,"100,00",29651,22988,22295,339,354,4892,16003,1400,05/10/2026 12:51:05
SC,81221,4202131,BELA VISTA DO TOLDO,"100,00",5321,4395,4241,92,62,1012,2949,280,05/10/2026 12:51:05
SC,80748,4202156,BELMONTE,"100,00",2400,2039,1978,33,28,568,1285,125,05/10/2026 12:51:05
SC,80438,4202206,BENEDITO NOVO,"100,00",8293,6986,6763,107,116,886,5394,483,05/10/2026 12:51:05
SC,80454,4202305,BIGUAÇU,"100,00",57679,46142,44237,888,1017,12501,27718,4018,05/10/2026 12:51:05
SC,80470,4202404,BLUMENAU,"100,00",269370,218352,210793,2932,4627,43960,145080,21753,05/10/2026 12:51:05
SC,81280,4202438,BOCAINA DO SUL,"100,00",3180,2708,2628,38,42,778,1706,144,05/10/2026 12:51:05
SC,83895,4202503,BOM JARDIM DA SERRA,"100,00",3852,3042,2957,44,41,977,1820,160,05/10/2026 12:51:05
SC,81388,4202537,BOM JESUS,"100,00",2593,2177,2131,15,31,838,1171,122,05/10/2026 12:51:05
SC,81469,4202578,BOM JESUS DO OESTE,"100,00",1876,1642,1593,26,23,416,1070,107,05/10/2026 12:51:05
SC,80497,4202602,BOM RETIRO,"100,00",6588,5336,5172,77,87,1324,3493,355,05/10/2026 12:51:05
SC,80985,4202453,BOMBINHAS,"100,00",19110,15061,14532,184,345,3478,9935,1119,05/10/2026 12:51:05
SC,80519,4202701,BOTUVERÁ,"100,00",4908,4235,4046,88,101,691,3117,238,05/10/2026 12:51:05
SC,80535,4202800,BRAÇO DO NORTE,"100,00",25562,21378,20835,275,268,3229,15991,1615,05/10/2026 12:51:05
SC,80420,4202859,BRAÇO DO TROMBUDO,"100,00",3307,2846,2787,31,28,415,2206,166,05/10/2026 12:51:05
SC,81787,4202875,BRUNÓPOLIS,"100,00",2907,2397,2328,34,35,774,1469,85,05/10/2026 12:51:05
SC,80551,4202909,BRUSQUE,"100,00",101563,84692,82198,1179,1315,14981,61228,5989,05/10/2026 12:51:05
SC,80594,4203105,CAIBI,"100,00",5294,4401,4304,37,60,940,3145,219,05/10/2026 12:51:05
SC,80667,4203154,CALMON,"100,00",3186,2432,2355,38,39,1318,906,131,05/10/2026 12:51:05
SC,80616,4203204,CAMBORIÚ,"100,00",62278,48278,46696,744,838,10583,32572,3541,05/10/2026 12:51:05
SC,80632,4203303,CAMPO ALEGRE,"100,00",10133,8298,8075,119,104,1180,6398,497,05/10/2026 12:51:05
SC,80659,4203402,CAMPO BELO DO SUL,"100,00",5981,4811,4606,103,102,1722,2657,227,05/10/2026 12:51:05
SC,80675,4203501,CAMPO ERÊ,"100,00",7540,6015,5818,86,111,2575,2932,311,05/10/2026 12:51:05
SC,80691,4203600,CAMPOS NOVOS,"100,00",26900,20968,20264,440,264,5321,13738,1205,05/10/2026 12:51:05
SC,80713,4203709,CANELINHA,"100,00",10123,8284,7965,162,157,1597,5930,438,05/10/2026 12:51:05
SC,80730,4203808,CANOINHAS,"100,00",42693,33805,32552,766,487,7871,22012,2669,05/10/2026 12:51:05
SC,80756,4203907,CAPINZAL,"100,00",17174,13971,13517,213,241,3900,8630,987,05/10/2026 12:51:05
SC,81027,4203956,CAPIVARI DE BAIXO,"100,00",18207,14976,14455,238,283,4091,9234,1130,05/10/2026 12:51:05
SC,81248,4203253,CAPÃO ALTO,"100,00",3120,2576,2501,42,33,673,1598,230,05/10/2026 12:51:05
SC,80772,4204004,CATANDUVAS,"100,00",8118,6922,6726,109,87,1862,4408,456,05/10/2026 12:51:05
SC,80799,4204103,CAXAMBU DO SUL,"100,00",4374,3729,3619,54,56,1501,1931,187,05/10/2026 12:51:05
SC,80578,4203006,CAÇADOR,"100,00",53297,41071,39395,923,753,12361,23758,3276,05/10/2026 12:51:05
SC,80268,4204152,CELSO RAMOS,"100,00",2766,2292,2208,45,39,760,1274,174,05/10/2026 12:51:05
SC,80381,4204178,CERRO NEGRO,"100,00",3206,2668,2582,38,48,1240,1211,131,05/10/2026 12:51:05
SC,81701,4204194,CHAPADÃO DO LAGEADO,"100,00",2708,2397,2333,33,31,466,1666,201,05/10/2026 12:51:05
SC,80810,4204202,CHAPECÓ,"100,00",164327,134475,130696,1879,1900,39204,80783,10709,05/10/2026 12:51:05
SC,80306,4204251,COCAL DO SUL,"100,00",14810,11744,11372,133,239,2205,8114,1053,05/10/2026 12:51:05
SC,80837,4204301,CONCÓRDIA,"100,00",60391,48952,47520,717,715,11047,32573,3900,05/10/2026 12:51:05
SC,81043,4204350,CORDILHEIRA ALTA,"100,00",4131,3589,3499,51,39,950,2330,219,05/10/2026 12:51:05
SC,80853,4204400,CORONEL FREITAS,"100,00",8081,6781,6576,103,102,2070,4177,329,05/10/2026 12:51:05
SC,81108,4204459,CORONEL MARTINS,"100,00",2010,1690,1631,30,29,576,940,115,05/10/2026 12:51:05
SC,83950,4204558,CORREIA PINTO,"100,00",12108,10038,9662,213,163,3446,5636,580,05/10/2026 12:51:05
SC,80870,4204509,CORUPÁ,"100,00",11990,10361,10010,138,213,1709,7582,719,05/10/2026 12:51:05
SC,80896,4204608,CRICIÚMA,"100,00",154435,122582,118581,1907,2094,27729,79745,11107,05/10/2026 12:51:05
SC,80918,4204707,CUNHA PORÃ,"100,00",8864,7691,7445,104,142,945,6072,428,05/10/2026 12:51:05
SC,81620,4204756,CUNHATAÍ,"100,00",1868,1652,1611,22,19,339,1140,132,05/10/2026 12:51:05
SC,80934,4204806,CURITIBANOS,"100,00",31343,23999,22867,672,460,6653,14572,1642,05/10/2026 12:51:05
SC,80950,4204905,DESCANSO,"100,00",7241,6123,5972,76,75,1625,3808,539,05/10/2026 12:51:05
SC,80977,4205001,DIONÍSIO CERQUEIRA,"100,00",12090,9086,8829,106,151,3222,5130,477,05/10/2026 12:51:05
SC,80993,4205100,DONA EMMA,"100,00",3429,2860,2763,42,55,526,1949,288,05/10/2026 12:51:05
SC,80080,4205159,DOUTOR PEDRINHO,"100,00",3081,2556,2483,38,35,366,1905,212,05/10/2026 12:51:05
SC,81426,4205175,ENTRE RIOS,"100,00",3097,2592,2520,31,41,1393,1040,87,05/10/2026 12:51:05
SC,81167,4205191,ERMO,"100,00",2711,2368,2322,21,25,433,1748,141,05/10/2026 12:51:05
SC,81019,4205209,ERVAL VELHO,"100,00",3844,3215,3118,46,51,705,2223,190,05/10/2026 12:51:05
SC,81035,4205308,FAXINAL DOS GUEDES,"100,00",8705,7336,7058,128,150,2898,3690,470,05/10/2026 12:51:05
SC,81604,4205357,FLOR DO SERTÃO,"100,00",1772,1492,1439,30,23,474,815,150,05/10/2026 12:51:05
SC,81051,4205407,FLORIANÓPOLIS,"100,00",423969,337472,326832,4419,6221,133443,158954,34435,05/10/2026 12:51:05
SC,80888,4205431,FORMOSA DO SUL,"100,00",2622,2140,2080,35,25,795,1147,138,05/10/2026 12:51:05
SC,81060,4205456,FORQUILHINHA,"100,00",22444,18619,18132,256,231,4187,12705,1240,05/10/2026 12:51:05
SC,81078,4205506,FRAIBURGO,"100,00",26265,21030,20255,408,367,5350,13478,1427,05/10/2026 12:51:05
SC,81329,4205555,FREI ROGÉRIO,"100,00",2251,1915,1860,31,24,456,1282,122,05/10/2026 12:51:05
SC,81094,4205605,GALVÃO,"100,00",2750,2317,2232,46,39,718,1408,106,05/10/2026 12:51:05
SC,81132,4205704,GAROPABA,"100,00",24086,19276,18645,288,343,6126,11018,1501,05/10/2026 12:51:05
SC,81159,4205803,GARUVA,"100,00",12187,9930,9616,152,162,2085,6926,605,05/10/2026 12:51:05
SC,81175,4205902,GASPAR,"100,00",51557,41865,40509,614,742,8375,28827,3307,05/10/2026 12:51:05
SC,81116,4206009,GOVERNADOR CELSO RAMOS,"100,00",16835,13967,13566,173,228,2564,10068,934,05/10/2026 12:51:05
SC,81213,4206207,GRAVATAL,"100,00",9437,8020,7846,96,78,1483,5778,585,05/10/2026 12:51:05
SC,81191,4206108,GRÃO-PARÁ,"100,00",5610,4935,4771,72,92,747,3689,335,05/10/2026 12:51:05
SC,81230,4206306,GUABIRUBA,"100,00",17162,14901,14374,252,275,2416,10921,1037,05/10/2026 12:51:05
SC,81256,4206405,GUARACIABA,"100,00",8880,7715,7509,108,98,2180,4697,632,05/10/2026 12:51:05
SC,81272,4206504,GUARAMIRIM,"100,00",33628,27273,26572,362,339,5229,19367,1976,05/10/2026 12:51:05
SC,81299,4206603,GUARUJÁ DO SUL,"100,00",3992,3237,3127,53,57,937,1938,252,05/10/2026 12:51:05
SC,80527,4206652,GUATAMBÚ,"100,00",6236,5293,5133,77,83,2228,2561,344,05/10/2026 12:51:05
SC,81310,4206702,HERVAL D'OESTE,"100,00",16804,13479,13098,202,179,3533,8620,945,05/10/2026 12:51:05
SC,81400,4206751,IBIAM,"100,00",1985,1656,1627,16,13,423,1098,106,05/10/2026 12:51:05
SC,81337,4206801,IBICARÉ,"100,00",3018,2535,2460,37,38,492,1831,137,05/10/2026 12:51:05
SC,81353,4206900,IBIRAMA,"100,00",15466,12112,11715,162,235,2108,8560,1047,05/10/2026 12:51:05
SC,81396,4207106,ILHOTA,"100,00",12431,10029,9698,142,189,1773,7287,638,05/10/2026 12:51:05
SC,81418,4207205,IMARUÍ,"100,00",10187,8030,7689,147,194,2996,4200,493,05/10/2026 12:51:05
SC,81434,4207304,IMBITUBA,"100,00",42184,32129,30883,547,699,10648,17603,2632,05/10/2026 12:51:05
SC,81450,4207403,IMBUIA,"100,00",5201,4552,4408,72,72,707,3419,282,05/10/2026 12:51:05
SC,81477,4207502,INDAIAL,"100,00",50898,41003,39596,563,844,7033,29041,3522,05/10/2026 12:51:05
SC,81361,4207577,IOMERÊ,"100,00",2888,2494,2433,36,25,442,1795,196,05/10/2026 12:51:05
SC,81493,4207601,IPIRA,"100,00",3857,3352,3234,65,53,987,2011,236,05/10/2026 12:51:05
SC,80020,4207650,IPORÃ DO OESTE,"100,00",7715,6538,6326,96,116,1331,4358,637,05/10/2026 12:51:05
SC,80829,4207684,IPUAÇU,"100,00",5697,4540,4416,46,78,2442,1777,197,05/10/2026 12:51:05
SC,81515,4207700,IPUMIRIM,"100,00",6026,4834,4624,95,115,1598,2603,423,05/10/2026 12:51:05
SC,80187,4207759,IRACEMINHA,"100,00",3717,3234,3160,41,33,706,2230,224,05/10/2026 12:51:05
SC,81531,4207809,IRANI,"100,00",7724,6434,6211,132,91,1806,3882,523,05/10/2026 12:51:05
SC,80861,4207858,IRATI,"100,00",2036,1682,1627,26,29,635,910,82,05/10/2026 12:51:05
SC,81558,4207908,IRINEÓPOLIS,"100,00",8228,6844,6618,114,112,1540,4607,471,05/10/2026 12:51:05
SC,81590,4208104,ITAIÓPOLIS,"100,00",16680,13654,13178,261,215,2249,10200,729,05/10/2026 12:51:05
SC,81612,4208203,ITAJAÍ,"100,00",183857,148540,143782,2231,2527,33204,98583,11995,05/10/2026 12:51:05
SC,81639,4208302,ITAPEMA,"100,00",60041,46829,45792,460,577,8758,34048,2986,05/10/2026 12:51:05
SC,81655,4208401,ITAPIRANGA,"100,00",12187,9945,9706,103,136,1941,6821,944,05/10/2026 12:51:05
SC,81663,4208450,ITAPOÁ,"100,00",21623,16344,15764,253,327,4072,10514,1178,05/10/2026 12:51:05
SC,81671,4208500,ITUPORANGA,"100,00",19872,16751,16368,197,186,2473,12866,1029,05/10/2026 12:51:05
SC,81574,4208005,ITÁ,"100,00",5888,4955,4798,69,88,1588,2666,544,05/10/2026 12:51:05
SC,81370,4207007,IÇARA,"100,00",43842,35401,34389,485,527,7254,24515,2620,05/10/2026 12:51:05
SC,81698,4208609,JABORÁ,"100,00",3843,3342,3268,31,43,703,2325,240,05/10/2026 12:51:05
SC,81710,4208708,JACINTO MACHADO,"100,00",9165,7654,7421,121,112,1304,5619,498,05/10/2026 12:51:05
SC,81736,4208807,JAGUARUNA,"100,00",16425,13414,12997,230,187,2949,9193,855,05/10/2026 12:51:05
SC,81752,4208906,JARAGUÁ DO SUL,"100,00",131454,111510,108628,1262,1620,20528,78938,9162,05/10/2026 12:51:05
SC,81140,4208955,JARDINÓPOLIS,"100,00",1699,1490,1450,25,15,443,882,125,05/10/2026 12:51:05
SC,81779,4209003,JOAÇABA,"100,00",22370,18023,17548,247,228,3863,12319,1366,05/10/2026 12:51:05
SC,81795,4209102,JOINVILLE,"100,00",443225,364105,352869,4761,6475,72919,246309,33641,05/10/2026 12:51:05
SC,80101,4209151,JOSÉ BOITEUX,"100,00",4540,3708,3623,36,49,1183,2222,218,05/10/2026 12:51:05
SC,81540,4209177,JUPIÁ,"100,00",2255,1916,1862,22,32,629,1105,128,05/10/2026 12:51:05
SC,81817,4209201,LACERDÓPOLIS,"100,00",1979,1738,1690,24,24,312,1280,98,05/10/2026 12:51:05
SC,81833,4209300,LAGES,"100,00",125222,98934,95422,1974,1538,25809,62339,7274,05/10/2026 12:51:05
SC,81850,4209409,LAGUNA,"100,00",36422,28784,27698,516,570,9505,15914,2279,05/10/2026 12:51:05
SC,80586,4209458,LAJEADO GRANDE,"100,00",1593,1371,1338,22,11,362,893,83,05/10/2026 12:51:05
SC,81876,4209508,LAURENTINO,"100,00",6020,5327,5163,76,88,896,3919,348,05/10/2026 12:51:05
SC,81892,4209607,LAURO MÜLLER,"100,00",12330,10074,9642,181,251,2607,6226,809,05/10/2026 12:51:05
SC,81914,4209706,LEBON RÉGIS,"100,00",8737,6913,6600,168,145,2899,3245,456,05/10/2026 12:51:05
SC,81930,4209805,LEOBERTO LEAL,"100,00",3293,2834,2726,57,51,542,1968,216,05/10/2026 12:51:05
SC,80047,4209854,LINDÓIA DO SUL,"100,00",3810,3064,2979,42,43,773,1949,257,05/10/2026 12:51:05
SC,81957,4209904,LONTRAS,"100,00",9347,7717,7470,124,123,1307,5686,477,05/10/2026 12:51:05
SC,81973,4210001,LUIZ ALVES,"100,00",10211,8927,8731,91,105,1270,6909,552,05/10/2026 12:51:05
SC,81809,4210035,LUZERNA,"100,00",4829,4267,4172,50,45,675,3164,333,05/10/2026 12:51:05
SC,80900,4210050,MACIEIRA,"100,00",2360,1922,1869,30,23,646,1107,116,05/10/2026 12:51:05
SC,81990,4210100,MAFRA,"100,00",42431,34619,33223,818,578,6418,24036,2769,05/10/2026 12:51:05
SC,82015,4210209,MAJOR GERCINO,"100,00",3305,2616,2516,47,53,566,1770,180,05/10/2026 12:51:05
SC,82031,4210308,MAJOR VIEIRA,"100,00",6050,4973,4748,115,110,1185,3173,390,05/10/2026 12:51:05
SC,83917,4210407,MARACAJÁ,"100,00",6447,5512,5333,84,95,1296,3585,452,05/10/2026 12:51:05
SC,82058,4210506,MARAVILHA,"100,00",20395,17120,16709,198,213,3684,11639,1386,05/10/2026 12:51:05
SC,82066,4210555,MAREMA,"100,00",2215,1880,1827,25,28,494,1225,108,05/10/2026 12:51:05
SC,82074,4210605,MASSARANDUBA,"100,00",13335,11271,10965,123,183,1434,8736,795,05/10/2026 12:51:05
SC,82090,4210704,MATOS COSTA,"100,00",2463,1902,1823,48,31,785,911,127,05/10/2026 12:51:05
SC,82112,4210803,MELEIRO,"100,00",5868,5146,5026,62,58,792,3938,296,05/10/2026 12:51:05
SC,80365,4210852,MIRIM DOCE,"100,00",2265,1951,1903,29,19,405,1407,91,05/10/2026 12:51:05
SC,82139,4210902,MODELO,"100,00",3479,3036,2964,40,32,788,1865,311,05/10/2026 12:51:05
SC,82155,4211009,MONDAÍ,"100,00",7441,6405,6233,60,112,1910,3721,602,05/10/2026 12:51:05
SC,80004,4211058,MONTE CARLO,"100,00",6989,5522,5233,178,111,2053,2860,320,05/10/2026 12:51:05
SC,82171,4211108,MONTE CASTELO,"100,00",6982,5765,5537,129,99,1677,3503,357,05/10/2026 12:51:05
SC,82198,4211207,MORRO DA FUMAÇA,"100,00",14207,11673,11390,151,132,1799,8875,716,05/10/2026 12:51:05
SC,81086,4211256,MORRO GRANDE,"100,00",2721,2367,2308,31,28,388,1774,146,05/10/2026 12:51:05
SC,82210,4211306,NAVEGANTES,"100,00",66392,51547,49822,847,878,12780,32775,4267,05/10/2026 12:51:05
SC,82236,4211405,NOVA ERECHIM,"100,00",4037,3417,3321,37,59,1006,2054,261,05/10/2026 12:51:05
SC,80322,4211454,NOVA ITABERABA,"100,00",3921,3442,3351,49,42,1286,1831,234,05/10/2026 12:51:05
SC,82252,4211504,NOVA TRENTO,"100,00",11343,9549,9204,161,184,1588,6982,634,05/10/2026 12:51:05
SC,82279,4211603,NOVA VENEZA,"100,00",12429,10484,10238,126,120,1807,7814,617,05/10/2026 12:51:05
SC,80764,4211652,NOVO HORIZONTE,"100,00",2570,2180,2116,32,32,663,1334,119,05/10/2026 12:51:05
SC,82295,4211702,ORLEANS,"100,00",19333,15775,15323,222,230,2357,12012,954,05/10/2026 12:51:05
SC,83976,4211751,OTACÍLIO COSTA,"100,00",12683,10699,10362,180,157,2729,6918,715,05/10/2026 12:51:05
SC,82317,4211801,OURO,"100,00",5678,4755,4595,75,85,981,3286,328,05/10/2026 12:51:05
SC,80845,4211850,OURO VERDE,"100,00",2040,1718,1668,25,25,461,1124,83,05/10/2026 12:51:05
SC,81442,4211876,PAIAL,"100,00",1999,1676,1631,26,19,679,829,123,05/10/2026 12:51:05
SC,81264,4211892,PAINEL,"100,00",2599,2125,2072,27,26,678,1231,163,05/10/2026 12:51:05
SC,82333,4211900,PALHOÇA,"100,00",154633,124348,119629,2206,2513,33189,74587,11853,05/10/2026 12:51:05
SC,82350,4212007,PALMA SOLA,"100,00",5410,4492,4354,70,68,1704,2327,323,05/10/2026 12:51:05
SC,81566,4212056,PALMEIRA,"100,00",3317,2709,2631,32,46,718,1731,182,05/10/2026 12:51:05
SC,82376,4212106,PALMITOS,"100,00",12297,10125,9850,148,127,2100,7084,666,05/10/2026 12:51:05
SC,82392,4212205,PAPANDUVA,"100,00",14658,12135,11560,354,221,3459,7387,714,05/10/2026 12:51:05
SC,80705,4212239,PARAÍSO,"100,00",3609,2957,2853,54,50,1057,1570,226,05/10/2026 12:51:05
SC,80403,4212254,PASSO DE TORRES,"100,00",9128,7246,7010,113,123,1980,4487,543,05/10/2026 12:51:05
SC,80624,4212270,PASSOS MAIA,"100,00",3505,2761,2681,35,45,1159,1376,146,05/10/2026 12:51:05
SC,82414,4212304,PAULO LOPES,"100,00",7411,6251,6030,106,115,1618,4047,365,05/10/2026 12:51:05
SC,82430,4212403,PEDRAS GRANDES,"100,00",4152,3444,3320,57,67,596,2483,241,05/10/2026 12:51:05
SC,82457,4212502,PENHA,"100,00",26267,20511,19878,283,350,4288,13945,1645,05/10/2026 12:51:05
SC,82473,4212601,PERITIBA,"100,00",2879,2554,2485,34,35,465,1837,183,05/10/2026 12:51:05
SC,83925,4212650,PESCARIA BRAVA,"100,00",8428,7383,7136,120,127,2189,4361,586,05/10/2026 12:51:05
SC,82490,4212700,PETROLÂNDIA,"100,00",5523,4861,4747,55,59,786,3708,253,05/10/2026 12:51:05
SC,82538,4212908,PINHALZINHO,"100,00",15631,13146,12740,174,232,3748,7827,1165,05/10/2026 12:51:05
SC,82554,4213005,PINHEIRO PRETO,"100,00",3010,2440,2370,38,32,619,1567,184,05/10/2026 12:51:05
SC,82570,4213104,PIRATUBA,"100,00",5246,4446,4304,55,87,1048,2914,342,05/10/2026 12:51:05
SC,80543,4213153,PLANALTO ALEGRE,"100,00",2907,2488,2392,41,55,1017,1208,167,05/10/2026 12:51:05
SC,82597,4213203,POMERODE,"100,00",27227,21941,21207,281,453,3408,15879,1920,05/10/2026 12:51:05
SC,82619,4213302,PONTE ALTA,"100,00",4025,3325,3188,64,73,1109,1945,134,05/10/2026 12:51:05
SC,80926,4213351,PONTE ALTA DO NORTE,"100,00",2635,2021,1916,48,57,682,1144,90,05/10/2026 12:51:05
SC,82635,4213401,PONTE SERRADA,"100,00",8142,6390,6184,83,123,2392,3481,311,05/10/2026 12:51:05
SC,82651,4213500,PORTO BELO,"100,00",20041,15465,15029,200,236,3028,10933,1068,05/10/2026 12:51:05
SC,82678,4213609,PORTO UNIÃO,"100,00",25684,19773,19051,374,348,4850,12554,1647,05/10/2026 12:51:05
SC,82694,4213708,POUSO REDONDO,"100,00",12260,10040,9791,145,104,1671,7576,544,05/10/2026 12:51:05
SC,82716,4213807,PRAIA GRANDE,"100,00",6688,5553,5377,78,98,1530,3388,459,05/10/2026 12:51:05
SC,82732,4213906,PRESIDENTE CASTELLO BRANCO,"100,00",1670,1476,1448,17,11,244,1116,88,05/10/2026 12:51:05
SC,82759,4214003,PRESIDENTE GETÚLIO,"100,00",14268,11794,11464,157,173,1866,8864,734,05/10/2026 12:51:05
SC,82775,4214102,PRESIDENTE NEREU,"100,00",2237,1866,1804,35,27,368,1329,107,05/10/2026 12:51:05
SC,81647,4214151,PRINCESA,"100,00",2564,2208,2146,31,31,524,1430,192,05/10/2026 12:51:05
SC,82791,4214201,QUILOMBO,"100,00",8066,6713,6488,97,128,2340,3764,384,05/10/2026 12:51:05
SC,82813,4214300,RANCHO QUEIMADO,"100,00",3744,3177,3078,57,42,601,2237,240,05/10/2026 12:51:05
SC,82830,4214409,RIO DAS ANTAS,"100,00",5383,4519,4384,70,65,1059,3066,259,05/10/2026 12:51:05
SC,82856,4214508,RIO DO CAMPO,"100,00",5436,4679,4578,47,54,805,3461,312,05/10/2026 12:51:05
SC,82872,4214607,RIO DO OESTE,"100,00",6043,5155,5019,66,70,951,3613,455,05/10/2026 12:51:05
SC,82910,4214805,RIO DO SUL,"100,00",51075,41429,40307,493,629,7559,29363,3385,05/10/2026 12:51:05
SC,82899,4214706,RIO DOS CEDROS,"100,00",8999,7713,7458,113,142,1225,5703,530,05/10/2026 12:51:05
SC,82937,4214904,RIO FORTUNA,"100,00",4372,3984,3889,45,50,436,3141,312,05/10/2026 12:51:05
SC,82953,4215000,RIO NEGRINHO,"100,00",31740,24953,24131,406,416,4753,17568,1810,05/10/2026 12:51:05
SC,80608,4215059,RIO RUFINO,"100,00",2423,2042,1998,31,13,586,1262,150,05/10/2026 12:51:05
SC,80560,4215075,RIQUEZA,"100,00",3992,3396,3306,42,48,1075,2000,231,05/10/2026 12:51:05
SC,82970,4215109,RODEIO,"100,00",9464,8157,7845,148,164,1299,5909,637,05/10/2026 12:51:05
SC,82996,4215208,ROMELÂNDIA,"100,00",4125,3433,3309,75,49,1106,1958,245,05/10/2026 12:51:05
SC,83011,4215307,SALETE,"100,00",6344,5347,5184,70,93,944,3849,391,05/10/2026 12:51:05
SC,81523,4215356,SALTINHO,"100,00",3274,2691,2577,68,46,1195,1188,194,05/10/2026 12:51:05
SC,83038,4215406,SALTO VELOSO,"100,00",3446,2864,2770,35,59,665,1905,200,05/10/2026 12:51:05
SC,81000,4215455,SANGÃO,"100,00",8877,7363,7197,78,88,1237,5629,331,05/10/2026 12:51:05
SC,83054,4215505,SANTA CECÍLIA,"100,00",12255,9243,8821,265,157,2779,5603,439,05/10/2026 12:51:05
SC,80721,4215554,SANTA HELENA,"100,00",2208,1933,1847,47,39,559,1129,159,05/10/2026 12:51:05
SC,83070,4215604,SANTA ROSA DE LIMA,"100,00",2019,1774,1712,33,29,378,1150,184,05/10/2026 12:51:05
SC,80241,4215653,SANTA ROSA DO SUL,"100,00",7760,6325,6160,78,87,1404,4328,428,05/10/2026 12:51:05
SC,80349,4215679,SANTA TEREZINHA,"100,00",6527,5454,5270,121,63,1037,3923,310,05/10/2026 12:51:05
SC,81507,4215687,SANTA TEREZINHA DO PROGRESSO,"100,00",2456,1997,1920,48,29,855,918,147,05/10/2026 12:51:05
SC,81205,4215695,SANTIAGO DO SUL,"100,00",1538,1264,1229,14,21,482,659,88,05/10/2026 12:51:05
SC,83097,4215703,SANTO AMARO DA IMPERATRIZ,"100,00",20294,17289,16733,212,344,4073,11127,1533,05/10/2026 12:51:05
SC,83410,4217303,SAUDADES,"100,00",7589,6674,6507,72,95,1751,4119,637,05/10/2026 12:51:05
SC,83437,4217402,SCHROEDER,"100,00",14004,12098,11792,140,166,2212,8713,867,05/10/2026 12:51:05
SC,83453,4217501,SEARA,"100,00",13942,11508,11080,214,214,3680,6368,1032,05/10/2026 12:51:05
SC,80284,4217550,SERRA ALTA,"100,00",2818,2482,2411,40,31,631,1628,152,05/10/2026 12:51:05
SC,83470,4217600,SIDERÓPOLIS,"100,00",11784,9259,8960,143,156,2275,5856,829,05/10/2026 12:51:05
SC,83496,4217709,SOMBRIO,"100,00",22226,18470,17938,255,277,4082,12474,1382,05/10/2026 12:51:05
SC,80446,4217758,SUL BRASIL,"100,00",2414,2139,2071,35,33,786,1137,148,05/10/2026 12:51:05
SC,83119,4215802,SÃO BENTO DO SUL,"100,00",63838,51505,49816,856,833,8730,36609,4477,05/10/2026 12:51:05
SC,81485,4215752,SÃO BERNARDINO,"100,00",2576,2153,2079,33,41,843,1091,145,05/10/2026 12:51:05
SC,83135,4215901,SÃO BONIFÁCIO,"100,00",2932,2484,2389,52,43,354,1859,176,05/10/2026 12:51:05
SC,83151,4216008,SÃO CARLOS,"100,00",8222,6971,6767,99,105,1933,4295,539,05/10/2026 12:51:05
SC,80942,4216057,SÃO CRISTÓVÃO DO SUL,"100,00",3557,2721,2633,53,35,870,1609,154,05/10/2026 12:51:05
SC,83178,4216107,SÃO DOMINGOS,"100,00",7343,6096,5879,119,98,1906,3697,276,05/10/2026 12:51:05
SC,83194,4216206,SÃO FRANCISCO DO SUL,"100,00",42667,32132,31081,496,555,8196,20476,2409,05/10/2026 12:51:05
SC,83259,4216503,SÃO JOAQUIM,"100,00",19522,14885,14286,352,247,3849,9202,1235,05/10/2026 12:51:05
SC,83275,4216602,SÃO JOSÉ,"100,00",195574,157752,152032,2496,3224,46951,89505,15576,05/10/2026 12:51:05
SC,83291,4216701,SÃO JOSÉ DO CEDRO,"100,00",10947,9309,9010,145,154,1908,6472,630,05/10/2026 12:51:05
SC,83313,4216800,SÃO JOSÉ DO CERRITO,"100,00",7722,6586,6370,108,108,2665,3318,387,05/10/2026 12:51:05
SC,83216,4216305,SÃO JOÃO BATISTA,"100,00",23144,18767,18214,269,284,3167,13834,1213,05/10/2026 12:51:05
SC,81124,4216354,SÃO JOÃO DO ITAPERIÚ,"100,00",4277,3600,3525,27,48,574,2792,159,05/10/2026 12:51:05
SC,80640,4216255,SÃO JOÃO DO OESTE,"100,00",5102,4494,4379,43,72,713,3192,474,05/10/2026 12:51:05
SC,83232,4216404,SÃO JOÃO DO SUL,"100,00",7398,6243,6064,98,81,1195,4379,490,05/10/2026 12:51:05
SC,83330,4216909,SÃO LOURENÇO DO OESTE,"100,00",19026,15319,14874,237,208,4243,9554,1077,05/10/2026 12:51:05
SC,83356,4217006,SÃO LUDGERO,"100,00",9949,8534,8336,113,85,1368,6355,613,05/10/2026 12:51:05
SC,83372,4217105,SÃO MARTINHO,"100,00",3230,2871,2808,31,32,406,2185,217,05/10/2026 12:51:05
SC,80780,4217154,SÃO MIGUEL DA BOA VISTA,"100,00",1757,1453,1416,14,23,525,729,162,05/10/2026 12:51:05
SC,83399,4217204,SÃO MIGUEL DO OESTE,"100,00",32021,25505,24896,311,298,6383,16088,2425,05/10/2026 12:51:05
SC,81183,4217253,SÃO PEDRO DE ALCÂNTARA,"100,00",4795,4138,4012,50,76,903,2785,324,05/10/2026 12:51:05
SC,83518,4217808,TAIÓ,"100,00",14737,11846,11552,128,166,1589,9300,663,05/10/2026 12:51:05
SC,83534,4217907,TANGARÁ,"100,00",6620,5449,5275,97,77,1099,3817,359,05/10/2026 12:51:05
SC,81680,4217956,TIGRINHOS,"100,00",2043,1713,1660,34,19,578,960,122,05/10/2026 12:51:05
SC,83550,4218004,TIJUCAS,"100,00",36911,28818,27890,398,530,6064,19722,2104,05/10/2026 12:51:05
SC,83933,4218103,TIMBÉ DO SUL,"100,00",4542,3909,3796,54,59,844,2716,236,05/10/2026 12:51:05
SC,83577,4218202,TIMBÓ,"100,00",35846,29611,28673,366,572,4416,21690,2567,05/10/2026 12:51:05
SC,80209,4218251,TIMBÓ GRANDE,"100,00",5898,4446,4279,93,74,1621,2395,263,05/10/2026 12:51:05
SC,81345,4218350,TREVISO,"100,00",3946,3276,3170,46,60,824,2015,331,05/10/2026 12:51:05
SC,83615,4218400,TREZE DE MAIO,"100,00",6518,5669,5523,87,59,747,4455,321,05/10/2026 12:51:05
SC,83631,4218509,TREZE TÍLIAS,"100,00",6439,5464,5331,58,75,877,4067,387,05/10/2026 12:51:05
SC,83658,4218608,TROMBUDO CENTRAL,"100,00",5524,4626,4515,56,55,790,3467,258,05/10/2026 12:51:05
SC,83593,4218301,TRÊS BARRAS,"100,00",15074,11704,11154,329,221,3332,6899,923,05/10/2026 12:51:05
SC,83674,4218707,TUBARÃO,"100,00",82210,66393,64294,891,1208,13559,45432,5303,05/10/2026 12:51:05
SC,83682,4218756,TUNÁPOLIS,"100,00",4043,3596,3494,35,67,607,2528,359,05/10/2026 12:51:05
SC,83690,4218806,TURVO,"100,00",10409,8943,8752,97,94,1284,6974,494,05/10/2026 12:51:05
SC,80144,4218855,UNIÃO DO OESTE,"100,00",2463,2067,2026,14,27,621,1276,129,05/10/2026 12:51:05
SC,83712,4218905,URUBICI,"100,00",8139,6765,6615,74,76,1327,4822,466,05/10/2026 12:51:05
SC,80160,4218954,URUPEMA,"100,00",2525,2043,1971,39,33,554,1241,176,05/10/2026 12:51:05
SC,83739,4219002,URUSSANGA,"100,00",17330,13000,12597,190,213,2321,9183,1093,05/10/2026 12:51:05
SC,80462,4219150,VARGEM,"100,00",2628,2167,2087,41,39,777,1194,116,05/10/2026 12:51:05
SC,80969,4219176,VARGEM BONITA,"100,00",3962,3305,3211,43,51,1049,1944,218,05/10/2026 12:51:05
SC,83755,4219101,VARGEÃO,"100,00",2999,2447,2358,47,42,818,1349,191,05/10/2026 12:51:05
SC,83771,4219200,VIDAL RAMOS,"100,00",5308,4595,4444,78,73,827,3358,259,05/10/2026 12:51:05
SC,83798,4219309,VIDEIRA,"100,00",39175,30986,29988,517,481,6682,21226,2080,05/10/2026 12:51:05
SC,80128,4219358,VITOR MEIRELES,"100,00",4377,3696,3589,54,53,819,2504,266,05/10/2026 12:51:05
SC,83810,4219408,WITMARSUM,"100,00",3494,3003,2883,43,77,540,2103,240,05/10/2026 12:51:05
SC,83836,4219507,XANXERÊ,"100,00",34911,29079,28261,391,427,8667,17483,2111,05/10/2026 12:51:05
SC,83852,4219606,XAVANTINA,"100,00",3388,2927,2826,66,35,930,1711,185,05/10/2026 12:51:05
SC,83879,4219705,XAXIM,"100,00",22987,19026,18465,291,270,4937,12369,1159,05/10/2026 12:51:05
SC,81825,4219853,ZORTÉA,"100,00",3214,2728,2647,35,46,871,1631,145,05/10/2026 12:51:05
SC,80071,4200408,ÁGUA DOCE,"100,00",5464,4418,4308,53,57,940,3112,256,05/10/2026 12:51:05
SC,80098,4200507,ÁGUAS DE CHAPECÓ,"100,00",4732,3872,3750,53,69,1542,1986,222,05/10/2026 12:51:05
SC,80500,4200556,ÁGUAS FRIAS,"100,00",2566,2259,2205,25,29,699,1302,204,05/10/2026 12:51:05
SC,80110,4200606,ÁGUAS MORNAS,"100,00",6493,5654,5399,120,135,1108,3818,473,05/10/2026 12:51:05
SE,31011,2800100,AMPARO DE SÃO FRANCISCO,"100,00",3095,2551,2463,30,58,1618,719,126,05/10/2026 12:51:05
SE,31038,2800209,AQUIDABÃ,"100,00",17283,14313,13669,179,465,9505,3403,761,05/10/2026 12:51:05
SE,31054,2800308,ARACAJU,"100,00",422179,352202,335671,5839,10692,181481,125252,28938,05/10/2026 12:51:05
SE,31070,2800407,ARAUÁ,"100,00",9692,7914,7555,123,236,5591,1602,362,05/10/2026 12:51:05
SE,31097,2800506,AREIA BRANCA,"100,00",15286,13011,12151,286,574,8136,3289,726,05/10/2026 12:51:05
SE,31119,2800605,BARRA DOS COQUEIROS,"100,00",31707,26128,24997,442,689,14554,8676,1767,05/10/2026 12:51:05
SE,31151,2800670,BOQUIM,"100,00",22028,17836,16903,293,640,11208,4736,959,05/10/2026 12:51:05
SE,31135,2800704,BREJO GRANDE,"100,00",8118,6321,6017,101,203,4448,1324,245,05/10/2026 12:51:05
SE,31194,2801009,CAMPO DO BRITO,"100,00",15710,12858,12119,215,524,8354,3073,692,05/10/2026 12:51:05
SE,31216,2801108,CANHOBA,"100,00",4709,3990,3821,52,117,2880,735,206,05/10/2026 12:51:05
SE,31232,2801207,CANINDÉ DE SÃO FRANCISCO,"100,00",24727,18887,18018,199,670,12724,4343,951,05/10/2026 12:51:05
SE,31259,2801306,CAPELA,"100,00",27103,21120,19745,453,922,12998,5595,1152,05/10/2026 12:51:05
SE,31275,2801405,CARIRA,"100,00",17134,13953,13160,199,594,8800,3576,784,05/10/2026 12:51:05
SE,31291,2801504,CARMÓPOLIS,"100,00",12534,9574,9036,169,369,5835,2721,480,05/10/2026 12:51:05
SE,31313,2801603,CEDRO DE SÃO JOÃO,"100,00",5345,4553,4376,48,129,2813,1353,210,05/10/2026 12:51:05
SE,31330,2801702,CRISTINÁPOLIS,"100,00",14633,11295,10849,151,295,7942,2390,517,05/10/2026 12:51:05
SE,31372,2801900,CUMBE,"100,00",4501,3845,3618,63,164,2100,1268,250,05/10/2026 12:51:05
SE,31399,2802007,DIVINA PASTORA,"100,00",4411,3624,3453,57,114,2569,718,166,05/10/2026 12:51:05
SE,31410,2802106,ESTÂNCIA,"100,00",50966,40967,38852,787,1328,26942,9428,2482,05/10/2026 12:51:05
SE,31437,2802205,FEIRA NOVA,"100,00",6299,5470,5233,55,182,3759,1250,224,05/10/2026 12:51:05
SE,31453,2802304,FREI PAULO,"100,00",13549,11285,10571,232,482,5974,4012,585,05/10/2026 12:51:05
SE,31496,2802403,GARARU,"100,00",9619,7859,7520,86,253,5934,1310,276,05/10/2026 12:51:05
SE,31470,2802502,GENERAL MAYNARD,"100,00",3345,2776,2663,34,79,1874,610,179,05/10/2026 12:51:05
SE,31518,2802601,GRACCHO CARDOSO,"100,00",6449,5494,5284,69,141,3961,1107,216,05/10/2026 12:51:05
SE,31534,2802700,ILHA DAS FLORES,"100,00",7753,6127,5839,103,185,4309,1316,214,05/10/2026 12:51:05
SE,31550,2802809,INDIAROBA,"100,00",13697,10735,10235,152,348,7874,1833,528,05/10/2026 12:51:05
SE,31577,2802908,ITABAIANA,"100,00",76645,66065,61342,1353,3370,34172,22644,4526,05/10/2026 12:51:05
SE,31593,2803005,ITABAIANINHA,"100,00",32189,27079,25727,446,906,15014,9418,1295,05/10/2026 12:51:05
SE,31615,2803104,ITABI,"100,00",4734,3921,3712,55,154,2448,1056,208,05/10/2026 12:51:05
SE,31631,2803203,ITAPORANGA D'AJUDA,"100,00",29786,24068,22545,539,984,15076,5962,1507,05/10/2026 12:51:05
SE,31658,2803302,JAPARATUBA,"100,00",14930,11781,11198,228,355,7993,2598,607,05/10/2026 12:51:05
SE,31674,2803401,JAPOATÃ,"100,00",11510,9356,8902,165,289,6453,2074,375,05/10/2026 12:51:05
SE,31690,2803500,LAGARTO,"100,00",82331,69965,65914,1187,2864,43033,18660,4221,05/10/2026 12:51:05
SE,31712,2803609,LARANJEIRAS,"100,00",22132,18188,17156,382,650,11262,4917,977,05/10/2026 12:51:05
SE,31739,2803708,MACAMBIRA,"100,00",6860,5742,5403,81,258,3653,1486,264,05/10/2026 12:51:05
SE,31755,2803807,MALHADA DOS BOIS,"100,00",4297,3430,3298,35,97,2390,761,147,05/10/2026 12:51:05
SE,31771,2803906,MALHADOR,"100,00",10440,8746,8214,164,368,5681,2103,430,05/10/2026 12:51:05
SE,31798,2804003,MARUIM,"100,00",13208,10484,9980,217,287,7489,2003,488,05/10/2026 12:51:05
SE,31810,2804102,MOITA BONITA,"100,00",9837,8210,7526,206,478,4488,2536,502,05/10/2026 12:51:05
SE,31836,2804201,MONTE ALEGRE DE SERGIPE,"100,00",12763,10378,9914,145,319,6602,2894,418,05/10/2026 12:51:05
SE,31852,2804300,MURIBECA,"100,00",7511,6242,5971,109,162,4045,1610,316,05/10/2026 12:51:05
SE,31879,2804409,NEÓPOLIS,"100,00",14406,11492,11035,139,318,7966,2621,448,05/10/2026 12:51:05
SE,31356,2804458,NOSSA SENHORA APARECIDA,"100,00",7652,6384,5968,137,279,3666,2047,255,05/10/2026 12:51:05
SE,31895,2804508,NOSSA SENHORA DA GLÓRIA,"100,00",30467,25928,24863,386,679,17417,5935,1511,05/10/2026 12:51:05
SE,31917,2804607,NOSSA SENHORA DAS DORES,"100,00",21460,18069,16907,394,768,10407,5511,989,05/10/2026 12:51:05
SE,31933,2804706,NOSSA SENHORA DE LOURDES,"100,00",6277,5334,5123,43,168,3869,1043,211,05/10/2026 12:51:05
SE,31950,2804805,NOSSA SENHORA DO SOCORRO,"100,00",123924,104904,99120,2234,3550,54778,36266,8076,05/10/2026 12:51:05
SE,31976,2804904,PACATUBA,"100,00",11850,9366,8900,159,307,6976,1457,467,05/10/2026 12:51:05
SE,31992,2805000,PEDRA MOLE,"100,00",3372,2828,2667,42,119,1780,748,139,05/10/2026 12:51:05
SE,32018,2805109,PEDRINHAS,"100,00",7917,6385,6092,76,217,4206,1611,275,05/10/2026 12:51:05
SE,32034,2805208,PINHÃO,"100,00",5635,4671,4405,66,200,3166,994,245,05/10/2026 12:51:05
SE,32050,2805307,PIRAMBU,"100,00",8575,6637,6323,112,202,4396,1513,414,05/10/2026 12:51:05
SE,32115,2805604,PORTO DA FOLHA,"100,00",25098,20927,20038,314,575,14534,4396,1108,05/10/2026 12:51:05
SE,32077,2805406,POÇO REDONDO,"100,00",22765,18082,17287,194,601,12006,4466,815,05/10/2026 12:51:05
SE,32093,2805505,POÇO VERDE,"100,00",19505,15833,15081,238,514,10749,3389,943,05/10/2026 12:51:05
SE,32131,2805703,PROPRIÁ,"100,00",20113,16581,15889,264,428,9437,5700,752,05/10/2026 12:51:05
SE,32174,2805901,RIACHUELO,"100,00",8232,6538,6219,110,209,4442,1487,290,05/10/2026 12:51:05
SE,32158,2805802,RIACHÃO DO DANTAS,"100,00",17768,14896,14177,221,498,10985,2500,692,05/10/2026 12:51:05
SE,32190,2806008,RIBEIRÓPOLIS,"100,00",14762,12174,11316,248,610,7041,3653,622,05/10/2026 12:51:05
SE,32212,2806107,ROSÁRIO DO CATETE,"100,00",8984,7092,6777,110,205,4950,1501,326,05/10/2026 12:51:05
SE,32239,2806206,SALGADO,"100,00",17916,15022,14262,240,520,10275,3174,813,05/10/2026 12:51:05
SE,32255,2806305,SANTA LUZIA DO ITANHY,"100,00",12169,9495,8920,174,401,6727,1745,448,05/10/2026 12:51:05
SE,32298,2806503,SANTA ROSA DE LIMA,"100,00",4659,3893,3678,88,127,2488,988,202,05/10/2026 12:51:05
SE,31003,2806404,SANTANA DO SÃO FRANCISCO,"100,00",6340,5074,4824,95,155,3316,1329,179,05/10/2026 12:51:05
SE,32310,2806602,SANTO AMARO DAS BROTAS,"100,00",10453,7811,7471,120,220,5958,1186,327,05/10/2026 12:51:05
SE,32417,2807105,SIMÃO DIAS,"100,00",37093,30782,28739,596,1447,19464,7480,1795,05/10/2026 12:51:05
SE,32433,2807204,SIRIRI,"100,00",6787,5616,5368,96,152,3887,1202,279,05/10/2026 12:51:05
SE,32336,2806701,SÃO CRISTÓVÃO,"100,00",61859,52267,49236,1162,1869,30166,15555,3515,05/10/2026 12:51:05
SE,32352,2806800,SÃO DOMINGOS,"100,00",8598,6769,6259,124,386,3925,2066,268,05/10/2026 12:51:05
SE,32379,2806909,SÃO FRANCISCO,"100,00",3798,3202,3078,28,96,2123,814,141,05/10/2026 12:51:05
SE,32395,2807006,SÃO MIGUEL DO ALEIXO,"100,00",3982,3348,3153,46,149,2203,774,176,05/10/2026 12:51:05
SE,32450,2807303,TELHA,"100,00",3641,3083,2973,49,61,1935,924,114,05/10/2026 12:51:05
SE,32476,2807402,TOBIAS BARRETO,"100,00",42750,35734,34197,420,1117,21687,10541,1969,05/10/2026 12:51:05
SE,32492,2807501,TOMAR DO GERU,"100,00",10522,8366,7907,115,344,5316,2210,381,05/10/2026 12:51:05
SE,32514,2807600,UMBAÚBA,"100,00",19761,16156,15324,290,542,9796,4652,876,05/10/2026 12:51:05
SP,61018,3500105,ADAMANTINA,"100,00",25494,19779,18871,463,445,3957,13609,1305,05/10/2026 12:51:05
SP,61034,3500204,ADOLFO,"100,00",3977,3105,2972,49,84,865,1974,133,05/10/2026 12:51:05
SP,61050,3500303,AGUAÍ,"100,00",24235,18144,16794,618,732,5594,9806,1394,05/10/2026 12:51:05
SP,61131,3500709,AGUDOS,"100,00",28853,22394,20997,516,881,5754,13759,1484,05/10/2026 12:51:05
SP,61581,3500758,ALAMBARI,"100,00",5139,4082,3872,90,120,1075,2568,229,05/10/2026 12:51:05
SP,61158,3500808,ALFREDO MARCONDES,"100,00",3964,3163,3021,61,81,984,1905,132,05/10/2026 12:51:05
SP,61174,3500907,ALTAIR,"100,00",2954,2405,2282,51,72,818,1377,87,05/10/2026 12:51:05
SP,61190,3501004,ALTINÓPOLIS,"100,00",12706,9911,9239,315,357,3465,4946,828,05/10/2026 12:51:05
SP,61212,3501103,ALTO ALEGRE,"100,00",3662,2899,2776,50,73,728,1927,121,05/10/2026 12:51:05
SP,61220,3501152,ALUMÍNIO,"100,00",14040,11163,10610,269,284,4061,5333,1216,05/10/2026 12:51:05
SP,61298,3501509,ALVINLÂNDIA,"100,00",2634,2103,1998,46,59,841,1075,82,05/10/2026 12:51:05
SP,61310,3501608,AMERICANA,"100,00",181216,143139,136589,2564,3986,37768,86854,11967,05/10/2026 12:51:05
SP,61379,3501905,AMPARO,"100,00",53743,42020,39395,1092,1533,10258,25719,3418,05/10/2026 12:51:05
SP,61336,3501707,AMÉRICO BRASILIENSE,"100,00",27310,21741,20313,533,895,9640,9080,1593,05/10/2026 12:51:05
SP,61352,3501806,AMÉRICO DE CAMPOS,"100,00",4769,3929,3759,69,101,1093,2437,229,05/10/2026 12:51:05
SP,61395,3502002,ANALÂNDIA,"100,00",4681,3285,3135,54,96,838,2077,220,05/10/2026 12:51:05
SP,61417,3502101,ANDRADINA,"100,00",42476,32796,31162,776,858,9695,19337,2130,05/10/2026 12:51:05
SP,61433,3502200,ANGATUBA,"100,00",17865,13465,12599,351,515,4612,6951,1036,05/10/2026 12:51:05
SP,61450,3502309,ANHEMBI,"100,00",5471,3833,3624,96,113,1153,2283,188,05/10/2026 12:51:05
SP,61476,3502408,ANHUMAS,"100,00",3315,2634,2539,36,59,842,1563,134,05/10/2026 12:51:05
SP,61492,3502507,APARECIDA,"100,00",26836,22028,21218,393,417,6815,12371,2032,05/10/2026 12:51:05
SP,61514,3502606,APARECIDA D'OESTE,"100,00",3777,2954,2862,37,55,1156,1563,143,05/10/2026 12:51:05
SP,61530,3502705,APIAÍ,"100,00",18737,14137,13196,412,529,5202,7059,935,05/10/2026 12:51:05
SP,61590,3503000,ARAMINA,"100,00",4523,3529,3388,54,87,1376,1798,214,05/10/2026 12:51:05
SP,61611,3503109,ARANDU,"100,00",5528,4350,4125,103,122,1229,2669,227,05/10/2026 12:51:05
SP,61646,3503158,ARAPEÍ,"100,00",2505,1989,1871,29,89,843,928,100,05/10/2026 12:51:05
SP,61638,3503208,ARARAQUARA,"100,00",170310,133193,125322,3034,4837,56181,57432,11709,05/10/2026 12:51:05
SP,61654,3503307,ARARAS,"100,00",96612,77666,72880,2023,2763,19003,47054,6823,05/10/2026 12:51:05
SP,61263,3502754,ARAÇARIGUAMA,"100,00",17829,13212,12584,303,325,4437,7114,1033,05/10/2026 12:51:05
SP,61557,3502804,ARAÇATUBA,"100,00",145128,112599,107988,1897,2714,28686,70541,8761,05/10/2026 12:51:05
SP,61573,3502903,ARAÇOIABA DA SERRA,"100,00",26408,20448,19328,499,621,5366,12431,1531,05/10/2026 12:51:05
SP,62065,3503356,ARCO-ÍRIS,"100,00",2331,1722,1661,30,31,440,1144,77,05/10/2026 12:51:05
SP,61670,3503406,AREALVA,"100,00",6343,4791,4514,120,157,1225,3026,263,05/10/2026 12:51:05
SP,61697,3503505,AREIAS,"100,00",3463,2748,2640,42,66,1401,1036,203,05/10/2026 12:51:05
SP,61719,3503604,AREIÓPOLIS,"100,00",8193,6656,6205,243,208,2439,3337,429,05/10/2026 12:51:05
SP,61735,3503703,ARIRANHA,"100,00",6455,5118,4809,148,161,1453,3085,271,05/10/2026 12:51:05
SP,61751,3503802,ARTUR NOGUEIRA,"100,00",38528,31478,29746,699,1033,8832,18749,2165,05/10/2026 12:51:05
SP,61778,3503901,ARUJÁ,"100,00",71347,57081,53816,1383,1882,19322,28627,5867,05/10/2026 12:51:05
SP,61522,3503950,ASPÁSIA,"100,00",1875,1492,1456,10,26,555,820,81,05/10/2026 12:51:05
SP,61794,3504008,ASSIS,"100,00",69743,53502,51191,1018,1293,15889,31310,3992,05/10/2026 12:51:05
SP,61816,3504107,ATIBAIA,"100,00",119210,94263,89028,2227,3008,25773,53602,9653,05/10/2026 12:51:05
SP,61832,3504206,AURIFLAMA,"100,00",11053,8644,8290,144,210,2289,5621,380,05/10/2026 12:51:05
SP,61875,3504404,AVANHANDAVA,"100,00",7452,5799,5476,159,164,2166,2956,354,05/10/2026 12:51:05
SP,61891,3504503,AVARÉ,"100,00",64380,49354,46242,1398,1714,13487,28677,4078,05/10/2026 12:51:05
SP,61859,3504305,AVAÍ,"100,00",4189,3124,2977,64,83,1296,1521,160,05/10/2026 12:51:05
SP,61913,3504602,BADY BASSITT,"100,00",16956,13139,12575,206,358,3272,8284,1019,05/10/2026 12:51:05
SP,61930,3504701,BALBINOS,"100,00",1423,1050,998,27,25,356,578,64,05/10/2026 12:51:05
SP,61972,3504909,BANANAL,"100,00",8233,6569,6192,138,239,2941,2827,424,05/10/2026 12:51:05
SP,61999,3505104,BARBOSA,"100,00",4970,3786,3614,57,115,1315,2130,169,05/10/2026 12:51:05
SP,62030,3505203,BARIRI,"100,00",23149,17855,16662,548,645,4064,11292,1306,05/10/2026 12:51:05
SP,62057,3505302,BARRA BONITA,"100,00",28333,22612,21335,552,725,5911,13626,1798,05/10/2026 12:51:05
SP,61360,3505351,BARRA DO CHAPÉU,"100,00",4672,3544,3331,92,121,1210,1919,202,05/10/2026 12:51:05
SP,62073,3505401,BARRA DO TURVO,"100,00",6314,4321,4133,61,127,1858,2075,200,05/10/2026 12:51:05
SP,62090,3505500,BARRETOS,"100,00",85200,65118,62118,1339,1661,19752,37186,5180,05/10/2026 12:51:05
SP,62111,3505609,BARRINHA,"100,00",23638,19286,18191,556,539,7932,8897,1362,05/10/2026 12:51:05
SP,62138,3505708,BARUERI,"100,00",298024,230934,219094,5211,6629,89466,106619,23009,05/10/2026 12:51:05
SP,62014,3505005,BARÃO DE ANTONINA,"100,00",2926,2170,2038,48,84,804,1109,125,05/10/2026 12:51:05
SP,62154,3505807,BASTOS,"100,00",16975,12769,12158,323,288,2712,8701,745,05/10/2026 12:51:05
SP,62170,3505906,BATATAIS,"100,00",42270,33884,31876,981,1027,11161,17582,3133,05/10/2026 12:51:05
SP,62197,3506003,BAURU,"100,00",278336,208436,196492,5162,6782,64967,112236,19289,05/10/2026 12:51:05
SP,62219,3506102,BEBEDOURO,"100,00",56372,43512,41502,940,1070,10720,27408,3374,05/10/2026 12:51:05
SP,62235,3506201,BENTO DE ABREU,"100,00",2146,1610,1554,18,38,580,925,49,05/10/2026 12:51:05
SP,62251,3506300,BERNARDINO DE CAMPOS,"100,00",7724,6020,5689,165,166,1750,3537,402,05/10/2026 12:51:05
SP,61280,3506359,BERTIOGA,"100,00",52928,38880,37201,716,963,13965,20207,3029,05/10/2026 12:51:05
SP,62278,3506409,BILAC,"100,00",6346,4911,4738,74,99,1277,3224,237,05/10/2026 12:51:05
SP,62294,3506508,BIRIGUI,"100,00",84471,65944,62175,1372,2397,14393,43666,4116,05/10/2026 12:51:05
SP,62316,3506607,BIRITIBA MIRIM,"100,00",24212,18392,17111,699,582,5695,9816,1600,05/10/2026 12:51:05
SP,62332,3506706,BOA ESPERANÇA DO SUL,"100,00",9706,7558,6971,254,333,3125,3383,463,05/10/2026 12:51:05
SP,62359,3506805,BOCAINA,"100,00",8535,6784,6320,200,264,1583,4264,473,05/10/2026 12:51:05
SP,62375,3506904,BOFETE,"100,00",8935,6520,6111,147,262,2069,3653,389,05/10/2026 12:51:05
SP,62391,3507001,BOITUVA,"100,00",47624,36823,34693,750,1380,10083,21770,2840,05/10/2026 12:51:05
SP,62413,3507100,BOM JESUS DOS PERDÕES,"100,00",18368,14596,13751,388,457,4112,8278,1361,05/10/2026 12:51:05
SP,61786,3507159,BOM SUCESSO DE ITARARÉ,"100,00",3289,2545,2451,47,47,1057,1249,145,05/10/2026 12:51:05
SP,62456,3507308,BORACÉIA,"100,00",3884,3083,2919,75,89,934,1797,188,05/10/2026 12:51:05
SP,62472,3507407,BORBOREMA,"100,00",10738,8423,8015,154,254,2040,5454,521,05/10/2026 12:51:05
SP,61026,3507456,BOREBI,"100,00",2400,1890,1796,41,53,593,1096,107,05/10/2026 12:51:05
SP,62430,3507209,BORÁ,"100,00",1094,862,822,18,22,247,537,38,05/10/2026 12:51:05
SP,62499,3507506,BOTUCATU,"100,00",111048,85728,80153,2198,3377,27979,43436,8738,05/10/2026 12:51:05
SP,62510,3507605,BRAGANÇA PAULISTA,"100,00",131308,105040,98819,2765,3456,26994,61726,10099,05/10/2026 12:51:05
SP,62553,3507704,BRAÚNA,"100,00",4231,3408,3275,56,77,903,2250,122,05/10/2026 12:51:05
SP,62081,3507753,BREJO ALEGRE,"100,00",2875,2128,2026,51,51,898,1027,101,05/10/2026 12:51:05
SP,62570,3507803,BRODOWSKI,"100,00",17196,14225,13499,299,427,3343,9098,1058,05/10/2026 12:51:05
SP,62596,3507902,BROTAS,"100,00",17821,13455,12644,357,454,3126,8559,959,05/10/2026 12:51:05
SP,62618,3508009,BURI,"100,00",14878,11504,10897,282,325,3376,7013,508,05/10/2026 12:51:05
SP,62634,3508108,BURITAMA,"100,00",13143,9997,9544,165,288,2889,6141,514,05/10/2026 12:51:05
SP,62650,3508207,BURITIZAL,"100,00",4125,3249,3152,34,63,827,2163,162,05/10/2026 12:51:05
SP,61956,3504800,BÁLSAMO,"100,00",7397,5855,5581,138,136,1357,3816,408,05/10/2026 12:51:05
SP,62693,3508405,CABREÚVA,"100,00",36426,28306,26696,701,909,8047,16272,2377,05/10/2026 12:51:05
SP,62677,3508306,CABRÁLIA PAULISTA,"100,00",3698,2809,2681,58,70,991,1489,201,05/10/2026 12:51:05
SP,62731,3508603,CACHOEIRA PAULISTA,"100,00",23891,18723,17892,365,466,6209,10113,1570,05/10/2026 12:51:05
SP,62758,3508702,CACONDE,"100,00",13333,10204,9591,276,337,3481,5378,732,05/10/2026 12:51:05
SP,62774,3508801,CAFELÂNDIA,"100,00",12245,9332,8821,247,264,2791,5398,632,05/10/2026 12:51:05
SP,62790,3508900,CAIABU,"100,00",3330,2673,2538,65,70,1019,1377,142,05/10/2026 12:51:05
SP,62812,3509007,CAIEIRAS,"100,00",72229,55767,52291,1437,2039,21382,25538,5371,05/10/2026 12:51:05
SP,62839,3509106,CAIUÁ,"100,00",3755,2731,2630,35,66,1257,1239,134,05/10/2026 12:51:05
SP,62855,3509205,CAJAMAR,"100,00",70021,55655,52216,1570,1869,20433,26010,5773,05/10/2026 12:51:05
SP,61484,3509254,CAJATI,"100,00",22016,16849,16085,357,407,4395,10715,975,05/10/2026 12:51:05
SP,62871,3509304,CAJOBI,"100,00",7437,6308,5994,130,184,1876,3766,352,05/10/2026 12:51:05
SP,62898,3509403,CAJURU,"100,00",18240,14255,13430,349,476,5265,7179,986,05/10/2026 12:51:05
SP,61506,3509452,CAMPINA DO MONTE ALEGRE,"100,00",4857,3822,3648,70,104,1201,2213,234,05/10/2026 12:51:05
SP,62910,3509502,CAMPINAS,"100,00",873613,667699,633220,13544,20935,241972,329733,61515,05/10/2026 12:51:05
SP,62936,3509601,CAMPO LIMPO PAULISTA,"100,00",59440,46746,43755,1211,1780,15625,23507,4623,05/10/2026 12:51:05
SP,62952,3509700,CAMPOS DO JORDÃO,"100,00",38107,29253,27390,853,1010,8117,16257,3016,05/10/2026 12:51:05
SP,62979,3509809,CAMPOS NOVOS PAULISTA,"100,00",3805,2936,2843,44,49,896,1828,119,05/10/2026 12:51:05
SP,62995,3509908,CANANÉIA,"100,00",10410,7657,7333,125,199,2848,3998,487,05/10/2026 12:51:05
SP,62103,3509957,CANAS,"100,00",3959,3217,3063,55,99,1071,1754,238,05/10/2026 12:51:05
SP,61344,3510153,CANITAR,"100,00",4337,3339,3128,115,96,1210,1703,215,05/10/2026 12:51:05
SP,63070,3510302,CAPELA DO ALTO,"100,00",14543,11575,10901,341,333,2836,7373,692,05/10/2026 12:51:05
SP,63096,3510401,CAPIVARI,"100,00",37609,30223,28584,682,957,7639,18583,2362,05/10/2026 12:51:05
SP,63053,3510203,CAPÃO BONITO,"100,00",34293,26967,25486,772,709,8190,15272,2024,05/10/2026 12:51:05
SP,63118,3510500,CARAGUATATUBA,"100,00",106446,82290,77696,1956,2638,27242,43425,7029,05/10/2026 12:51:05
SP,63134,3510609,CARAPICUÍBA,"100,00",290495,217457,203524,6268,7665,94231,88178,21115,05/10/2026 12:51:05
SP,63150,3510708,CARDOSO,"100,00",9593,6836,6526,113,197,2603,3590,333,05/10/2026 12:51:05
SP,63177,3510807,CASA BRANCA,"100,00",19558,14620,13693,437,490,3836,8681,1176,05/10/2026 12:51:05
SP,63215,3511003,CASTILHO,"100,00",15377,11741,11224,226,291,5417,5179,628,05/10/2026 12:51:05
SP,63231,3511102,CATANDUVA,"100,00",86119,66332,62839,1332,2161,16022,42040,4777,05/10/2026 12:51:05
SP,63258,3511201,CATIGUÁ,"100,00",5688,4653,4320,109,224,1282,2825,213,05/10/2026 12:51:05
SP,62715,3508504,CAÇAPAVA,"100,00",72595,58092,54696,1485,1911,16135,33129,5432,05/10/2026 12:51:05
SP,63274,3511300,CEDRAL,"100,00",8582,6771,6497,110,164,1580,4391,526,05/10/2026 12:51:05
SP,63290,3511409,CERQUEIRA CÉSAR,"100,00",14958,10939,10281,354,304,3052,6301,928,05/10/2026 12:51:05
SP,63312,3511508,CERQUILHO,"100,00",36003,28281,26625,622,1034,5950,18458,2217,05/10/2026 12:51:05
SP,63339,3511607,CESÁRIO LANGE,"100,00",13804,10658,9767,379,512,2390,6790,587,05/10/2026 12:51:05
SP,63355,3511706,CHARQUEADA,"100,00",13212,10348,9855,209,284,2525,6708,622,05/10/2026 12:51:05
SP,63371,3557204,CHAVANTES,"100,00",8675,6860,6518,170,172,2135,3907,476,05/10/2026 12:51:05
SP,63398,3511904,CLEMENTINA,"100,00",5273,4258,4098,55,105,1217,2675,206,05/10/2026 12:51:05
SP,63410,3512001,COLINA,"100,00",14048,10829,10306,225,298,3238,5023,2045,05/10/2026 12:51:05
SP,63436,3512100,COLÔMBIA,"100,00",5800,4336,4143,63,130,1753,2161,229,05/10/2026 12:51:05
SP,63452,3512209,CONCHAL,"100,00",20926,17362,16458,458,446,3897,11709,852,05/10/2026 12:51:05
SP,63479,3512308,CONCHAS,"100,00",12626,9081,8667,187,227,2184,5863,620,05/10/2026 12:51:05
SP,63495,3512407,CORDEIRÓPOLIS,"100,00",19567,15826,15031,327,468,4002,9796,1233,05/10/2026 12:51:05
SP,63517,3512506,COROADOS,"100,00",4020,3234,3102,57,75,840,2118,144,05/10/2026 12:51:05
SP,63533,3512605,CORONEL MACEDO,"100,00",3793,3042,2905,73,64,1534,1242,129,05/10/2026 12:51:05
SP,63550,3512704,CORUMBATAÍ,"100,00",3523,2690,2525,63,102,587,1735,203,05/10/2026 12:51:05
SP,63592,3512902,COSMORAMA,"100,00",7030,5573,5352,112,109,1770,3341,241,05/10/2026 12:51:05
SP,63576,3512803,COSMÓPOLIS,"100,00",44573,34897,32819,829,1249,12237,18023,2559,05/10/2026 12:51:05
SP,63614,3513009,COTIA,"100,00",194159,150089,141376,4030,4683,59084,65331,16961,05/10/2026 12:51:05
SP,63630,3513108,CRAVINHOS,"100,00",27124,20416,19091,533,792,5301,12009,1781,05/10/2026 12:51:05
SP,63657,3513207,CRISTAIS PAULISTA,"100,00",7311,5630,5362,108,160,1798,3118,446,05/10/2026 12:51:05
SP,63690,3513405,CRUZEIRO,"100,00",56188,44461,41807,1047,1607,13867,23478,4462,05/10/2026 12:51:05
SP,63673,3513306,CRUZÁLIA,"100,00",1966,1641,1572,41,28,446,1051,75,05/10/2026 12:51:05
SP,63711,3513504,CUBATÃO,"100,00",90311,71956,68407,1493,2056,31652,30373,6382,05/10/2026 12:51:05
SP,63738,3513603,CUNHA,"100,00",18135,14157,13318,394,445,4850,7621,847,05/10/2026 12:51:05
SP,63193,3510906,CÁSSIA DOS COQUEIROS,"100,00",2667,2089,1946,45,98,765,1045,136,05/10/2026 12:51:05
SP,63010,3510005,CÂNDIDO MOTA,"100,00",22894,18047,17085,450,512,4340,11608,1137,05/10/2026 12:51:05
SP,63037,3510104,CÂNDIDO RODRIGUES,"100,00",2853,2165,2063,55,47,526,1435,102,05/10/2026 12:51:05
SP,63754,3513702,DESCALVADO,"100,00",24907,18448,17124,564,760,4177,11312,1635,05/10/2026 12:51:05
SP,63770,3513801,DIADEMA,"100,00",331016,256159,239565,6592,10002,125594,89832,24139,05/10/2026 12:51:05
SP,61123,3513850,DIRCE REIS,"100,00",1702,1354,1301,25,28,522,694,85,05/10/2026 12:51:05
SP,63797,3513900,DIVINOLÂNDIA,"100,00",9543,7570,7042,178,350,1763,4814,465,05/10/2026 12:51:05
SP,63819,3514007,DOBRADA,"100,00",6727,5229,4936,115,178,2273,2329,334,05/10/2026 12:51:05
SP,63835,3514106,DOIS CÓRREGOS,"100,00",18565,14011,13198,375,438,3689,8674,835,05/10/2026 12:51:05
SP,63851,3514205,DOLCINÓPOLIS,"100,00",2355,1902,1806,42,54,972,736,98,05/10/2026 12:51:05
SP,63878,3514304,DOURADO,"100,00",6798,5418,4939,192,287,1578,2967,394,05/10/2026 12:51:05
SP,63894,3514403,DRACENA,"100,00",33614,25385,24428,432,525,5457,17378,1593,05/10/2026 12:51:05
SP,63916,3514502,DUARTINA,"100,00",9858,7522,7118,161,243,2362,4219,537,05/10/2026 12:51:05
SP,63932,3514601,DUMONT,"100,00",7337,5907,5601,125,181,1523,3615,463,05/10/2026 12:51:05
SP,63959,3514700,ECHAPORÃ,"100,00",5070,3856,3700,48,108,1108,2418,174,05/10/2026 12:51:05
SP,63975,3514809,ELDORADO,"100,00",10787,7758,7375,168,215,3061,3950,364,05/10/2026 12:51:05
SP,63991,3514908,ELIAS FAUSTO,"100,00",13526,10995,10259,290,446,2714,6844,701,05/10/2026 12:51:05
SP,61760,3514924,ELISIÁRIO,"100,00",2737,2185,2085,40,60,548,1414,123,05/10/2026 12:51:05
SP,61182,3514957,EMBAÚBA,"100,00",2448,2014,1910,43,61,655,1170,85,05/10/2026 12:51:05
SP,64017,3515004,EMBU DAS ARTES,"100,00",206389,161385,150338,4870,6177,73774,61194,15370,05/10/2026 12:51:05
SP,64033,3515103,EMBU-GUAÇU,"100,00",53717,40136,37288,1213,1635,15697,17338,4253,05/10/2026 12:51:05
SP,61387,3515129,EMILIANÓPOLIS,"100,00",2716,2057,1969,36,52,790,1108,71,05/10/2026 12:51:05
SP,61689,3515152,ENGENHEIRO COELHO,"100,00",14967,11751,11233,212,306,3287,7129,817,05/10/2026 12:51:05
SP,68659,3515186,ESPÍRITO SANTO DO PINHAL,"100,00",30946,23615,22143,688,784,6613,13097,2433,05/10/2026 12:51:05
SP,61140,3515194,ESPÍRITO SANTO DO TURVO,"100,00",3546,2622,2509,43,70,953,1408,148,05/10/2026 12:51:05
SP,61662,3557303,ESTIVA GERBI,"100,00",9490,7618,7206,113,299,1990,4753,463,05/10/2026 12:51:05
SP,64050,3515202,ESTRELA D'OESTE,"100,00",7128,5558,5284,130,144,1352,3592,340,05/10/2026 12:51:05
SP,64076,3515301,ESTRELA DO NORTE,"100,00",2464,1912,1851,18,43,869,881,101,05/10/2026 12:51:05
SP,61000,3515350,EUCLIDES DA CUNHA PAULISTA,"100,00",6336,4525,4368,66,91,2581,1614,173,05/10/2026 12:51:05
SP,64092,3515400,FARTURA,"100,00",12518,9599,9119,220,260,3335,5029,755,05/10/2026 12:51:05
SP,64130,3515608,FERNANDO PRESTES,"100,00",5086,3961,3712,124,125,995,2465,252,05/10/2026 12:51:05
SP,64114,3515509,FERNANDÓPOLIS,"100,00",50193,38284,36645,757,882,11144,22834,2667,05/10/2026 12:51:05
SP,62286,3515657,FERNÃO,"100,00",1689,1319,1257,30,32,335,854,68,05/10/2026 12:51:05
SP,64157,3515707,FERRAZ DE VASCONCELOS,"100,00",128931,103663,96271,3124,4268,46739,39648,9884,05/10/2026 12:51:05
SP,64173,3515806,FLORA RICA,"100,00",1428,1058,1014,19,25,431,543,40,05/10/2026 12:51:05
SP,64190,3515905,FLOREAL,"100,00",2670,2044,1941,42,61,707,1105,129,05/10/2026 12:51:05
SP,64238,3516101,FLORÍNEA,"100,00",2673,2076,2006,40,30,843,1017,146,05/10/2026 12:51:05
SP,64211,3516002,FLÓRIDA PAULISTA,"100,00",7407,5701,5449,118,134,1651,3552,246,05/10/2026 12:51:05
SP,64254,3516200,FRANCA,"100,00",241902,189925,180447,3989,5489,54199,108462,17786,05/10/2026 12:51:05
SP,64270,3516309,FRANCISCO MORATO,"100,00",126796,95350,88167,3256,3927,46068,33873,8226,05/10/2026 12:51:05
SP,64297,3516408,FRANCO DA ROCHA,"100,00",107865,79907,73611,2521,3775,34732,31599,7280,05/10/2026 12:51:05
SP,64319,3516507,GABRIEL MONTEIRO,"100,00",2682,2183,2082,25,76,483,1497,102,05/10/2026 12:51:05
SP,64351,3516705,GARÇA,"100,00",32368,24892,23153,837,902,6384,14942,1827,05/10/2026 12:51:05
SP,64378,3516804,GASTÃO VIDIGAL,"100,00",2869,2288,2202,48,38,1077,987,138,05/10/2026 12:51:05
SP,62308,3516853,GAVIÃO PEIXOTO,"100,00",4165,3257,3064,93,100,1455,1395,214,05/10/2026 12:51:05
SP,64394,3516903,GENERAL SALGADO,"100,00",7966,6001,5760,108,133,1723,3732,305,05/10/2026 12:51:05
SP,64416,3517000,GETULINA,"100,00",7043,5012,4697,152,163,1708,2684,305,05/10/2026 12:51:05
SP,64432,3517109,GLICÉRIO,"100,00",3987,3077,2942,47,88,969,1818,155,05/10/2026 12:51:05
SP,64475,3517307,GUAIMBÊ,"100,00",4479,3379,3178,86,115,1247,1750,181,05/10/2026 12:51:05
SP,64459,3517208,GUAIÇARA,"100,00",8162,6085,5722,179,184,1835,3502,385,05/10/2026 12:51:05
SP,64530,3517604,GUAPIARA,"100,00",13629,10424,9789,279,356,4821,4437,531,05/10/2026 12:51:05
SP,64513,3517505,GUAPIAÇU,"100,00",15943,12311,11648,285,378,3511,7292,845,05/10/2026 12:51:05
SP,64599,3517901,GUARACI,"100,00",8095,6363,6050,122,191,2620,3064,366,05/10/2026 12:51:05
SP,64610,3518008,GUARANI D'OESTE,"100,00",1783,1366,1308,19,39,605,625,78,05/10/2026 12:51:05
SP,64637,3518107,GUARANTÃ,"100,00",4765,3625,3438,104,83,1095,2126,217,05/10/2026 12:51:05
SP,64653,3518206,GUARARAPES,"100,00",23595,17719,16901,345,473,4633,11131,1137,05/10/2026 12:51:05
SP,64670,3518305,GUARAREMA,"100,00",26373,20623,19490,534,599,5752,12347,1391,05/10/2026 12:51:05
SP,64696,3518404,GUARATINGUETÁ,"100,00",90805,72520,69219,1741,1560,20859,41429,6931,05/10/2026 12:51:05
SP,64572,3517802,GUARAÇAÍ,"100,00",6153,4657,4437,90,130,1314,2866,257,05/10/2026 12:51:05
SP,64718,3518503,GUAREÍ,"100,00",8903,7197,6523,339,335,1731,4369,423,05/10/2026 12:51:05
SP,64734,3518602,GUARIBA,"100,00",28368,22553,21364,582,607,8112,11439,1813,05/10/2026 12:51:05
SP,64750,3518701,GUARUJÁ,"100,00",238913,183440,172442,5001,5997,66023,89532,16887,05/10/2026 12:51:05
SP,64777,3518800,GUARULHOS,"100,00",948908,766248,713469,19732,33047,286898,351178,75393,05/10/2026 12:51:05
SP,64556,3517703,GUARÁ,"100,00",14159,11255,10724,227,304,4428,5566,730,05/10/2026 12:51:05
SP,61107,3518859,GUATAPARÁ,"100,00",5765,4284,4008,136,140,1705,2020,283,05/10/2026 12:51:05
SP,64491,3517406,GUAÍRA,"100,00",28555,21044,19924,493,627,5830,12619,1475,05/10/2026 12:51:05
SP,64793,3518909,GUZOLÂNDIA,"100,00",3558,2668,2532,64,72,1121,1286,125,05/10/2026 12:51:05
SP,64335,3516606,GÁLIA,"100,00",4626,3580,3355,90,135,1424,1702,229,05/10/2026 12:51:05
SP,64815,3519006,HERCULÂNDIA,"100,00",6937,5231,4947,112,172,1452,3281,214,05/10/2026 12:51:05
SP,61743,3519055,HOLAMBRA,"100,00",12570,10185,9703,209,273,2335,6538,830,05/10/2026 12:51:05
SP,61727,3519071,HORTOLÂNDIA,"100,00",164481,132760,125800,3045,3915,47873,66202,11725,05/10/2026 12:51:05
SP,64831,3519105,IACANGA,"100,00",8269,6532,6235,130,167,1660,4188,387,05/10/2026 12:51:05
SP,64858,3519204,IACRI,"100,00",4766,3554,3389,70,95,892,2338,159,05/10/2026 12:51:05
SP,61085,3519253,IARAS,"100,00",4414,3086,2929,69,88,1335,1407,187,05/10/2026 12:51:05
SP,64874,3519303,IBATÉ,"100,00",26265,20188,18686,734,768,6914,10283,1489,05/10/2026 12:51:05
SP,64912,3519501,IBIRAREMA,"100,00",5070,4018,3783,122,113,981,2605,197,05/10/2026 12:51:05
SP,64890,3519402,IBIRÁ,"100,00",9094,7401,7081,125,195,1828,4868,385,05/10/2026 12:51:05
SP,64939,3519600,IBITINGA,"100,00",41272,32544,30660,919,965,8698,19795,2167,05/10/2026 12:51:05
SP,64955,3519709,IBIÚNA,"100,00",61951,47665,44498,1349,1818,12381,28049,4068,05/10/2026 12:51:05
SP,64971,3519808,ICÉM,"100,00",6049,4739,4556,53,130,1843,2435,278,05/10/2026 12:51:05
SP,64998,3519907,IEPÊ,"100,00",5971,4758,4576,64,118,1494,2823,259,05/10/2026 12:51:05
SP,65030,3520103,IGARAPAVA,"100,00",19718,14828,14138,319,371,5687,7253,1198,05/10/2026 12:51:05
SP,65056,3520202,IGARATÁ,"100,00",9443,7353,6945,158,250,2078,4241,626,05/10/2026 12:51:05
SP,65013,3520004,IGARAÇU DO TIETÊ,"100,00",17539,14099,12897,556,646,4316,7652,929,05/10/2026 12:51:05
SP,65072,3520301,IGUAPE,"100,00",22106,16551,15736,366,449,6014,8806,916,05/10/2026 12:51:05
SP,62006,3520426,ILHA COMPRIDA,"100,00",13297,8942,8448,171,323,3332,4498,618,05/10/2026 12:51:05
SP,61204,3520442,ILHA SOLTEIRA,"100,00",20245,14197,13435,256,506,5065,7282,1088,05/10/2026 12:51:05
SP,65099,3520400,ILHABELA,"100,00",31086,23512,22426,477,609,8385,12001,2040,05/10/2026 12:51:05
SP,65110,3520509,INDAIATUBA,"100,00",192534,156644,148473,3196,4975,43398,89515,15560,05/10/2026 12:51:05
SP,65137,3520608,INDIANA,"100,00",4063,3295,3142,68,85,939,2042,161,05/10/2026 12:51:05
SP,65153,3520707,INDIAPORÃ,"100,00",3164,2452,2360,39,53,997,1219,144,05/10/2026 12:51:05
SP,65170,3520806,INÚBIA PAULISTA,"100,00",3159,2551,2412,59,80,551,1750,111,05/10/2026 12:51:05
SP,65196,3520905,IPAUSSU,"100,00",9987,7964,7555,225,184,2163,4762,630,05/10/2026 12:51:05
SP,65218,3521002,IPERÓ,"100,00",21605,16363,15206,498,659,5940,7950,1316,05/10/2026 12:51:05
SP,65234,3521101,IPEÚNA,"100,00",5852,4469,4268,72,129,1047,2967,254,05/10/2026 12:51:05
SP,62243,3521150,IPIGUÁ,"100,00",4916,3695,3549,67,79,915,2432,202,05/10/2026 12:51:05
SP,65250,3521200,IPORANGA,"100,00",3303,2515,2386,53,76,1298,957,131,05/10/2026 12:51:05
SP,65277,3521309,IPUÃ,"100,00",11207,8788,8366,211,211,3636,4115,615,05/10/2026 12:51:05
SP,65293,3521408,IRACEMÁPOLIS,"100,00",17617,14686,14007,289,390,3687,9319,1001,05/10/2026 12:51:05
SP,65331,3521606,IRAPURU,"100,00",4556,3469,3253,101,115,1088,1984,181,05/10/2026 12:51:05
SP,65315,3521507,IRAPUÃ,"100,00",5489,4217,4008,105,104,990,2885,133,05/10/2026 12:51:05
SP,65358,3521705,ITABERÁ,"100,00",13507,10754,10242,300,212,3744,5931,567,05/10/2026 12:51:05
SP,65390,3521903,ITAJOBI,"100,00",12328,9945,9467,179,299,2044,6929,494,05/10/2026 12:51:05
SP,65412,3522000,ITAJU,"100,00",3176,2438,2329,53,56,774,1406,149,05/10/2026 12:51:05
SP,65439,3522109,ITANHAÉM,"100,00",85052,61240,57629,1498,2113,23188,29274,5167,05/10/2026 12:51:05
SP,61603,3522158,ITAOCA,"100,00",3039,2286,2197,35,54,1144,964,89,05/10/2026 12:51:05
SP,65455,3522208,ITAPECERICA DA SERRA,"100,00",124081,97109,90833,2824,3452,44540,37068,9225,05/10/2026 12:51:05
SP,65471,3522307,ITAPETININGA,"100,00",114451,89745,84328,2465,2952,22147,55271,6910,05/10/2026 12:51:05
SP,65498,3522406,ITAPEVA,"100,00",68478,52193,49293,1514,1386,15240,30581,3472,05/10/2026 12:51:05
SP,65510,3522505,ITAPEVI,"100,00",168609,127450,118929,4218,4303,56175,49798,12956,05/10/2026 12:51:05
SP,65536,3522604,ITAPIRA,"100,00",53362,42746,39488,1395,1863,10212,25885,3391,05/10/2026 12:51:05
SP,61948,3522653,ITAPIRAPUÃ PAULISTA,"100,00",3305,2564,2404,81,79,990,1315,99,05/10/2026 12:51:05
SP,65579,3522802,ITAPORANGA,"100,00",11006,8332,7948,177,207,2636,4862,450,05/10/2026 12:51:05
SP,65617,3523008,ITAPURA,"100,00",3647,2655,2530,41,84,1583,793,154,05/10/2026 12:51:05
SP,65595,3522901,ITAPUÍ,"100,00",9473,7622,7125,272,225,2256,4349,520,05/10/2026 12:51:05
SP,65633,3523107,ITAQUAQUECETUBA,"100,00",258019,196053,181377,6463,8213,83516,79910,17951,05/10/2026 12:51:05
SP,65650,3523206,ITARARÉ,"100,00",33780,25369,24027,710,632,7095,15088,1844,05/10/2026 12:51:05
SP,65676,3523305,ITARIRI,"100,00",9789,7164,6831,123,210,2381,4051,399,05/10/2026 12:51:05
SP,65692,3523404,ITATIBA,"100,00",85162,68525,65048,1459,2018,18113,40307,6628,05/10/2026 12:51:05
SP,65714,3523503,ITATINGA,"100,00",14071,10707,9981,328,398,3203,5954,824,05/10/2026 12:51:05
SP,65374,3521804,ITAÍ,"100,00",16732,12980,12244,354,382,4939,6532,773,05/10/2026 12:51:05
SP,65730,3523602,ITIRAPINA,"100,00",10400,7821,7342,216,263,2573,4246,523,05/10/2026 12:51:05
SP,65757,3523701,ITIRAPUÃ,"100,00",5150,3797,3639,67,91,1685,1709,245,05/10/2026 12:51:05
SP,65773,3523800,ITOBI,"100,00",6007,4736,4447,160,129,1516,2606,325,05/10/2026 12:51:05
SP,65790,3523909,ITU,"100,00",128825,97582,91935,2273,3374,26916,55736,9283,05/10/2026 12:51:05
SP,65811,3524006,ITUPEVA,"100,00",48390,37573,35534,831,1208,10639,21462,3433,05/10/2026 12:51:05
SP,65838,3524105,ITUVERAVA,"100,00",27366,20862,19855,452,555,6613,11847,1395,05/10/2026 12:51:05
SP,65552,3522703,ITÁPOLIS,"100,00",28904,22621,21513,541,567,5184,14916,1413,05/10/2026 12:51:05
SP,65854,3524204,JABORANDI,"100,00",5006,4025,3789,100,136,1469,2035,285,05/10/2026 12:51:05
SP,65870,3524303,JABOTICABAL,"100,00",50931,39215,37446,832,937,11143,22901,3402,05/10/2026 12:51:05
SP,65897,3524402,JACAREÍ,"100,00",171394,136930,130039,2880,4011,41901,75767,12371,05/10/2026 12:51:05
SP,65919,3524501,JACI,"100,00",5828,4526,4294,91,141,1439,2553,302,05/10/2026 12:51:05
SP,65935,3524600,JACUPIRANGA,"100,00",12334,9302,8924,159,219,2404,5889,631,05/10/2026 12:51:05
SP,65951,3524709,JAGUARIÚNA,"100,00",45186,35856,33993,832,1031,9461,21186,3346,05/10/2026 12:51:05
SP,65978,3524808,JALES,"100,00",36025,28481,26958,628,895,7063,18113,1782,05/10/2026 12:51:05
SP,65994,3524907,JAMBEIRO,"100,00",4996,3951,3766,72,113,1191,2255,320,05/10/2026 12:51:05
SP,66010,3525003,JANDIRA,"100,00",76022,59943,56217,1783,1943,24546,25516,6155,05/10/2026 12:51:05
SP,66036,3525102,JARDINÓPOLIS,"100,00",29784,22642,21180,723,739,6140,13263,1777,05/10/2026 12:51:05
SP,66052,3525201,JARINU,"100,00",26768,20168,19000,497,671,5802,11454,1744,05/10/2026 12:51:05
SP,66079,3525300,JAÚ,"100,00",98725,79752,75344,2088,2320,17705,51878,5761,05/10/2026 12:51:05
SP,66095,3525409,JERIQUARA,"100,00",3344,2653,2549,32,72,1060,1270,219,05/10/2026 12:51:05
SP,66117,3525508,JOANÓPOLIS,"100,00",9451,7657,7188,212,257,1865,4751,572,05/10/2026 12:51:05
SP,66150,3525706,JOSÉ BONIFÁCIO,"100,00",27281,21248,20273,480,495,5461,13238,1574,05/10/2026 12:51:05
SP,66133,3525607,JOÃO RAMALHO,"100,00",3518,2606,2438,57,111,949,1369,120,05/10/2026 12:51:05
SP,62324,3525854,JUMIRIM,"100,00",2457,1933,1841,51,41,491,1218,132,05/10/2026 12:51:05
SP,66192,3525904,JUNDIAÍ,"100,00",337851,266331,251832,5158,9341,76564,145880,29388,05/10/2026 12:51:05
SP,66214,3526001,JUNQUEIRÓPOLIS,"100,00",14112,10703,10173,237,293,2679,6784,710,05/10/2026 12:51:05
SP,66257,3526209,JUQUITIBA,"100,00",22815,17904,16845,448,611,6972,8344,1529,05/10/2026 12:51:05
SP,66230,3526100,JUQUIÁ,"100,00",15229,10975,10433,207,335,3585,6200,648,05/10/2026 12:51:05
SP,66176,3525805,JÚLIO MESQUITA,"100,00",3690,2791,2611,90,90,1188,1281,142,05/10/2026 12:51:05
SP,66273,3526308,LAGOINHA,"100,00",5475,4282,4054,106,122,1392,2298,364,05/10/2026 12:51:05
SP,66290,3526407,LARANJAL PAULISTA,"100,00",20780,15961,15167,345,449,3192,10912,1063,05/10/2026 12:51:05
SP,66338,3526605,LAVRINHAS,"100,00",6102,5026,4703,127,196,1822,2430,451,05/10/2026 12:51:05
SP,66311,3526506,LAVÍNIA,"100,00",3884,3010,2839,67,104,1062,1604,173,05/10/2026 12:51:05
SP,66354,3526704,LEME,"100,00",72901,57445,53762,1622,2061,15762,34155,3845,05/10/2026 12:51:05
SP,66370,3526803,LENÇÓIS PAULISTA,"100,00",50784,40096,37997,956,1143,8014,26942,3041,05/10/2026 12:51:05
SP,66397,3526902,LIMEIRA,"100,00",219483,180045,171450,3339,5256,39100,118783,13567,05/10/2026 12:51:05
SP,66419,3527009,LINDÓIA,"100,00",5869,4717,4486,59,172,1095,3103,288,05/10/2026 12:51:05
SP,66435,3527108,LINS,"100,00",53771,40399,38363,912,1124,9307,26053,3003,05/10/2026 12:51:05
SP,66451,3527207,LORENA,"100,00",61172,49285,46998,1079,1208,14475,28205,4318,05/10/2026 12:51:05
SP,62022,3527256,LOURDES,"100,00",1877,1478,1430,17,31,438,850,142,05/10/2026 12:51:05
SP,66478,3527306,LOUVEIRA,"100,00",39253,31018,29690,566,762,8855,18102,2733,05/10/2026 12:51:05
SP,66516,3527504,LUCIANÓPOLIS,"100,00",2146,1647,1580,29,38,657,843,80,05/10/2026 12:51:05
SP,66494,3527405,LUCÉLIA,"100,00",13549,9986,9502,210,274,2762,6101,639,05/10/2026 12:51:05
SP,66559,3527702,LUIZIÂNIA,"100,00",3792,3025,2897,50,78,1050,1719,128,05/10/2026 12:51:05
SP,66575,3527801,LUPÉRCIO,"100,00",3317,2529,2398,57,74,993,1280,125,05/10/2026 12:51:05
SP,66591,3527900,LUTÉCIA,"100,00",2380,1872,1804,28,40,747,968,89,05/10/2026 12:51:05
SP,66532,3527603,LUÍS ANTÔNIO,"100,00",10065,7584,7170,158,256,2706,3859,605,05/10/2026 12:51:05
SP,66613,3528007,MACATUBA,"100,00",12402,10061,9492,301,268,2586,6232,674,05/10/2026 12:51:05
SP,66630,3528106,MACAUBAL,"100,00",5924,4871,4614,129,128,1161,3176,277,05/10/2026 12:51:05
SP,66656,3528205,MACEDÔNIA,"100,00",4105,3059,2923,59,77,898,1827,198,05/10/2026 12:51:05
SP,66672,3528304,MAGDA,"100,00",2793,2215,2117,49,49,789,1225,103,05/10/2026 12:51:05
SP,66699,3528403,MAIRINQUE,"100,00",38466,30221,28137,900,1184,10289,14763,3085,05/10/2026 12:51:05
SP,66710,3528502,MAIRIPORÃ,"100,00",65733,51202,48131,1289,1782,16105,27633,4393,05/10/2026 12:51:05
SP,66737,3528601,MANDURI,"100,00",7096,5593,5234,177,182,1603,3140,491,05/10/2026 12:51:05
SP,66753,3528700,MARABÁ PAULISTA,"100,00",3188,2248,2168,30,50,1071,998,99,05/10/2026 12:51:05
SP,66770,3528809,MARACAÍ,"100,00",10406,8368,8027,153,188,2450,5095,482,05/10/2026 12:51:05
SP,61867,3528858,MARAPOAMA,"100,00",2797,2283,2202,30,51,440,1646,116,05/10/2026 12:51:05
SP,66834,3529104,MARINÓPOLIS,"100,00",1754,1445,1377,29,39,562,749,66,05/10/2026 12:51:05
SP,66796,3528908,MARIÁPOLIS,"100,00",2872,2336,2208,63,65,784,1273,151,05/10/2026 12:51:05
SP,66850,3529203,MARTINÓPOLIS,"100,00",18046,13829,13175,286,368,4223,8092,860,05/10/2026 12:51:05
SP,66818,3529005,MARÍLIA,"100,00",172936,132416,125352,2971,4093,32441,83178,9733,05/10/2026 12:51:05
SP,66877,3529302,MATÃO,"100,00",63725,50300,47318,1285,1697,15256,28421,3641,05/10/2026 12:51:05
SP,66893,3529401,MAUÁ,"100,00",310407,240003,222687,6344,10972,102086,95900,24701,05/10/2026 12:51:05
SP,66915,3529500,MENDONÇA,"100,00",5260,4092,3891,72,129,1301,2407,183,05/10/2026 12:51:05
SP,66931,3529609,MERIDIANO,"100,00",3765,2975,2839,53,83,958,1683,198,05/10/2026 12:51:05
SP,61964,3529658,MESÓPOLIS,"100,00",1887,1440,1391,28,21,513,818,60,05/10/2026 12:51:05
SP,66958,3529708,MIGUELÓPOLIS,"100,00",15123,11605,11147,202,256,4441,6124,582,05/10/2026 12:51:05
SP,66974,3529807,MINEIROS DO TIETÊ,"100,00",8683,6804,6313,253,238,1592,4286,435,05/10/2026 12:51:05
SP,67016,3530003,MIRA ESTRELA,"100,00",2892,2216,2125,33,58,785,1237,103,05/10/2026 12:51:05
SP,66990,3529906,MIRACATU,"100,00",15311,11182,10630,212,340,3758,6295,577,05/10/2026 12:51:05
SP,67032,3530102,MIRANDÓPOLIS,"100,00",17999,13323,12534,313,476,3216,8475,843,05/10/2026 12:51:05
SP,67059,3530201,MIRANTE DO PARANAPANEMA,"100,00",12713,9202,8848,161,193,4500,3937,411,05/10/2026 12:51:05
SP,67075,3530300,MIRASSOL,"100,00",43661,34490,32754,799,937,8899,21179,2676,05/10/2026 12:51:05
SP,67091,3530409,MIRASSOLÂNDIA,"100,00",4130,3209,3061,60,88,986,1892,183,05/10/2026 12:51:05
SP,67113,3530508,MOCOCA,"100,00",49126,37333,34715,1166,1452,9944,21848,2923,05/10/2026 12:51:05
SP,67130,3530607,MOGI DAS CRUZES,"100,00",334039,256542,239938,7368,9236,88346,124249,27343,05/10/2026 12:51:05
SP,67156,3530706,MOGI GUAÇU,"100,00",114358,91795,86540,2146,3109,21740,57443,7357,05/10/2026 12:51:05
SP,67172,3530805,MOGI MIRIM,"100,00",67646,54055,50976,1320,1759,12646,33902,4428,05/10/2026 12:51:05
SP,67199,3530904,MOMBUCA,"100,00",3151,2498,2344,56,98,577,1613,154,05/10/2026 12:51:05
SP,67237,3531100,MONGAGUÁ,"100,00",50491,34990,32905,863,1222,14198,15684,3023,05/10/2026 12:51:05
SP,67253,3531209,MONTE ALEGRE DO SUL,"100,00",6336,5119,4764,125,230,1270,3096,398,05/10/2026 12:51:05
SP,67270,3531308,MONTE ALTO,"100,00",36025,27876,26336,747,793,6401,17490,2445,05/10/2026 12:51:05
SP,67296,3531407,MONTE APRAZÍVEL,"100,00",16980,13147,12474,302,371,3829,7723,922,05/10/2026 12:51:05
SP,67318,3531506,MONTE AZUL PAULISTA,"100,00",14242,11195,10609,267,319,2763,7069,777,05/10/2026 12:51:05
SP,67334,3531605,MONTE CASTELO,"100,00",3327,2631,2521,41,69,973,1442,106,05/10/2026 12:51:05
SP,67377,3531803,MONTE MOR,"100,00",47316,36862,34526,1042,1294,13140,18255,3131,05/10/2026 12:51:05
SP,67350,3531704,MONTEIRO LOBATO,"100,00",3833,3083,2930,53,100,1179,1561,190,05/10/2026 12:51:05
SP,67210,3531001,MONÇÕES,"100,00",2121,1723,1649,29,45,550,985,114,05/10/2026 12:51:05
SP,67393,3531902,MORRO AGUDO,"100,00",20181,15877,14917,388,572,5236,8632,1049,05/10/2026 12:51:05
SP,67415,3532009,MORUNGABA,"100,00",10613,8626,8141,174,311,2073,5462,606,05/10/2026 12:51:05
SP,61069,3532058,MOTUCA,"100,00",3384,2659,2499,62,98,1098,1244,157,05/10/2026 12:51:05
SP,67431,3532108,MURUTINGA DO SUL,"100,00",3341,2578,2452,51,75,755,1590,107,05/10/2026 12:51:05
SP,62340,3532157,NANTES,"100,00",2206,1680,1629,22,29,672,881,76,05/10/2026 12:51:05
SP,67458,3532207,NARANDIBA,"100,00",4458,3572,3437,63,72,1459,1749,229,05/10/2026 12:51:05
SP,67474,3532306,NATIVIDADE DA SERRA,"100,00",5669,4410,4176,76,158,1341,2508,327,05/10/2026 12:51:05
SP,67490,3532405,NAZARÉ PAULISTA,"100,00",14473,11394,10656,298,440,3115,6534,1007,05/10/2026 12:51:05
SP,67512,3532504,NEVES PAULISTA,"100,00",7059,5640,5275,177,188,1709,3180,386,05/10/2026 12:51:05
SP,67539,3532603,NHANDEARA,"100,00",7745,5912,5666,121,125,1384,3928,354,05/10/2026 12:51:05
SP,67555,3532702,NIPOÃ,"100,00",3881,3015,2882,54,79,994,1703,185,05/10/2026 12:51:05
SP,67571,3532801,NOVA ALIANÇA,"100,00",5431,4199,3978,77,144,1156,2578,244,05/10/2026 12:51:05
SP,61980,3532827,NOVA CAMPINA,"100,00",6959,5460,5225,111,124,1915,3031,279,05/10/2026 12:51:05
SP,61425,3532843,NOVA CANAÃ PAULISTA,"100,00",2275,1667,1579,30,58,645,816,118,05/10/2026 12:51:05
SP,62367,3532868,NOVA CASTILHO,"100,00",1375,1077,1046,12,19,324,659,63,05/10/2026 12:51:05
SP,67598,3532900,NOVA EUROPA,"100,00",7172,5645,5293,172,180,2382,2485,426,05/10/2026 12:51:05
SP,67610,3533007,NOVA GRANADA,"100,00",14794,11257,10658,246,353,4018,5963,677,05/10/2026 12:51:05
SP,67636,3533106,NOVA GUATAPORANGA,"100,00",2019,1536,1451,33,52,605,792,54,05/10/2026 12:51:05
SP,67652,3533205,NOVA INDEPENDÊNCIA,"100,00",3505,2637,2509,49,79,945,1451,113,05/10/2026 12:51:05
SP,67679,3533304,NOVA LUZITÂNIA,"100,00",2635,2101,2001,42,58,882,967,152,05/10/2026 12:51:05
SP,67695,3533403,NOVA ODESSA,"100,00",47408,38977,37161,740,1076,11562,22205,3394,05/10/2026 12:51:05
SP,61409,3533254,NOVAIS,"100,00",3922,3125,2917,77,131,996,1781,140,05/10/2026 12:51:05
SP,67717,3533502,NOVO HORIZONTE,"100,00",28606,21686,20772,437,477,5217,14302,1253,05/10/2026 12:51:05
SP,67733,3533601,NUPORANGA,"100,00",6023,4706,4437,111,158,1305,2813,319,05/10/2026 12:51:05
SP,67750,3533700,OCAUÇU,"100,00",3441,2626,2516,43,67,894,1480,142,05/10/2026 12:51:05
SP,67792,3533908,OLÍMPIA,"100,00",41874,32569,30932,765,872,8606,19840,2486,05/10/2026 12:51:05
SP,67814,3534005,ONDA VERDE,"100,00",4387,3374,3222,67,85,1167,1826,229,05/10/2026 12:51:05
SP,67830,3534104,ORIENTE,"100,00",5159,3989,3766,88,135,1135,2438,193,05/10/2026 12:51:05
SP,67857,3534203,ORINDIÚVA,"100,00",5003,3904,3709,62,133,1445,1996,268,05/10/2026 12:51:05
SP,67873,3534302,ORLÂNDIA,"100,00",29493,23307,21895,577,835,6990,13024,1881,05/10/2026 12:51:05
SP,67890,3534401,OSASCO,"100,00",583991,447953,421757,10881,15315,182778,191726,47253,05/10/2026 12:51:05
SP,67911,3534500,OSCAR BRESSANE,"100,00",2450,1867,1815,23,29,432,1295,88,05/10/2026 12:51:05
SP,67938,3534609,OSVALDO CRUZ,"100,00",22809,17277,16475,358,444,3830,11605,1040,05/10/2026 12:51:05
SP,67954,3534708,OURINHOS,"100,00",76480,58680,55607,1426,1647,17114,33838,4655,05/10/2026 12:51:05
SP,67970,3534807,OURO VERDE,"100,00",6097,4549,4355,94,100,1796,2364,195,05/10/2026 12:51:05
SP,62383,3534757,OUROESTE,"100,00",7997,6125,5848,97,180,1964,3551,333,05/10/2026 12:51:05
SP,67997,3534906,PACAEMBU,"100,00",7523,5763,5490,112,161,1597,3593,300,05/10/2026 12:51:05
SP,68012,3535002,PALESTINA,"100,00",8996,6852,6520,150,182,2217,3916,387,05/10/2026 12:51:05
SP,68039,3535101,PALMARES PAULISTA,"100,00",7352,6153,5711,176,266,2187,3152,372,05/10/2026 12:51:05
SP,68055,3535200,PALMEIRA D'OESTE,"100,00",7437,5666,5386,136,144,1754,3295,337,05/10/2026 12:51:05
SP,68071,3535309,PALMITAL,"100,00",16108,12536,11950,268,318,3290,7880,780,05/10/2026 12:51:05
SP,68098,3535408,PANORAMA,"100,00",9923,7852,7429,188,235,2531,4551,347,05/10/2026 12:51:05
SP,68110,3535507,PARAGUAÇU PAULISTA,"100,00",29958,22537,21446,525,566,7446,12647,1353,05/10/2026 12:51:05
SP,68136,3535606,PARAIBUNA,"100,00",13836,10974,10542,163,269,4210,5564,768,05/10/2026 12:51:05
SP,68179,3535804,PARANAPANEMA,"100,00",13591,10925,10399,206,320,3529,6313,557,05/10/2026 12:51:05
SP,68195,3535903,PARANAPUÃ,"100,00",3392,2795,2656,65,74,943,1610,103,05/10/2026 12:51:05
SP,68217,3536000,PARAPUÃ,"100,00",7605,5963,5574,185,204,1602,3650,322,05/10/2026 12:51:05
SP,68152,3535705,PARAÍSO,"100,00",4547,3751,3494,94,163,940,2314,240,05/10/2026 12:51:05
SP,68233,3536109,PARDINHO,"100,00",6139,4535,4297,89,149,1254,2714,329,05/10/2026 12:51:05
SP,68250,3536208,PARIQUERA-AÇU,"100,00",14302,11220,10588,274,358,2894,7032,662,05/10/2026 12:51:05
SP,61824,3536257,PARISI,"100,00",3085,2312,2211,35,66,676,1425,110,05/10/2026 12:51:05
SP,68276,3536307,PATROCÍNIO PAULISTA,"100,00",10549,8172,7814,173,185,2474,4628,712,05/10/2026 12:51:05
SP,68292,3536406,PAULICÉIA,"100,00",5955,4491,4308,87,96,1341,2771,196,05/10/2026 12:51:05
SP,62405,3536570,PAULISTÂNIA,"100,00",1993,1499,1436,23,40,457,896,83,05/10/2026 12:51:05
SP,68330,3536604,PAULO DE FARIA,"100,00",6111,4465,4229,66,170,1832,2130,267,05/10/2026 12:51:05
SP,68314,3536505,PAULÍNIA,"100,00",89901,72666,69768,1171,1727,23575,39264,6929,05/10/2026 12:51:05
SP,68357,3536703,PEDERNEIRAS,"100,00",32588,26187,24780,672,735,6409,16572,1799,05/10/2026 12:51:05
SP,68373,3536802,PEDRA BELA,"100,00",4810,3826,3598,111,117,1125,2189,284,05/10/2026 12:51:05
SP,68390,3536901,PEDRANÓPOLIS,"100,00",2682,2064,1980,39,45,704,1158,118,05/10/2026 12:51:05
SP,68411,3537008,PEDREGULHO,"100,00",12296,9508,9003,214,291,4022,4448,533,05/10/2026 12:51:05
SP,68438,3537107,PEDREIRA,"100,00",33383,26784,25126,610,1048,5780,17474,1872,05/10/2026 12:51:05
SP,61247,3537156,PEDRINHAS PAULISTA,"100,00",2726,2175,2106,19,50,518,1451,137,05/10/2026 12:51:05
SP,68454,3537206,PEDRO DE TOLEDO,"100,00",7891,5542,5285,114,143,2065,2824,396,05/10/2026 12:51:05
SP,68470,3537305,PENÁPOLIS,"100,00",43746,34393,32736,668,989,9312,21170,2254,05/10/2026 12:51:05
SP,68497,3537404,PEREIRA BARRETO,"100,00",19125,13862,13200,295,367,4868,7498,834,05/10/2026 12:51:05
SP,68519,3537503,PEREIRAS,"100,00",6469,4973,4704,115,154,1463,2918,323,05/10/2026 12:51:05
SP,68535,3537602,PERUÍBE,"100,00",59840,43174,40994,899,1281,15550,21904,3540,05/10/2026 12:51:05
SP,68551,3537701,PIACATU,"100,00",4487,3525,3376,39,110,1084,2151,141,05/10/2026 12:51:05
SP,68578,3537800,PIEDADE,"100,00",42011,31515,29541,965,1009,9014,17910,2617,05/10/2026 12:51:05
SP,68594,3537909,PILAR DO SUL,"100,00",22434,17046,16075,451,520,4458,10501,1116,05/10/2026 12:51:05
SP,68616,3538006,PINDAMONHANGABA,"100,00",119275,94638,88927,2589,3122,27531,52407,8989,05/10/2026 12:51:05
SP,68632,3538105,PINDORAMA,"100,00",10497,8505,8034,216,255,2204,5292,538,05/10/2026 12:51:05
SP,68675,3538204,PINHALZINHO,"100,00",11384,8920,8301,266,353,2277,5431,593,05/10/2026 12:51:05
SP,68691,3538303,PIQUEROBI,"100,00",3115,2348,2217,45,86,941,1196,80,05/10/2026 12:51:05
SP,68713,3538501,PIQUETE,"100,00",10045,7560,7158,193,209,2188,4334,636,05/10/2026 12:51:05
SP,68730,3538600,PIRACAIA,"100,00",21552,17153,16222,392,539,4282,10426,1514,05/10/2026 12:51:05
SP,68756,3538709,PIRACICABA,"100,00",311212,239268,226955,5227,7086,62618,143775,20562,05/10/2026 12:51:05
SP,68772,3538808,PIRAJU,"100,00",21986,16481,15474,429,578,5085,8961,1428,05/10/2026 12:51:05
SP,68799,3538907,PIRAJUÍ,"100,00",14814,11332,10702,305,325,3215,6696,791,05/10/2026 12:51:05
SP,68810,3539004,PIRANGI,"100,00",7897,6247,5924,161,162,1354,4168,402,05/10/2026 12:51:05
SP,68837,3539103,PIRAPORA DO BOM JESUS,"100,00",14158,10664,10142,232,290,4626,4634,882,05/10/2026 12:51:05
SP,68853,3539202,PIRAPOZINHO,"100,00",19385,15174,14536,286,352,4853,8574,1109,05/10/2026 12:51:05
SP,68870,3539301,PIRASSUNUNGA,"100,00",55163,42950,40523,1095,1332,10388,26402,3733,05/10/2026 12:51:05
SP,68896,3539400,PIRATININGA,"100,00",10141,7958,7613,149,196,1933,5067,613,05/10/2026 12:51:05
SP,68918,3539509,PITANGUEIRAS,"100,00",24981,19797,18574,549,674,7041,10212,1321,05/10/2026 12:51:05
SP,68934,3539608,PLANALTO,"100,00",3962,3047,2904,38,105,1182,1600,122,05/10/2026 12:51:05
SP,68950,3539707,PLATINA,"100,00",2775,2118,2032,36,50,563,1365,104,05/10/2026 12:51:05
SP,68993,3539905,POLONI,"100,00",4510,3611,3423,83,105,1114,2137,172,05/10/2026 12:51:05
SP,69019,3540002,POMPÉIA,"100,00",16138,12785,12240,204,341,2549,8930,761,05/10/2026 12:51:05
SP,69035,3540101,PONGAÍ,"100,00",2952,2316,2211,39,66,586,1499,126,05/10/2026 12:51:05
SP,69051,3540200,PONTAL,"100,00",28287,23043,21284,741,1018,8148,11460,1676,05/10/2026 12:51:05
SP,61808,3540259,PONTALINDA,"100,00",3157,2478,2368,51,59,1029,1222,117,05/10/2026 12:51:05
SP,69078,3540309,PONTES GESTAL,"100,00",2368,1811,1742,28,41,609,1049,84,05/10/2026 12:51:05
SP,69094,3540408,POPULINA,"100,00",3679,2877,2726,51,100,1317,1280,129,05/10/2026 12:51:05
SP,69116,3540507,PORANGABA,"100,00",7483,5656,5333,125,198,1844,3165,324,05/10/2026 12:51:05
SP,69132,3540606,PORTO FELIZ,"100,00",41162,32714,30934,885,895,8121,20277,2536,05/10/2026 12:51:05
SP,69159,3540705,PORTO FERREIRA,"100,00",39960,30811,28861,907,1043,7306,18883,2672,05/10/2026 12:51:05
SP,61565,3540754,POTIM,"100,00",12546,10270,9854,196,220,3416,5554,884,05/10/2026 12:51:05
SP,69175,3540804,POTIRENDABA,"100,00",13860,10928,10363,252,313,3030,6684,649,05/10/2026 12:51:05
SP,68977,3539806,POÁ,"100,00",89811,72857,68475,1815,2567,29359,31643,7473,05/10/2026 12:51:05
SP,62120,3540853,PRACINHA,"100,00",1476,1132,1091,16,25,409,629,53,05/10/2026 12:51:05
SP,69191,3540903,PRADÓPOLIS,"100,00",13603,11248,10594,261,393,3605,6051,938,05/10/2026 12:51:05
SP,69213,3541000,PRAIA GRANDE,"100,00",265311,193212,182720,4639,5853,66444,98944,17332,05/10/2026 12:51:05
SP,62146,3541059,PRATÂNIA,"100,00",4725,3601,3386,109,106,1166,2010,210,05/10/2026 12:51:05
SP,69230,3541109,PRESIDENTE ALVES,"100,00",3391,2579,2463,29,87,906,1399,158,05/10/2026 12:51:05
SP,69256,3541208,PRESIDENTE BERNARDES,"100,00",10209,7593,7293,141,159,2362,4540,391,05/10/2026 12:51:05
SP,69272,3541307,PRESIDENTE EPITÁCIO,"100,00",29804,21994,20956,475,563,7733,11934,1289,05/10/2026 12:51:05
SP,69299,3541406,PRESIDENTE PRUDENTE,"100,00",165528,128762,123575,2337,2850,33929,80401,9245,05/10/2026 12:51:05
SP,69310,3541505,PRESIDENTE VENCESLAU,"100,00",26379,20105,19137,440,528,5014,12868,1255,05/10/2026 12:51:05
SP,69337,3541604,PROMISSÃO,"100,00",26512,19275,18221,451,603,6110,10868,1243,05/10/2026 12:51:05
SP,62162,3541653,QUADRA,"100,00",4032,2938,2802,54,82,888,1730,184,05/10/2026 12:51:05
SP,69353,3541703,QUATÁ,"100,00",10121,7773,7450,148,175,2182,4814,454,05/10/2026 12:51:05
SP,69370,3541802,QUEIROZ,"100,00",3299,2460,2352,41,67,869,1410,73,05/10/2026 12:51:05
SP,69396,3541901,QUELUZ,"100,00",7112,5474,5250,105,119,2385,2446,419,05/10/2026 12:51:05
SP,69418,3542008,QUINTANA,"100,00",5214,4073,3862,81,130,1101,2568,193,05/10/2026 12:51:05
SP,69434,3542107,RAFARD,"100,00",7253,6047,5760,110,177,1446,3890,424,05/10/2026 12:51:05
SP,69450,3542206,RANCHARIA,"100,00",22888,17380,16648,349,383,5825,9527,1296,05/10/2026 12:51:05
SP,69477,3542305,REDENÇÃO DA SERRA,"100,00",4304,3269,3110,64,95,1155,1689,266,05/10/2026 12:51:05
SP,69493,3542404,REGENTE FEIJÓ,"100,00",15711,12378,11831,245,302,3669,7406,756,05/10/2026 12:51:05
SP,69515,3542503,REGINÓPOLIS,"100,00",4734,3698,3504,85,109,833,2430,241,05/10/2026 12:51:05
SP,69531,3542602,REGISTRO,"100,00",45214,34201,32700,723,778,10853,19326,2521,05/10/2026 12:51:05
SP,69558,3542701,RESTINGA,"100,00",6817,5160,4942,104,114,1931,2653,358,05/10/2026 12:51:05
SP,69574,3542800,RIBEIRA,"100,00",2889,2212,2127,39,46,1084,955,88,05/10/2026 12:51:05
SP,69590,3542909,RIBEIRÃO BONITO,"100,00",8616,6308,5900,174,234,2306,3168,426,05/10/2026 12:51:05
SP,69612,3543006,RIBEIRÃO BRANCO,"100,00",14335,11062,10489,257,316,4340,5703,446,05/10/2026 12:51:05
SP,69639,3543105,RIBEIRÃO CORRENTE,"100,00",4387,3296,3141,58,97,1279,1686,176,05/10/2026 12:51:05
SP,69655,3543204,RIBEIRÃO DO SUL,"100,00",3926,3186,3057,57,72,1206,1684,167,05/10/2026 12:51:05
SP,62421,3543238,RIBEIRÃO DOS ÍNDIOS,"100,00",1918,1485,1397,33,55,620,721,56,05/10/2026 12:51:05
SP,61700,3543253,RIBEIRÃO GRANDE,"100,00",6413,5169,4832,183,154,2203,2232,397,05/10/2026 12:51:05
SP,69671,3543303,RIBEIRÃO PIRES,"100,00",85765,68809,64397,1627,2785,26550,30399,7448,05/10/2026 12:51:05
SP,69698,3543402,RIBEIRÃO PRETO,"100,00",473134,360767,341643,6806,12318,116116,188761,36766,05/10/2026 12:51:05
SP,69736,3543600,RIFAINA,"100,00",5127,3789,3675,61,53,1254,2204,217,05/10/2026 12:51:05
SP,69752,3543709,RINCÃO,"100,00",7171,5498,5088,173,237,2319,2459,310,05/10/2026 12:51:05
SP,69779,3543808,RINÓPOLIS,"100,00",7452,5472,5190,125,157,1275,3648,267,05/10/2026 12:51:05
SP,69795,3543907,RIO CLARO,"100,00",151298,119236,112088,2592,4556,31307,71036,9745,05/10/2026 12:51:05
SP,69817,3544004,RIO DAS PEDRAS,"100,00",25297,20003,18955,490,558,5198,12313,1444,05/10/2026 12:51:05
SP,69833,3544103,RIO GRANDE DA SERRA,"100,00",33722,26874,24797,937,1140,12124,10158,2515,05/10/2026 12:51:05
SP,69850,3544202,RIOLÂNDIA,"100,00",7103,5513,5267,86,160,2345,2721,201,05/10/2026 12:51:05
SP,69710,3543501,RIVERSUL,"100,00",4559,3590,3410,73,107,1335,1875,200,05/10/2026 12:51:05
SP,61166,3544251,ROSANA,"100,00",14263,9788,9387,161,240,4683,4241,463,05/10/2026 12:51:05
SP,69876,3544301,ROSEIRA,"100,00",8328,6837,6530,155,152,2052,3895,583,05/10/2026 12:51:05
SP,69914,3544509,RUBINÉIA,"100,00",3917,2976,2844,39,93,894,1778,172,05/10/2026 12:51:05
SP,69892,3544400,RUBIÁCEA,"100,00",2390,1813,1737,32,44,543,1115,79,05/10/2026 12:51:05
SP,69930,3544608,SABINO,"100,00",4352,3170,2980,78,112,1027,1798,155,05/10/2026 12:51:05
SP,69957,3544707,SAGRES,"100,00",2091,1560,1476,40,44,601,792,83,05/10/2026 12:51:05
SP,69973,3544806,SALES,"100,00",5354,4162,3991,63,108,963,2839,189,05/10/2026 12:51:05
SP,69990,3544905,SALES OLIVEIRA,"100,00",8527,6830,6435,165,230,1764,4088,583,05/10/2026 12:51:05
SP,70017,3545001,SALESÓPOLIS,"100,00",14725,11914,11217,321,376,3595,6471,1151,05/10/2026 12:51:05
SP,70033,3545100,SALMOURÃO,"100,00",3874,2931,2766,75,90,919,1750,97,05/10/2026 12:51:05
SP,61441,3545159,SALTINHO,"100,00",7141,5860,5673,95,92,865,4465,343,05/10/2026 12:51:05
SP,70050,3545209,SALTO,"100,00",95308,76046,71819,1683,2544,22773,41488,7558,05/10/2026 12:51:05
SP,70076,3545308,SALTO DE PIRAPORA,"100,00",31402,23882,22026,856,1000,7346,12779,1901,05/10/2026 12:51:05
SP,70092,3545407,SALTO GRANDE,"100,00",6580,5118,4825,132,161,1538,2928,359,05/10/2026 12:51:05
SP,70114,3545506,SANDOVALINA,"100,00",4876,3421,3312,35,74,1966,1199,147,05/10/2026 12:51:05
SP,70130,3545605,SANTA ADÉLIA,"100,00",10828,8298,7849,182,267,2395,4822,632,05/10/2026 12:51:05
SP,70157,3545704,SANTA ALBERTINA,"100,00",5093,4097,3922,65,110,1224,2527,171,05/10/2026 12:51:05
SP,70211,3546009,SANTA BRANCA,"100,00",11889,9146,8715,195,236,2769,5210,736,05/10/2026 12:51:05
SP,70173,3545803,SANTA BÁRBARA D'OESTE,"100,00",138487,113037,107173,2396,3468,29759,67949,9465,05/10/2026 12:51:05
SP,70238,3546108,SANTA CLARA D'OESTE,"100,00",2441,1860,1787,39,34,623,1075,89,05/10/2026 12:51:05
SP,70254,3546207,SANTA CRUZ DA CONCEIÇÃO,"100,00",4140,3244,3078,48,118,717,2156,205,05/10/2026 12:51:05
SP,62189,3546256,SANTA CRUZ DA ESPERANÇA,"100,00",2342,1785,1681,32,72,590,981,110,05/10/2026 12:51:05
SP,70270,3546306,SANTA CRUZ DAS PALMEIRAS,"100,00",21443,16335,15255,490,590,4756,9169,1330,05/10/2026 12:51:05
SP,70297,3546405,SANTA CRUZ DO RIO PARDO,"100,00",34041,25988,24781,593,614,5535,17550,1696,05/10/2026 12:51:05
SP,70319,3546504,SANTA ERNESTINA,"100,00",5040,4072,3856,95,121,1408,2176,272,05/10/2026 12:51:05
SP,70335,3546603,SANTA FÉ DO SUL,"100,00",25810,19531,18547,428,556,4718,12581,1248,05/10/2026 12:51:05
SP,70351,3546702,SANTA GERTRUDES,"100,00",19153,15369,14640,289,440,4029,9526,1085,05/10/2026 12:51:05
SP,70378,3546801,SANTA ISABEL,"100,00",41696,33292,31266,820,1206,10116,18316,2834,05/10/2026 12:51:05
SP,70394,3546900,SANTA LÚCIA,"100,00",6326,4994,4557,175,262,2202,1969,386,05/10/2026 12:51:05
SP,70416,3547007,SANTA MARIA DA SERRA,"100,00",4225,3204,3022,81,101,874,2008,140,05/10/2026 12:51:05
SP,70432,3547106,SANTA MERCEDES,"100,00",2679,2025,1939,44,42,754,1104,81,05/10/2026 12:51:05
SP,70491,3547403,SANTA RITA D'OESTE,"100,00",2471,1960,1884,42,34,689,1075,120,05/10/2026 12:51:05
SP,70513,3547502,SANTA RITA DO PASSA QUATRO,"100,00",19993,15060,14362,310,388,3445,9696,1221,05/10/2026 12:51:05
SP,70530,3547601,SANTA ROSA DE VITERBO,"100,00",18030,13978,12941,443,594,4638,7067,1236,05/10/2026 12:51:05
SP,62200,3547650,SANTA SALETE,"100,00",1836,1536,1488,18,30,368,1045,75,05/10/2026 12:51:05
SP,70459,3547205,SANTANA DA PONTE PENSA,"100,00",1925,1440,1371,24,45,450,828,93,05/10/2026 12:51:05
SP,70475,3547304,SANTANA DE PARNAÍBA,"100,00",111635,86413,82187,1914,2312,29460,43095,9632,05/10/2026 12:51:05
SP,70556,3547700,SANTO ANASTÁCIO,"100,00",15054,11263,10669,263,331,3568,6430,671,05/10/2026 12:51:05
SP,70572,3547809,SANTO ANDRÉ,"100,00",573503,439659,413143,9207,17309,170225,195045,47873,05/10/2026 12:51:05
SP,70599,3547908,SANTO ANTÔNIO DA ALEGRIA,"100,00",5700,4518,4255,96,167,1604,2377,274,05/10/2026 12:51:05
SP,70610,3548005,SANTO ANTÔNIO DE POSSE,"100,00",16288,13173,12465,352,356,3394,8227,844,05/10/2026 12:51:05
SP,61328,3548054,SANTO ANTÔNIO DO ARACANGUÁ,"100,00",7290,5757,5585,71,101,1999,3256,330,05/10/2026 12:51:05
SP,70637,3548104,SANTO ANTÔNIO DO JARDIM,"100,00",5173,4033,3779,124,130,1079,2396,304,05/10/2026 12:51:05
SP,70653,3548203,SANTO ANTÔNIO DO PINHAL,"100,00",6113,4986,4678,136,172,1527,2723,428,05/10/2026 12:51:05
SP,70670,3548302,SANTO EXPEDITO,"100,00",2682,2039,1948,31,60,785,1069,94,05/10/2026 12:51:05
SP,70718,3548500,SANTOS,"100,00",348832,263935,252290,4535,7110,98538,125561,28191,05/10/2026 12:51:05
SP,70696,3548401,SANTÓPOLIS DO AGUAPEÍ,"100,00",3231,2679,2570,33,76,841,1616,113,05/10/2026 12:51:05
SP,71234,3551108,SARAPUÍ,"100,00",7398,5972,5602,141,229,2083,3184,335,05/10/2026 12:51:05
SP,71250,3551207,SARUTAIÁ,"100,00",3202,2378,2261,44,73,1062,1080,119,05/10/2026 12:51:05
SP,71277,3551306,SEBASTIANÓPOLIS DO SUL,"100,00",3007,2434,2307,60,67,637,1499,171,05/10/2026 12:51:05
SP,71293,3551405,SERRA AZUL,"100,00",7366,5719,5429,110,180,2349,2695,385,05/10/2026 12:51:05
SP,71331,3551603,SERRA NEGRA,"100,00",22277,17278,16406,345,527,4418,10696,1292,05/10/2026 12:51:05
SP,71315,3551504,SERRANA,"100,00",33570,26433,24988,642,803,9465,13353,2170,05/10/2026 12:51:05
SP,71358,3551702,SERTÃOZINHO,"100,00",93301,74755,70053,2000,2702,24907,38741,6405,05/10/2026 12:51:05
SP,71374,3551801,SETE BARRAS,"100,00",10260,7606,7228,140,238,2455,4398,375,05/10/2026 12:51:05
SP,71390,3551900,SEVERÍNIA,"100,00",11642,9609,9179,201,229,3164,5495,520,05/10/2026 12:51:05
SP,71412,3552007,SILVEIRAS,"100,00",5404,4324,4091,113,120,1510,2205,376,05/10/2026 12:51:05
SP,71439,3552106,SOCORRO,"100,00",30482,24681,23447,431,803,4835,16614,1998,05/10/2026 12:51:05
SP,71455,3552205,SOROCABA,"100,00",531342,420351,394371,9929,16051,129576,222939,41856,05/10/2026 12:51:05
SP,71471,3552304,SUD MENNUCCI,"100,00",6041,4605,4389,102,114,1857,2367,165,05/10/2026 12:51:05
SP,71498,3552403,SUMARÉ,"100,00",199975,154690,146668,3537,4485,53018,81394,12256,05/10/2026 12:51:05
SP,71510,3552502,SUZANO,"100,00",235588,181888,169265,5789,6834,68212,83257,17796,05/10/2026 12:51:05
SP,61301,3552551,SUZANÁPOLIS,"100,00",2988,2323,2195,59,69,969,1124,102,05/10/2026 12:51:05
SP,70734,3548609,SÃO BENTO DO SAPUCAÍ,"100,00",9073,7235,6820,164,251,2098,4061,661,05/10/2026 12:51:05
SP,70750,3548708,SÃO BERNARDO DO CAMPO,"100,00",626647,490146,460151,10847,19148,215232,192478,52441,05/10/2026 12:51:05
SP,70777,3548807,SÃO CAETANO DO SUL,"100,00",147744,122421,117515,1753,3153,39455,63410,14650,05/10/2026 12:51:05
SP,70793,3548906,SÃO CARLOS,"100,00",196964,150391,140442,3915,6034,57731,69472,13239,05/10/2026 12:51:05
SP,70815,3549003,SÃO FRANCISCO,"100,00",2505,1980,1894,34,52,711,1081,102,05/10/2026 12:51:05
SP,70890,3549409,SÃO JOAQUIM DA BARRA,"100,00",35828,27590,26089,710,791,9890,14014,2185,05/10/2026 12:51:05
SP,70912,3549508,SÃO JOSÉ DA BELA VISTA,"100,00",6916,4945,4643,148,154,2052,2327,264,05/10/2026 12:51:05
SP,70939,3549607,SÃO JOSÉ DO BARREIRO,"100,00",3579,2822,2683,47,92,1280,1225,178,05/10/2026 12:51:05
SP,70955,3549706,SÃO JOSÉ DO RIO PARDO,"100,00",39191,29873,28069,849,955,8042,17402,2625,05/10/2026 12:51:05
SP,70971,3549805,SÃO JOSÉ DO RIO PRETO,"100,00",344760,262952,251050,4709,7193,71275,156807,22968,05/10/2026 12:51:05
SP,70998,3549904,SÃO JOSÉ DOS CAMPOS,"100,00",540217,438934,419717,8359,10858,136451,240721,42545,05/10/2026 12:51:05
SP,70831,3549102,SÃO JOÃO DA BOA VISTA,"100,00",67128,52797,49875,1309,1613,14238,30945,4692,05/10/2026 12:51:05
SP,70858,3549201,SÃO JOÃO DAS DUAS PONTES,"100,00",2242,1819,1739,42,38,809,850,80,05/10/2026 12:51:05
SP,61883,3549250,SÃO JOÃO DE IRACEMA,"100,00",1809,1365,1321,19,25,637,600,84,05/10/2026 12:51:05
SP,70874,3549300,SÃO JOÃO DO PAU D'ALHO,"100,00",1906,1519,1470,20,29,640,735,95,05/10/2026 12:51:05
SP,61905,3549953,SÃO LOURENÇO DA SERRA,"100,00",11946,9342,8739,279,324,3548,4372,819,05/10/2026 12:51:05
SP,71013,3550001,SÃO LUÍS DO PARAITINGA,"100,00",10204,8061,7622,182,257,3105,3899,618,05/10/2026 12:51:05
SP,71030,3550100,SÃO MANUEL,"100,00",29305,23139,21394,816,929,6565,13164,1665,05/10/2026 12:51:05
SP,71056,3550209,SÃO MIGUEL ARCANJO,"100,00",24440,18934,17738,477,719,5493,10990,1255,05/10/2026 12:51:05
SP,71072,3550308,SÃO PAULO,"100,00",9145124,7006411,6552820,174614,278977,3052349,2760747,739724,05/10/2026 12:51:05
SP,71099,3550407,SÃO PEDRO,"100,00",28554,21314,20341,377,596,5034,13897,1410,05/10/2026 12:51:05
SP,71110,3550506,SÃO PEDRO DO TURVO,"100,00",5673,4459,4282,81,96,1478,2612,192,05/10/2026 12:51:05
SP,71137,3550605,SÃO ROQUE,"100,00",60260,46767,43704,1370,1693,15462,23452,4790,05/10/2026 12:51:05
SP,71153,3550704,SÃO SEBASTIÃO,"100,00",68037,52701,50193,1060,1448,21005,25027,4161,05/10/2026 12:51:05
SP,71170,3550803,SÃO SEBASTIÃO DA GRAMA,"100,00",8398,6450,5996,182,272,1864,3612,520,05/10/2026 12:51:05
SP,71196,3550902,SÃO SIMÃO,"100,00",11158,8562,8099,185,278,2718,4559,822,05/10/2026 12:51:05
SP,71218,3551009,SÃO VICENTE,"100,00",256025,189005,177992,5041,5972,73549,87214,17229,05/10/2026 12:51:05
SP,71536,3552601,TABAPUÃ,"100,00",8762,7108,6668,181,259,1748,4570,350,05/10/2026 12:51:05
SP,71552,3552700,TABATINGA,"100,00",10716,8467,7948,258,261,2624,4883,441,05/10/2026 12:51:05
SP,71579,3552809,TABOÃO DA SERRA,"100,00",212014,170529,160051,4282,6196,79435,62653,17963,05/10/2026 12:51:05
SP,71595,3552908,TACIBA,"100,00",5069,4104,3973,48,83,1659,2098,216,05/10/2026 12:51:05
SP,71617,3553005,TAGUAÍ,"100,00",9253,7444,7117,154,173,2279,4395,443,05/10/2026 12:51:05
SP,71633,3553104,TAIAÇU,"100,00",4509,3591,3386,104,101,1319,1901,166,05/10/2026 12:51:05
SP,71650,3553203,TAIÚVA,"100,00",4396,3489,3352,74,63,893,2234,225,05/10/2026 12:51:05
SP,71676,3553302,TAMBAÚ,"100,00",15898,12384,11648,337,399,4187,6296,1165,05/10/2026 12:51:05
SP,71692,3553401,TANABI,"100,00",19937,15638,14984,281,373,4376,9496,1112,05/10/2026 12:51:05
SP,71730,3553609,TAPIRATIBA,"100,00",9228,7432,6914,203,315,2707,3626,581,05/10/2026 12:51:05
SP,71714,3553500,TAPIRAÍ,"100,00",6269,4627,4396,108,123,1573,2520,303,05/10/2026 12:51:05
SP,62260,3553658,TAQUARAL,"100,00",2275,1854,1775,34,45,617,1078,80,05/10/2026 12:51:05
SP,71757,3553708,TAQUARITINGA,"100,00",38620,29295,27535,878,882,8644,16556,2335,05/10/2026 12:51:05
SP,71773,3553807,TAQUARITUBA,"100,00",18080,14294,13443,468,383,4667,7881,895,05/10/2026 12:51:05
SP,61840,3553856,TAQUARIVAÍ,"100,00",5121,3988,3779,91,118,1407,2142,230,05/10/2026 12:51:05
SP,71790,3553906,TARABAI,"100,00",5176,4110,3936,61,113,1742,1937,257,05/10/2026 12:51:05
SP,61042,3553955,TARUMÃ,"100,00",11526,9118,8775,163,180,2828,5406,541,05/10/2026 12:51:05
SP,71811,3554003,TATUÍ,"100,00",88765,67073,62289,1937,2847,16465,40608,5216,05/10/2026 12:51:05
SP,71838,3554102,TAUBATÉ,"100,00",239956,184434,174354,4344,5736,50107,104820,19427,05/10/2026 12:51:05
SP,71854,3554201,TEJUPÁ,"100,00",3456,2709,2586,49,74,1133,1336,117,05/10/2026 12:51:05
SP,71870,3554300,TEODORO SAMPAIO,"100,00",17020,12467,11979,217,271,5812,5660,507,05/10/2026 12:51:05
SP,71897,3554409,TERRA ROXA,"100,00",6363,5102,4794,138,170,1640,2805,349,05/10/2026 12:51:05
SP,71919,3554508,TIETÊ,"100,00",29070,23157,22002,437,718,5460,14607,1935,05/10/2026 12:51:05
SP,71935,3554607,TIMBURI,"100,00",2427,1889,1788,34,67,648,1018,122,05/10/2026 12:51:05
SP,62049,3554656,TORRE DE PEDRA,"100,00",2545,1988,1883,36,69,532,1242,109,05/10/2026 12:51:05
SP,71951,3554706,TORRINHA,"100,00",6691,5337,5020,164,153,1150,3581,289,05/10/2026 12:51:05
SP,62448,3554755,TRABIJU,"100,00",1649,1305,1243,27,35,574,574,95,05/10/2026 12:51:05
SP,71978,3554805,TREMEMBÉ,"100,00",29627,23668,22451,530,687,6688,13500,2263,05/10/2026 12:51:05
SP,71994,3554904,TRÊS FRONTEIRAS,"100,00",5256,4041,3797,118,126,1274,2292,231,05/10/2026 12:51:05
SP,61620,3554953,TUIUTI,"100,00",5542,4373,4114,108,151,1041,2803,270,05/10/2026 12:51:05
SP,72036,3555109,TUPI PAULISTA,"100,00",10833,8388,8046,130,212,2263,5227,556,05/10/2026 12:51:05
SP,72010,3555000,TUPÃ,"100,00",47261,35999,34365,706,928,8245,23559,2561,05/10/2026 12:51:05
SP,72052,3555208,TURIÚBA,"100,00",1661,1285,1244,10,31,349,821,74,05/10/2026 12:51:05
SP,72079,3555307,TURMALINA,"100,00",1955,1500,1419,22,59,627,668,124,05/10/2026 12:51:05
SP,61468,3555356,UBARANA,"100,00",4496,3440,3279,62,99,1268,1824,187,05/10/2026 12:51:05
SP,72095,3555406,UBATUBA,"100,00",77900,58669,56014,1064,1591,18571,33252,4191,05/10/2026 12:51:05
SP,72117,3555505,UBIRAJARA,"100,00",3995,2997,2883,52,62,1022,1720,141,05/10/2026 12:51:05
SP,72133,3555604,UCHOA,"100,00",8307,6431,6041,154,236,1932,3605,504,05/10/2026 12:51:05
SP,72150,3555703,UNIÃO PAULISTA,"100,00",1703,1333,1293,14,26,509,735,49,05/10/2026 12:51:05
SP,72192,3555901,URU,"100,00",1622,1235,1176,16,43,320,785,71,05/10/2026 12:51:05
SP,72214,3556008,URUPÊS,"100,00",10624,8341,7958,182,201,1932,5613,413,05/10/2026 12:51:05
SP,72176,3555802,URÂNIA,"100,00",6898,5589,5286,137,166,1590,3425,271,05/10/2026 12:51:05
SP,72230,3556107,VALENTIM GENTIL,"100,00",10146,8186,7811,156,219,2349,4987,475,05/10/2026 12:51:05
SP,72257,3556206,VALINHOS,"100,00",94676,76783,73158,1433,2192,21448,44022,7688,05/10/2026 12:51:05
SP,72273,3556305,VALPARAÍSO,"100,00",15952,11240,10783,209,248,3446,6772,565,05/10/2026 12:51:05
SP,61549,3556354,VARGEM,"100,00",6582,5133,4794,138,201,1294,3066,434,05/10/2026 12:51:05
SP,72311,3556404,VARGEM GRANDE DO SUL,"100,00",30430,23353,21897,785,671,6003,13918,1976,05/10/2026 12:51:05
SP,72737,3556453,VARGEM GRANDE PAULISTA,"100,00",42997,33334,31472,828,1034,11594,16390,3488,05/10/2026 12:51:05
SP,72354,3556602,VERA CRUZ,"100,00",7886,6174,5826,123,225,1792,3683,351,05/10/2026 12:51:05
SP,72370,3556701,VINHEDO,"100,00",65669,51564,49306,961,1297,13483,30691,5132,05/10/2026 12:51:05
SP,72397,3556800,VIRADOURO,"100,00",13103,10717,10191,238,288,2700,6811,680,05/10/2026 12:51:05
SP,72419,3556909,VISTA ALEGRE DO ALTO,"100,00",5990,4690,4417,128,145,1404,2747,266,05/10/2026 12:51:05
SP,62227,3556958,VITÓRIA BRASIL,"100,00",1673,1433,1357,34,42,493,813,51,05/10/2026 12:51:05
SP,72435,3557006,VOTORANTIM,"100,00",92608,71340,67184,1757,2399,22000,38477,6707,05/10/2026 12:51:05
SP,72451,3557105,VOTUPORANGA,"100,00",68927,54426,51814,990,1622,13875,34199,3740,05/10/2026 12:51:05
SP,72338,3556503,VÁRZEA PAULISTA,"100,00",84729,66602,62454,1672,2476,21261,35108,6085,05/10/2026 12:51:05
SP,61921,3557154,ZACARIAS,"100,00",2570,1957,1860,32,65,621,1157,82,05/10/2026 12:51:05
SP,61077,3500402,ÁGUAS DA PRATA,"100,00",5911,4728,4499,89,140,1387,2743,369,05/10/2026 12:51:05
SP,61093,3500501,ÁGUAS DE LINDÓIA,"100,00",14061,11507,10884,229,394,2614,7494,776,05/10/2026 12:51:05
SP,70190,3500550,ÁGUAS DE SANTA BÁRBARA,"100,00",5392,4011,3807,66,138,1024,2545,238,05/10/2026 12:51:05
SP,61115,3500600,ÁGUAS DE SÃO PEDRO,"100,00",4335,3337,3215,39,83,904,2037,274,05/10/2026 12:51:05
SP,61239,3501202,ÁLVARES FLORENCE,"100,00",3612,2875,2739,62,74,800,1819,120,05/10/2026 12:51:05
SP,61255,3501301,ÁLVARES MACHADO,"100,00",17955,14324,13595,343,386,4420,8267,908,05/10/2026 12:51:05
SP,61271,3501400,ÁLVARO DE CARVALHO,"100,00",2756,2069,1891,71,107,762,1024,105,05/10/2026 12:51:05
SP,67776,3533809,ÓLEO,"100,00",2420,1929,1839,36,54,566,1129,144,05/10/2026 12:51:05
TO,73008,1700251,ABREULÂNDIA,"100,00",2525,2037,1972,13,52,884,1013,75,05/10/2026 12:51:05
TO,73512,1700301,AGUIARNÓPOLIS,"100,00",3952,3162,3048,20,94,1660,1221,167,05/10/2026 12:51:05
TO,96954,1700350,ALIANÇA DO TOCANTINS,"100,00",4304,3420,3292,35,93,1361,1738,193,05/10/2026 12:51:05
TO,92070,1700400,ALMAS,"100,00",5592,4508,4300,39,169,2446,1590,264,05/10/2026 12:51:05
TO,92134,1700707,ALVORADA,"100,00",8052,6210,5975,41,194,2101,3557,317,05/10/2026 12:51:05
TO,92193,1701002,ANANÁS,"100,00",7593,6342,6118,55,169,3337,2493,288,05/10/2026 12:51:05
TO,73075,1701051,ANGICO,"100,00",2806,2275,2212,14,49,1101,985,126,05/10/2026 12:51:05
TO,96970,1701101,APARECIDA DO RIO NEGRO,"100,00",4670,4006,3870,27,109,1683,1997,190,05/10/2026 12:51:05
TO,73334,1701309,ARAGOMINAS,"100,00",4450,3646,3519,28,99,1882,1484,153,05/10/2026 12:51:05
TO,92371,1701903,ARAGUACEMA,"100,00",5135,4069,3909,21,139,2084,1647,178,05/10/2026 12:51:05
TO,73318,1702158,ARAGUANÃ,"100,00",3552,2919,2837,11,71,1321,1397,119,05/10/2026 12:51:05
TO,92436,1702208,ARAGUATINS,"100,00",22359,17698,16965,155,578,8731,7176,1058,05/10/2026 12:51:05
TO,92398,1702000,ARAGUAÇU,"100,00",6645,5239,5052,29,158,1177,3585,290,05/10/2026 12:51:05
TO,92410,1702109,ARAGUAÍNA,"100,00",124170,103422,99518,1151,2753,35210,57270,7038,05/10/2026 12:51:05
TO,92452,1702307,ARAPOEMA,"100,00",4628,3613,3461,26,126,1638,1658,165,05/10/2026 12:51:05
TO,92479,1702406,ARRAIAS,"100,00",8201,6222,5905,41,276,3928,1650,327,05/10/2026 12:51:05
TO,96857,1702554,AUGUSTINÓPOLIS,"100,00",13639,10941,10464,105,372,5553,4391,520,05/10/2026 12:51:05
TO,92533,1702703,AURORA DO TOCANTINS,"100,00",3314,2599,2435,25,139,1288,990,157,05/10/2026 12:51:05
TO,92576,1702901,AXIXÁ DO TOCANTINS,"100,00",9184,7500,7187,54,259,3979,2982,226,05/10/2026 12:51:05
TO,92592,1703008,BABAÇULÂNDIA,"100,00",6651,5646,5394,60,192,3268,1916,210,05/10/2026 12:51:05
TO,73580,1703057,BANDEIRANTES DO TOCANTINS,"100,00",2799,2389,2329,14,46,906,1308,115,05/10/2026 12:51:05
TO,73610,1703073,BARRA DO OURO,"100,00",4021,3265,3116,18,131,1758,1263,95,05/10/2026 12:51:05
TO,96997,1703107,BARROLÂNDIA,"100,00",4903,4083,3930,42,111,1710,2004,216,05/10/2026 12:51:05
TO,92002,1703206,BERNARDO SAYÃO,"100,00",3604,3002,2892,19,91,1155,1602,135,05/10/2026 12:51:05
TO,73121,1703305,BOM JESUS DO TOCANTINS,"100,00",3672,3122,2997,21,104,1390,1483,124,05/10/2026 12:51:05
TO,73245,1703602,BRASILÂNDIA DO TOCANTINS,"100,00",1994,1666,1597,11,58,752,762,83,05/10/2026 12:51:05
TO,92738,1703701,BREJINHO DE NAZARÉ,"100,00",4228,3503,3358,29,116,1612,1562,184,05/10/2026 12:51:05
TO,92045,1703800,BURITI DO TOCANTINS,"100,00",6689,5527,5314,33,180,2793,2296,225,05/10/2026 12:51:05
TO,73067,1703826,CACHOEIRINHA,"100,00",2029,1661,1618,7,36,968,553,97,05/10/2026 12:51:05
TO,73091,1703842,CAMPOS LINDOS,"100,00",6887,5710,5494,34,182,2712,2434,348,05/10/2026 12:51:05
TO,73300,1703867,CARIRI DO TOCANTINS,"100,00",3798,3047,2950,19,78,1184,1621,145,05/10/2026 12:51:05
TO,73326,1703883,CARMOLÂNDIA,"100,00",2413,1973,1899,11,63,998,809,92,05/10/2026 12:51:05
TO,73423,1703891,CARRASCO BONITO,"100,00",3567,2807,2676,17,114,1575,1031,70,05/10/2026 12:51:05
TO,92088,1703909,CASEARA,"100,00",3951,3247,3136,18,93,1470,1518,148,05/10/2026 12:51:05
TO,73210,1704105,CENTENÁRIO,"100,00",1930,1592,1528,6,58,858,599,71,05/10/2026 12:51:05
TO,73482,1705102,CHAPADA DA NATIVIDADE,"100,00",3103,2481,2356,21,104,1550,688,118,05/10/2026 12:51:05
TO,73474,1704600,CHAPADA DE AREIA,"100,00",2545,2012,1963,11,38,767,1063,133,05/10/2026 12:51:05
TO,93114,1705508,COLINAS DO TOCANTINS,"100,00",25353,20223,19520,204,499,6858,11628,1034,05/10/2026 12:51:05
TO,95290,1716703,COLMÉIA,"100,00",6526,5419,5197,46,176,1803,3168,226,05/10/2026 12:51:05
TO,92142,1705557,COMBINADO,"100,00",3892,3263,3125,29,109,1339,1548,238,05/10/2026 12:51:05
TO,93130,1705607,CONCEIÇÃO DO TOCANTINS,"100,00",3643,2715,2568,15,132,1636,781,151,05/10/2026 12:51:05
TO,93211,1706001,COUTO MAGALHÃES,"100,00",4816,3843,3728,20,95,1989,1624,115,05/10/2026 12:51:05
TO,93238,1706100,CRISTALÂNDIA,"100,00",5530,4516,4398,20,98,1834,2327,237,05/10/2026 12:51:05
TO,73555,1706258,CRIXÁS DO TOCANTINS,"100,00",1827,1466,1422,7,37,679,679,64,05/10/2026 12:51:05
TO,73032,1706506,DARCINÓPOLIS,"100,00",4743,3828,3703,23,102,1929,1600,174,05/10/2026 12:51:05
TO,93416,1707009,DIANÓPOLIS,"100,00",13191,10516,10009,125,382,5368,3935,706,05/10/2026 12:51:05
TO,92185,1707108,DIVINÓPOLIS DO TOCANTINS,"100,00",5779,4675,4465,40,170,2086,2153,226,05/10/2026 12:51:05
TO,93459,1707207,DOIS IRMÃOS DO TOCANTINS,"100,00",5082,4100,3933,24,143,1986,1712,235,05/10/2026 12:51:05
TO,93475,1707306,DUERÉ,"100,00",3669,2966,2865,24,77,1352,1307,206,05/10/2026 12:51:05
TO,73296,1707405,ESPERANTINA,"100,00",6625,5219,5025,35,159,3289,1521,215,05/10/2026 12:51:05
TO,96679,1707652,FIGUEIRÓPOLIS,"100,00",4679,3723,3610,25,88,1365,2037,208,05/10/2026 12:51:05
TO,93556,1707702,FILADÉLFIA,"100,00",6244,5028,4833,37,158,2649,1965,219,05/10/2026 12:51:05
TO,93653,1708205,FORMOSO DO ARAGUAIA,"100,00",14141,11167,10805,85,277,4014,6319,472,05/10/2026 12:51:05
TO,96830,1707553,FÁTIMA,"100,00",3389,2718,2619,30,69,1010,1482,127,05/10/2026 12:51:05
TO,92240,1708304,GOIANORTE,"100,00",4496,3747,3640,21,86,1516,1893,231,05/10/2026 12:51:05
TO,95338,1709005,GOIATINS,"100,00",8809,7313,6988,48,277,4537,2163,288,05/10/2026 12:51:05
TO,96270,1709302,GUARAÍ,"100,00",17602,14604,14075,111,418,5367,7851,857,05/10/2026 12:51:05
TO,93858,1709500,GURUPI,"100,00",61239,49136,47419,563,1154,15383,28803,3233,05/10/2026 12:51:05
TO,73598,1709807,IPUEIRAS,"100,00",1997,1603,1557,9,37,965,527,65,05/10/2026 12:51:05
TO,94056,1710508,ITACAJÁ,"100,00",5446,4612,4451,29,132,2542,1737,172,05/10/2026 12:51:05
TO,94099,1710706,ITAGUATINS,"100,00",4717,3890,3743,21,126,2252,1330,161,05/10/2026 12:51:05
TO,73202,1710904,ITAPIRATINS,"100,00",3403,2873,2749,16,108,1439,1106,204,05/10/2026 12:51:05
TO,94170,1711100,ITAPORÃ DO TOCANTINS,"100,00",2703,2234,2174,16,44,1022,1055,97,05/10/2026 12:51:05
TO,73369,1711506,JAÚ DO TOCANTINS,"100,00",3092,2434,2343,20,71,1083,1165,95,05/10/2026 12:51:05
TO,73253,1711803,JUARINA,"100,00",2277,1869,1808,17,44,901,812,95,05/10/2026 12:51:05
TO,73385,1711902,LAGOA DA CONFUSÃO,"100,00",10221,8235,8077,30,128,3194,4535,348,05/10/2026 12:51:05
TO,73113,1711951,LAGOA DO TOCANTINS,"100,00",3307,2774,2651,19,104,1443,1060,148,05/10/2026 12:51:05
TO,73407,1712009,LAJEADO,"100,00",3504,2843,2773,21,49,1187,1432,154,05/10/2026 12:51:05
TO,73601,1712157,LAVANDEIRA,"100,00",2002,1654,1577,13,64,807,630,140,05/10/2026 12:51:05
TO,95699,1712405,LIZARDA,"100,00",3099,2382,2244,14,124,1412,727,105,05/10/2026 12:51:05
TO,73520,1712454,LUZINÓPOLIS,"100,00",2601,2196,2093,11,92,1109,870,114,05/10/2026 12:51:05
TO,92304,1712504,MARIANÓPOLIS DO TOCANTINS,"100,00",3803,3046,2925,29,92,1265,1528,132,05/10/2026 12:51:05
TO,73270,1712702,MATEIROS,"100,00",2000,1588,1523,13,52,984,494,45,05/10/2026 12:51:05
TO,73059,1712801,MAURILÂNDIA DO TOCANTINS,"100,00",3586,2907,2778,18,111,1869,786,123,05/10/2026 12:51:05
TO,94617,1713205,MIRACEMA DO TOCANTINS,"100,00",14418,11631,11154,107,370,5810,4603,741,05/10/2026 12:51:05
TO,94633,1713304,MIRANORTE,"100,00",10079,8207,7878,65,264,3139,4303,436,05/10/2026 12:51:05
TO,94692,1713601,MONTE DO CARMO,"100,00",5125,4064,3920,25,119,1977,1709,234,05/10/2026 12:51:05
TO,73563,1713700,MONTE SANTO DO TOCANTINS,"100,00",2559,2066,1989,18,59,702,1199,88,05/10/2026 12:51:05
TO,73342,1713957,MURICILÂNDIA,"100,00",2874,2365,2292,11,62,1254,939,99,05/10/2026 12:51:05
TO,94811,1714203,NATIVIDADE,"100,00",6806,5354,5088,41,225,2522,2187,379,05/10/2026 12:51:05
TO,94838,1714302,NAZARÉ,"100,00",4125,3475,3339,27,109,2150,968,221,05/10/2026 12:51:05
TO,96636,1714880,NOVA OLINDA,"100,00",8132,6728,6456,58,214,3104,3064,288,05/10/2026 12:51:05
TO,92401,1715002,NOVA ROSALÂNDIA,"100,00",2880,2413,2333,17,63,901,1312,120,05/10/2026 12:51:05
TO,94994,1715101,NOVO ACORDO,"100,00",4119,3405,3260,22,123,1507,1598,155,05/10/2026 12:51:05
TO,73148,1715150,NOVO ALEGRE,"100,00",2099,1629,1532,14,83,820,572,140,05/10/2026 12:51:05
TO,73172,1715259,NOVO JARDIM,"100,00",2344,1819,1745,11,63,1034,614,97,05/10/2026 12:51:05
TO,73466,1715507,OLIVEIRA DE FÁTIMA,"100,00",1692,1383,1346,9,28,632,657,57,05/10/2026 12:51:05
TO,73440,1721000,PALMAS,"100,00",219783,183243,177926,1849,3468,59524,103652,14750,05/10/2026 12:51:05
TO,73083,1715705,PALMEIRANTE,"100,00",4317,3558,3419,21,118,1886,1367,166,05/10/2026 12:51:05
TO,73040,1713809,PALMEIRAS DO TOCANTINS,"100,00",4232,3438,3319,23,96,1841,1336,142,05/10/2026 12:51:05
TO,96490,1715754,PALMEIRÓPOLIS,"100,00",6163,4986,4792,40,154,1716,2777,299,05/10/2026 12:51:05
TO,95214,1716208,PARANÃ,"100,00",8577,6437,6059,29,349,4160,1562,337,05/10/2026 12:51:05
TO,95192,1716109,PARAÍSO DO TOCANTINS,"100,00",36056,29215,28178,330,707,7337,19188,1653,05/10/2026 12:51:05
TO,73261,1716307,PAU D'ARCO,"100,00",3551,2897,2807,15,75,1333,1331,143,05/10/2026 12:51:05
TO,95257,1716505,PEDRO AFONSO,"100,00",10799,8757,8443,64,250,3415,4586,442,05/10/2026 12:51:05
TO,95273,1716604,PEIXE,"100,00",7284,5747,5533,28,186,3189,2029,315,05/10/2026 12:51:05
TO,92487,1716653,PEQUIZEIRO,"100,00",4371,3635,3528,20,87,1786,1616,126,05/10/2026 12:51:05
TO,95370,1717008,PINDORAMA DO TOCANTINS,"100,00",3710,3002,2876,13,113,1463,1283,130,05/10/2026 12:51:05
TO,73016,1717206,PIRAQUÊ,"100,00",2394,1956,1906,6,44,983,826,97,05/10/2026 12:51:05
TO,95478,1717503,PIUM,"100,00",5965,4706,4564,27,115,1825,2519,220,05/10/2026 12:51:05
TO,95516,1717800,PONTE ALTA DO BOM JESUS,"100,00",3642,2922,2798,19,105,1609,1014,175,05/10/2026 12:51:05
TO,95532,1717909,PONTE ALTA DO TOCANTINS,"100,00",5628,4528,4326,32,170,1852,2221,253,05/10/2026 12:51:05
TO,92509,1718006,PORTO ALEGRE DO TOCANTINS,"100,00",2639,2069,1977,21,71,1140,705,132,05/10/2026 12:51:05
TO,95591,1718204,PORTO NACIONAL,"100,00",47070,38653,37314,374,965,16193,18594,2527,05/10/2026 12:51:05
TO,92525,1718303,PRAIA NORTE,"100,00",5873,4644,4451,38,155,2766,1475,210,05/10/2026 12:51:05
TO,96296,1718402,PRESIDENTE KENNEDY,"100,00",2825,2353,2243,17,93,1051,1067,125,05/10/2026 12:51:05
TO,73571,1718451,PUGMIL,"100,00",2328,1923,1870,12,41,743,1038,89,05/10/2026 12:51:05
TO,73229,1718501,RECURSOLÂNDIA,"100,00",2936,2485,2428,10,47,1591,760,77,05/10/2026 12:51:05
TO,73024,1718550,RIACHINHO,"100,00",3503,2929,2856,13,60,1535,1220,101,05/10/2026 12:51:05
TO,73431,1718659,RIO DA CONCEIÇÃO,"100,00",2139,1580,1519,15,46,894,527,98,05/10/2026 12:51:05
TO,73415,1718709,RIO DOS BOIS,"100,00",2668,2164,2075,13,76,1142,840,93,05/10/2026 12:51:05
TO,96792,1718758,RIO SONO,"100,00",4294,3701,3617,16,68,1783,1690,144,05/10/2026 12:51:05
TO,92541,1718808,SAMPAIO,"100,00",4157,3139,2989,27,123,1927,966,96,05/10/2026 12:51:05
TO,73156,1718840,SANDOLÂNDIA,"100,00",3566,2769,2672,11,86,1002,1523,147,05/10/2026 12:51:05
TO,73350,1718865,SANTA FÉ DO ARAGUAIA,"100,00",5526,4527,4363,20,144,2164,2038,161,05/10/2026 12:51:05
TO,73130,1718881,SANTA MARIA DO TOCANTINS,"100,00",2546,2090,2036,4,50,897,1050,89,05/10/2026 12:51:05
TO,73547,1718899,SANTA RITA DO TOCANTINS,"100,00",2126,1676,1636,8,32,643,898,95,05/10/2026 12:51:05
TO,92584,1718907,SANTA ROSA DO TOCANTINS,"100,00",4257,3479,3338,29,112,1923,1253,162,05/10/2026 12:51:05
TO,92606,1719004,SANTA TEREZA DO TOCANTINS,"100,00",3061,2598,2492,14,92,1049,1296,147,05/10/2026 12:51:05
TO,73539,1720002,SANTA TEREZINHA DO TOCANTINS,"100,00",2106,1710,1639,12,59,913,601,125,05/10/2026 12:51:05
TO,96598,1720655,SILVANÓPOLIS,"100,00",4865,4025,3886,28,111,1834,1827,225,05/10/2026 12:51:05
TO,73377,1720853,SUCUPIRA,"100,00",1762,1475,1412,10,53,608,725,79,05/10/2026 12:51:05
TO,73288,1720101,SÃO BENTO DO TOCANTINS,"100,00",5456,4377,4229,41,107,2518,1476,235,05/10/2026 12:51:05
TO,73105,1720150,SÃO FÉLIX DO TOCANTINS,"100,00",1852,1560,1497,7,56,878,510,109,05/10/2026 12:51:05
TO,73180,1720200,SÃO MIGUEL DO TOCANTINS,"100,00",9833,8416,8168,54,194,4432,3258,478,05/10/2026 12:51:05
TO,73393,1720259,SÃO SALVADOR DO TOCANTINS,"100,00",2701,1961,1883,5,73,1155,586,142,05/10/2026 12:51:05
TO,96032,1720309,SÃO SEBASTIÃO DO TOCANTINS,"100,00",3364,2729,2624,20,85,1712,812,100,05/10/2026 12:51:05
TO,92681,1720499,SÃO VALÉRIO,"100,00",4075,3174,3058,21,95,1792,1087,179,05/10/2026 12:51:05
TO,96130,1720804,SÍTIO NOVO DO TOCANTINS,"100,00",8078,6730,6504,55,171,3992,2187,325,05/10/2026 12:51:05
TO,73199,1708254,TABOCÃO,"100,00",3073,2483,2382,20,81,1114,1131,137,05/10/2026 12:51:05
TO,96156,1720903,TAGUATINGA,"100,00",11231,8816,8347,76,393,4524,3353,470,05/10/2026 12:51:05
TO,73164,1720937,TAIPAS DO TOCANTINS,"100,00",2033,1488,1405,16,67,973,366,66,05/10/2026 12:51:05
TO,73504,1720978,TALISMÃ,"100,00",2560,1935,1869,10,56,763,1008,98,05/10/2026 12:51:05
TO,96210,1721208,TOCANTINÓPOLIS,"100,00",16077,13360,12882,131,347,7921,4330,631,05/10/2026 12:51:05
TO,96199,1721109,TOCANTÍNIA,"100,00",5453,4696,4563,22,111,3206,1234,123,05/10/2026 12:51:05
TO,73458,1721257,TUPIRAMA,"100,00",1851,1511,1449,17,45,770,619,60,05/10/2026 12:51:05
TO,73237,1721307,TUPIRATINS,"100,00",1797,1457,1392,15,50,798,526,68,05/10/2026 12:51:05
TO,96652,1722081,WANDERLÂNDIA,"100,00",7391,5987,5716,50,221,2933,2519,264,05/10/2026 12:51:05
TO,96431,1722107,XAMBIOÁ,"100,00",8639,7075,6861,42,172,3006,3568,287,05/10/2026 12:51:05
